source_file,source_path,estimated_file_rows,column_name,likely_type,sample_population_pct_first_500,commercial_asset_class,commercial_value_score,commercial_use_case,sample_values
all_canadabuys_award_notices_2022_08_08_onwards.csv,C:\ProcurementIntelligence\data\raw\canadabuys_award_notices\all_canadabuys_award_notices_2022_08_08_onwards.csv,738670,contractAmount-montantContrat,numeric,100.0,spend_intelligence,10,"Spend ranking, market share, contract value analysis.",215000.0 | 1500000.0 | 250000.0 | 1500000.0 | 1.0
all_canadabuys_award_notices_2022_08_08_onwards.csv,C:\ProcurementIntelligence\data\raw\canadabuys_award_notices\all_canadabuys_award_notices_2022_08_08_onwards.csv,738670,totalContractValue-valeurTotaleContrat,numeric,98.2,spend_intelligence,10,"Spend ranking, market share, contract value analysis.",0.0 | 0.0 | 0.0 | 0.0 | 0.0
all_canadabuys_contract_history_2023_06_01_onwards.csv,C:\ProcurementIntelligence\data\raw\canadabuys_contract_history\all_canadabuys_contract_history_2023_06_01_onwards.csv,311541,contractAmount-montantContrat,numeric,100.0,spend_intelligence,10,"Spend ranking, market share, contract value analysis.",366870.0 | 18576135.0 | 549180.0 | 595000.0 | 148940954.0
all_canadabuys_contract_history_2023_06_01_onwards.csv,C:\ProcurementIntelligence\data\raw\canadabuys_contract_history\all_canadabuys_contract_history_2023_06_01_onwards.csv,311541,totalContractValue-valeurTotaleContrat,numeric,100.0,spend_intelligence,10,"Spend ranking, market share, contract value analysis.",366870.0 | 18576135.0 | 549180.0 | 595000.0 | 103130475.56
legacy_award_notices_2012_to_2022_08_prior_to_canadabuys.csv,C:\ProcurementIntelligence\data\raw\canadabuys_award_notices\legacy_award_notices_2012_to_2022_08_prior_to_canadabuys.csv,1964356,contractAmount-montantContrat,numeric,100.0,spend_intelligence,10,"Spend ranking, market share, contract value analysis.",503756.03 | 203400.0 | 141250.0 | 209050.0 | 31696.5
legacy_award_notices_2012_to_2022_08_prior_to_canadabuys.csv,C:\ProcurementIntelligence\data\raw\canadabuys_award_notices\legacy_award_notices_2012_to_2022_08_prior_to_canadabuys.csv,1964356,totalContractValue-valeurTotaleContrat,empty_or_unknown,0.0,spend_intelligence,10,"Spend ranking, market share, contract value analysis.",
legacy_contract_history_2009_01_to_2023_05_prior_to_canadabuys.csv,C:\ProcurementIntelligence\data\raw\canadabuys_contract_history\legacy_contract_history_2009_01_to_2023_05_prior_to_canadabuys.csv,3345293,contractAmount-montantContrat,numeric,100.0,spend_intelligence,10,"Spend ranking, market share, contract value analysis.",0.0 | 0.0 | 0.0 | 0.0 | 0.0
legacy_contract_history_2009_01_to_2023_05_prior_to_canadabuys.csv,C:\ProcurementIntelligence\data\raw\canadabuys_contract_history\legacy_contract_history_2009_01_to_2023_05_prior_to_canadabuys.csv,3345293,totalContractValue-valeurTotaleContrat,numeric,100.0,spend_intelligence,10,"Spend ranking, market share, contract value analysis.",0.0 | 0.0 | 0.0 | 0.0 | 0.0
all_canadabuys_award_notices_2022_08_08_onwards.csv,C:\ProcurementIntelligence\data\raw\canadabuys_award_notices\all_canadabuys_award_notices_2022_08_08_onwards.csv,738670,contractingEntityAddressCity-entiteContractanteAdresseVille-eng,text,100.0,buyer_intelligence,9,"Buyer intelligence, department profiles, procurement behaviour.",Regina | Regina | Regina | Regina | Regina
all_canadabuys_award_notices_2022_08_08_onwards.csv,C:\ProcurementIntelligence\data\raw\canadabuys_award_notices\all_canadabuys_award_notices_2022_08_08_onwards.csv,738670,contractingEntityAddressCity-entiteContractanteAdresseVille-fra,text,100.0,buyer_intelligence,9,"Buyer intelligence, department profiles, procurement behaviour.",Regina | Regina | Regina | Regina | Regina
all_canadabuys_award_notices_2022_08_08_onwards.csv,C:\ProcurementIntelligence\data\raw\canadabuys_award_notices\all_canadabuys_award_notices_2022_08_08_onwards.csv,738670,contractingEntityAddressCountry-entiteContractanteAdressePays-eng,text,100.0,buyer_intelligence,9,"Buyer intelligence, department profiles, procurement behaviour.",Canada | Canada | Canada | Canada | Canada
all_canadabuys_award_notices_2022_08_08_onwards.csv,C:\ProcurementIntelligence\data\raw\canadabuys_award_notices\all_canadabuys_award_notices_2022_08_08_onwards.csv,738670,contractingEntityAddressCountry-entiteContractanteAdressePays-fra,text,100.0,buyer_intelligence,9,"Buyer intelligence, department profiles, procurement behaviour.",Canada | Canada | Canada | Canada | Canada
all_canadabuys_award_notices_2022_08_08_onwards.csv,C:\ProcurementIntelligence\data\raw\canadabuys_award_notices\all_canadabuys_award_notices_2022_08_08_onwards.csv,738670,contractingEntityAddressLine-ligneAdresseEntiteContractante-eng,text,100.0,buyer_intelligence,9,"Buyer intelligence, department profiles, procurement behaviour.",1800 Hamilton Street | 1800 Hamilton Street | 1800 Hamilton Street | 1800 Hamilton Street | 1800 Hamilton Street
all_canadabuys_award_notices_2022_08_08_onwards.csv,C:\ProcurementIntelligence\data\raw\canadabuys_award_notices\all_canadabuys_award_notices_2022_08_08_onwards.csv,738670,contractingEntityAddressLine-ligneAdresseEntiteContractante-fra,text,100.0,buyer_intelligence,9,"Buyer intelligence, department profiles, procurement behaviour.",1800 Hamilton Street | 1800 Hamilton Street | 1800 Hamilton Street | 1800 Hamilton Street | 1800 Hamilton Street
all_canadabuys_award_notices_2022_08_08_onwards.csv,C:\ProcurementIntelligence\data\raw\canadabuys_award_notices\all_canadabuys_award_notices_2022_08_08_onwards.csv,738670,contractingEntityAddressPostalCode-entiteContractanteAdresseCodePostal,text,100.0,buyer_intelligence,9,"Buyer intelligence, department profiles, procurement behaviour.",S4P 4L3 | S4P 4L3 | S4P 4L3 | S4P 4L3 | S4P 4L3
all_canadabuys_award_notices_2022_08_08_onwards.csv,C:\ProcurementIntelligence\data\raw\canadabuys_award_notices\all_canadabuys_award_notices_2022_08_08_onwards.csv,738670,contractingEntityAddressProvince-entiteContractanteAdresseProvince-eng,text,100.0,buyer_intelligence,9,"Buyer intelligence, department profiles, procurement behaviour.",Saskatchewan | Saskatchewan | Saskatchewan | Saskatchewan | Saskatchewan
all_canadabuys_award_notices_2022_08_08_onwards.csv,C:\ProcurementIntelligence\data\raw\canadabuys_award_notices\all_canadabuys_award_notices_2022_08_08_onwards.csv,738670,contractingEntityAddressProvince-entiteContractanteAdresseProvince-fra,text,100.0,buyer_intelligence,9,"Buyer intelligence, department profiles, procurement behaviour.",Saskatchewan | Saskatchewan | Saskatchewan | Saskatchewan | Saskatchewan
all_canadabuys_award_notices_2022_08_08_onwards.csv,C:\ProcurementIntelligence\data\raw\canadabuys_award_notices\all_canadabuys_award_notices_2022_08_08_onwards.csv,738670,contractingEntityName-nomEntitContractante-eng,text,100.0,buyer_intelligence,9,"Buyer intelligence, department profiles, procurement behaviour.",Farm Credit Canada (FCC) | Farm Credit Canada (FCC) | Farm Credit Canada (FCC) | Farm Credit Canada (FCC) | Farm Credit Canada (FCC)
all_canadabuys_award_notices_2022_08_08_onwards.csv,C:\ProcurementIntelligence\data\raw\canadabuys_award_notices\all_canadabuys_award_notices_2022_08_08_onwards.csv,738670,contractingEntityName-nomEntitContractante-fra,text,100.0,buyer_intelligence,9,"Buyer intelligence, department profiles, procurement behaviour.",Farm Credit Canada (FCC) | Farm Credit Canada (FCC) | Farm Credit Canada (FCC) | Farm Credit Canada (FCC) | Farm Credit Canada (FCC)
all_canadabuys_contract_history_2023_06_01_onwards.csv,C:\ProcurementIntelligence\data\raw\canadabuys_contract_history\all_canadabuys_contract_history_2023_06_01_onwards.csv,311541,contractingEntityAddressCity-entiteContractanteAdresseVille-eng,empty_or_unknown,0.0,buyer_intelligence,9,"Buyer intelligence, department profiles, procurement behaviour.",
all_canadabuys_contract_history_2023_06_01_onwards.csv,C:\ProcurementIntelligence\data\raw\canadabuys_contract_history\all_canadabuys_contract_history_2023_06_01_onwards.csv,311541,contractingEntityAddressCity-entiteContractanteAdresseVille-fra,empty_or_unknown,0.0,buyer_intelligence,9,"Buyer intelligence, department profiles, procurement behaviour.",
all_canadabuys_contract_history_2023_06_01_onwards.csv,C:\ProcurementIntelligence\data\raw\canadabuys_contract_history\all_canadabuys_contract_history_2023_06_01_onwards.csv,311541,contractingEntityAddressCountry-entiteContractanteAdressePays-eng,empty_or_unknown,0.0,buyer_intelligence,9,"Buyer intelligence, department profiles, procurement behaviour.",
all_canadabuys_contract_history_2023_06_01_onwards.csv,C:\ProcurementIntelligence\data\raw\canadabuys_contract_history\all_canadabuys_contract_history_2023_06_01_onwards.csv,311541,contractingEntityAddressCountry-entiteContractanteAdressePays-fra,empty_or_unknown,0.0,buyer_intelligence,9,"Buyer intelligence, department profiles, procurement behaviour.",
all_canadabuys_contract_history_2023_06_01_onwards.csv,C:\ProcurementIntelligence\data\raw\canadabuys_contract_history\all_canadabuys_contract_history_2023_06_01_onwards.csv,311541,contractingEntityAddressLine-ligneAdresseEntiteContractante-eng,empty_or_unknown,0.0,buyer_intelligence,9,"Buyer intelligence, department profiles, procurement behaviour.",
all_canadabuys_contract_history_2023_06_01_onwards.csv,C:\ProcurementIntelligence\data\raw\canadabuys_contract_history\all_canadabuys_contract_history_2023_06_01_onwards.csv,311541,contractingEntityAddressLine-ligneAdresseEntiteContractante-fra,empty_or_unknown,0.0,buyer_intelligence,9,"Buyer intelligence, department profiles, procurement behaviour.",
all_canadabuys_contract_history_2023_06_01_onwards.csv,C:\ProcurementIntelligence\data\raw\canadabuys_contract_history\all_canadabuys_contract_history_2023_06_01_onwards.csv,311541,contractingEntityAddressPostalCode-entiteContractanteAdresseCodePostal,empty_or_unknown,0.0,buyer_intelligence,9,"Buyer intelligence, department profiles, procurement behaviour.",
all_canadabuys_contract_history_2023_06_01_onwards.csv,C:\ProcurementIntelligence\data\raw\canadabuys_contract_history\all_canadabuys_contract_history_2023_06_01_onwards.csv,311541,contractingEntityAddressProvince-entiteContractanteAdresseProvince-eng,empty_or_unknown,0.0,buyer_intelligence,9,"Buyer intelligence, department profiles, procurement behaviour.",
all_canadabuys_contract_history_2023_06_01_onwards.csv,C:\ProcurementIntelligence\data\raw\canadabuys_contract_history\all_canadabuys_contract_history_2023_06_01_onwards.csv,311541,contractingEntityAddressProvince-entiteContractanteAdresseProvince-fra,empty_or_unknown,0.0,buyer_intelligence,9,"Buyer intelligence, department profiles, procurement behaviour.",
all_canadabuys_contract_history_2023_06_01_onwards.csv,C:\ProcurementIntelligence\data\raw\canadabuys_contract_history\all_canadabuys_contract_history_2023_06_01_onwards.csv,311541,contractingEntityName-nomEntitContractante-eng,text,100.0,buyer_intelligence,9,"Buyer intelligence, department profiles, procurement behaviour.",Public Works and Government Services Canada | Public Works and Government Services Canada | Public Works and Government Services Canada | Public Works and Government Services Canada | Public Works and Government Services Canada
all_canadabuys_contract_history_2023_06_01_onwards.csv,C:\ProcurementIntelligence\data\raw\canadabuys_contract_history\all_canadabuys_contract_history_2023_06_01_onwards.csv,311541,contractingEntityName-nomEntitContractante-fra,text,100.0,buyer_intelligence,9,"Buyer intelligence, department profiles, procurement behaviour.",Travaux publics et Services gouvernementaux Canada | Travaux publics et Services gouvernementaux Canada | Travaux publics et Services gouvernementaux Canada | Travaux publics et Services gouvernementaux Canada | Travaux publics et Services gouvernementaux Canada
all_canadabuys_tender_notices_2022_08_08_onwards.csv,C:\ProcurementIntelligence\data\raw\canadabuys_tender_notices\all_canadabuys_tender_notices_2022_08_08_onwards.csv,1357393,contractingEntityAddressCity-entiteContractanteAdresseVille-eng,text,95.0,buyer_intelligence,9,"Buyer intelligence, department profiles, procurement behaviour.",Ottawa | Montreal | Bedford | Bedford | Bedford
all_canadabuys_tender_notices_2022_08_08_onwards.csv,C:\ProcurementIntelligence\data\raw\canadabuys_tender_notices\all_canadabuys_tender_notices_2022_08_08_onwards.csv,1357393,contractingEntityAddressCity-entiteContractanteAdresseVille-fra,text,95.0,buyer_intelligence,9,"Buyer intelligence, department profiles, procurement behaviour.",Ottawa | Montreal | Bedford | Bedford | Bedford
all_canadabuys_tender_notices_2022_08_08_onwards.csv,C:\ProcurementIntelligence\data\raw\canadabuys_tender_notices\all_canadabuys_tender_notices_2022_08_08_onwards.csv,1357393,contractingEntityAddressCountry-entiteContractanteAdressePays-eng,text,95.0,buyer_intelligence,9,"Buyer intelligence, department profiles, procurement behaviour.",Canada | Canada | Canada | Canada | Canada
all_canadabuys_tender_notices_2022_08_08_onwards.csv,C:\ProcurementIntelligence\data\raw\canadabuys_tender_notices\all_canadabuys_tender_notices_2022_08_08_onwards.csv,1357393,contractingEntityAddressCountry-entiteContractanteAdressePays-fra,text,95.0,buyer_intelligence,9,"Buyer intelligence, department profiles, procurement behaviour.",Canada | Canada | Canada | Canada | Canada
all_canadabuys_tender_notices_2022_08_08_onwards.csv,C:\ProcurementIntelligence\data\raw\canadabuys_tender_notices\all_canadabuys_tender_notices_2022_08_08_onwards.csv,1357393,contractingEntityAddressLine-ligneAdresseEntiteContractante-eng,text,95.0,buyer_intelligence,9,"Buyer intelligence, department profiles, procurement behaviour.","150 Slater | 3 Place Ville-Marie, Suite 500 | 175 Western Parkway, Suite 100 | 175 Western Parkway, Suite 100 | 175 Western Parkway, Suite 100"
all_canadabuys_tender_notices_2022_08_08_onwards.csv,C:\ProcurementIntelligence\data\raw\canadabuys_tender_notices\all_canadabuys_tender_notices_2022_08_08_onwards.csv,1357393,contractingEntityAddressLine-ligneAdresseEntiteContractante-fra,text,95.0,buyer_intelligence,9,"Buyer intelligence, department profiles, procurement behaviour.","150 Slater | 3 Place Ville-Marie, Suite 500 | 175 Western Parkway, Suite 100 | 175 Western Parkway, Suite 100 | 175 Western Parkway, Suite 100"
all_canadabuys_tender_notices_2022_08_08_onwards.csv,C:\ProcurementIntelligence\data\raw\canadabuys_tender_notices\all_canadabuys_tender_notices_2022_08_08_onwards.csv,1357393,contractingEntityAddressPostalCode-entiteContractanteAdresseCodePostal,text,95.0,buyer_intelligence,9,"Buyer intelligence, department profiles, procurement behaviour.",K1A 1K3 | H3B 2C9 | B4B 0V1 | B4B 0V1 | B4B 0V1
all_canadabuys_tender_notices_2022_08_08_onwards.csv,C:\ProcurementIntelligence\data\raw\canadabuys_tender_notices\all_canadabuys_tender_notices_2022_08_08_onwards.csv,1357393,contractingEntityAddressProvince-entiteContractanteAdresseProvince-eng,text,95.0,buyer_intelligence,9,"Buyer intelligence, department profiles, procurement behaviour.",Ontario | Quebec | Nova Scotia | Nova Scotia | Nova Scotia
all_canadabuys_tender_notices_2022_08_08_onwards.csv,C:\ProcurementIntelligence\data\raw\canadabuys_tender_notices\all_canadabuys_tender_notices_2022_08_08_onwards.csv,1357393,contractingEntityAddressProvince-entiteContractanteAdresseProvince-fra,text,95.0,buyer_intelligence,9,"Buyer intelligence, department profiles, procurement behaviour.",Ontario | Québec | Nouvelle-Écosse | Nouvelle-Écosse | Nouvelle-Écosse
all_canadabuys_tender_notices_2022_08_08_onwards.csv,C:\ProcurementIntelligence\data\raw\canadabuys_tender_notices\all_canadabuys_tender_notices_2022_08_08_onwards.csv,1357393,contractingEntityName-nomEntitContractante-eng,text,100.0,buyer_intelligence,9,"Buyer intelligence, department profiles, procurement behaviour.",Export Development Canada - EDC | VIA Rail Canada Inc. | Defence Construction Canada - Atlantic Region | Defence Construction Canada - Atlantic Region | Defence Construction Canada - Atlantic Region
all_canadabuys_tender_notices_2022_08_08_onwards.csv,C:\ProcurementIntelligence\data\raw\canadabuys_tender_notices\all_canadabuys_tender_notices_2022_08_08_onwards.csv,1357393,contractingEntityName-nomEntitContractante-fra,text,100.0,buyer_intelligence,9,"Buyer intelligence, department profiles, procurement behaviour.",Export Development Canada - EDC | VIA Rail Canada Inc. | Defence Construction Canada - Atlantic Region | Defence Construction Canada - Atlantic Region | Defence Construction Canada - Atlantic Region
archived_2009_2022_legacy_tender_notices.csv,C:\ProcurementIntelligence\data\raw\canadabuys_tender_notices\archived_2009_2022_legacy_tender_notices.csv,6555180,contractingEntityAddressCity-entiteContractanteAdresseVille-eng,text,98.6,buyer_intelligence,9,"Buyer intelligence, department profiles, procurement behaviour.",Ottawa | Gatineau | Ottawa | Ottawa | Gatineau
archived_2009_2022_legacy_tender_notices.csv,C:\ProcurementIntelligence\data\raw\canadabuys_tender_notices\archived_2009_2022_legacy_tender_notices.csv,6555180,contractingEntityAddressCity-entiteContractanteAdresseVille-fra,text,98.6,buyer_intelligence,9,"Buyer intelligence, department profiles, procurement behaviour.",Ottawa | Gatineau | Ottawa | Ottawa | Gatineau
archived_2009_2022_legacy_tender_notices.csv,C:\ProcurementIntelligence\data\raw\canadabuys_tender_notices\archived_2009_2022_legacy_tender_notices.csv,6555180,contractingEntityAddressCountry-entiteContractanteAdressePays-eng,text,98.6,buyer_intelligence,9,"Buyer intelligence, department profiles, procurement behaviour.",Canada | Canada | Canada | Canada | Canada
archived_2009_2022_legacy_tender_notices.csv,C:\ProcurementIntelligence\data\raw\canadabuys_tender_notices\archived_2009_2022_legacy_tender_notices.csv,6555180,contractingEntityAddressCountry-entiteContractanteAdressePays-fra,text,98.6,buyer_intelligence,9,"Buyer intelligence, department profiles, procurement behaviour.",Canada | Canada | Canada | Canada | Canada
archived_2009_2022_legacy_tender_notices.csv,C:\ProcurementIntelligence\data\raw\canadabuys_tender_notices\archived_2009_2022_legacy_tender_notices.csv,6555180,contractingEntityAddressLine-ligneAdresseEntiteContractante-eng,text,98.6,buyer_intelligence,9,"Buyer intelligence, department profiles, procurement behaviour.","200 Kent St, Station 13E228 | 30 Victoria Street | 200 Kent St, Station 13E228 | 1341 Baseline Road | 11 Laurier St, Phase III, Place du Portage"
archived_2009_2022_legacy_tender_notices.csv,C:\ProcurementIntelligence\data\raw\canadabuys_tender_notices\archived_2009_2022_legacy_tender_notices.csv,6555180,contractingEntityAddressLine-ligneAdresseEntiteContractante-fra,text,98.6,buyer_intelligence,9,"Buyer intelligence, department profiles, procurement behaviour.","200, rue Kent, station 13E228 | 30, rue Victoria | 200, rue Kent, station 13E228 | 1341, chemin Baseline | 11, rue Laurier, Phase III, Place du Portage"
archived_2009_2022_legacy_tender_notices.csv,C:\ProcurementIntelligence\data\raw\canadabuys_tender_notices\archived_2009_2022_legacy_tender_notices.csv,6555180,contractingEntityAddressPostalCode-entiteContractanteAdresseCodePostal,text,98.6,buyer_intelligence,9,"Buyer intelligence, department profiles, procurement behaviour.",K1A 0E6 | J8X 0B3 | K1A 0E6 | K1A0C5 | K1A 0S5
archived_2009_2022_legacy_tender_notices.csv,C:\ProcurementIntelligence\data\raw\canadabuys_tender_notices\archived_2009_2022_legacy_tender_notices.csv,6555180,contractingEntityAddressProvince-entiteContractanteAdresseProvince-eng,text,98.6,buyer_intelligence,9,"Buyer intelligence, department profiles, procurement behaviour.",Ontario | Quebec | Ontario | Ontario | Quebec
archived_2009_2022_legacy_tender_notices.csv,C:\ProcurementIntelligence\data\raw\canadabuys_tender_notices\archived_2009_2022_legacy_tender_notices.csv,6555180,contractingEntityAddressProvince-entiteContractanteAdresseProvince-fra,text,98.6,buyer_intelligence,9,"Buyer intelligence, department profiles, procurement behaviour.",Ontario | Québec | Ontario | Ontario | Québec
archived_2009_2022_legacy_tender_notices.csv,C:\ProcurementIntelligence\data\raw\canadabuys_tender_notices\archived_2009_2022_legacy_tender_notices.csv,6555180,contractingEntityName-nomEntitContractante-eng,text,100.0,buyer_intelligence,9,"Buyer intelligence, department profiles, procurement behaviour.",Fisheries and Oceans Canada | Parks Canada | Fisheries and Oceans Canada | Agriculture and Agri-Food Canada | Public Works and Government Services Canada
archived_2009_2022_legacy_tender_notices.csv,C:\ProcurementIntelligence\data\raw\canadabuys_tender_notices\archived_2009_2022_legacy_tender_notices.csv,6555180,contractingEntityName-nomEntitContractante-fra,text,100.0,buyer_intelligence,9,"Buyer intelligence, department profiles, procurement behaviour.",Pêches et Océans Canada | Parcs Canada | Pêches et Océans Canada | Agriculture et Agroalimentaire Canada | Travaux publics et Services gouvernementaux Canada
legacy_award_notices_2012_to_2022_08_prior_to_canadabuys.csv,C:\ProcurementIntelligence\data\raw\canadabuys_award_notices\legacy_award_notices_2012_to_2022_08_prior_to_canadabuys.csv,1964356,contractingEntityAddressCity-entiteContractanteAdresseVille-eng,text,100.0,buyer_intelligence,9,"Buyer intelligence, department profiles, procurement behaviour.",Gatineau | Gatineau | Gatineau | Gatineau | Gatineau
legacy_award_notices_2012_to_2022_08_prior_to_canadabuys.csv,C:\ProcurementIntelligence\data\raw\canadabuys_award_notices\legacy_award_notices_2012_to_2022_08_prior_to_canadabuys.csv,1964356,contractingEntityAddressCity-entiteContractanteAdresseVille-fra,text,100.0,buyer_intelligence,9,"Buyer intelligence, department profiles, procurement behaviour.",Gatineau | Gatineau | Gatineau | Gatineau | Gatineau
legacy_award_notices_2012_to_2022_08_prior_to_canadabuys.csv,C:\ProcurementIntelligence\data\raw\canadabuys_award_notices\legacy_award_notices_2012_to_2022_08_prior_to_canadabuys.csv,1964356,contractingEntityAddressCountry-entiteContractanteAdressePays-eng,text,100.0,buyer_intelligence,9,"Buyer intelligence, department profiles, procurement behaviour.",Canada | Canada | Canada | Canada | Canada
legacy_award_notices_2012_to_2022_08_prior_to_canadabuys.csv,C:\ProcurementIntelligence\data\raw\canadabuys_award_notices\legacy_award_notices_2012_to_2022_08_prior_to_canadabuys.csv,1964356,contractingEntityAddressCountry-entiteContractanteAdressePays-fra,text,100.0,buyer_intelligence,9,"Buyer intelligence, department profiles, procurement behaviour.",Canada | Canada | Canada | Canada | Canada
legacy_award_notices_2012_to_2022_08_prior_to_canadabuys.csv,C:\ProcurementIntelligence\data\raw\canadabuys_award_notices\legacy_award_notices_2012_to_2022_08_prior_to_canadabuys.csv,1964356,contractingEntityAddressLine-ligneAdresseEntiteContractante-eng,text,100.0,buyer_intelligence,9,"Buyer intelligence, department profiles, procurement behaviour.","11 Laurier St, Phase III, Place du Portage | 11 Laurier St, Phase III, Place du Portage | 11 Laurier St, Phase III, Place du Portage | 11 Laurier St, Phase III, Place du Portage | 11 Laurier St, Phase III, Place du Portage"
legacy_award_notices_2012_to_2022_08_prior_to_canadabuys.csv,C:\ProcurementIntelligence\data\raw\canadabuys_award_notices\legacy_award_notices_2012_to_2022_08_prior_to_canadabuys.csv,1964356,contractingEntityAddressLine-ligneAdresseEntiteContractante-fra,text,100.0,buyer_intelligence,9,"Buyer intelligence, department profiles, procurement behaviour.","11, rue Laurier, Phase III, Place du Portage | 11, rue Laurier, Phase III, Place du Portage | 11, rue Laurier, Phase III, Place du Portage | 11, rue Laurier, Phase III, Place du Portage | 11, rue Laurier, Phase III, Place du Portage"
legacy_award_notices_2012_to_2022_08_prior_to_canadabuys.csv,C:\ProcurementIntelligence\data\raw\canadabuys_award_notices\legacy_award_notices_2012_to_2022_08_prior_to_canadabuys.csv,1964356,contractingEntityAddressPostalCode-entiteContractanteAdresseCodePostal,text,100.0,buyer_intelligence,9,"Buyer intelligence, department profiles, procurement behaviour.",K1A 0S5 | K1A 0S5 | K1A 0S5 | K1A 0S5 | K1A 0S5
legacy_award_notices_2012_to_2022_08_prior_to_canadabuys.csv,C:\ProcurementIntelligence\data\raw\canadabuys_award_notices\legacy_award_notices_2012_to_2022_08_prior_to_canadabuys.csv,1964356,contractingEntityAddressProvince-entiteContractanteAdresseProvince-eng,text,100.0,buyer_intelligence,9,"Buyer intelligence, department profiles, procurement behaviour.",Quebec | Quebec | Quebec | Quebec | Quebec
legacy_award_notices_2012_to_2022_08_prior_to_canadabuys.csv,C:\ProcurementIntelligence\data\raw\canadabuys_award_notices\legacy_award_notices_2012_to_2022_08_prior_to_canadabuys.csv,1964356,contractingEntityAddressProvince-entiteContractanteAdresseProvince-fra,text,100.0,buyer_intelligence,9,"Buyer intelligence, department profiles, procurement behaviour.",Québec | Québec | Québec | Québec | Québec
legacy_award_notices_2012_to_2022_08_prior_to_canadabuys.csv,C:\ProcurementIntelligence\data\raw\canadabuys_award_notices\legacy_award_notices_2012_to_2022_08_prior_to_canadabuys.csv,1964356,contractingEntityName-nomEntitContractante-eng,text,100.0,buyer_intelligence,9,"Buyer intelligence, department profiles, procurement behaviour.",Public Works and Government Services Canada | Public Works and Government Services Canada | Public Works and Government Services Canada | Public Works and Government Services Canada | Public Works and Government Services Canada
legacy_award_notices_2012_to_2022_08_prior_to_canadabuys.csv,C:\ProcurementIntelligence\data\raw\canadabuys_award_notices\legacy_award_notices_2012_to_2022_08_prior_to_canadabuys.csv,1964356,contractingEntityName-nomEntitContractante-fra,text,100.0,buyer_intelligence,9,"Buyer intelligence, department profiles, procurement behaviour.",Travaux publics et Services gouvernementaux Canada | Travaux publics et Services gouvernementaux Canada | Travaux publics et Services gouvernementaux Canada | Travaux publics et Services gouvernementaux Canada | Travaux publics et Services gouvernementaux Canada
legacy_contract_history_2009_01_to_2023_05_prior_to_canadabuys.csv,C:\ProcurementIntelligence\data\raw\canadabuys_contract_history\legacy_contract_history_2009_01_to_2023_05_prior_to_canadabuys.csv,3345293,contractingEntityAddressCity-entiteContractanteAdresseVille-eng,empty_or_unknown,0.0,buyer_intelligence,9,"Buyer intelligence, department profiles, procurement behaviour.",
legacy_contract_history_2009_01_to_2023_05_prior_to_canadabuys.csv,C:\ProcurementIntelligence\data\raw\canadabuys_contract_history\legacy_contract_history_2009_01_to_2023_05_prior_to_canadabuys.csv,3345293,contractingEntityAddressCity-entiteContractanteAdresseVille-fra,empty_or_unknown,0.0,buyer_intelligence,9,"Buyer intelligence, department profiles, procurement behaviour.",
legacy_contract_history_2009_01_to_2023_05_prior_to_canadabuys.csv,C:\ProcurementIntelligence\data\raw\canadabuys_contract_history\legacy_contract_history_2009_01_to_2023_05_prior_to_canadabuys.csv,3345293,contractingEntityAddressCountry-entiteContractanteAdressePays-eng,empty_or_unknown,0.0,buyer_intelligence,9,"Buyer intelligence, department profiles, procurement behaviour.",
legacy_contract_history_2009_01_to_2023_05_prior_to_canadabuys.csv,C:\ProcurementIntelligence\data\raw\canadabuys_contract_history\legacy_contract_history_2009_01_to_2023_05_prior_to_canadabuys.csv,3345293,contractingEntityAddressCountry-entiteContractanteAdressePays-fra,empty_or_unknown,0.0,buyer_intelligence,9,"Buyer intelligence, department profiles, procurement behaviour.",
legacy_contract_history_2009_01_to_2023_05_prior_to_canadabuys.csv,C:\ProcurementIntelligence\data\raw\canadabuys_contract_history\legacy_contract_history_2009_01_to_2023_05_prior_to_canadabuys.csv,3345293,contractingEntityAddressLine-ligneAdresseEntiteContractante-eng,empty_or_unknown,0.0,buyer_intelligence,9,"Buyer intelligence, department profiles, procurement behaviour.",
legacy_contract_history_2009_01_to_2023_05_prior_to_canadabuys.csv,C:\ProcurementIntelligence\data\raw\canadabuys_contract_history\legacy_contract_history_2009_01_to_2023_05_prior_to_canadabuys.csv,3345293,contractingEntityAddressLine-ligneAdresseEntiteContractante-fra,empty_or_unknown,0.0,buyer_intelligence,9,"Buyer intelligence, department profiles, procurement behaviour.",
legacy_contract_history_2009_01_to_2023_05_prior_to_canadabuys.csv,C:\ProcurementIntelligence\data\raw\canadabuys_contract_history\legacy_contract_history_2009_01_to_2023_05_prior_to_canadabuys.csv,3345293,contractingEntityAddressPostalCode-entiteContractanteAdresseCodePostal,empty_or_unknown,0.0,buyer_intelligence,9,"Buyer intelligence, department profiles, procurement behaviour.",
legacy_contract_history_2009_01_to_2023_05_prior_to_canadabuys.csv,C:\ProcurementIntelligence\data\raw\canadabuys_contract_history\legacy_contract_history_2009_01_to_2023_05_prior_to_canadabuys.csv,3345293,contractingEntityAddressProvince-entiteContractanteAdresseProvince-eng,empty_or_unknown,0.0,buyer_intelligence,9,"Buyer intelligence, department profiles, procurement behaviour.",
legacy_contract_history_2009_01_to_2023_05_prior_to_canadabuys.csv,C:\ProcurementIntelligence\data\raw\canadabuys_contract_history\legacy_contract_history_2009_01_to_2023_05_prior_to_canadabuys.csv,3345293,contractingEntityAddressProvince-entiteContractanteAdresseProvince-fra,empty_or_unknown,0.0,buyer_intelligence,9,"Buyer intelligence, department profiles, procurement behaviour.",
legacy_contract_history_2009_01_to_2023_05_prior_to_canadabuys.csv,C:\ProcurementIntelligence\data\raw\canadabuys_contract_history\legacy_contract_history_2009_01_to_2023_05_prior_to_canadabuys.csv,3345293,contractingEntityName-nomEntitContractante-eng,text,100.0,buyer_intelligence,9,"Buyer intelligence, department profiles, procurement behaviour.",Public Works and Government Services Canada | Public Works and Government Services Canada | Public Works and Government Services Canada | Public Works and Government Services Canada | Public Works and Government Services Canada
legacy_contract_history_2009_01_to_2023_05_prior_to_canadabuys.csv,C:\ProcurementIntelligence\data\raw\canadabuys_contract_history\legacy_contract_history_2009_01_to_2023_05_prior_to_canadabuys.csv,3345293,contractingEntityName-nomEntitContractante-fra,text,100.0,buyer_intelligence,9,"Buyer intelligence, department profiles, procurement behaviour.",Travaux publics et Services gouvernementaux Canada | Travaux publics et Services gouvernementaux Canada | Travaux publics et Services gouvernementaux Canada | Travaux publics et Services gouvernementaux Canada | Travaux publics et Services gouvernementaux Canada
all_canadabuys_award_notices_2022_08_08_onwards.csv,C:\ProcurementIntelligence\data\raw\canadabuys_award_notices\all_canadabuys_award_notices_2022_08_08_onwards.csv,738670,gsin-nibs,empty_or_unknown,0.0,category_intelligence,9,"Category markets, industry demand, supplier specialization.",
all_canadabuys_award_notices_2022_08_08_onwards.csv,C:\ProcurementIntelligence\data\raw\canadabuys_award_notices\all_canadabuys_award_notices_2022_08_08_onwards.csv,738670,gsinDescription-nibsDescription-eng,empty_or_unknown,0.0,category_intelligence,9,"Category markets, industry demand, supplier specialization.",
all_canadabuys_award_notices_2022_08_08_onwards.csv,C:\ProcurementIntelligence\data\raw\canadabuys_award_notices\all_canadabuys_award_notices_2022_08_08_onwards.csv,738670,gsinDescription-nibsDescription-fra,empty_or_unknown,0.0,category_intelligence,9,"Category markets, industry demand, supplier specialization.",
all_canadabuys_award_notices_2022_08_08_onwards.csv,C:\ProcurementIntelligence\data\raw\canadabuys_award_notices\all_canadabuys_award_notices_2022_08_08_onwards.csv,738670,procurementCategory-categorieApprovisionnement,text,100.0,category_intelligence,9,"Category markets, industry demand, supplier specialization.",*GD *SRV | *SRV | *SRV *GD | *SRV | *GD *SRV
all_canadabuys_award_notices_2022_08_08_onwards.csv,C:\ProcurementIntelligence\data\raw\canadabuys_award_notices\all_canadabuys_award_notices_2022_08_08_onwards.csv,738670,unspsc,text,23.4,category_intelligence,9,"Category markets, industry demand, supplier specialization.",*10100000 | *10100000 | *10100000 | *10131600 *25174400 *73161600 | *10131700 *78111501 *81170000
all_canadabuys_award_notices_2022_08_08_onwards.csv,C:\ProcurementIntelligence\data\raw\canadabuys_award_notices\all_canadabuys_award_notices_2022_08_08_onwards.csv,738670,unspscDescription-eng,text,23.4,category_intelligence,9,"Category markets, industry demand, supplier specialization.",*Live animals | *Live animals | *Live animals | *Animal containment *Vehicle interior systems *Manufacture of transport equipment | *Animal habitats *Helicopter services *Biological science services
all_canadabuys_award_notices_2022_08_08_onwards.csv,C:\ProcurementIntelligence\data\raw\canadabuys_award_notices\all_canadabuys_award_notices_2022_08_08_onwards.csv,738670,unspscDescription-fra,text,23.4,category_intelligence,9,"Category markets, industry demand, supplier specialization.",*Animaux vivants | *Animaux vivants | *Animaux vivants | *Confinements pour animaux *Systèmes intérieurs pour véhicules *Fabrication d'équipement de transport | *Habitats pour animaux *Services d'hélicoptère *Services scientifiques en biologie
all_canadabuys_contract_history_2023_06_01_onwards.csv,C:\ProcurementIntelligence\data\raw\canadabuys_contract_history\all_canadabuys_contract_history_2023_06_01_onwards.csv,311541,gsin-nibs,text,100.0,category_intelligence,9,"Category markets, industry demand, supplier specialization.",*5164CJ | *AD217740 | *AD917700 | *AD917700 | *AS219652
all_canadabuys_contract_history_2023_06_01_onwards.csv,C:\ProcurementIntelligence\data\raw\canadabuys_contract_history\all_canadabuys_contract_history_2023_06_01_onwards.csv,311541,gsinDescription-nibsDescription-eng,text,100.0,category_intelligence,9,"Category markets, industry demand, supplier specialization.",*Security Control Systems - Installation and Repair | *Military Logistics (Research) | *Military (R&D) | *Military (R&D) | *Vehicle Performance Measurement (Research)
all_canadabuys_contract_history_2023_06_01_onwards.csv,C:\ProcurementIntelligence\data\raw\canadabuys_contract_history\all_canadabuys_contract_history_2023_06_01_onwards.csv,311541,gsinDescription-nibsDescription-fra,text,100.0,category_intelligence,9,"Category markets, industry demand, supplier specialization.",*Systèmes de contrôle de la sécurité - installation et réparation | *Logistique militaire (Recherche) | *Domaine militaire (R&D) | *Domaine militaire (R&D) | *Mesure des performances des véhicules (Recherche)
all_canadabuys_contract_history_2023_06_01_onwards.csv,C:\ProcurementIntelligence\data\raw\canadabuys_contract_history\all_canadabuys_contract_history_2023_06_01_onwards.csv,311541,procurementCategory-categorieApprovisionnement,text,100.0,category_intelligence,9,"Category markets, industry demand, supplier specialization.",*CNST | *SRV | *SRV | *SRV | *SRV
all_canadabuys_contract_history_2023_06_01_onwards.csv,C:\ProcurementIntelligence\data\raw\canadabuys_contract_history\all_canadabuys_contract_history_2023_06_01_onwards.csv,311541,unspsc,empty_or_unknown,0.0,category_intelligence,9,"Category markets, industry demand, supplier specialization.",
all_canadabuys_contract_history_2023_06_01_onwards.csv,C:\ProcurementIntelligence\data\raw\canadabuys_contract_history\all_canadabuys_contract_history_2023_06_01_onwards.csv,311541,unspscDescription-eng,empty_or_unknown,0.0,category_intelligence,9,"Category markets, industry demand, supplier specialization.",
all_canadabuys_contract_history_2023_06_01_onwards.csv,C:\ProcurementIntelligence\data\raw\canadabuys_contract_history\all_canadabuys_contract_history_2023_06_01_onwards.csv,311541,unspscDescription-fra,empty_or_unknown,0.0,category_intelligence,9,"Category markets, industry demand, supplier specialization.",
all_canadabuys_tender_notices_2022_08_08_onwards.csv,C:\ProcurementIntelligence\data\raw\canadabuys_tender_notices\all_canadabuys_tender_notices_2022_08_08_onwards.csv,1357393,gsin-nibs,text,90.4,category_intelligence,9,"Category markets, industry demand, supplier specialization.",*5111A | *5111A | *5111A | *5111A | *5111A
all_canadabuys_tender_notices_2022_08_08_onwards.csv,C:\ProcurementIntelligence\data\raw\canadabuys_tender_notices\all_canadabuys_tender_notices_2022_08_08_onwards.csv,1357393,gsinDescription-nibsDescription-eng,text,90.4,category_intelligence,9,"Category markets, industry demand, supplier specialization.",*Construction Site Planning | *Construction Site Planning | *Construction Site Planning | *Construction Site Planning | *Construction Site Planning
all_canadabuys_tender_notices_2022_08_08_onwards.csv,C:\ProcurementIntelligence\data\raw\canadabuys_tender_notices\all_canadabuys_tender_notices_2022_08_08_onwards.csv,1357393,gsinDescription-nibsDescription-fra,text,90.4,category_intelligence,9,"Category markets, industry demand, supplier specialization.",*Planification de chantier de construction | *Planification de chantier de construction | *Planification de chantier de construction | *Planification de chantier de construction | *Planification de chantier de construction
all_canadabuys_tender_notices_2022_08_08_onwards.csv,C:\ProcurementIntelligence\data\raw\canadabuys_tender_notices\all_canadabuys_tender_notices_2022_08_08_onwards.csv,1357393,procurementCategory-categorieApprovisionnement,text,99.8,category_intelligence,9,"Category markets, industry demand, supplier specialization.",*GD | *SRV | *CNST | *CNST | *CNST
all_canadabuys_tender_notices_2022_08_08_onwards.csv,C:\ProcurementIntelligence\data\raw\canadabuys_tender_notices\all_canadabuys_tender_notices_2022_08_08_onwards.csv,1357393,unspsc,empty_or_unknown,0.0,category_intelligence,9,"Category markets, industry demand, supplier specialization.",
all_canadabuys_tender_notices_2022_08_08_onwards.csv,C:\ProcurementIntelligence\data\raw\canadabuys_tender_notices\all_canadabuys_tender_notices_2022_08_08_onwards.csv,1357393,unspscDescription-eng,empty_or_unknown,0.0,category_intelligence,9,"Category markets, industry demand, supplier specialization.",
all_canadabuys_tender_notices_2022_08_08_onwards.csv,C:\ProcurementIntelligence\data\raw\canadabuys_tender_notices\all_canadabuys_tender_notices_2022_08_08_onwards.csv,1357393,unspscDescription-fra,empty_or_unknown,0.0,category_intelligence,9,"Category markets, industry demand, supplier specialization.",
archived_2009_2022_legacy_tender_notices.csv,C:\ProcurementIntelligence\data\raw\canadabuys_tender_notices\archived_2009_2022_legacy_tender_notices.csv,6555180,gsin-nibs,text,100.0,category_intelligence,9,"Category markets, industry demand, supplier specialization.",*5112B | *5112B | *5112B | *5112B | *5112B
archived_2009_2022_legacy_tender_notices.csv,C:\ProcurementIntelligence\data\raw\canadabuys_tender_notices\archived_2009_2022_legacy_tender_notices.csv,6555180,gsinDescription-nibsDescription-eng,text,100.0,category_intelligence,9,"Category markets, industry demand, supplier specialization.",*Demolition Work | *Demolition Work | *Demolition Work | *Demolition Work | *Demolition Work
archived_2009_2022_legacy_tender_notices.csv,C:\ProcurementIntelligence\data\raw\canadabuys_tender_notices\archived_2009_2022_legacy_tender_notices.csv,6555180,gsinDescription-nibsDescription-fra,text,100.0,category_intelligence,9,"Category markets, industry demand, supplier specialization.",*Travaux de démolition | *Travaux de démolition | *Travaux de démolition | *Travaux de démolition | *Travaux de démolition
archived_2009_2022_legacy_tender_notices.csv,C:\ProcurementIntelligence\data\raw\canadabuys_tender_notices\archived_2009_2022_legacy_tender_notices.csv,6555180,procurementCategory-categorieApprovisionnement,text,100.0,category_intelligence,9,"Category markets, industry demand, supplier specialization.",*CNST | *CNST | *CNST | *CNST | *CNST
archived_2009_2022_legacy_tender_notices.csv,C:\ProcurementIntelligence\data\raw\canadabuys_tender_notices\archived_2009_2022_legacy_tender_notices.csv,6555180,unspsc,empty_or_unknown,0.0,category_intelligence,9,"Category markets, industry demand, supplier specialization.",
archived_2009_2022_legacy_tender_notices.csv,C:\ProcurementIntelligence\data\raw\canadabuys_tender_notices\archived_2009_2022_legacy_tender_notices.csv,6555180,unspscDescription-eng,empty_or_unknown,0.0,category_intelligence,9,"Category markets, industry demand, supplier specialization.",
archived_2009_2022_legacy_tender_notices.csv,C:\ProcurementIntelligence\data\raw\canadabuys_tender_notices\archived_2009_2022_legacy_tender_notices.csv,6555180,unspscDescription-fra,empty_or_unknown,0.0,category_intelligence,9,"Category markets, industry demand, supplier specialization.",
legacy_award_notices_2012_to_2022_08_prior_to_canadabuys.csv,C:\ProcurementIntelligence\data\raw\canadabuys_award_notices\legacy_award_notices_2012_to_2022_08_prior_to_canadabuys.csv,1964356,gsin-nibs,text,100.0,category_intelligence,9,"Category markets, industry demand, supplier specialization.",*N7030 | *N7030 | *N7030 | *N7030 | *N7030
legacy_award_notices_2012_to_2022_08_prior_to_canadabuys.csv,C:\ProcurementIntelligence\data\raw\canadabuys_award_notices\legacy_award_notices_2012_to_2022_08_prior_to_canadabuys.csv,1964356,gsinDescription-nibsDescription-eng,text,100.0,category_intelligence,9,"Category markets, industry demand, supplier specialization.",*ADP Software | *ADP Software | *ADP Software | *ADP Software | *ADP Software
legacy_award_notices_2012_to_2022_08_prior_to_canadabuys.csv,C:\ProcurementIntelligence\data\raw\canadabuys_award_notices\legacy_award_notices_2012_to_2022_08_prior_to_canadabuys.csv,1964356,gsinDescription-nibsDescription-fra,text,100.0,category_intelligence,9,"Category markets, industry demand, supplier specialization.",*Logiciel TAI | *Logiciel TAI | *Logiciel TAI | *Logiciel TAI | *Logiciel TAI
legacy_award_notices_2012_to_2022_08_prior_to_canadabuys.csv,C:\ProcurementIntelligence\data\raw\canadabuys_award_notices\legacy_award_notices_2012_to_2022_08_prior_to_canadabuys.csv,1964356,procurementCategory-categorieApprovisionnement,text,100.0,category_intelligence,9,"Category markets, industry demand, supplier specialization.",*GD | *GD | *GD | *GD | *GD
legacy_award_notices_2012_to_2022_08_prior_to_canadabuys.csv,C:\ProcurementIntelligence\data\raw\canadabuys_award_notices\legacy_award_notices_2012_to_2022_08_prior_to_canadabuys.csv,1964356,unspsc,empty_or_unknown,0.0,category_intelligence,9,"Category markets, industry demand, supplier specialization.",
legacy_award_notices_2012_to_2022_08_prior_to_canadabuys.csv,C:\ProcurementIntelligence\data\raw\canadabuys_award_notices\legacy_award_notices_2012_to_2022_08_prior_to_canadabuys.csv,1964356,unspscDescription-eng,empty_or_unknown,0.0,category_intelligence,9,"Category markets, industry demand, supplier specialization.",
legacy_award_notices_2012_to_2022_08_prior_to_canadabuys.csv,C:\ProcurementIntelligence\data\raw\canadabuys_award_notices\legacy_award_notices_2012_to_2022_08_prior_to_canadabuys.csv,1964356,unspscDescription-fra,empty_or_unknown,0.0,category_intelligence,9,"Category markets, industry demand, supplier specialization.",
legacy_contract_history_2009_01_to_2023_05_prior_to_canadabuys.csv,C:\ProcurementIntelligence\data\raw\canadabuys_contract_history\legacy_contract_history_2009_01_to_2023_05_prior_to_canadabuys.csv,3345293,gsin-nibs,text,100.0,category_intelligence,9,"Category markets, industry demand, supplier specialization.",*R019E | *R019E | *R019E | *R019E | *R019E
legacy_contract_history_2009_01_to_2023_05_prior_to_canadabuys.csv,C:\ProcurementIntelligence\data\raw\canadabuys_contract_history\legacy_contract_history_2009_01_to_2023_05_prior_to_canadabuys.csv,3345293,gsinDescription-nibsDescription-eng,text,100.0,category_intelligence,9,"Category markets, industry demand, supplier specialization.",*Business Services | *Business Services | *Business Services | *Business Services | *Business Services
legacy_contract_history_2009_01_to_2023_05_prior_to_canadabuys.csv,C:\ProcurementIntelligence\data\raw\canadabuys_contract_history\legacy_contract_history_2009_01_to_2023_05_prior_to_canadabuys.csv,3345293,gsinDescription-nibsDescription-fra,text,100.0,category_intelligence,9,"Category markets, industry demand, supplier specialization.",*Services commerciaux | *Services commerciaux | *Services commerciaux | *Services commerciaux | *Services commerciaux
legacy_contract_history_2009_01_to_2023_05_prior_to_canadabuys.csv,C:\ProcurementIntelligence\data\raw\canadabuys_contract_history\legacy_contract_history_2009_01_to_2023_05_prior_to_canadabuys.csv,3345293,procurementCategory-categorieApprovisionnement,text,100.0,category_intelligence,9,"Category markets, industry demand, supplier specialization.",*SRV | *SRV | *SRV | *SRV | *SRV
legacy_contract_history_2009_01_to_2023_05_prior_to_canadabuys.csv,C:\ProcurementIntelligence\data\raw\canadabuys_contract_history\legacy_contract_history_2009_01_to_2023_05_prior_to_canadabuys.csv,3345293,unspsc,empty_or_unknown,0.0,category_intelligence,9,"Category markets, industry demand, supplier specialization.",
legacy_contract_history_2009_01_to_2023_05_prior_to_canadabuys.csv,C:\ProcurementIntelligence\data\raw\canadabuys_contract_history\legacy_contract_history_2009_01_to_2023_05_prior_to_canadabuys.csv,3345293,unspscDescription-eng,empty_or_unknown,0.0,category_intelligence,9,"Category markets, industry demand, supplier specialization.",
legacy_contract_history_2009_01_to_2023_05_prior_to_canadabuys.csv,C:\ProcurementIntelligence\data\raw\canadabuys_contract_history\legacy_contract_history_2009_01_to_2023_05_prior_to_canadabuys.csv,3345293,unspscDescription-fra,empty_or_unknown,0.0,category_intelligence,9,"Category markets, industry demand, supplier specialization.",
all_canadabuys_award_notices_2022_08_08_onwards.csv,C:\ProcurementIntelligence\data\raw\canadabuys_award_notices\all_canadabuys_award_notices_2022_08_08_onwards.csv,738670,contactInfoAddressLine-contactInfoAdresseLigne-eng,text,20.6,relationship_intelligence,9,"Buyer/contact mapping, BD targeting, relationship intelligence.",1200 chemin Montréal | 1200 Montreal Road | 355 North River Rd | #1004 -14200 Green Timbers Way | 105 rue McGill
all_canadabuys_award_notices_2022_08_08_onwards.csv,C:\ProcurementIntelligence\data\raw\canadabuys_award_notices\all_canadabuys_award_notices_2022_08_08_onwards.csv,738670,contactInfoAddressLine-contactInfoAdresseLigne-fra,text,20.2,relationship_intelligence,9,"Buyer/contact mapping, BD targeting, relationship intelligence.",1200 chemin Montréal | 1200 chemin Montréal | #1004 -14200 Green Timbers Way | 105 rue McGill | 45 Alderney Drive
all_canadabuys_award_notices_2022_08_08_onwards.csv,C:\ProcurementIntelligence\data\raw\canadabuys_award_notices\all_canadabuys_award_notices_2022_08_08_onwards.csv,738670,contactInfoCity-contacterInfoVille-eng,text,20.8,relationship_intelligence,9,"Buyer/contact mapping, BD targeting, relationship intelligence.",Ottawa | Ottawa | Ottawa | Surrey | Montreal
all_canadabuys_award_notices_2022_08_08_onwards.csv,C:\ProcurementIntelligence\data\raw\canadabuys_award_notices\all_canadabuys_award_notices_2022_08_08_onwards.csv,738670,contactInfoCity-contacterInfoVille-fra,text,20.4,relationship_intelligence,9,"Buyer/contact mapping, BD targeting, relationship intelligence.",Ottawa | Ottawa | Surrey | Montreal | Dartmouth
all_canadabuys_award_notices_2022_08_08_onwards.csv,C:\ProcurementIntelligence\data\raw\canadabuys_award_notices\all_canadabuys_award_notices_2022_08_08_onwards.csv,738670,contactInfoCountry-contactInfoPays-eng,text,21.0,relationship_intelligence,9,"Buyer/contact mapping, BD targeting, relationship intelligence.",Canada | Canada | Canada | Canada | Canada
all_canadabuys_award_notices_2022_08_08_onwards.csv,C:\ProcurementIntelligence\data\raw\canadabuys_award_notices\all_canadabuys_award_notices_2022_08_08_onwards.csv,738670,contactInfoCountry-contactInfoPays-fra,text,1.0,relationship_intelligence,9,"Buyer/contact mapping, BD targeting, relationship intelligence.",Canada | Canada | Canada | (403) 762-5057 | 855-983-1808
all_canadabuys_award_notices_2022_08_08_onwards.csv,C:\ProcurementIntelligence\data\raw\canadabuys_award_notices\all_canadabuys_award_notices_2022_08_08_onwards.csv,738670,contactInfoEmail-informationsContactCourriel,text,100.0,relationship_intelligence,9,"Buyer/contact mapping, BD targeting, relationship intelligence.",procurement@fcc.ca | procurement@fcc.ca | procurement@fcc.ca | procurement@fcc.ca | procurement@fcc.ca
all_canadabuys_award_notices_2022_08_08_onwards.csv,C:\ProcurementIntelligence\data\raw\canadabuys_award_notices\all_canadabuys_award_notices_2022_08_08_onwards.csv,738670,contactInfoFax,text,0.4,relationship_intelligence,9,"Buyer/contact mapping, BD targeting, relationship intelligence.",(403) 762-5057 | 855-983-1808
all_canadabuys_award_notices_2022_08_08_onwards.csv,C:\ProcurementIntelligence\data\raw\canadabuys_award_notices\all_canadabuys_award_notices_2022_08_08_onwards.csv,738670,contactInfoName-informationsContactNom,text,100.0,relationship_intelligence,9,"Buyer/contact mapping, BD targeting, relationship intelligence.",Adam Gottselig | Adam Gottselig | Adam Gottselig | Adam Gottselig | Adam Gottselig
all_canadabuys_award_notices_2022_08_08_onwards.csv,C:\ProcurementIntelligence\data\raw\canadabuys_award_notices\all_canadabuys_award_notices_2022_08_08_onwards.csv,738670,contactInfoPhone-contactInfoTelephone,text,81.4,relationship_intelligence,9,"Buyer/contact mapping, BD targeting, relationship intelligence.",000-000-0000 | 000-000-0000 | 000-000-0000 | 000-000-0000 | 000-000-0000
all_canadabuys_award_notices_2022_08_08_onwards.csv,C:\ProcurementIntelligence\data\raw\canadabuys_award_notices\all_canadabuys_award_notices_2022_08_08_onwards.csv,738670,contactInfoPostalcode,text,20.6,relationship_intelligence,9,"Buyer/contact mapping, BD targeting, relationship intelligence.",K1A 0R6 | K1A 0R6 | K1A 0L8 | V3T 6P3 | H2Y2E7
all_canadabuys_award_notices_2022_08_08_onwards.csv,C:\ProcurementIntelligence\data\raw\canadabuys_award_notices\all_canadabuys_award_notices_2022_08_08_onwards.csv,738670,contactInfoProvince-contacterInfoProvince-eng,text,20.8,relationship_intelligence,9,"Buyer/contact mapping, BD targeting, relationship intelligence.",Ontario | Ontario | Ontario | BC | Quebec
all_canadabuys_award_notices_2022_08_08_onwards.csv,C:\ProcurementIntelligence\data\raw\canadabuys_award_notices\all_canadabuys_award_notices_2022_08_08_onwards.csv,738670,contactInfoProvince-contacterInfoProvince-fra,text,20.4,relationship_intelligence,9,"Buyer/contact mapping, BD targeting, relationship intelligence.",Ontario | Ontario | C.-B. | Quebec | Nouvelle-Écosse
all_canadabuys_contract_history_2023_06_01_onwards.csv,C:\ProcurementIntelligence\data\raw\canadabuys_contract_history\all_canadabuys_contract_history_2023_06_01_onwards.csv,311541,contactInfoAddressLine-contactInfoAdresseLigne-eng,empty_or_unknown,0.0,relationship_intelligence,9,"Buyer/contact mapping, BD targeting, relationship intelligence.",
all_canadabuys_contract_history_2023_06_01_onwards.csv,C:\ProcurementIntelligence\data\raw\canadabuys_contract_history\all_canadabuys_contract_history_2023_06_01_onwards.csv,311541,contactInfoAddressLine-contactInfoAdresseLigne-fra,empty_or_unknown,0.0,relationship_intelligence,9,"Buyer/contact mapping, BD targeting, relationship intelligence.",
all_canadabuys_contract_history_2023_06_01_onwards.csv,C:\ProcurementIntelligence\data\raw\canadabuys_contract_history\all_canadabuys_contract_history_2023_06_01_onwards.csv,311541,contactInfoCity-contacterInfoVille-eng,empty_or_unknown,0.0,relationship_intelligence,9,"Buyer/contact mapping, BD targeting, relationship intelligence.",
all_canadabuys_contract_history_2023_06_01_onwards.csv,C:\ProcurementIntelligence\data\raw\canadabuys_contract_history\all_canadabuys_contract_history_2023_06_01_onwards.csv,311541,contactInfoCity-contacterInfoVille-fra,empty_or_unknown,0.0,relationship_intelligence,9,"Buyer/contact mapping, BD targeting, relationship intelligence.",
all_canadabuys_contract_history_2023_06_01_onwards.csv,C:\ProcurementIntelligence\data\raw\canadabuys_contract_history\all_canadabuys_contract_history_2023_06_01_onwards.csv,311541,contactInfoCountry-contactInfoPays-eng,empty_or_unknown,0.0,relationship_intelligence,9,"Buyer/contact mapping, BD targeting, relationship intelligence.",
all_canadabuys_contract_history_2023_06_01_onwards.csv,C:\ProcurementIntelligence\data\raw\canadabuys_contract_history\all_canadabuys_contract_history_2023_06_01_onwards.csv,311541,contactInfoCountry-contactInfoPays-fra,empty_or_unknown,0.0,relationship_intelligence,9,"Buyer/contact mapping, BD targeting, relationship intelligence.",
all_canadabuys_contract_history_2023_06_01_onwards.csv,C:\ProcurementIntelligence\data\raw\canadabuys_contract_history\all_canadabuys_contract_history_2023_06_01_onwards.csv,311541,contactInfoEmail-informationsContactCourriel,empty_or_unknown,0.0,relationship_intelligence,9,"Buyer/contact mapping, BD targeting, relationship intelligence.",
all_canadabuys_contract_history_2023_06_01_onwards.csv,C:\ProcurementIntelligence\data\raw\canadabuys_contract_history\all_canadabuys_contract_history_2023_06_01_onwards.csv,311541,contactInfoFax,empty_or_unknown,0.0,relationship_intelligence,9,"Buyer/contact mapping, BD targeting, relationship intelligence.",
all_canadabuys_contract_history_2023_06_01_onwards.csv,C:\ProcurementIntelligence\data\raw\canadabuys_contract_history\all_canadabuys_contract_history_2023_06_01_onwards.csv,311541,contactInfoName-informationsContactNom,empty_or_unknown,0.0,relationship_intelligence,9,"Buyer/contact mapping, BD targeting, relationship intelligence.",
all_canadabuys_contract_history_2023_06_01_onwards.csv,C:\ProcurementIntelligence\data\raw\canadabuys_contract_history\all_canadabuys_contract_history_2023_06_01_onwards.csv,311541,contactInfoPhone-contactInfoTelephone,empty_or_unknown,0.0,relationship_intelligence,9,"Buyer/contact mapping, BD targeting, relationship intelligence.",
all_canadabuys_contract_history_2023_06_01_onwards.csv,C:\ProcurementIntelligence\data\raw\canadabuys_contract_history\all_canadabuys_contract_history_2023_06_01_onwards.csv,311541,contactInfoPostalcode,empty_or_unknown,0.0,relationship_intelligence,9,"Buyer/contact mapping, BD targeting, relationship intelligence.",
all_canadabuys_contract_history_2023_06_01_onwards.csv,C:\ProcurementIntelligence\data\raw\canadabuys_contract_history\all_canadabuys_contract_history_2023_06_01_onwards.csv,311541,contactInfoProvince-contacterInfoProvince-eng,empty_or_unknown,0.0,relationship_intelligence,9,"Buyer/contact mapping, BD targeting, relationship intelligence.",
all_canadabuys_contract_history_2023_06_01_onwards.csv,C:\ProcurementIntelligence\data\raw\canadabuys_contract_history\all_canadabuys_contract_history_2023_06_01_onwards.csv,311541,contactInfoProvince-contacterInfoProvince-fra,empty_or_unknown,0.0,relationship_intelligence,9,"Buyer/contact mapping, BD targeting, relationship intelligence.",
all_canadabuys_tender_notices_2022_08_08_onwards.csv,C:\ProcurementIntelligence\data\raw\canadabuys_tender_notices\all_canadabuys_tender_notices_2022_08_08_onwards.csv,1357393,contactInfoAddressLine-contactInfoAdresseLigne-eng,text,74.8,relationship_intelligence,9,"Buyer/contact mapping, BD targeting, relationship intelligence.",180 Kent St 180 Kent St | 325781 fake street | 325781 fake street | 325781 fake street | 325781 fake street
all_canadabuys_tender_notices_2022_08_08_onwards.csv,C:\ProcurementIntelligence\data\raw\canadabuys_tender_notices\all_canadabuys_tender_notices_2022_08_08_onwards.csv,1357393,contactInfoAddressLine-contactInfoAdresseLigne-fra,text,74.8,relationship_intelligence,9,"Buyer/contact mapping, BD targeting, relationship intelligence.",180 Kent St 180 Kent St Ontario<br>K1P 1B6<br>CANADA | 325781 fake street | 325781 fake street | 325781 fake street | 325781 fake street
all_canadabuys_tender_notices_2022_08_08_onwards.csv,C:\ProcurementIntelligence\data\raw\canadabuys_tender_notices\all_canadabuys_tender_notices_2022_08_08_onwards.csv,1357393,contactInfoCity-contacterInfoVille-eng,text,59.6,relationship_intelligence,9,"Buyer/contact mapping, BD targeting, relationship intelligence.",Ottawa | Ottawa | Ottawa | Ottawa | Ottawa
all_canadabuys_tender_notices_2022_08_08_onwards.csv,C:\ProcurementIntelligence\data\raw\canadabuys_tender_notices\all_canadabuys_tender_notices_2022_08_08_onwards.csv,1357393,contactInfoCity-contacterInfoVille-fra,text,50.4,relationship_intelligence,9,"Buyer/contact mapping, BD targeting, relationship intelligence.",Ottawa | Ottawa | Ottawa | Ottawa | Ottawa
all_canadabuys_tender_notices_2022_08_08_onwards.csv,C:\ProcurementIntelligence\data\raw\canadabuys_tender_notices\all_canadabuys_tender_notices_2022_08_08_onwards.csv,1357393,contactInfoCountry-contactInfoPays-eng,text,46.4,relationship_intelligence,9,"Buyer/contact mapping, BD targeting, relationship intelligence.",CANADA | CANADA | CANADA | CANADA | CANADA
all_canadabuys_tender_notices_2022_08_08_onwards.csv,C:\ProcurementIntelligence\data\raw\canadabuys_tender_notices\all_canadabuys_tender_notices_2022_08_08_onwards.csv,1357393,contactInfoCountry-contactInfoPays-fra,text,37.2,relationship_intelligence,9,"Buyer/contact mapping, BD targeting, relationship intelligence.",CANADA | CANADA | CANADA | CANADA | CANADA
all_canadabuys_tender_notices_2022_08_08_onwards.csv,C:\ProcurementIntelligence\data\raw\canadabuys_tender_notices\all_canadabuys_tender_notices_2022_08_08_onwards.csv,1357393,contactInfoEmail-informationsContactCourriel,text,83.4,relationship_intelligence,9,"Buyer/contact mapping, BD targeting, relationship intelligence.",solicitations@edc.ca | aime_azol@viarail.ca | andre.champagne@dcc-cdc.gc.ca | andre.champagne@dcc-cdc.gc.ca | andre.champagne@dcc-cdc.gc.ca
all_canadabuys_tender_notices_2022_08_08_onwards.csv,C:\ProcurementIntelligence\data\raw\canadabuys_tender_notices\all_canadabuys_tender_notices_2022_08_08_onwards.csv,1357393,contactInfoFax,text,29.4,relationship_intelligence,9,"Buyer/contact mapping, BD targeting, relationship intelligence.",3435769329 | 6139997777 | 6139997777 | 6139997777 | 6139997777
all_canadabuys_tender_notices_2022_08_08_onwards.csv,C:\ProcurementIntelligence\data\raw\canadabuys_tender_notices\all_canadabuys_tender_notices_2022_08_08_onwards.csv,1357393,contactInfoName-informationsContactNom,text,99.6,relationship_intelligence,9,"Buyer/contact mapping, BD targeting, relationship intelligence.",Afza Maknojia | Aimé Azol | Andre Champagne | Andre Champagne | Andre Champagne
all_canadabuys_tender_notices_2022_08_08_onwards.csv,C:\ProcurementIntelligence\data\raw\canadabuys_tender_notices\all_canadabuys_tender_notices_2022_08_08_onwards.csv,1357393,contactInfoPhone-contactInfoTelephone,text,79.2,relationship_intelligence,9,"Buyer/contact mapping, BD targeting, relationship intelligence.",514-871-6936 | 873-354-7245 | 873-354-7245 | 873-354-7245 | 873-354-7245
all_canadabuys_tender_notices_2022_08_08_onwards.csv,C:\ProcurementIntelligence\data\raw\canadabuys_tender_notices\all_canadabuys_tender_notices_2022_08_08_onwards.csv,1357393,contactInfoPostalcode,text,59.6,relationship_intelligence,9,"Buyer/contact mapping, BD targeting, relationship intelligence.",K1P 1B6 | 12345 | 12345 | 12345 | 12345
all_canadabuys_tender_notices_2022_08_08_onwards.csv,C:\ProcurementIntelligence\data\raw\canadabuys_tender_notices\all_canadabuys_tender_notices_2022_08_08_onwards.csv,1357393,contactInfoProvince-contacterInfoProvince-eng,text,59.6,relationship_intelligence,9,"Buyer/contact mapping, BD targeting, relationship intelligence.",Ontario | Ontario | Ontario | Ontario | Ontario
all_canadabuys_tender_notices_2022_08_08_onwards.csv,C:\ProcurementIntelligence\data\raw\canadabuys_tender_notices\all_canadabuys_tender_notices_2022_08_08_onwards.csv,1357393,contactInfoProvince-contacterInfoProvince-fra,text,50.4,relationship_intelligence,9,"Buyer/contact mapping, BD targeting, relationship intelligence.",Ontario | Ontario | Ontario | Ontario | Ontario
archived_2009_2022_legacy_tender_notices.csv,C:\ProcurementIntelligence\data\raw\canadabuys_tender_notices\archived_2009_2022_legacy_tender_notices.csv,6555180,contactInfoAddressLine-contactInfoAdresseLigne-eng,text,94.4,relationship_intelligence,9,"Buyer/contact mapping, BD targeting, relationship intelligence.","200 Kent Street, 9S021 | 1300- 635 8 Ave SW | 301 Bishop Drive | 2010 12th Avenue, Room 300 | 189 Prince William Street<br>Room 405"
archived_2009_2022_legacy_tender_notices.csv,C:\ProcurementIntelligence\data\raw\canadabuys_tender_notices\archived_2009_2022_legacy_tender_notices.csv,6555180,contactInfoAddressLine-contactInfoAdresseLigne-fra,text,94.4,relationship_intelligence,9,"Buyer/contact mapping, BD targeting, relationship intelligence.","200 Kent Street, 9S021 | 1300- 635 8 Ave SW | 301 Bishop Drive | 2010 12th Avenue, Room 300 | 189 Prince William Street<br>Room 405"
archived_2009_2022_legacy_tender_notices.csv,C:\ProcurementIntelligence\data\raw\canadabuys_tender_notices\archived_2009_2022_legacy_tender_notices.csv,6555180,contactInfoCity-contacterInfoVille-eng,text,93.4,relationship_intelligence,9,"Buyer/contact mapping, BD targeting, relationship intelligence.",Ottawa | Calgary | Fredericton | Regina | Saint John
archived_2009_2022_legacy_tender_notices.csv,C:\ProcurementIntelligence\data\raw\canadabuys_tender_notices\archived_2009_2022_legacy_tender_notices.csv,6555180,contactInfoCity-contacterInfoVille-fra,text,93.4,relationship_intelligence,9,"Buyer/contact mapping, BD targeting, relationship intelligence.",Ottawa | Calgary | Fredericton | Regina | Saint John
archived_2009_2022_legacy_tender_notices.csv,C:\ProcurementIntelligence\data\raw\canadabuys_tender_notices\archived_2009_2022_legacy_tender_notices.csv,6555180,contactInfoCountry-contactInfoPays-eng,text,53.2,relationship_intelligence,9,"Buyer/contact mapping, BD targeting, relationship intelligence.",CA | CA | CA | CA | CA
archived_2009_2022_legacy_tender_notices.csv,C:\ProcurementIntelligence\data\raw\canadabuys_tender_notices\archived_2009_2022_legacy_tender_notices.csv,6555180,contactInfoCountry-contactInfoPays-fra,text,53.2,relationship_intelligence,9,"Buyer/contact mapping, BD targeting, relationship intelligence.",CA | CA | CA | CA | CA
archived_2009_2022_legacy_tender_notices.csv,C:\ProcurementIntelligence\data\raw\canadabuys_tender_notices\archived_2009_2022_legacy_tender_notices.csv,6555180,contactInfoEmail-informationsContactCourriel,text,52.0,relationship_intelligence,9,"Buyer/contact mapping, BD targeting, relationship intelligence.",rebecca.chen@pc.gc.ca | DFOtenders-soumissionsMPO@dfo-mpo.gc.ca | Amanda.Eid@dcc-cdc.gc.ca | Amanda.Eid@dcc-cdc.gc.ca | Teresa.Hengen@rcmp-grc.gc.ca
archived_2009_2022_legacy_tender_notices.csv,C:\ProcurementIntelligence\data\raw\canadabuys_tender_notices\archived_2009_2022_legacy_tender_notices.csv,6555180,contactInfoFax,text,55.6,relationship_intelligence,9,"Buyer/contact mapping, BD targeting, relationship intelligence.",(506) 636-4376 | 306-780-5232 | 306-780-5232 | (780) 497-3510 | 604-870-2444
archived_2009_2022_legacy_tender_notices.csv,C:\ProcurementIntelligence\data\raw\canadabuys_tender_notices\archived_2009_2022_legacy_tender_notices.csv,6555180,contactInfoName-informationsContactNom,text,99.8,relationship_intelligence,9,"Buyer/contact mapping, BD targeting, relationship intelligence.","Arsene, Lara | Chen, Rebecca | Chessie, Denise | Collinge, Colby | DeGrace, Marc(PWB)"
archived_2009_2022_legacy_tender_notices.csv,C:\ProcurementIntelligence\data\raw\canadabuys_tender_notices\archived_2009_2022_legacy_tender_notices.csv,6555180,contactInfoPhone-contactInfoTelephone,text,97.4,relationship_intelligence,9,"Buyer/contact mapping, BD targeting, relationship intelligence.",613-949-9160 | 403-292-8509 | 506-238-1308 | 306-523-6546 | (506) 851-2325 (    )
archived_2009_2022_legacy_tender_notices.csv,C:\ProcurementIntelligence\data\raw\canadabuys_tender_notices\archived_2009_2022_legacy_tender_notices.csv,6555180,contactInfoPostalcode,text,93.6,relationship_intelligence,9,"Buyer/contact mapping, BD targeting, relationship intelligence.",K1A 0E6 | T2P 3M3 | E3C 2M6 | S4P 0M3 | E2L 2B9
archived_2009_2022_legacy_tender_notices.csv,C:\ProcurementIntelligence\data\raw\canadabuys_tender_notices\archived_2009_2022_legacy_tender_notices.csv,6555180,contactInfoProvince-contacterInfoProvince-eng,text,93.6,relationship_intelligence,9,"Buyer/contact mapping, BD targeting, relationship intelligence.",ON | AB | NB | SK | New Bruns
archived_2009_2022_legacy_tender_notices.csv,C:\ProcurementIntelligence\data\raw\canadabuys_tender_notices\archived_2009_2022_legacy_tender_notices.csv,6555180,contactInfoProvince-contacterInfoProvince-fra,text,93.6,relationship_intelligence,9,"Buyer/contact mapping, BD targeting, relationship intelligence.",ON | AB | NB | SK | New Bruns
legacy_award_notices_2012_to_2022_08_prior_to_canadabuys.csv,C:\ProcurementIntelligence\data\raw\canadabuys_award_notices\legacy_award_notices_2012_to_2022_08_prior_to_canadabuys.csv,1964356,contactInfoAddressLine-contactInfoAdresseLigne-eng,text,100.0,relationship_intelligence,9,"Buyer/contact mapping, BD targeting, relationship intelligence.",101 COLONEL BY DR. | 101 COLONEL BY DR. | BLDG 29 RECEIVING<br>3701 CARLING AVE | ATTN DGMEPM NP - DMARP<br>101 COLONEL BY DR. | 101 COLONEL BY DR.
legacy_award_notices_2012_to_2022_08_prior_to_canadabuys.csv,C:\ProcurementIntelligence\data\raw\canadabuys_award_notices\legacy_award_notices_2012_to_2022_08_prior_to_canadabuys.csv,1964356,contactInfoAddressLine-contactInfoAdresseLigne-fra,text,100.0,relationship_intelligence,9,"Buyer/contact mapping, BD targeting, relationship intelligence.",101 COLONEL BY DR. | 101 COLONEL BY DR. | BLDG 29 RECEIVING<br>3701 CARLING AVE | ATTN DGMEPM NP - DMARP<br>101 COLONEL BY DR. | 101 COLONEL BY DR.
legacy_award_notices_2012_to_2022_08_prior_to_canadabuys.csv,C:\ProcurementIntelligence\data\raw\canadabuys_award_notices\legacy_award_notices_2012_to_2022_08_prior_to_canadabuys.csv,1964356,contactInfoCity-contacterInfoVille-eng,text,100.0,relationship_intelligence,9,"Buyer/contact mapping, BD targeting, relationship intelligence.",OTTAWA | OTTAWA | OTTAWA | OTTAWA | OTTAWA
legacy_award_notices_2012_to_2022_08_prior_to_canadabuys.csv,C:\ProcurementIntelligence\data\raw\canadabuys_award_notices\legacy_award_notices_2012_to_2022_08_prior_to_canadabuys.csv,1964356,contactInfoCity-contacterInfoVille-fra,text,100.0,relationship_intelligence,9,"Buyer/contact mapping, BD targeting, relationship intelligence.",OTTAWA | OTTAWA | OTTAWA | OTTAWA | OTTAWA
legacy_award_notices_2012_to_2022_08_prior_to_canadabuys.csv,C:\ProcurementIntelligence\data\raw\canadabuys_award_notices\legacy_award_notices_2012_to_2022_08_prior_to_canadabuys.csv,1964356,contactInfoCountry-contactInfoPays-eng,text,100.0,relationship_intelligence,9,"Buyer/contact mapping, BD targeting, relationship intelligence.",CAN | CAN | CAN | CAN | CAN
legacy_award_notices_2012_to_2022_08_prior_to_canadabuys.csv,C:\ProcurementIntelligence\data\raw\canadabuys_award_notices\legacy_award_notices_2012_to_2022_08_prior_to_canadabuys.csv,1964356,contactInfoCountry-contactInfoPays-fra,text,100.0,relationship_intelligence,9,"Buyer/contact mapping, BD targeting, relationship intelligence.",CAN | CAN | CAN | CAN | CAN
legacy_award_notices_2012_to_2022_08_prior_to_canadabuys.csv,C:\ProcurementIntelligence\data\raw\canadabuys_award_notices\legacy_award_notices_2012_to_2022_08_prior_to_canadabuys.csv,1964356,contactInfoEmail-informationsContactCourriel,empty_or_unknown,0.0,relationship_intelligence,9,"Buyer/contact mapping, BD targeting, relationship intelligence.",
legacy_award_notices_2012_to_2022_08_prior_to_canadabuys.csv,C:\ProcurementIntelligence\data\raw\canadabuys_award_notices\legacy_award_notices_2012_to_2022_08_prior_to_canadabuys.csv,1964356,contactInfoFax,empty_or_unknown,0.0,relationship_intelligence,9,"Buyer/contact mapping, BD targeting, relationship intelligence.",
legacy_award_notices_2012_to_2022_08_prior_to_canadabuys.csv,C:\ProcurementIntelligence\data\raw\canadabuys_award_notices\legacy_award_notices_2012_to_2022_08_prior_to_canadabuys.csv,1964356,contactInfoName-informationsContactNom,text,100.0,relationship_intelligence,9,"Buyer/contact mapping, BD targeting, relationship intelligence.",DEPARTMENT OF NATIONAL DEFENCE | DEPARTMENT OF NATIONAL DEFENCE | DEPARTMENT OF NATIONAL DEFENCE | DEPARTMENT OF NATIONAL DEFENCE | DEPARTMENT OF NATIONAL DEFENCE
legacy_award_notices_2012_to_2022_08_prior_to_canadabuys.csv,C:\ProcurementIntelligence\data\raw\canadabuys_award_notices\legacy_award_notices_2012_to_2022_08_prior_to_canadabuys.csv,1964356,contactInfoPhone-contactInfoTelephone,empty_or_unknown,0.0,relationship_intelligence,9,"Buyer/contact mapping, BD targeting, relationship intelligence.",
legacy_award_notices_2012_to_2022_08_prior_to_canadabuys.csv,C:\ProcurementIntelligence\data\raw\canadabuys_award_notices\legacy_award_notices_2012_to_2022_08_prior_to_canadabuys.csv,1964356,contactInfoPostalcode,text,100.0,relationship_intelligence,9,"Buyer/contact mapping, BD targeting, relationship intelligence.",K1A0K2 | K1A0K2 | K1A0Z4 | K1A0K2 | K1A0K2
legacy_award_notices_2012_to_2022_08_prior_to_canadabuys.csv,C:\ProcurementIntelligence\data\raw\canadabuys_award_notices\legacy_award_notices_2012_to_2022_08_prior_to_canadabuys.csv,1964356,contactInfoProvince-contacterInfoProvince-eng,text,100.0,relationship_intelligence,9,"Buyer/contact mapping, BD targeting, relationship intelligence.",ON | ON | ON | ON | ON
legacy_award_notices_2012_to_2022_08_prior_to_canadabuys.csv,C:\ProcurementIntelligence\data\raw\canadabuys_award_notices\legacy_award_notices_2012_to_2022_08_prior_to_canadabuys.csv,1964356,contactInfoProvince-contacterInfoProvince-fra,text,100.0,relationship_intelligence,9,"Buyer/contact mapping, BD targeting, relationship intelligence.",ON | ON | ON | ON | ON
legacy_contract_history_2009_01_to_2023_05_prior_to_canadabuys.csv,C:\ProcurementIntelligence\data\raw\canadabuys_contract_history\legacy_contract_history_2009_01_to_2023_05_prior_to_canadabuys.csv,3345293,contactInfoAddressLine-contactInfoAdresseLigne-eng,empty_or_unknown,0.0,relationship_intelligence,9,"Buyer/contact mapping, BD targeting, relationship intelligence.",
legacy_contract_history_2009_01_to_2023_05_prior_to_canadabuys.csv,C:\ProcurementIntelligence\data\raw\canadabuys_contract_history\legacy_contract_history_2009_01_to_2023_05_prior_to_canadabuys.csv,3345293,contactInfoAddressLine-contactInfoAdresseLigne-fra,empty_or_unknown,0.0,relationship_intelligence,9,"Buyer/contact mapping, BD targeting, relationship intelligence.",
legacy_contract_history_2009_01_to_2023_05_prior_to_canadabuys.csv,C:\ProcurementIntelligence\data\raw\canadabuys_contract_history\legacy_contract_history_2009_01_to_2023_05_prior_to_canadabuys.csv,3345293,contactInfoCity-contacterInfoVille-eng,empty_or_unknown,0.0,relationship_intelligence,9,"Buyer/contact mapping, BD targeting, relationship intelligence.",
legacy_contract_history_2009_01_to_2023_05_prior_to_canadabuys.csv,C:\ProcurementIntelligence\data\raw\canadabuys_contract_history\legacy_contract_history_2009_01_to_2023_05_prior_to_canadabuys.csv,3345293,contactInfoCity-contacterInfoVille-fra,empty_or_unknown,0.0,relationship_intelligence,9,"Buyer/contact mapping, BD targeting, relationship intelligence.",
legacy_contract_history_2009_01_to_2023_05_prior_to_canadabuys.csv,C:\ProcurementIntelligence\data\raw\canadabuys_contract_history\legacy_contract_history_2009_01_to_2023_05_prior_to_canadabuys.csv,3345293,contactInfoCountry-contactInfoPays-eng,empty_or_unknown,0.0,relationship_intelligence,9,"Buyer/contact mapping, BD targeting, relationship intelligence.",
legacy_contract_history_2009_01_to_2023_05_prior_to_canadabuys.csv,C:\ProcurementIntelligence\data\raw\canadabuys_contract_history\legacy_contract_history_2009_01_to_2023_05_prior_to_canadabuys.csv,3345293,contactInfoCountry-contactInfoPays-fra,empty_or_unknown,0.0,relationship_intelligence,9,"Buyer/contact mapping, BD targeting, relationship intelligence.",
legacy_contract_history_2009_01_to_2023_05_prior_to_canadabuys.csv,C:\ProcurementIntelligence\data\raw\canadabuys_contract_history\legacy_contract_history_2009_01_to_2023_05_prior_to_canadabuys.csv,3345293,contactInfoEmail-informationsContactCourriel,empty_or_unknown,0.0,relationship_intelligence,9,"Buyer/contact mapping, BD targeting, relationship intelligence.",
legacy_contract_history_2009_01_to_2023_05_prior_to_canadabuys.csv,C:\ProcurementIntelligence\data\raw\canadabuys_contract_history\legacy_contract_history_2009_01_to_2023_05_prior_to_canadabuys.csv,3345293,contactInfoFax,empty_or_unknown,0.0,relationship_intelligence,9,"Buyer/contact mapping, BD targeting, relationship intelligence.",
legacy_contract_history_2009_01_to_2023_05_prior_to_canadabuys.csv,C:\ProcurementIntelligence\data\raw\canadabuys_contract_history\legacy_contract_history_2009_01_to_2023_05_prior_to_canadabuys.csv,3345293,contactInfoName-informationsContactNom,empty_or_unknown,0.0,relationship_intelligence,9,"Buyer/contact mapping, BD targeting, relationship intelligence.",
legacy_contract_history_2009_01_to_2023_05_prior_to_canadabuys.csv,C:\ProcurementIntelligence\data\raw\canadabuys_contract_history\legacy_contract_history_2009_01_to_2023_05_prior_to_canadabuys.csv,3345293,contactInfoPhone-contactInfoTelephone,empty_or_unknown,0.0,relationship_intelligence,9,"Buyer/contact mapping, BD targeting, relationship intelligence.",
legacy_contract_history_2009_01_to_2023_05_prior_to_canadabuys.csv,C:\ProcurementIntelligence\data\raw\canadabuys_contract_history\legacy_contract_history_2009_01_to_2023_05_prior_to_canadabuys.csv,3345293,contactInfoPostalcode,empty_or_unknown,0.0,relationship_intelligence,9,"Buyer/contact mapping, BD targeting, relationship intelligence.",
legacy_contract_history_2009_01_to_2023_05_prior_to_canadabuys.csv,C:\ProcurementIntelligence\data\raw\canadabuys_contract_history\legacy_contract_history_2009_01_to_2023_05_prior_to_canadabuys.csv,3345293,contactInfoProvince-contacterInfoProvince-eng,empty_or_unknown,0.0,relationship_intelligence,9,"Buyer/contact mapping, BD targeting, relationship intelligence.",
legacy_contract_history_2009_01_to_2023_05_prior_to_canadabuys.csv,C:\ProcurementIntelligence\data\raw\canadabuys_contract_history\legacy_contract_history_2009_01_to_2023_05_prior_to_canadabuys.csv,3345293,contactInfoProvince-contacterInfoProvince-fra,empty_or_unknown,0.0,relationship_intelligence,9,"Buyer/contact mapping, BD targeting, relationship intelligence.",
all_canadabuys_award_notices_2022_08_08_onwards.csv,C:\ProcurementIntelligence\data\raw\canadabuys_award_notices\all_canadabuys_award_notices_2022_08_08_onwards.csv,738670,supplierAddressCity-fournisseurAdresseVille-eng,text,100.0,supplier_intelligence,9,"Supplier intelligence, market share, competitor analysis, supplier geography.",Toronto | Ottawa | Toronto | montreal | Toronto
all_canadabuys_award_notices_2022_08_08_onwards.csv,C:\ProcurementIntelligence\data\raw\canadabuys_award_notices\all_canadabuys_award_notices_2022_08_08_onwards.csv,738670,supplierAddressCity-fournisseurAdresseVille-fra,text,100.0,supplier_intelligence,9,"Supplier intelligence, market share, competitor analysis, supplier geography.",Toronto | Ottawa | Toronto | montreal | Toronto
all_canadabuys_award_notices_2022_08_08_onwards.csv,C:\ProcurementIntelligence\data\raw\canadabuys_award_notices\all_canadabuys_award_notices_2022_08_08_onwards.csv,738670,supplierAddressCountry-fournisseurAdressePays-eng,text,100.0,supplier_intelligence,9,"Supplier intelligence, market share, competitor analysis, supplier geography.",Canada | Canada | Canada | Canada | Canada
all_canadabuys_award_notices_2022_08_08_onwards.csv,C:\ProcurementIntelligence\data\raw\canadabuys_award_notices\all_canadabuys_award_notices_2022_08_08_onwards.csv,738670,supplierAddressCountry-fournisseurAdressePays-fra,text,100.0,supplier_intelligence,9,"Supplier intelligence, market share, competitor analysis, supplier geography.",Canada | Canada | Canada | Canada | Canada
all_canadabuys_award_notices_2022_08_08_onwards.csv,C:\ProcurementIntelligence\data\raw\canadabuys_award_notices\all_canadabuys_award_notices_2022_08_08_onwards.csv,738670,supplierAddressLine-ligneAdresseFournisseur-eng,text,100.0,supplier_intelligence,9,"Supplier intelligence, market share, competitor analysis, supplier geography.","88 Queens Quay W #3000 | 320 Miwate Private, Suite 604 | 2482 Yonge St | 210 Roland Jeanneau | 110 Cumberland Street, Suite # 307, Toronto, Ontario M5R 3V5, Canada"
all_canadabuys_award_notices_2022_08_08_onwards.csv,C:\ProcurementIntelligence\data\raw\canadabuys_award_notices\all_canadabuys_award_notices_2022_08_08_onwards.csv,738670,supplierAddressLine-ligneAdresseFournisseur-fra,text,100.0,supplier_intelligence,9,"Supplier intelligence, market share, competitor analysis, supplier geography.","88 Queens Quay W #3000 | 320 Miwate Private, Suite 604 | 2482 Yonge St | 210 Roland Jeanneau | 110 Cumberland Street, Suite # 307, Toronto, Ontario M5R 3V5, Canada"
all_canadabuys_award_notices_2022_08_08_onwards.csv,C:\ProcurementIntelligence\data\raw\canadabuys_award_notices\all_canadabuys_award_notices_2022_08_08_onwards.csv,738670,supplierAddressPostalCode-fournisseurAdresseCodePostal,text,99.6,supplier_intelligence,9,"Supplier intelligence, market share, competitor analysis, supplier geography.",M5J 0B8 | K1R 0E1 | M4P 2H7 | H3E 1R5 | M5R 3V5
all_canadabuys_award_notices_2022_08_08_onwards.csv,C:\ProcurementIntelligence\data\raw\canadabuys_award_notices\all_canadabuys_award_notices_2022_08_08_onwards.csv,738670,supplierAddressProvince-fournisseurAdresseProvince-eng,text,98.2,supplier_intelligence,9,"Supplier intelligence, market share, competitor analysis, supplier geography.",Ontario | Ontario | Ontario | Quebec | Ontario
all_canadabuys_award_notices_2022_08_08_onwards.csv,C:\ProcurementIntelligence\data\raw\canadabuys_award_notices\all_canadabuys_award_notices_2022_08_08_onwards.csv,738670,supplierAddressProvince-fournisseurAdresseProvince-fra,text,98.2,supplier_intelligence,9,"Supplier intelligence, market share, competitor analysis, supplier geography.",Ontario | Ontario | Ontario | Québec | Ontario
all_canadabuys_award_notices_2022_08_08_onwards.csv,C:\ProcurementIntelligence\data\raw\canadabuys_award_notices\all_canadabuys_award_notices_2022_08_08_onwards.csv,738670,supplierLegalName-nomLegalFournisseur-eng,text,100.0,supplier_intelligence,9,"Supplier intelligence, market share, competitor analysis, supplier geography.",Cision Canada Inc. | Lightning Tree Consulting Inc. | Blended Perspectives | Oona Stock | ADAPTOVATE
all_canadabuys_award_notices_2022_08_08_onwards.csv,C:\ProcurementIntelligence\data\raw\canadabuys_award_notices\all_canadabuys_award_notices_2022_08_08_onwards.csv,738670,supplierLegalName-nomLegalFournisseur-fra,text,100.0,supplier_intelligence,9,"Supplier intelligence, market share, competitor analysis, supplier geography.",Cision Canada Inc. | Lightning Tree Consulting Inc. | Blended Perspectives | Oona Stock | ADAPTOVATE
all_canadabuys_contract_history_2023_06_01_onwards.csv,C:\ProcurementIntelligence\data\raw\canadabuys_contract_history\all_canadabuys_contract_history_2023_06_01_onwards.csv,311541,supplierAddressCity-fournisseurAdresseVille-eng,text,100.0,supplier_intelligence,9,"Supplier intelligence, market share, competitor analysis, supplier geography.",Saskatoon | REDSTONE ARSENAL | Burlington | Ski | Blainville
all_canadabuys_contract_history_2023_06_01_onwards.csv,C:\ProcurementIntelligence\data\raw\canadabuys_contract_history\all_canadabuys_contract_history_2023_06_01_onwards.csv,311541,supplierAddressCity-fournisseurAdresseVille-fra,text,100.0,supplier_intelligence,9,"Supplier intelligence, market share, competitor analysis, supplier geography.",Saskatoon | REDSTONE ARSENAL | Burlington | Ski | Blainville
all_canadabuys_contract_history_2023_06_01_onwards.csv,C:\ProcurementIntelligence\data\raw\canadabuys_contract_history\all_canadabuys_contract_history_2023_06_01_onwards.csv,311541,supplierAddressCountry-fournisseurAdressePays-eng,text,100.0,supplier_intelligence,9,"Supplier intelligence, market share, competitor analysis, supplier geography.",Canada | United States | Canada | Norway | Canada
all_canadabuys_contract_history_2023_06_01_onwards.csv,C:\ProcurementIntelligence\data\raw\canadabuys_contract_history\all_canadabuys_contract_history_2023_06_01_onwards.csv,311541,supplierAddressCountry-fournisseurAdressePays-fra,text,100.0,supplier_intelligence,9,"Supplier intelligence, market share, competitor analysis, supplier geography.",Canada | United States | Canada | Norway | Canada
all_canadabuys_contract_history_2023_06_01_onwards.csv,C:\ProcurementIntelligence\data\raw\canadabuys_contract_history\all_canadabuys_contract_history_2023_06_01_onwards.csv,311541,supplierAddressLine-ligneAdresseFournisseur-eng,text,97.0,supplier_intelligence,9,"Supplier intelligence, market share, competitor analysis, supplier geography.",3714 Kinnear Place | 7613 CARDINAL ROAD | 5070 Benson Drive<br>Unit 102 | Glynitveien 15 | 100 rue du Landais
all_canadabuys_contract_history_2023_06_01_onwards.csv,C:\ProcurementIntelligence\data\raw\canadabuys_contract_history\all_canadabuys_contract_history_2023_06_01_onwards.csv,311541,supplierAddressLine-ligneAdresseFournisseur-fra,text,97.0,supplier_intelligence,9,"Supplier intelligence, market share, competitor analysis, supplier geography.",3714 Kinnear Place | 7613 CARDINAL ROAD | 5070 Benson Drive<br>Unit 102 | Glynitveien 15 | 100 rue du Landais
all_canadabuys_contract_history_2023_06_01_onwards.csv,C:\ProcurementIntelligence\data\raw\canadabuys_contract_history\all_canadabuys_contract_history_2023_06_01_onwards.csv,311541,supplierAddressPostalCode-fournisseurAdresseCodePostal,text,97.0,supplier_intelligence,9,"Supplier intelligence, market share, competitor analysis, supplier geography.",S7P0A6 | 35898-5000 | L7L5N6 | 1400 | J7C5C9
all_canadabuys_contract_history_2023_06_01_onwards.csv,C:\ProcurementIntelligence\data\raw\canadabuys_contract_history\all_canadabuys_contract_history_2023_06_01_onwards.csv,311541,supplierAddressProvince-fournisseurAdresseProvince-eng,text,94.0,supplier_intelligence,9,"Supplier intelligence, market share, competitor analysis, supplier geography.",Saskatchewan | Alabama | Ontario | Quebec | Ontario
all_canadabuys_contract_history_2023_06_01_onwards.csv,C:\ProcurementIntelligence\data\raw\canadabuys_contract_history\all_canadabuys_contract_history_2023_06_01_onwards.csv,311541,supplierAddressProvince-fournisseurAdresseProvince-fra,text,94.0,supplier_intelligence,9,"Supplier intelligence, market share, competitor analysis, supplier geography.",Saskatchewan | Alabama | Ontario | Quebec | Ontario
all_canadabuys_contract_history_2023_06_01_onwards.csv,C:\ProcurementIntelligence\data\raw\canadabuys_contract_history\all_canadabuys_contract_history_2023_06_01_onwards.csv,311541,supplierEmployeeCount-fournisseurNombreEmployes-eng,text,100.0,supplier_intelligence,9,"Supplier intelligence, market share, competitor analysis, supplier geography.",50 to 99 employees | 5 to 9 employees | 1 to 4 employees | 500 to 999 employees | 50 to 99 employees
all_canadabuys_contract_history_2023_06_01_onwards.csv,C:\ProcurementIntelligence\data\raw\canadabuys_contract_history\all_canadabuys_contract_history_2023_06_01_onwards.csv,311541,supplierEmployeeCount-fournisseurNombreEmployes-fra,text,100.0,supplier_intelligence,9,"Supplier intelligence, market share, competitor analysis, supplier geography.",50 à 99 employés | 5 à 9 employés | 1 à 4 employés | 500  à  999 employés | 50 à 99 employés
all_canadabuys_contract_history_2023_06_01_onwards.csv,C:\ProcurementIntelligence\data\raw\canadabuys_contract_history\all_canadabuys_contract_history_2023_06_01_onwards.csv,311541,supplierLegalName-nomLegalFournisseur-eng,text,100.0,supplier_intelligence,9,"Supplier intelligence, market share, competitor analysis, supplier geography.",Delco Automation Inc. | UNITED STATES DEPARTMENT OF THE ARMY (USASAC) | Incite Experiential Design INC DBA RMUS Canada | NFM TECHNOLOGY AS | PMG TECHNOLOGIES INC.
all_canadabuys_contract_history_2023_06_01_onwards.csv,C:\ProcurementIntelligence\data\raw\canadabuys_contract_history\all_canadabuys_contract_history_2023_06_01_onwards.csv,311541,supplierLegalName-nomLegalFournisseur-fra,text,100.0,supplier_intelligence,9,"Supplier intelligence, market share, competitor analysis, supplier geography.",Delco Automation Inc. | UNITED STATES DEPARTMENT OF THE ARMY (USASAC) | Incite Experiential Design INC DBA RMUS Canada | NFM TECHNOLOGY AS | PMG TECHNOLOGIES INC.
all_canadabuys_contract_history_2023_06_01_onwards.csv,C:\ProcurementIntelligence\data\raw\canadabuys_contract_history\all_canadabuys_contract_history_2023_06_01_onwards.csv,311541,supplierOperatingName-nomCommercialFournisseur-eng,text,100.0,supplier_intelligence,9,"Supplier intelligence, market share, competitor analysis, supplier geography.",Delco Security | UNITED STATES DEPARTMENT OF THE ARMY (USASAC) | Incite Experiential Design INC DBA RMUS Canada | NFM TECHNOLOGY AS | PMG TECHNOLOGIES INC.
all_canadabuys_contract_history_2023_06_01_onwards.csv,C:\ProcurementIntelligence\data\raw\canadabuys_contract_history\all_canadabuys_contract_history_2023_06_01_onwards.csv,311541,supplierOperatingName-nomCommercialFournisseur-fra,text,100.0,supplier_intelligence,9,"Supplier intelligence, market share, competitor analysis, supplier geography.",Delco Security | UNITED STATES DEPARTMENT OF THE ARMY (USASAC) | Incite Experiential Design INC DBA RMUS Canada | NFM TECHNOLOGY AS | PMG TECHNOLOGIES INC.
all_canadabuys_contract_history_2023_06_01_onwards.csv,C:\ProcurementIntelligence\data\raw\canadabuys_contract_history\all_canadabuys_contract_history_2023_06_01_onwards.csv,311541,supplierStandardizedName-nomNormaliseFournisseur-eng,text,100.0,supplier_intelligence,9,"Supplier intelligence, market share, competitor analysis, supplier geography.",DELCO SECURITY | UNITED STATES DEPARTMENT OF THE ARMY (USASAC) | INCITE EXPERIENTIAL DESIGN INC DBA RMUS CANADA | NFM TECHNOLOGY AS | PMG TECHNOLOGIES INC
all_canadabuys_contract_history_2023_06_01_onwards.csv,C:\ProcurementIntelligence\data\raw\canadabuys_contract_history\all_canadabuys_contract_history_2023_06_01_onwards.csv,311541,supplierStandardizedName-nomNormaliseFournisseur-fra,text,100.0,supplier_intelligence,9,"Supplier intelligence, market share, competitor analysis, supplier geography.",DELCO SECURITY | UNITED STATES DEPARTMENT OF THE ARMY (USASAC) | INCITE EXPERIENTIAL DESIGN INC DBA RMUS CANADA | NFM TECHNOLOGY AS | PMG TECHNOLOGIES INC
legacy_award_notices_2012_to_2022_08_prior_to_canadabuys.csv,C:\ProcurementIntelligence\data\raw\canadabuys_award_notices\legacy_award_notices_2012_to_2022_08_prior_to_canadabuys.csv,1964356,supplierAddressCity-fournisseurAdresseVille-eng,text,99.4,supplier_intelligence,9,"Supplier intelligence, market share, competitor analysis, supplier geography.",Thornhill | Mississauga | Ottawa | Ottawa | Ottawa
legacy_award_notices_2012_to_2022_08_prior_to_canadabuys.csv,C:\ProcurementIntelligence\data\raw\canadabuys_award_notices\legacy_award_notices_2012_to_2022_08_prior_to_canadabuys.csv,1964356,supplierAddressCity-fournisseurAdresseVille-fra,text,99.4,supplier_intelligence,9,"Supplier intelligence, market share, competitor analysis, supplier geography.",Thornhill | Mississauga | Ottawa | Ottawa | Ottawa
legacy_award_notices_2012_to_2022_08_prior_to_canadabuys.csv,C:\ProcurementIntelligence\data\raw\canadabuys_award_notices\legacy_award_notices_2012_to_2022_08_prior_to_canadabuys.csv,1964356,supplierAddressCountry-fournisseurAdressePays-eng,text,99.8,supplier_intelligence,9,"Supplier intelligence, market share, competitor analysis, supplier geography.",Canada | Canada | Canada | Canada | Canada
legacy_award_notices_2012_to_2022_08_prior_to_canadabuys.csv,C:\ProcurementIntelligence\data\raw\canadabuys_award_notices\legacy_award_notices_2012_to_2022_08_prior_to_canadabuys.csv,1964356,supplierAddressCountry-fournisseurAdressePays-fra,text,99.8,supplier_intelligence,9,"Supplier intelligence, market share, competitor analysis, supplier geography.",Canada | Canada | Canada | Canada | Canada
legacy_award_notices_2012_to_2022_08_prior_to_canadabuys.csv,C:\ProcurementIntelligence\data\raw\canadabuys_award_notices\legacy_award_notices_2012_to_2022_08_prior_to_canadabuys.csv,1964356,supplierAddressLine-ligneAdresseFournisseur-eng,text,99.8,supplier_intelligence,9,"Supplier intelligence, market share, competitor analysis, supplier geography.","Suite 200<br>50 Minthorn Blvd. | 6705 Millcreek<br>Unit 5 | 43 Auriga Drive, Suite 215 | 38 Colonnade Drive North | 106 Colonnade.<br>Suite 100"
legacy_award_notices_2012_to_2022_08_prior_to_canadabuys.csv,C:\ProcurementIntelligence\data\raw\canadabuys_award_notices\legacy_award_notices_2012_to_2022_08_prior_to_canadabuys.csv,1964356,supplierAddressLine-ligneAdresseFournisseur-fra,text,99.8,supplier_intelligence,9,"Supplier intelligence, market share, competitor analysis, supplier geography.","Suite 200<br>50 Minthorn Blvd. | 6705 Millcreek<br>Unit 5 | 43 Auriga Drive, Suite 215 | 38 Colonnade Drive North | 106 Colonnade.<br>Suite 100"
legacy_award_notices_2012_to_2022_08_prior_to_canadabuys.csv,C:\ProcurementIntelligence\data\raw\canadabuys_award_notices\legacy_award_notices_2012_to_2022_08_prior_to_canadabuys.csv,1964356,supplierAddressPostalCode-fournisseurAdresseCodePostal,text,98.8,supplier_intelligence,9,"Supplier intelligence, market share, competitor analysis, supplier geography.",L3T7X8 | L5N5M4 | K2E7Y8 | K2E7J6 | K2E7L6
legacy_award_notices_2012_to_2022_08_prior_to_canadabuys.csv,C:\ProcurementIntelligence\data\raw\canadabuys_award_notices\legacy_award_notices_2012_to_2022_08_prior_to_canadabuys.csv,1964356,supplierAddressProvince-fournisseurAdresseProvince-eng,text,89.0,supplier_intelligence,9,"Supplier intelligence, market share, competitor analysis, supplier geography.",Ontario | Ontario | Ontario | Ontario | Ontario
legacy_award_notices_2012_to_2022_08_prior_to_canadabuys.csv,C:\ProcurementIntelligence\data\raw\canadabuys_award_notices\legacy_award_notices_2012_to_2022_08_prior_to_canadabuys.csv,1964356,supplierAddressProvince-fournisseurAdresseProvince-fra,text,89.0,supplier_intelligence,9,"Supplier intelligence, market share, competitor analysis, supplier geography.",Ontario | Ontario | Ontario | Ontario | Ontario
legacy_award_notices_2012_to_2022_08_prior_to_canadabuys.csv,C:\ProcurementIntelligence\data\raw\canadabuys_award_notices\legacy_award_notices_2012_to_2022_08_prior_to_canadabuys.csv,1964356,supplierLegalName-nomLegalFournisseur-eng,text,100.0,supplier_intelligence,9,"Supplier intelligence, market share, competitor analysis, supplier geography.",BMC Software Canada Inc | Agilent Technologies Canada Inc. | Deep Logic Solutions Inc | International Safety Research Inc. | DONNA CONA INC.
legacy_award_notices_2012_to_2022_08_prior_to_canadabuys.csv,C:\ProcurementIntelligence\data\raw\canadabuys_award_notices\legacy_award_notices_2012_to_2022_08_prior_to_canadabuys.csv,1964356,supplierLegalName-nomLegalFournisseur-fra,text,100.0,supplier_intelligence,9,"Supplier intelligence, market share, competitor analysis, supplier geography.",BMC Software Canada Inc | Agilent Technologies Canada Inc. | Deep Logic Solutions Inc | International Safety Research Inc. | DONNA CONA INC.
legacy_contract_history_2009_01_to_2023_05_prior_to_canadabuys.csv,C:\ProcurementIntelligence\data\raw\canadabuys_contract_history\legacy_contract_history_2009_01_to_2023_05_prior_to_canadabuys.csv,3345293,supplierAddressCity-fournisseurAdresseVille-eng,text,100.0,supplier_intelligence,9,"Supplier intelligence, market share, competitor analysis, supplier geography.",Ottawa | Orleans | Kanata | Gatineau | Ottawa
legacy_contract_history_2009_01_to_2023_05_prior_to_canadabuys.csv,C:\ProcurementIntelligence\data\raw\canadabuys_contract_history\legacy_contract_history_2009_01_to_2023_05_prior_to_canadabuys.csv,3345293,supplierAddressCity-fournisseurAdresseVille-fra,text,100.0,supplier_intelligence,9,"Supplier intelligence, market share, competitor analysis, supplier geography.",Ottawa | Orleans | Kanata | Gatineau | Ottawa
legacy_contract_history_2009_01_to_2023_05_prior_to_canadabuys.csv,C:\ProcurementIntelligence\data\raw\canadabuys_contract_history\legacy_contract_history_2009_01_to_2023_05_prior_to_canadabuys.csv,3345293,supplierAddressCountry-fournisseurAdressePays-eng,text,100.0,supplier_intelligence,9,"Supplier intelligence, market share, competitor analysis, supplier geography.",Canada | Canada | Canada | Canada | Canada
legacy_contract_history_2009_01_to_2023_05_prior_to_canadabuys.csv,C:\ProcurementIntelligence\data\raw\canadabuys_contract_history\legacy_contract_history_2009_01_to_2023_05_prior_to_canadabuys.csv,3345293,supplierAddressCountry-fournisseurAdressePays-fra,text,100.0,supplier_intelligence,9,"Supplier intelligence, market share, competitor analysis, supplier geography.",Canada | Canada | Canada | Canada | Canada
legacy_contract_history_2009_01_to_2023_05_prior_to_canadabuys.csv,C:\ProcurementIntelligence\data\raw\canadabuys_contract_history\legacy_contract_history_2009_01_to_2023_05_prior_to_canadabuys.csv,3345293,supplierAddressLine-ligneAdresseFournisseur-eng,text,100.0,supplier_intelligence,9,"Supplier intelligence, market share, competitor analysis, supplier geography.","150 Elgin Street<br>Suite 1800 | 565 Deancourt | 9 Murphy Court | 23 Père Bériault | 601 Bank Street, suite 200"
legacy_contract_history_2009_01_to_2023_05_prior_to_canadabuys.csv,C:\ProcurementIntelligence\data\raw\canadabuys_contract_history\legacy_contract_history_2009_01_to_2023_05_prior_to_canadabuys.csv,3345293,supplierAddressLine-ligneAdresseFournisseur-fra,text,100.0,supplier_intelligence,9,"Supplier intelligence, market share, competitor analysis, supplier geography.","150 Elgin Street<br>Suite 1800 | 565 Deancourt | 9 Murphy Court | 23 Père Bériault | 601 Bank Street, suite 200"
legacy_contract_history_2009_01_to_2023_05_prior_to_canadabuys.csv,C:\ProcurementIntelligence\data\raw\canadabuys_contract_history\legacy_contract_history_2009_01_to_2023_05_prior_to_canadabuys.csv,3345293,supplierAddressPostalCode-fournisseurAdresseCodePostal,text,100.0,supplier_intelligence,9,"Supplier intelligence, market share, competitor analysis, supplier geography.",K2P2P8 | K4A3G4 | K2W1B7 | J8V1N3 | K1S3T4
legacy_contract_history_2009_01_to_2023_05_prior_to_canadabuys.csv,C:\ProcurementIntelligence\data\raw\canadabuys_contract_history\legacy_contract_history_2009_01_to_2023_05_prior_to_canadabuys.csv,3345293,supplierAddressProvince-fournisseurAdresseProvince-eng,text,99.6,supplier_intelligence,9,"Supplier intelligence, market share, competitor analysis, supplier geography.",Ontario | Ontario | Ontario | Quebec | Ontario
legacy_contract_history_2009_01_to_2023_05_prior_to_canadabuys.csv,C:\ProcurementIntelligence\data\raw\canadabuys_contract_history\legacy_contract_history_2009_01_to_2023_05_prior_to_canadabuys.csv,3345293,supplierAddressProvince-fournisseurAdresseProvince-fra,text,99.6,supplier_intelligence,9,"Supplier intelligence, market share, competitor analysis, supplier geography.",Ontario | Ontario | Ontario | Quebec | Ontario
legacy_contract_history_2009_01_to_2023_05_prior_to_canadabuys.csv,C:\ProcurementIntelligence\data\raw\canadabuys_contract_history\legacy_contract_history_2009_01_to_2023_05_prior_to_canadabuys.csv,3345293,supplierEmployeeCount-fournisseurNombreEmployes-eng,text,100.0,supplier_intelligence,9,"Supplier intelligence, market share, competitor analysis, supplier geography.",20 to 49 employees | 1 to 4 employees | 1 to 4 employees | 1 to 4 employees | 10 to 19 employees
legacy_contract_history_2009_01_to_2023_05_prior_to_canadabuys.csv,C:\ProcurementIntelligence\data\raw\canadabuys_contract_history\legacy_contract_history_2009_01_to_2023_05_prior_to_canadabuys.csv,3345293,supplierEmployeeCount-fournisseurNombreEmployes-fra,text,100.0,supplier_intelligence,9,"Supplier intelligence, market share, competitor analysis, supplier geography.",20 à 49 employés | 1 à 4 employés | 1 à 4 employés | 1 à 4 employés | 10 à 19 employés
legacy_contract_history_2009_01_to_2023_05_prior_to_canadabuys.csv,C:\ProcurementIntelligence\data\raw\canadabuys_contract_history\legacy_contract_history_2009_01_to_2023_05_prior_to_canadabuys.csv,3345293,supplierLegalName-nomLegalFournisseur-eng,text,100.0,supplier_intelligence,9,"Supplier intelligence, market share, competitor analysis, supplier geography.","IT/Net-Ottawa Inc. | Janique Simard-Ouellette | KOROC Consulting Inc., Isheva Inc., in JOINT VENTURE | Labelle Lise D. | LANNICK CONTRACT SOLUTIONS INC."
legacy_contract_history_2009_01_to_2023_05_prior_to_canadabuys.csv,C:\ProcurementIntelligence\data\raw\canadabuys_contract_history\legacy_contract_history_2009_01_to_2023_05_prior_to_canadabuys.csv,3345293,supplierLegalName-nomLegalFournisseur-fra,text,100.0,supplier_intelligence,9,"Supplier intelligence, market share, competitor analysis, supplier geography.","IT/Net-Ottawa Inc. | Janique Simard-Ouellette | KOROC Consulting Inc., Isheva Inc., in JOINT VENTURE | Labelle Lise D. | LANNICK CONTRACT SOLUTIONS INC."
legacy_contract_history_2009_01_to_2023_05_prior_to_canadabuys.csv,C:\ProcurementIntelligence\data\raw\canadabuys_contract_history\legacy_contract_history_2009_01_to_2023_05_prior_to_canadabuys.csv,3345293,supplierOperatingName-nomCommercialFournisseur-eng,text,100.0,supplier_intelligence,9,"Supplier intelligence, market share, competitor analysis, supplier geography.",IT/Net-Ottawa Inc. | Janique Simard-Ouellette | Team KOROC/Isheva | Labelle Lise D. | LANNICK CONTRACT SOLUTIONS INC.
legacy_contract_history_2009_01_to_2023_05_prior_to_canadabuys.csv,C:\ProcurementIntelligence\data\raw\canadabuys_contract_history\legacy_contract_history_2009_01_to_2023_05_prior_to_canadabuys.csv,3345293,supplierOperatingName-nomCommercialFournisseur-fra,text,100.0,supplier_intelligence,9,"Supplier intelligence, market share, competitor analysis, supplier geography.",IT/Net-Ottawa Inc. | Janique Simard-Ouellette | Team KOROC/Isheva | Labelle Lise D. | LANNICK CONTRACT SOLUTIONS INC.
legacy_contract_history_2009_01_to_2023_05_prior_to_canadabuys.csv,C:\ProcurementIntelligence\data\raw\canadabuys_contract_history\legacy_contract_history_2009_01_to_2023_05_prior_to_canadabuys.csv,3345293,supplierStandardizedName-nomNormaliseFournisseur-eng,text,100.0,supplier_intelligence,9,"Supplier intelligence, market share, competitor analysis, supplier geography.",IT/NET-OTTAWA INC | JANIQUE SIMARD-OUELLETTE | TEAM KOROC/ISHEVA | LABELLE LISE D | LANNICK CONTRACT SOLUTIONS INC
legacy_contract_history_2009_01_to_2023_05_prior_to_canadabuys.csv,C:\ProcurementIntelligence\data\raw\canadabuys_contract_history\legacy_contract_history_2009_01_to_2023_05_prior_to_canadabuys.csv,3345293,supplierStandardizedName-nomNormaliseFournisseur-fra,text,100.0,supplier_intelligence,9,"Supplier intelligence, market share, competitor analysis, supplier geography.",IT/NET-OTTAWA INC | JANIQUE SIMARD-OUELLETTE | TEAM KOROC/ISHEVA | LABELLE LISE D | LANNICK CONTRACT SOLUTIONS INC
all_canadabuys_award_notices_2022_08_08_onwards.csv,C:\ProcurementIntelligence\data\raw\canadabuys_award_notices\all_canadabuys_award_notices_2022_08_08_onwards.csv,738670,amendmentNumber-numeroModification,numeric,100.0,amendment_intelligence,8,"Contract change detection, risk monitoring, amendment analytics.",0 | 0 | 0 | 0 | 0
all_canadabuys_award_notices_2022_08_08_onwards.csv,C:\ProcurementIntelligence\data\raw\canadabuys_award_notices\all_canadabuys_award_notices_2022_08_08_onwards.csv,738670,amendmentType-typeModification-eng,empty_or_unknown,0.0,amendment_intelligence,8,"Contract change detection, risk monitoring, amendment analytics.",
all_canadabuys_award_notices_2022_08_08_onwards.csv,C:\ProcurementIntelligence\data\raw\canadabuys_award_notices\all_canadabuys_award_notices_2022_08_08_onwards.csv,738670,amendmentType-typeModification-fra,empty_or_unknown,0.0,amendment_intelligence,8,"Contract change detection, risk monitoring, amendment analytics.",
all_canadabuys_contract_history_2023_06_01_onwards.csv,C:\ProcurementIntelligence\data\raw\canadabuys_contract_history\all_canadabuys_contract_history_2023_06_01_onwards.csv,311541,amendmentNumber-numeroModification,numeric,100.0,amendment_intelligence,8,"Contract change detection, risk monitoring, amendment analytics.",0 | 0 | 0 | 0 | 0
all_canadabuys_contract_history_2023_06_01_onwards.csv,C:\ProcurementIntelligence\data\raw\canadabuys_contract_history\all_canadabuys_contract_history_2023_06_01_onwards.csv,311541,amendmentType-typeModification-eng,empty_or_unknown,0.0,amendment_intelligence,8,"Contract change detection, risk monitoring, amendment analytics.",
all_canadabuys_contract_history_2023_06_01_onwards.csv,C:\ProcurementIntelligence\data\raw\canadabuys_contract_history\all_canadabuys_contract_history_2023_06_01_onwards.csv,311541,amendmentType-typeModification-fra,empty_or_unknown,0.0,amendment_intelligence,8,"Contract change detection, risk monitoring, amendment analytics.",
all_canadabuys_tender_notices_2022_08_08_onwards.csv,C:\ProcurementIntelligence\data\raw\canadabuys_tender_notices\all_canadabuys_tender_notices_2022_08_08_onwards.csv,1357393,amendmentNumber-numeroModification,numeric,100.0,amendment_intelligence,8,"Contract change detection, risk monitoring, amendment analytics.",0 | 0 | 0 | 0 | 0
archived_2009_2022_legacy_tender_notices.csv,C:\ProcurementIntelligence\data\raw\canadabuys_tender_notices\archived_2009_2022_legacy_tender_notices.csv,6555180,amendmentNumber-numeroModification,numeric,100.0,amendment_intelligence,8,"Contract change detection, risk monitoring, amendment analytics.",0 | 0 | 0 | 0 | 0
legacy_award_notices_2012_to_2022_08_prior_to_canadabuys.csv,C:\ProcurementIntelligence\data\raw\canadabuys_award_notices\legacy_award_notices_2012_to_2022_08_prior_to_canadabuys.csv,1964356,amendmentNumber-numeroModification,numeric,100.0,amendment_intelligence,8,"Contract change detection, risk monitoring, amendment analytics.",0 | 0 | 0 | 0 | 0
legacy_award_notices_2012_to_2022_08_prior_to_canadabuys.csv,C:\ProcurementIntelligence\data\raw\canadabuys_award_notices\legacy_award_notices_2012_to_2022_08_prior_to_canadabuys.csv,1964356,amendmentType-typeModification-eng,empty_or_unknown,0.0,amendment_intelligence,8,"Contract change detection, risk monitoring, amendment analytics.",
legacy_award_notices_2012_to_2022_08_prior_to_canadabuys.csv,C:\ProcurementIntelligence\data\raw\canadabuys_award_notices\legacy_award_notices_2012_to_2022_08_prior_to_canadabuys.csv,1964356,amendmentType-typeModification-fra,empty_or_unknown,0.0,amendment_intelligence,8,"Contract change detection, risk monitoring, amendment analytics.",
legacy_contract_history_2009_01_to_2023_05_prior_to_canadabuys.csv,C:\ProcurementIntelligence\data\raw\canadabuys_contract_history\legacy_contract_history_2009_01_to_2023_05_prior_to_canadabuys.csv,3345293,amendmentNumber-numeroModification,numeric,100.0,amendment_intelligence,8,"Contract change detection, risk monitoring, amendment analytics.",0 | 0 | 0 | 0 | 0
legacy_contract_history_2009_01_to_2023_05_prior_to_canadabuys.csv,C:\ProcurementIntelligence\data\raw\canadabuys_contract_history\legacy_contract_history_2009_01_to_2023_05_prior_to_canadabuys.csv,3345293,amendmentType-typeModification-eng,empty_or_unknown,0.0,amendment_intelligence,8,"Contract change detection, risk monitoring, amendment analytics.",
legacy_contract_history_2009_01_to_2023_05_prior_to_canadabuys.csv,C:\ProcurementIntelligence\data\raw\canadabuys_contract_history\legacy_contract_history_2009_01_to_2023_05_prior_to_canadabuys.csv,3345293,amendmentType-typeModification-fra,empty_or_unknown,0.0,amendment_intelligence,8,"Contract change detection, risk monitoring, amendment analytics.",
all_canadabuys_award_notices_2022_08_08_onwards.csv,C:\ProcurementIntelligence\data\raw\canadabuys_award_notices\all_canadabuys_award_notices_2022_08_08_onwards.csv,738670,instrumentType-typeInstrument-eng,empty_or_unknown,0.0,procurement_process_intelligence,8,"Procurement method analysis, process benchmarking, competition signals.",
all_canadabuys_award_notices_2022_08_08_onwards.csv,C:\ProcurementIntelligence\data\raw\canadabuys_award_notices\all_canadabuys_award_notices_2022_08_08_onwards.csv,738670,instrumentType-typeInstrument-fra,empty_or_unknown,0.0,procurement_process_intelligence,8,"Procurement method analysis, process benchmarking, competition signals.",
all_canadabuys_award_notices_2022_08_08_onwards.csv,C:\ProcurementIntelligence\data\raw\canadabuys_award_notices\all_canadabuys_award_notices_2022_08_08_onwards.csv,738670,procurementMethod-methodeApprovisionnement-eng,text,100.0,procurement_process_intelligence,8,"Procurement method analysis, process benchmarking, competition signals.",Competitive - Open bidding | Competitive - Open bidding | Competitive - Open bidding | Competitive - Open bidding | Competitive - Open bidding
all_canadabuys_award_notices_2022_08_08_onwards.csv,C:\ProcurementIntelligence\data\raw\canadabuys_award_notices\all_canadabuys_award_notices_2022_08_08_onwards.csv,738670,procurementMethod-methodeApprovisionnement-fra,text,100.0,procurement_process_intelligence,8,"Procurement method analysis, process benchmarking, competition signals.",Concurrentielle - Invitation ouverte à soumissionner | Concurrentielle - Invitation ouverte à soumissionner | Concurrentielle - Invitation ouverte à soumissionner | Concurrentielle - Invitation ouverte à soumissionner | Concurrentielle - Invitation ouverte à soumissionner
all_canadabuys_contract_history_2023_06_01_onwards.csv,C:\ProcurementIntelligence\data\raw\canadabuys_contract_history\all_canadabuys_contract_history_2023_06_01_onwards.csv,311541,instrumentType-typeInstrument-eng,empty_or_unknown,0.0,procurement_process_intelligence,8,"Procurement method analysis, process benchmarking, competition signals.",
all_canadabuys_contract_history_2023_06_01_onwards.csv,C:\ProcurementIntelligence\data\raw\canadabuys_contract_history\all_canadabuys_contract_history_2023_06_01_onwards.csv,311541,instrumentType-typeInstrument-fra,empty_or_unknown,0.0,procurement_process_intelligence,8,"Procurement method analysis, process benchmarking, competition signals.",
all_canadabuys_contract_history_2023_06_01_onwards.csv,C:\ProcurementIntelligence\data\raw\canadabuys_contract_history\all_canadabuys_contract_history_2023_06_01_onwards.csv,311541,procurementMethod-methodeApprovisionnement-eng,text,100.0,procurement_process_intelligence,8,"Procurement method analysis, process benchmarking, competition signals.",Competitive - Open bidding | Non-competitive | Competitive - Traditional | Competitive - Open bidding | Competitive - Open bidding
all_canadabuys_contract_history_2023_06_01_onwards.csv,C:\ProcurementIntelligence\data\raw\canadabuys_contract_history\all_canadabuys_contract_history_2023_06_01_onwards.csv,311541,procurementMethod-methodeApprovisionnement-fra,text,100.0,procurement_process_intelligence,8,"Procurement method analysis, process benchmarking, competition signals.",Concurrentielle - Invitation ouverte à soumissionner | Non concurrentielle | Concurrentielle - Traditionnelle | Concurrentielle - Invitation ouverte à soumissionner | Concurrentielle - Invitation ouverte à soumissionner
all_canadabuys_contract_history_2023_06_01_onwards.csv,C:\ProcurementIntelligence\data\raw\canadabuys_contract_history\all_canadabuys_contract_history_2023_06_01_onwards.csv,311541,procurementNumber-numeroApprovisionnement,text,100.0,procurement_process_intelligence,8,"Procurement method analysis, process benchmarking, competition signals.",21120-219814 | W8484-250684 | W6399-23DB09 | W7701-217392 | T8127-200020
all_canadabuys_tender_notices_2022_08_08_onwards.csv,C:\ProcurementIntelligence\data\raw\canadabuys_tender_notices\all_canadabuys_tender_notices_2022_08_08_onwards.csv,1357393,procurementMethod-methodeApprovisionnement-eng,text,100.0,procurement_process_intelligence,8,"Procurement method analysis, process benchmarking, competition signals.",Competitive - Open bidding | Competitive - Open bidding | Competitive - Open bidding | Competitive - Open bidding | Competitive - Open bidding
all_canadabuys_tender_notices_2022_08_08_onwards.csv,C:\ProcurementIntelligence\data\raw\canadabuys_tender_notices\all_canadabuys_tender_notices_2022_08_08_onwards.csv,1357393,procurementMethod-methodeApprovisionnement-fra,text,100.0,procurement_process_intelligence,8,"Procurement method analysis, process benchmarking, competition signals.",Concurrentielle - Invitation ouverte à soumissionner | Concurrentielle - Invitation ouverte à soumissionner | Concurrentielle - Invitation ouverte à soumissionner | Concurrentielle - Invitation ouverte à soumissionner | Concurrentielle - Invitation ouverte à soumissionner
archived_2009_2022_legacy_tender_notices.csv,C:\ProcurementIntelligence\data\raw\canadabuys_tender_notices\archived_2009_2022_legacy_tender_notices.csv,6555180,procurementMethod-methodeApprovisionnement-eng,text,88.4,procurement_process_intelligence,8,"Procurement method analysis, process benchmarking, competition signals.",Competitive - Open bidding | Competitive - Open bidding | Competitive - Open bidding | Competitive - Open bidding | Competitive - Open bidding
archived_2009_2022_legacy_tender_notices.csv,C:\ProcurementIntelligence\data\raw\canadabuys_tender_notices\archived_2009_2022_legacy_tender_notices.csv,6555180,procurementMethod-methodeApprovisionnement-fra,text,88.4,procurement_process_intelligence,8,"Procurement method analysis, process benchmarking, competition signals.",Concurrentielle - Invitation ouverte à soumissionner | Concurrentielle - Invitation ouverte à soumissionner | Concurrentielle - Invitation ouverte à soumissionner | Concurrentielle - Invitation ouverte à soumissionner | Concurrentielle - Invitation ouverte à soumissionner
legacy_award_notices_2012_to_2022_08_prior_to_canadabuys.csv,C:\ProcurementIntelligence\data\raw\canadabuys_award_notices\legacy_award_notices_2012_to_2022_08_prior_to_canadabuys.csv,1964356,instrumentType-typeInstrument-eng,empty_or_unknown,0.0,procurement_process_intelligence,8,"Procurement method analysis, process benchmarking, competition signals.",
legacy_award_notices_2012_to_2022_08_prior_to_canadabuys.csv,C:\ProcurementIntelligence\data\raw\canadabuys_award_notices\legacy_award_notices_2012_to_2022_08_prior_to_canadabuys.csv,1964356,instrumentType-typeInstrument-fra,empty_or_unknown,0.0,procurement_process_intelligence,8,"Procurement method analysis, process benchmarking, competition signals.",
legacy_award_notices_2012_to_2022_08_prior_to_canadabuys.csv,C:\ProcurementIntelligence\data\raw\canadabuys_award_notices\legacy_award_notices_2012_to_2022_08_prior_to_canadabuys.csv,1964356,procurementMethod-methodeApprovisionnement-eng,text,54.0,procurement_process_intelligence,8,"Procurement method analysis, process benchmarking, competition signals.",Non-competitive | Non-competitive | Non-competitive | Non-competitive | Non-competitive
legacy_award_notices_2012_to_2022_08_prior_to_canadabuys.csv,C:\ProcurementIntelligence\data\raw\canadabuys_award_notices\legacy_award_notices_2012_to_2022_08_prior_to_canadabuys.csv,1964356,procurementMethod-methodeApprovisionnement-fra,text,54.0,procurement_process_intelligence,8,"Procurement method analysis, process benchmarking, competition signals.",Non concurrentielle | Non concurrentielle | Non concurrentielle | Non concurrentielle | Non concurrentielle
legacy_contract_history_2009_01_to_2023_05_prior_to_canadabuys.csv,C:\ProcurementIntelligence\data\raw\canadabuys_contract_history\legacy_contract_history_2009_01_to_2023_05_prior_to_canadabuys.csv,3345293,instrumentType-typeInstrument-eng,empty_or_unknown,0.0,procurement_process_intelligence,8,"Procurement method analysis, process benchmarking, competition signals.",
legacy_contract_history_2009_01_to_2023_05_prior_to_canadabuys.csv,C:\ProcurementIntelligence\data\raw\canadabuys_contract_history\legacy_contract_history_2009_01_to_2023_05_prior_to_canadabuys.csv,3345293,instrumentType-typeInstrument-fra,empty_or_unknown,0.0,procurement_process_intelligence,8,"Procurement method analysis, process benchmarking, competition signals.",
legacy_contract_history_2009_01_to_2023_05_prior_to_canadabuys.csv,C:\ProcurementIntelligence\data\raw\canadabuys_contract_history\legacy_contract_history_2009_01_to_2023_05_prior_to_canadabuys.csv,3345293,procurementMethod-methodeApprovisionnement-eng,text,100.0,procurement_process_intelligence,8,"Procurement method analysis, process benchmarking, competition signals.",Competitive - Open bidding | Competitive - Open bidding | Competitive - Open bidding | Competitive - Open bidding | Competitive - Open bidding
legacy_contract_history_2009_01_to_2023_05_prior_to_canadabuys.csv,C:\ProcurementIntelligence\data\raw\canadabuys_contract_history\legacy_contract_history_2009_01_to_2023_05_prior_to_canadabuys.csv,3345293,procurementMethod-methodeApprovisionnement-fra,text,100.0,procurement_process_intelligence,8,"Procurement method analysis, process benchmarking, competition signals.",Concurrentielle - Invitation ouverte à soumissionner | Concurrentielle - Invitation ouverte à soumissionner | Concurrentielle - Invitation ouverte à soumissionner | Concurrentielle - Invitation ouverte à soumissionner | Concurrentielle - Invitation ouverte à soumissionner
legacy_contract_history_2009_01_to_2023_05_prior_to_canadabuys.csv,C:\ProcurementIntelligence\data\raw\canadabuys_contract_history\legacy_contract_history_2009_01_to_2023_05_prior_to_canadabuys.csv,3345293,procurementNumber-numeroApprovisionnement,text,100.0,procurement_process_intelligence,8,"Procurement method analysis, process benchmarking, competition signals.",E60ZN-15TSSO | E60ZN-15TSSO | E60ZN-15TSSO | E60ZN-15TSSO | E60ZN-15TSSO
all_canadabuys_award_notices_2022_08_08_onwards.csv,C:\ProcurementIntelligence\data\raw\canadabuys_award_notices\all_canadabuys_award_notices_2022_08_08_onwards.csv,738670,awardDescription-descriptionAttribution-eng,text,99.6,semantic_intelligence,8,"Keyword search, opportunity matching, AI classification, sector tagging.","FCC is seeking a Proponent (service provider) who offers a comprehensive media monitoring and distribution service for o... | To support the mandate of the Transformation Hub, FCC requires the services of an experienced and skilled Proponent (i.e... | FCC requires licensing for the Jira Products listed below:&nbsp;  	Jira Software&nbsp; 	Jira Align&nbsp; | To support the mandate of the Transformation Hub, FCC requires the services of an experienced and skilled Proponent (i.e... | Via this RFP, FCC is seeking for a Proponent to:&nbsp;  	Perform an assessment of FCC&rsquo;s current environment;&nbsp;..."
all_canadabuys_award_notices_2022_08_08_onwards.csv,C:\ProcurementIntelligence\data\raw\canadabuys_award_notices\all_canadabuys_award_notices_2022_08_08_onwards.csv,738670,awardDescription-descriptionAttribution-fra,text,99.6,semantic_intelligence,8,"Keyword search, opportunity matching, AI classification, sector tagging.","FAC est &agrave; la recherche d&rsquo;un fournisseur (fournisseur de services) qui offre un service complet de surveilla... | Afin de soutenir le mandat du Centre de transformation, FAC a besoin des services d&rsquo;un fournisseur exp&eacute;rime... | FAC requiert des licences pour les produits Jira ci-dessous :&nbsp;  	Logiciel Jira&nbsp; 	Plateforme Jira Align&nbsp; | Afin de soutenir le mandat du centre de transformation, FAC a besoin des services d&rsquo;un fournisseur exp&eacute;rime... | FAC est &agrave; la recherche d&rsquo;un fournisseur pour :&nbsp;  	effectuer une &eacute;valuation de l&rsquo;environne..."
all_canadabuys_award_notices_2022_08_08_onwards.csv,C:\ProcurementIntelligence\data\raw\canadabuys_award_notices\all_canadabuys_award_notices_2022_08_08_onwards.csv,738670,title-titre-eng,text,100.0,semantic_intelligence,8,"Keyword search, opportunity matching, AI classification, sector tagging.",REQUEST FOR PROPOSALS – MEDIA MONITORING PLATFORM | RFP – STRATEGIC TRANSFORMATION | REQUEST FOR QUOTATIONS – JIRA RESELLER | RFP – ORGANIZATIONAL AND CULTURAL TRANSFORMATION | REQUEST FOR PROPOSALS – JIRA PARTNER
all_canadabuys_award_notices_2022_08_08_onwards.csv,C:\ProcurementIntelligence\data\raw\canadabuys_award_notices\all_canadabuys_award_notices_2022_08_08_onwards.csv,738670,title-titre-fra,text,100.0,semantic_intelligence,8,"Keyword search, opportunity matching, AI classification, sector tagging.",DEMANDE DE PROPOSITIONS (DP) – PLATEFORME DE SURVEILLANCE DES MÉDIAS | DP – TRANSFORMATION STRATÉGIQUE | DEMANDE DE PRIX – REVENDEUR JIRA | DP - TRANSFORMATION ORGANISATIONNELLE ET CULTURELLE | DEMANDE DE PROPOSITIONS – PARTENAIRE JIRA
all_canadabuys_contract_history_2023_06_01_onwards.csv,C:\ProcurementIntelligence\data\raw\canadabuys_contract_history\all_canadabuys_contract_history_2023_06_01_onwards.csv,311541,tenderDescription-descriptionAppelOffres-eng,empty_or_unknown,0.0,semantic_intelligence,8,"Keyword search, opportunity matching, AI classification, sector tagging.",
all_canadabuys_contract_history_2023_06_01_onwards.csv,C:\ProcurementIntelligence\data\raw\canadabuys_contract_history\all_canadabuys_contract_history_2023_06_01_onwards.csv,311541,tenderDescription-descriptionAppelOffres-fra,empty_or_unknown,0.0,semantic_intelligence,8,"Keyword search, opportunity matching, AI classification, sector tagging.",
all_canadabuys_contract_history_2023_06_01_onwards.csv,C:\ProcurementIntelligence\data\raw\canadabuys_contract_history\all_canadabuys_contract_history_2023_06_01_onwards.csv,311541,title-titre-eng,text,100.0,semantic_intelligence,8,"Keyword search, opportunity matching, AI classification, sector tagging.",DELCO SECURITY (21120-219814/001/HN~000) | UNITED STATES DEPARTMENT OF THE ARMY (USASAC) (W8484-250684/001/USW~000) | INCITE EXPERIENTIAL DESIGN INC DBA RMUS CANADA (W6399-23DB09/001/KIN~000) | NFM TECHNOLOGY AS (W7701-217392/001/QCL~000) | PMG TECHNOLOGIES INC (T8127-200020/001/MTP~000)
all_canadabuys_contract_history_2023_06_01_onwards.csv,C:\ProcurementIntelligence\data\raw\canadabuys_contract_history\all_canadabuys_contract_history_2023_06_01_onwards.csv,311541,title-titre-fra,text,100.0,semantic_intelligence,8,"Keyword search, opportunity matching, AI classification, sector tagging.",DELCO SECURITY (21120-219814/001/HN~000) | UNITED STATES DEPARTMENT OF THE ARMY (USASAC) (W8484-250684/001/USW~000) | INCITE EXPERIENTIAL DESIGN INC DBA RMUS CANADA (W6399-23DB09/001/KIN~000) | NFM TECHNOLOGY AS (W7701-217392/001/QCL~000) | PMG TECHNOLOGIES INC (T8127-200020/001/MTP~000)
all_canadabuys_tender_notices_2022_08_08_onwards.csv,C:\ProcurementIntelligence\data\raw\canadabuys_tender_notices\all_canadabuys_tender_notices_2022_08_08_onwards.csv,1357393,tenderDescription-descriptionAppelOffres-eng,text,100.0,semantic_intelligence,8,"Keyword search, opportunity matching, AI classification, sector tagging.","Zerto Virtual Replication licensing, including renewal of existing licenses and procurement of additional new licenses.B... | The Renaissance fleet has surpassed its originally projected service life, necessitating targeted investments in critica... | Defence Construction Canada (DCC) is inviting contractors and suppliers to apply to be placed on an Open Construction So... | Defence Construction Canada (DCC) is inviting contractors and suppliers to apply to be placed on an Open Construction So... | Defence Construction Canada (DCC) is inviting contractors and suppliers to apply to be placed on an Open Construction So..."
all_canadabuys_tender_notices_2022_08_08_onwards.csv,C:\ProcurementIntelligence\data\raw\canadabuys_tender_notices\all_canadabuys_tender_notices_2022_08_08_onwards.csv,1357393,tenderDescription-descriptionAppelOffres-fra,text,100.0,semantic_intelligence,8,"Keyword search, opportunity matching, AI classification, sector tagging.","Zerto Virtual Replication licensing, including renewal of existing licenses and procurement of additional new licenses.B... | La flotte Renaissance a d&eacute;pass&eacute; sa dur&eacute;e de vie initialement pr&eacute;vue, ce qui n&eacute;cessite... | Construction de D&eacute;fense Canada (CDC) demande aux entrepreneurs et fournisseurs &agrave; pr&eacute;senter une dema... | Construction de D&eacute;fense Canada (CDC) demande aux entrepreneurs et fournisseurs &agrave; pr&eacute;senter une dema... | Construction de D&eacute;fense Canada (CDC) demande aux entrepreneurs et fournisseurs &agrave; pr&eacute;senter une dema..."
all_canadabuys_tender_notices_2022_08_08_onwards.csv,C:\ProcurementIntelligence\data\raw\canadabuys_tender_notices\all_canadabuys_tender_notices_2022_08_08_onwards.csv,1357393,title-titre-eng,text,100.0,semantic_intelligence,8,"Keyword search, opportunity matching, AI classification, sector tagging.",Zerto Virtual Replication Licenses | Renaissance - Roof Repairs | Open Construction Source List for CFB Halifax | Open Construction Source List for 9 Wing Gander | Open Construction Source List for 5 Wing Goose Bay
all_canadabuys_tender_notices_2022_08_08_onwards.csv,C:\ProcurementIntelligence\data\raw\canadabuys_tender_notices\all_canadabuys_tender_notices_2022_08_08_onwards.csv,1357393,title-titre-fra,text,100.0,semantic_intelligence,8,"Keyword search, opportunity matching, AI classification, sector tagging.",Zerto Virtual Replication Licenses | Renaissance - Réparations de toits | Répertoire ouvert d’entrepreneurs en construction pour la BFC Halifax | Répertoire ouvert d’entrepreneurs en construction pour la 9e Escadre Gander | Répertoire ouvert d’entrepreneurs en construction pour la 5e Escadre Goose Bay
archived_2009_2022_legacy_tender_notices.csv,C:\ProcurementIntelligence\data\raw\canadabuys_tender_notices\archived_2009_2022_legacy_tender_notices.csv,6555180,tenderDescription-descriptionAppelOffres-eng,text,100.0,semantic_intelligence,8,"Keyword search, opportunity matching, AI classification, sector tagging.","Infrastructure Upgrades, Channel-Port aux Basques, NL  The scope of work consists of the furnishing of all plant, labour... | This notice has been cancelled. | Solicitation No.: 30001797Closing Date and Time: January 7, 2022 at 2:00 pm Atlantic Standard Time (AST)Contracting Auth... | Sealed tenders will be received by the A/ Material Manager, AAFC until 2:00 p.m., local Regina time, Thursday, February ... | Trade Agreement: Agreement on Internal Trade (AIT) Tendering Procedures: All interested suppliers may submit a bid Compe..."
archived_2009_2022_legacy_tender_notices.csv,C:\ProcurementIntelligence\data\raw\canadabuys_tender_notices\archived_2009_2022_legacy_tender_notices.csv,6555180,tenderDescription-descriptionAppelOffres-fra,text,100.0,semantic_intelligence,8,"Keyword search, opportunity matching, AI classification, sector tagging.","La portée des travaux comprend la fourniture des installations de chantier, de la main-d'œuvre, des matériaux et de l'éq... | Le présent avis a été annulé. | N° de l’invitation.: 30001797Date et heure de clôture : 7 janvier, 2022 à 14 Heure Normale de l’Atlantique (HNA)Autorité... | Le contrat no 11 vise la décontamination et la démolition de bâtiments au Centre de technologie appliquée des pâturages ... | Entente sur le commerce : Accord sur le commerce intérieur (ACI) Processus de demande des soumissions : Tout fournisseur..."
archived_2009_2022_legacy_tender_notices.csv,C:\ProcurementIntelligence\data\raw\canadabuys_tender_notices\archived_2009_2022_legacy_tender_notices.csv,6555180,title-titre-eng,text,100.0,semantic_intelligence,8,"Keyword search, opportunity matching, AI classification, sector tagging.","Infrastructure Upgrades | Cancelled-5P420-17-5464/A | Wharf 403 Concrete Decking Demolition and Disposal – Port Edward, BC | Building Remediation and Demolition | Removal Bldg39 Atlantic Institution"
archived_2009_2022_legacy_tender_notices.csv,C:\ProcurementIntelligence\data\raw\canadabuys_tender_notices\archived_2009_2022_legacy_tender_notices.csv,6555180,title-titre-fra,text,100.0,semantic_intelligence,8,"Keyword search, opportunity matching, AI classification, sector tagging.","Mise à niveau de l'infrastructure | Annulé-5P420-17-5464/A | Démolition et élimination du tablier en béton du quai 403 – Port Edward (C.-B.) | Décontamination et démolition de bâtiments | Démolition du bâtiment 39, Établissement de l'Atlantique"
legacy_award_notices_2012_to_2022_08_prior_to_canadabuys.csv,C:\ProcurementIntelligence\data\raw\canadabuys_award_notices\legacy_award_notices_2012_to_2022_08_prior_to_canadabuys.csv,1964356,awardDescription-descriptionAttribution-eng,text,100.0,semantic_intelligence,8,"Keyword search, opportunity matching, AI classification, sector tagging.",Trade Agreement: WTO-AGP/NAFTA/AIT/Canada-Peru FTA/Canada-Colombia FTA Comprehensive Land Claim Agreement: No Notificati... | Trade Agreement: NAFTA/AIT/Canada-Peru FTA/Canada-Colombia FTA Comprehensive Land Claim Agreement: No Notification Metho... | Trade Agreement: NAFTA/AIT/Canada-Peru FTA/Canada-Colombia FTA Comprehensive Land Claim Agreement: No Notification Metho... | Trade Agreement: WTO-AGP/NAFTA/Canada-Peru FTA/Canada-Colombia FTA Comprehensive Land Claim Agreement: No Notification M... | Trade Agreement: NONE Comprehensive Land Claim Agreement: No Notification Method: Public Advertising (MERX/GBO) and Sour...
legacy_award_notices_2012_to_2022_08_prior_to_canadabuys.csv,C:\ProcurementIntelligence\data\raw\canadabuys_award_notices\legacy_award_notices_2012_to_2022_08_prior_to_canadabuys.csv,1964356,awardDescription-descriptionAttribution-fra,text,100.0,semantic_intelligence,8,"Keyword search, opportunity matching, AI classification, sector tagging.",Entente sur le commerce : OMC-AMP/ALÉNA/ACI/Canada-Pérou ALE/Canada-Colombie ALE Entente sur les revendications territor... | Entente sur le commerce : ALÉNA/ACI/Canada-Pérou ALE/Canada-Colombie ALE Entente sur les revendications territoriales gl... | Entente sur le commerce : ALÉNA/ACI/Canada-Pérou ALE/Canada-Colombie ALE Entente sur les revendications territoriales gl... | Entente sur le commerce : OMC-AMP/ALÉNA/Canada-Pérou ALE/Canada-Colombie ALE Entente sur les revendications territoriale... | Entente sur le commerce : AUCUNE Entente sur les revendications territoriales globales : Non Moyen de notification : Ann...
legacy_award_notices_2012_to_2022_08_prior_to_canadabuys.csv,C:\ProcurementIntelligence\data\raw\canadabuys_award_notices\legacy_award_notices_2012_to_2022_08_prior_to_canadabuys.csv,1964356,title-titre-eng,text,100.0,semantic_intelligence,8,"Keyword search, opportunity matching, AI classification, sector tagging.",ADP Software | ADP Software | RISKOUTLOOK MODEL OF THE CI SECTORS | ADP Software | QUEST SOFTWARE PROFESSIONAL SERVICE
legacy_award_notices_2012_to_2022_08_prior_to_canadabuys.csv,C:\ProcurementIntelligence\data\raw\canadabuys_award_notices\legacy_award_notices_2012_to_2022_08_prior_to_canadabuys.csv,1964356,title-titre-fra,text,100.0,semantic_intelligence,8,"Keyword search, opportunity matching, AI classification, sector tagging.",Logiciel TAI | Logiciel TAI | PAC | Logiciel TAI | QUEST SOFTWARE PROFESSIONAL SERVICE
legacy_contract_history_2009_01_to_2023_05_prior_to_canadabuys.csv,C:\ProcurementIntelligence\data\raw\canadabuys_contract_history\legacy_contract_history_2009_01_to_2023_05_prior_to_canadabuys.csv,3345293,tenderDescription-descriptionAppelOffres-eng,empty_or_unknown,0.0,semantic_intelligence,8,"Keyword search, opportunity matching, AI classification, sector tagging.",
legacy_contract_history_2009_01_to_2023_05_prior_to_canadabuys.csv,C:\ProcurementIntelligence\data\raw\canadabuys_contract_history\legacy_contract_history_2009_01_to_2023_05_prior_to_canadabuys.csv,3345293,tenderDescription-descriptionAppelOffres-fra,empty_or_unknown,0.0,semantic_intelligence,8,"Keyword search, opportunity matching, AI classification, sector tagging.",
legacy_contract_history_2009_01_to_2023_05_prior_to_canadabuys.csv,C:\ProcurementIntelligence\data\raw\canadabuys_contract_history\legacy_contract_history_2009_01_to_2023_05_prior_to_canadabuys.csv,3345293,title-titre-eng,text,100.0,semantic_intelligence,8,"Keyword search, opportunity matching, AI classification, sector tagging.",IT/NET-OTTAWA INC (E60ZN-15TSSO/130/ZN~000) | JANIQUE SIMARD-OUELLETTE (E60ZN-15TSSO/131/ZN~000) | TEAM KOROC/ISHEVA (E60ZN-15TSSO/132/ZN~000) | LABELLE LISE D (E60ZN-15TSSO/133/ZN~000) | LANNICK CONTRACT SOLUTIONS INC (E60ZN-15TSSO/134/ZN~000)
legacy_contract_history_2009_01_to_2023_05_prior_to_canadabuys.csv,C:\ProcurementIntelligence\data\raw\canadabuys_contract_history\legacy_contract_history_2009_01_to_2023_05_prior_to_canadabuys.csv,3345293,title-titre-fra,text,100.0,semantic_intelligence,8,"Keyword search, opportunity matching, AI classification, sector tagging.",IT/NET-OTTAWA INC (E60ZN-15TSSO/130/ZN~000) | JANIQUE SIMARD-OUELLETTE (E60ZN-15TSSO/131/ZN~000) | TEAM KOROC/ISHEVA (E60ZN-15TSSO/132/ZN~000) | LABELLE LISE D (E60ZN-15TSSO/133/ZN~000) | LANNICK CONTRACT SOLUTIONS INC (E60ZN-15TSSO/134/ZN~000)
all_canadabuys_award_notices_2022_08_08_onwards.csv,C:\ProcurementIntelligence\data\raw\canadabuys_award_notices\all_canadabuys_award_notices_2022_08_08_onwards.csv,738670,amendmentDate-dateModification,date,14.6,timing_intelligence,8,"Renewal detection, trend analysis, freshness, alerts.",2026-03-31 | 2026-03-31 | 2026-03-31 | 2024-03-31 | 2025-03-31
all_canadabuys_award_notices_2022_08_08_onwards.csv,C:\ProcurementIntelligence\data\raw\canadabuys_award_notices\all_canadabuys_award_notices_2022_08_08_onwards.csv,738670,contractAwardDate-dateAttributionContrat,date,100.0,timing_intelligence,8,"Renewal detection, trend analysis, freshness, alerts.",2024-02-29 | 2024-02-29 | 2024-02-29 | 2024-02-29 | 2024-02-29
all_canadabuys_award_notices_2022_08_08_onwards.csv,C:\ProcurementIntelligence\data\raw\canadabuys_award_notices\all_canadabuys_award_notices_2022_08_08_onwards.csv,738670,contractEndDate-dateFinContrat,date,100.0,timing_intelligence,8,"Renewal detection, trend analysis, freshness, alerts.",2028-11-15 | 2026-12-04 | 2024-09-30 | 2026-12-04 | 2026-08-31
all_canadabuys_award_notices_2022_08_08_onwards.csv,C:\ProcurementIntelligence\data\raw\canadabuys_award_notices\all_canadabuys_award_notices_2022_08_08_onwards.csv,738670,contractStartDate-contratDateDebut,date,100.0,timing_intelligence,8,"Renewal detection, trend analysis, freshness, alerts.",2023-11-15 | 2023-12-05 | 2023-09-30 | 2023-12-05 | 2023-09-01
all_canadabuys_award_notices_2022_08_08_onwards.csv,C:\ProcurementIntelligence\data\raw\canadabuys_award_notices\all_canadabuys_award_notices_2022_08_08_onwards.csv,738670,publicationDate-datePublication,date,100.0,timing_intelligence,8,"Renewal detection, trend analysis, freshness, alerts.",2024-02-29 | 2024-02-29 | 2024-02-29 | 2024-02-29 | 2024-02-29
all_canadabuys_contract_history_2023_06_01_onwards.csv,C:\ProcurementIntelligence\data\raw\canadabuys_contract_history\all_canadabuys_contract_history_2023_06_01_onwards.csv,311541,amendmentDate-dateModification,empty_or_unknown,0.0,timing_intelligence,8,"Renewal detection, trend analysis, freshness, alerts.",
all_canadabuys_contract_history_2023_06_01_onwards.csv,C:\ProcurementIntelligence\data\raw\canadabuys_contract_history\all_canadabuys_contract_history_2023_06_01_onwards.csv,311541,contractAwardDate-dateAttributionContrat,date,100.0,timing_intelligence,8,"Renewal detection, trend analysis, freshness, alerts.",2023-07-05 | 2025-04-23 | 2023-06-08 | 2023-09-13 | 2023-06-06
all_canadabuys_contract_history_2023_06_01_onwards.csv,C:\ProcurementIntelligence\data\raw\canadabuys_contract_history\all_canadabuys_contract_history_2023_06_01_onwards.csv,311541,contractEndDate-dateFinContrat,date,100.0,timing_intelligence,8,"Renewal detection, trend analysis, freshness, alerts.",2023-09-30 | 2031-09-30 | 2025-03-31 | 2025-09-12 | 2028-03-31
all_canadabuys_contract_history_2023_06_01_onwards.csv,C:\ProcurementIntelligence\data\raw\canadabuys_contract_history\all_canadabuys_contract_history_2023_06_01_onwards.csv,311541,contractStartDate-contratDateDebut,empty_or_unknown,0.0,timing_intelligence,8,"Renewal detection, trend analysis, freshness, alerts.",
all_canadabuys_contract_history_2023_06_01_onwards.csv,C:\ProcurementIntelligence\data\raw\canadabuys_contract_history\all_canadabuys_contract_history_2023_06_01_onwards.csv,311541,publicationDate-datePublication,date,100.0,timing_intelligence,8,"Renewal detection, trend analysis, freshness, alerts.",2023-07-24 | 2025-05-27 | 2024-07-27 | 2023-09-22 | 2023-06-22
all_canadabuys_tender_notices_2022_08_08_onwards.csv,C:\ProcurementIntelligence\data\raw\canadabuys_tender_notices\all_canadabuys_tender_notices_2022_08_08_onwards.csv,1357393,amendmentDate-dateModification,empty_or_unknown,0.0,timing_intelligence,8,"Renewal detection, trend analysis, freshness, alerts.",
all_canadabuys_tender_notices_2022_08_08_onwards.csv,C:\ProcurementIntelligence\data\raw\canadabuys_tender_notices\all_canadabuys_tender_notices_2022_08_08_onwards.csv,1357393,expectedContractEndDate-dateFinContratPrevue,date,2.4,timing_intelligence,8,"Renewal detection, trend analysis, freshness, alerts.",2026-07-01 | 2026-09-01 | 2026-07-15 | 2027-03-31 | 2026-07-27
all_canadabuys_tender_notices_2022_08_08_onwards.csv,C:\ProcurementIntelligence\data\raw\canadabuys_tender_notices\all_canadabuys_tender_notices_2022_08_08_onwards.csv,1357393,expectedContractStartDate-dateDebutContratPrevue,date,2.4,timing_intelligence,8,"Renewal detection, trend analysis, freshness, alerts.",2026-07-01 | 2026-09-01 | 2026-07-15 | 2027-03-31 | 2026-07-27
all_canadabuys_tender_notices_2022_08_08_onwards.csv,C:\ProcurementIntelligence\data\raw\canadabuys_tender_notices\all_canadabuys_tender_notices_2022_08_08_onwards.csv,1357393,publicationDate-datePublication,date,100.0,timing_intelligence,8,"Renewal detection, trend analysis, freshness, alerts.",2026-06-15 | 2026-06-05 | 2026-01-23 | 2026-01-23 | 2026-01-23
all_canadabuys_tender_notices_2022_08_08_onwards.csv,C:\ProcurementIntelligence\data\raw\canadabuys_tender_notices\all_canadabuys_tender_notices_2022_08_08_onwards.csv,1357393,tenderClosingDate-appelOffresDateCloture,date,100.0,timing_intelligence,8,"Renewal detection, trend analysis, freshness, alerts.",2026-06-30T13:00:00 | 2026-07-15T14:00:00 | 2029-03-31T13:00:00 | 2029-03-31T13:00:00 | 2029-03-31T13:00:00
archived_2009_2022_legacy_tender_notices.csv,C:\ProcurementIntelligence\data\raw\canadabuys_tender_notices\archived_2009_2022_legacy_tender_notices.csv,6555180,amendmentDate-dateModification,empty_or_unknown,0.0,timing_intelligence,8,"Renewal detection, trend analysis, freshness, alerts.",
archived_2009_2022_legacy_tender_notices.csv,C:\ProcurementIntelligence\data\raw\canadabuys_tender_notices\archived_2009_2022_legacy_tender_notices.csv,6555180,expectedContractEndDate-dateFinContratPrevue,empty_or_unknown,0.0,timing_intelligence,8,"Renewal detection, trend analysis, freshness, alerts.",
archived_2009_2022_legacy_tender_notices.csv,C:\ProcurementIntelligence\data\raw\canadabuys_tender_notices\archived_2009_2022_legacy_tender_notices.csv,6555180,expectedContractStartDate-dateDebutContratPrevue,empty_or_unknown,0.0,timing_intelligence,8,"Renewal detection, trend analysis, freshness, alerts.",
archived_2009_2022_legacy_tender_notices.csv,C:\ProcurementIntelligence\data\raw\canadabuys_tender_notices\archived_2009_2022_legacy_tender_notices.csv,6555180,publicationDate-datePublication,date,100.0,timing_intelligence,8,"Renewal detection, trend analysis, freshness, alerts.",2015-08-07 | 2018-01-23 | 2021-12-22 | 2014-01-28 | 2015-11-27
archived_2009_2022_legacy_tender_notices.csv,C:\ProcurementIntelligence\data\raw\canadabuys_tender_notices\archived_2009_2022_legacy_tender_notices.csv,6555180,tenderClosingDate-appelOffresDateCloture,date,100.0,timing_intelligence,8,"Renewal detection, trend analysis, freshness, alerts.",2015-08-19T15:00:00 | 2018-02-13T16:00:00 | 2022-01-07T13:00:00 | 2014-02-13T15:00:00 | 2015-12-17T12:00:00
legacy_award_notices_2012_to_2022_08_prior_to_canadabuys.csv,C:\ProcurementIntelligence\data\raw\canadabuys_award_notices\legacy_award_notices_2012_to_2022_08_prior_to_canadabuys.csv,1964356,amendmentDate-dateModification,empty_or_unknown,0.0,timing_intelligence,8,"Renewal detection, trend analysis, freshness, alerts.",
legacy_award_notices_2012_to_2022_08_prior_to_canadabuys.csv,C:\ProcurementIntelligence\data\raw\canadabuys_award_notices\legacy_award_notices_2012_to_2022_08_prior_to_canadabuys.csv,1964356,contractAwardDate-dateAttributionContrat,date,100.0,timing_intelligence,8,"Renewal detection, trend analysis, freshness, alerts.",2012-03-02 | 2012-03-01 | 2013-01-25 | 2012-07-13 | 2012-08-23
legacy_award_notices_2012_to_2022_08_prior_to_canadabuys.csv,C:\ProcurementIntelligence\data\raw\canadabuys_award_notices\legacy_award_notices_2012_to_2022_08_prior_to_canadabuys.csv,1964356,contractEndDate-dateFinContrat,empty_or_unknown,0.0,timing_intelligence,8,"Renewal detection, trend analysis, freshness, alerts.",
legacy_award_notices_2012_to_2022_08_prior_to_canadabuys.csv,C:\ProcurementIntelligence\data\raw\canadabuys_award_notices\legacy_award_notices_2012_to_2022_08_prior_to_canadabuys.csv,1964356,contractStartDate-contratDateDebut,empty_or_unknown,0.0,timing_intelligence,8,"Renewal detection, trend analysis, freshness, alerts.",
legacy_award_notices_2012_to_2022_08_prior_to_canadabuys.csv,C:\ProcurementIntelligence\data\raw\canadabuys_award_notices\legacy_award_notices_2012_to_2022_08_prior_to_canadabuys.csv,1964356,publicationDate-datePublication,date,100.0,timing_intelligence,8,"Renewal detection, trend analysis, freshness, alerts.",2012-03-02 | 2012-03-02 | 2013-01-28 | 2012-07-16 | 2012-08-24
legacy_contract_history_2009_01_to_2023_05_prior_to_canadabuys.csv,C:\ProcurementIntelligence\data\raw\canadabuys_contract_history\legacy_contract_history_2009_01_to_2023_05_prior_to_canadabuys.csv,3345293,amendmentDate-dateModification,empty_or_unknown,0.0,timing_intelligence,8,"Renewal detection, trend analysis, freshness, alerts.",
legacy_contract_history_2009_01_to_2023_05_prior_to_canadabuys.csv,C:\ProcurementIntelligence\data\raw\canadabuys_contract_history\legacy_contract_history_2009_01_to_2023_05_prior_to_canadabuys.csv,3345293,contractAwardDate-dateAttributionContrat,date,100.0,timing_intelligence,8,"Renewal detection, trend analysis, freshness, alerts.",2015-06-16 | 2015-06-16 | 2015-06-16 | 2015-06-16 | 2015-06-16
legacy_contract_history_2009_01_to_2023_05_prior_to_canadabuys.csv,C:\ProcurementIntelligence\data\raw\canadabuys_contract_history\legacy_contract_history_2009_01_to_2023_05_prior_to_canadabuys.csv,3345293,contractEndDate-dateFinContrat,date,100.0,timing_intelligence,8,"Renewal detection, trend analysis, freshness, alerts.",2016-12-31 | 2016-12-31 | 2016-12-31 | 2016-12-31 | 2016-12-31
legacy_contract_history_2009_01_to_2023_05_prior_to_canadabuys.csv,C:\ProcurementIntelligence\data\raw\canadabuys_contract_history\legacy_contract_history_2009_01_to_2023_05_prior_to_canadabuys.csv,3345293,contractStartDate-contratDateDebut,empty_or_unknown,0.0,timing_intelligence,8,"Renewal detection, trend analysis, freshness, alerts.",
legacy_contract_history_2009_01_to_2023_05_prior_to_canadabuys.csv,C:\ProcurementIntelligence\data\raw\canadabuys_contract_history\legacy_contract_history_2009_01_to_2023_05_prior_to_canadabuys.csv,3345293,publicationDate-datePublication,date,1.6,timing_intelligence,8,"Renewal detection, trend analysis, freshness, alerts.",2024-07-27 | 2024-01-31 | 2023-10-25 | 2025-03-27 | 2024-07-27
all_canadabuys_award_notices_2022_08_08_onwards.csv,C:\ProcurementIntelligence\data\raw\canadabuys_award_notices\all_canadabuys_award_notices_2022_08_08_onwards.csv,738670,endUserEntitiesAddress-adresseEntitesUtilisateurFinal-eng,empty_or_unknown,0.0,geographic_intelligence,7,"Supplier geography, regional spend, trade and policy analysis.",
all_canadabuys_award_notices_2022_08_08_onwards.csv,C:\ProcurementIntelligence\data\raw\canadabuys_award_notices\all_canadabuys_award_notices_2022_08_08_onwards.csv,738670,endUserEntitiesAddress-adresseEntitesUtilisateurFinal-fra,empty_or_unknown,0.0,geographic_intelligence,7,"Supplier geography, regional spend, trade and policy analysis.",
all_canadabuys_contract_history_2023_06_01_onwards.csv,C:\ProcurementIntelligence\data\raw\canadabuys_contract_history\all_canadabuys_contract_history_2023_06_01_onwards.csv,311541,endUserEntitiesAddress-adresseEntitesUtilisateurFinal-eng,text,100.0,geographic_intelligence,7,"Supplier geography, regional spend, trade and policy analysis.","340 LAURIER AVE W.,OTTAWA,Ontario,K1A0P9,Canada | 101 COLONEL BY DR.,OTTAWA,Ontario,K1A0K2,Canada | 101 COLONEL BY DR.,OTTAWA,Ontario,K1A0K2,Canada | BATISSE 53<br>2459 ROUTE DE LA BRAVOURE,QUEBEC,Quebec,G3J1X5,Canada | 100 RUE DU LANDAIS,BLAINVILLE,Quebec,J7C5C9,Canada"
all_canadabuys_contract_history_2023_06_01_onwards.csv,C:\ProcurementIntelligence\data\raw\canadabuys_contract_history\all_canadabuys_contract_history_2023_06_01_onwards.csv,311541,endUserEntitiesAddress-adresseEntitesUtilisateurFinal-fra,text,100.0,geographic_intelligence,7,"Supplier geography, regional spend, trade and policy analysis.","340 LAURIER AVE W.,OTTAWA,Ontario,K1A0P9,Canada | 101 COLONEL BY DR.,OTTAWA,Ontario,K1A0K2,Canada | 101 COLONEL BY DR.,OTTAWA,Ontario,K1A0K2,Canada | BATISSE 53<br>2459 ROUTE DE LA BRAVOURE,QUEBEC,Quebec,G3J1X5,Canada | 100 RUE DU LANDAIS,BLAINVILLE,Quebec,J7C5C9,Canada"
all_canadabuys_contract_history_2023_06_01_onwards.csv,C:\ProcurementIntelligence\data\raw\canadabuys_contract_history\all_canadabuys_contract_history_2023_06_01_onwards.csv,311541,percentageOfGoodsByCountry-pourcentageDeBiensParPays,empty_or_unknown,0.0,geographic_intelligence,7,"Supplier geography, regional spend, trade and policy analysis.",
all_canadabuys_tender_notices_2022_08_08_onwards.csv,C:\ProcurementIntelligence\data\raw\canadabuys_tender_notices\all_canadabuys_tender_notices_2022_08_08_onwards.csv,1357393,endUserEntitiesAddress-adresseEntitesUtilisateurFinal-eng,text,90.6,geographic_intelligence,7,"Supplier geography, regional spend, trade and policy analysis.","90 Metcalfe Street,Ottawa,Ontario,K0A 0C3,Canada | 90 Metcalfe Street,Ottawa,Ontario,K0A 0C3,Canada | 90 Metcalfe Street,Ottawa,Ontario,K0A 0C3,Canada | 90 Metcalfe Street,Ottawa,Ontario,K0A 0C3,Canada | 90 Metcalfe Street,Ottawa,Ontario,K0A 0C3,Canada"
all_canadabuys_tender_notices_2022_08_08_onwards.csv,C:\ProcurementIntelligence\data\raw\canadabuys_tender_notices\all_canadabuys_tender_notices_2022_08_08_onwards.csv,1357393,endUserEntitiesAddress-adresseEntitesUtilisateurFinal-fra,text,90.6,geographic_intelligence,7,"Supplier geography, regional spend, trade and policy analysis.","90, rue Metcalfe,Ottawa,Ontario,K0A 0C3,Canada | 90, rue Metcalfe,Ottawa,Ontario,K0A 0C3,Canada | 90, rue Metcalfe,Ottawa,Ontario,K0A 0C3,Canada | 90, rue Metcalfe,Ottawa,Ontario,K0A 0C3,Canada | 90, rue Metcalfe,Ottawa,Ontario,K0A 0C3,Canada"
archived_2009_2022_legacy_tender_notices.csv,C:\ProcurementIntelligence\data\raw\canadabuys_tender_notices\archived_2009_2022_legacy_tender_notices.csv,6555180,endUserEntitiesAddress-adresseEntitesUtilisateurFinal-eng,text,100.0,geographic_intelligence,7,"Supplier geography, regional spend, trade and policy analysis.","200 Kent St, Station 13E228,Ottawa,Ontario,K1A 0E6,Canada | 30 Victoria Street,Gatineau,Quebec,J8X 0B3,Canada | 200 Kent St, Station 13E228,Ottawa,Ontario,K1A 0E6,Canada | 1341 Baseline Road,Ottawa,Ontario,K1A0C5,Canada | 11 Laurier St, Phase III, Place du Portage,Gatineau,Quebec,K1A 0S5,Canada"
archived_2009_2022_legacy_tender_notices.csv,C:\ProcurementIntelligence\data\raw\canadabuys_tender_notices\archived_2009_2022_legacy_tender_notices.csv,6555180,endUserEntitiesAddress-adresseEntitesUtilisateurFinal-fra,text,100.0,geographic_intelligence,7,"Supplier geography, regional spend, trade and policy analysis.","200, rue Kent, station 13E228,Ottawa,Ontario,K1A 0E6,Canada | 30, rue Victoria,Gatineau,Québec,J8X 0B3,Canada | 200, rue Kent, station 13E228,Ottawa,Ontario,K1A 0E6,Canada | 1341, chemin Baseline,Ottawa,Ontario,K1A0C5,Canada | 11, rue Laurier, Phase III, Place du Portage,Gatineau,Québec,K1A 0S5,Canada"
legacy_award_notices_2012_to_2022_08_prior_to_canadabuys.csv,C:\ProcurementIntelligence\data\raw\canadabuys_award_notices\legacy_award_notices_2012_to_2022_08_prior_to_canadabuys.csv,1964356,endUserEntitiesAddress-adresseEntitesUtilisateurFinal-eng,text,100.0,geographic_intelligence,7,"Supplier geography, regional spend, trade and policy analysis.","101 Colonel By Dr,Ottawa,Ontario,K1A0K2,Canada | 101 Colonel By Dr,Ottawa,Ontario,K1A0K2,Canada | 101 Colonel By Dr,Ottawa,Ontario,K1A0K2,Canada | 101 Colonel By Dr,Ottawa,Ontario,K1A0K2,Canada | 101 Colonel By Dr,Ottawa,Ontario,K1A0K2,Canada"
legacy_award_notices_2012_to_2022_08_prior_to_canadabuys.csv,C:\ProcurementIntelligence\data\raw\canadabuys_award_notices\legacy_award_notices_2012_to_2022_08_prior_to_canadabuys.csv,1964356,endUserEntitiesAddress-adresseEntitesUtilisateurFinal-fra,text,100.0,geographic_intelligence,7,"Supplier geography, regional spend, trade and policy analysis.","101, promenade Colonel By,Ottawa,Ontario,K1A0K2,Canada | 101, promenade Colonel By,Ottawa,Ontario,K1A0K2,Canada | 101, promenade Colonel By,Ottawa,Ontario,K1A0K2,Canada | 101, promenade Colonel By,Ottawa,Ontario,K1A0K2,Canada | 101, promenade Colonel By,Ottawa,Ontario,K1A0K2,Canada"
legacy_contract_history_2009_01_to_2023_05_prior_to_canadabuys.csv,C:\ProcurementIntelligence\data\raw\canadabuys_contract_history\legacy_contract_history_2009_01_to_2023_05_prior_to_canadabuys.csv,3345293,endUserEntitiesAddress-adresseEntitesUtilisateurFinal-eng,text,100.0,geographic_intelligence,7,"Supplier geography, regional spend, trade and policy analysis.","PORTAGE III 11C1<br>11 LAURIER ST,GATINEAU,Quebec,K1A0S5,Canada | PORTAGE III 11C1<br>11 LAURIER ST,GATINEAU,Quebec,K1A0S5,Canada | PORTAGE III 11C1<br>11 LAURIER ST,GATINEAU,Quebec,K1A0S5,Canada | PORTAGE III 11C1<br>11 LAURIER ST,GATINEAU,Quebec,K1A0S5,Canada | PORTAGE III 11C1<br>11 LAURIER ST,GATINEAU,Quebec,K1A0S5,Canada"
legacy_contract_history_2009_01_to_2023_05_prior_to_canadabuys.csv,C:\ProcurementIntelligence\data\raw\canadabuys_contract_history\legacy_contract_history_2009_01_to_2023_05_prior_to_canadabuys.csv,3345293,endUserEntitiesAddress-adresseEntitesUtilisateurFinal-fra,text,100.0,geographic_intelligence,7,"Supplier geography, regional spend, trade and policy analysis.","PORTAGE III 11C1<br>11 LAURIER ST,GATINEAU,Quebec,K1A0S5,Canada | PORTAGE III 11C1<br>11 LAURIER ST,GATINEAU,Quebec,K1A0S5,Canada | PORTAGE III 11C1<br>11 LAURIER ST,GATINEAU,Quebec,K1A0S5,Canada | PORTAGE III 11C1<br>11 LAURIER ST,GATINEAU,Quebec,K1A0S5,Canada | PORTAGE III 11C1<br>11 LAURIER ST,GATINEAU,Quebec,K1A0S5,Canada"
legacy_contract_history_2009_01_to_2023_05_prior_to_canadabuys.csv,C:\ProcurementIntelligence\data\raw\canadabuys_contract_history\legacy_contract_history_2009_01_to_2023_05_prior_to_canadabuys.csv,3345293,percentageOfGoodsByCountry-pourcentageDeBiensParPays,empty_or_unknown,0.0,geographic_intelligence,7,"Supplier geography, regional spend, trade and policy analysis.",
all_canadabuys_tender_notices_2022_08_08_onwards.csv,C:\ProcurementIntelligence\data\raw\canadabuys_tender_notices\all_canadabuys_tender_notices_2022_08_08_onwards.csv,1357393,noticeURL-URLavis-eng,text,9.4,traceability,6,"Audit trail, source links, customer verification.",https://www.merx.com/public/solicitations/3998796777/abstract?language=EN | https://www.merx.com/public/solicitations/3983965575/abstract?language=EN | https://www.merx.com/public/solicitations/3776296409/abstract?language=EN | https://www.merx.com/public/solicitations/3776296406/abstract?language=EN | https://www.merx.com/public/solicitations/3776296405/abstract?language=EN
all_canadabuys_tender_notices_2022_08_08_onwards.csv,C:\ProcurementIntelligence\data\raw\canadabuys_tender_notices\all_canadabuys_tender_notices_2022_08_08_onwards.csv,1357393,noticeURL-URLavis-fra,text,9.4,traceability,6,"Audit trail, source links, customer verification.",https://www.merx.com/public/solicitations/3998796777/abstract?language=EN | https://www.merx.com/public/solicitations/3983965575/abstract?language=FR | https://www.merx.com/public/solicitations/3776296409/abstract?language=FR | https://www.merx.com/public/solicitations/3776296406/abstract?language=FR | https://www.merx.com/public/solicitations/3776296405/abstract?language=FR
archived_2009_2022_legacy_tender_notices.csv,C:\ProcurementIntelligence\data\raw\canadabuys_tender_notices\archived_2009_2022_legacy_tender_notices.csv,6555180,noticeURL-URLavis-eng,empty_or_unknown,0.0,traceability,6,"Audit trail, source links, customer verification.",
archived_2009_2022_legacy_tender_notices.csv,C:\ProcurementIntelligence\data\raw\canadabuys_tender_notices\archived_2009_2022_legacy_tender_notices.csv,6555180,noticeURL-URLavis-fra,empty_or_unknown,0.0,traceability,6,"Audit trail, source links, customer verification.",
all_canadabuys_award_notices_2022_08_08_onwards.csv,C:\ProcurementIntelligence\data\raw\canadabuys_award_notices\all_canadabuys_award_notices_2022_08_08_onwards.csv,738670,awardStatus-attributionStatut-eng,text,100.0,unclassified_asset,4,Needs manual commercial review.,Active | Active | Active | Active | Active
all_canadabuys_award_notices_2022_08_08_onwards.csv,C:\ProcurementIntelligence\data\raw\canadabuys_award_notices\all_canadabuys_award_notices_2022_08_08_onwards.csv,738670,awardStatus-attributionStatut-fra,text,100.0,unclassified_asset,4,Needs manual commercial review.,Actif | Actif | Actif | Actif | Actif
all_canadabuys_award_notices_2022_08_08_onwards.csv,C:\ProcurementIntelligence\data\raw\canadabuys_award_notices\all_canadabuys_award_notices_2022_08_08_onwards.csv,738670,contractCurrency-contratMonnaie,text,90.8,unclassified_asset,4,Needs manual commercial review.,CAD | CAD | CAD | CAD | CAD
all_canadabuys_award_notices_2022_08_08_onwards.csv,C:\ProcurementIntelligence\data\raw\canadabuys_award_notices\all_canadabuys_award_notices_2022_08_08_onwards.csv,738670,contractNumber-numeroContrat,text,23.4,unclassified_asset,4,Needs manual commercial review.,2000502 | 2000504 | 2025019878 | 7267137 | 3000772533
all_canadabuys_award_notices_2022_08_08_onwards.csv,C:\ProcurementIntelligence\data\raw\canadabuys_award_notices\all_canadabuys_award_notices_2022_08_08_onwards.csv,738670,endUserEntitiesName-nomEntitesUtilisateurFinal-eng,empty_or_unknown,0.0,unclassified_asset,4,Needs manual commercial review.,
all_canadabuys_award_notices_2022_08_08_onwards.csv,C:\ProcurementIntelligence\data\raw\canadabuys_award_notices\all_canadabuys_award_notices_2022_08_08_onwards.csv,738670,endUserEntitiesName-nomEntitesUtilisateurFinal-fra,empty_or_unknown,0.0,unclassified_asset,4,Needs manual commercial review.,
all_canadabuys_award_notices_2022_08_08_onwards.csv,C:\ProcurementIntelligence\data\raw\canadabuys_award_notices\all_canadabuys_award_notices_2022_08_08_onwards.csv,738670,limitedTenderingReason-raisonAppelOffresLimite-eng,empty_or_unknown,0.0,unclassified_asset,4,Needs manual commercial review.,
all_canadabuys_award_notices_2022_08_08_onwards.csv,C:\ProcurementIntelligence\data\raw\canadabuys_award_notices\all_canadabuys_award_notices_2022_08_08_onwards.csv,738670,limitedTenderingReason-raisonAppelOffresLimite-fra,empty_or_unknown,0.0,unclassified_asset,4,Needs manual commercial review.,
all_canadabuys_award_notices_2022_08_08_onwards.csv,C:\ProcurementIntelligence\data\raw\canadabuys_award_notices\all_canadabuys_award_notices_2022_08_08_onwards.csv,738670,noticeType-avisType-eng,text,23.4,unclassified_asset,4,Needs manual commercial review.,Advance Contract Award Notice | Advance Contract Award Notice | Request for Proposal | Request for Proposal | Request for Proposal
all_canadabuys_award_notices_2022_08_08_onwards.csv,C:\ProcurementIntelligence\data\raw\canadabuys_award_notices\all_canadabuys_award_notices_2022_08_08_onwards.csv,738670,noticeType-avisType-fra,text,23.4,unclassified_asset,4,Needs manual commercial review.,Préavis d’attribution du contrat | Préavis d’attribution du contrat | Demande de propositions | Demande de propositions | Demande de propositions
all_canadabuys_award_notices_2022_08_08_onwards.csv,C:\ProcurementIntelligence\data\raw\canadabuys_award_notices\all_canadabuys_award_notices_2022_08_08_onwards.csv,738670,referenceNumber-numeroReference,text,100.0,unclassified_asset,4,Needs manual commercial review.,MX-43049679054 | MX-43049679057 | MX-43049679081 | MX-43049887844 | MX-43049907763
all_canadabuys_award_notices_2022_08_08_onwards.csv,C:\ProcurementIntelligence\data\raw\canadabuys_award_notices\all_canadabuys_award_notices_2022_08_08_onwards.csv,738670,regionsOfDelivery-regionsLivraison-eng,text,23.4,unclassified_asset,4,Needs manual commercial review.,*Ontario (except NCR) | *Ontario (except NCR) | *Saint-Lazare | *British Columbia | *Ontario (except NCR)
all_canadabuys_award_notices_2022_08_08_onwards.csv,C:\ProcurementIntelligence\data\raw\canadabuys_award_notices\all_canadabuys_award_notices_2022_08_08_onwards.csv,738670,regionsOfDelivery-regionsLivraison-fra,text,23.4,unclassified_asset,4,Needs manual commercial review.,*Ontario (sauf RCN) | *Ontario (sauf RCN) | *Saint-Lazare | *Colombie-Britannique | *Ontario (sauf RCN)
all_canadabuys_award_notices_2022_08_08_onwards.csv,C:\ProcurementIntelligence\data\raw\canadabuys_award_notices\all_canadabuys_award_notices_2022_08_08_onwards.csv,738670,selectionCriteria-criteresSelection-eng,text,22.8,unclassified_asset,4,Needs manual commercial review.,Not applicable | Not applicable | Lowest Price | Lowest Price | Highest Combined Rating of Technical Merit and Price
all_canadabuys_award_notices_2022_08_08_onwards.csv,C:\ProcurementIntelligence\data\raw\canadabuys_award_notices\all_canadabuys_award_notices_2022_08_08_onwards.csv,738670,selectionCriteria-criteresSelection-fra,text,22.8,unclassified_asset,4,Needs manual commercial review.,Sans objet | Sans objet | Prix le plus bas | Prix le plus bas | Cote combinée la plus élevée pour le mérite technique et le prix
all_canadabuys_award_notices_2022_08_08_onwards.csv,C:\ProcurementIntelligence\data\raw\canadabuys_award_notices\all_canadabuys_award_notices_2022_08_08_onwards.csv,738670,solicitationNumber-numeroSollicitation,text,100.0,unclassified_asset,4,Needs manual commercial review.,2023-AG-007 | PS23-AG-016 | PS23-AG-005 | PS23-AG-017 | PS23-AG-004
all_canadabuys_award_notices_2022_08_08_onwards.csv,C:\ProcurementIntelligence\data\raw\canadabuys_award_notices\all_canadabuys_award_notices_2022_08_08_onwards.csv,738670,tradeAgreements-accordsCommerciaux-eng,text,100.0,unclassified_asset,4,Needs manual commercial review.,*Canadian Free Trade Agreement (CFTA) *Canada-European Union Comprehensive Economic and Trade Agreement (CETA) | *Canada-European Union Comprehensive Economic and Trade Agreement (CETA) *Canadian Free Trade Agreement (CFTA) | *Canada-European Union Comprehensive Economic and Trade Agreement (CETA) *Canadian Free Trade Agreement (CFTA) | *Canadian Free Trade Agreement (CFTA) *Canada-European Union Comprehensive Economic and Trade Agreement (CETA) | *Canadian Free Trade Agreement (CFTA) *Canada-European Union Comprehensive Economic and Trade Agreement (CETA)
all_canadabuys_award_notices_2022_08_08_onwards.csv,C:\ProcurementIntelligence\data\raw\canadabuys_award_notices\all_canadabuys_award_notices_2022_08_08_onwards.csv,738670,tradeAgreements-accordsCommerciaux-fra,text,100.0,unclassified_asset,4,Needs manual commercial review.,*Accord de libre-échange canadien (ALEC) *Accord économique et commercial global (AECG) entre le Canada et l’Union europ... | *Accord économique et commercial global (AECG) entre le Canada et l’Union européenne (UE) *Accord de libre-échange canad... | *Accord économique et commercial global (AECG) entre le Canada et l’Union européenne (UE) *Accord de libre-échange canad... | *Accord de libre-échange canadien (ALEC) *Accord économique et commercial global (AECG) entre le Canada et l’Union europ... | *Accord de libre-échange canadien (ALEC) *Accord économique et commercial global (AECG) entre le Canada et l’Union europ...
all_canadabuys_contract_history_2023_06_01_onwards.csv,C:\ProcurementIntelligence\data\raw\canadabuys_contract_history\all_canadabuys_contract_history_2023_06_01_onwards.csv,311541,contractCurrency-contratMonnaie,text,100.0,unclassified_asset,4,Needs manual commercial review.,CAD | CAD | CAD | CAD | CAD
all_canadabuys_contract_history_2023_06_01_onwards.csv,C:\ProcurementIntelligence\data\raw\canadabuys_contract_history\all_canadabuys_contract_history_2023_06_01_onwards.csv,311541,contractNumber-numeroContrat,text,100.0,unclassified_asset,4,Needs manual commercial review.,21120-219814/001/HN | W8484-250684/001/USW | W6399-23DB09/001/KIN | W7701-217392/001/QCL | T8127-200020/001/MTP
all_canadabuys_contract_history_2023_06_01_onwards.csv,C:\ProcurementIntelligence\data\raw\canadabuys_contract_history\all_canadabuys_contract_history_2023_06_01_onwards.csv,311541,contractStatus-statutContrat-eng,empty_or_unknown,0.0,unclassified_asset,4,Needs manual commercial review.,
all_canadabuys_contract_history_2023_06_01_onwards.csv,C:\ProcurementIntelligence\data\raw\canadabuys_contract_history\all_canadabuys_contract_history_2023_06_01_onwards.csv,311541,contractStatus-statutContrat-fra,empty_or_unknown,0.0,unclassified_asset,4,Needs manual commercial review.,
all_canadabuys_contract_history_2023_06_01_onwards.csv,C:\ProcurementIntelligence\data\raw\canadabuys_contract_history\all_canadabuys_contract_history_2023_06_01_onwards.csv,311541,endUserEntitiesName-nomEntitesUtilisateurFinal-eng,text,100.0,unclassified_asset,4,Needs manual commercial review.,Correctional Service of Canada | Department of National Defence | Department of National Defence | Department of National Defence | Transport Canada
all_canadabuys_contract_history_2023_06_01_onwards.csv,C:\ProcurementIntelligence\data\raw\canadabuys_contract_history\all_canadabuys_contract_history_2023_06_01_onwards.csv,311541,endUserEntitiesName-nomEntitesUtilisateurFinal-fra,text,100.0,unclassified_asset,4,Needs manual commercial review.,Service correctionnel du Canada | Ministère de la défense nationale | Ministère de la défense nationale | Ministère de la défense nationale | Transports Canada
all_canadabuys_contract_history_2023_06_01_onwards.csv,C:\ProcurementIntelligence\data\raw\canadabuys_contract_history\all_canadabuys_contract_history_2023_06_01_onwards.csv,311541,endUserEntitiesOfficeName-bureauNomEntitesUtilisateurFinal-eng,text,99.4,unclassified_asset,4,Needs manual commercial review.,CONTRACTING&MATERIEL SERVS | NDHQ | CANSOFCOM HQ | D&R DEFENCE CANADA VALCARTIER | MOTOR VEHICLE TEST CENTRE
all_canadabuys_contract_history_2023_06_01_onwards.csv,C:\ProcurementIntelligence\data\raw\canadabuys_contract_history\all_canadabuys_contract_history_2023_06_01_onwards.csv,311541,endUserEntitiesOfficeName-bureauNomEntitesUtilisateurFinal-fra,text,100.0,unclassified_asset,4,Needs manual commercial review.,N/D | QGDN | N/D | R&D DEFENSE CANADA VALCARTIER | N/D
all_canadabuys_contract_history_2023_06_01_onwards.csv,C:\ProcurementIntelligence\data\raw\canadabuys_contract_history\all_canadabuys_contract_history_2023_06_01_onwards.csv,311541,limitedTenderingReason-raisonAppelOffresLimite-eng,text,29.6,unclassified_asset,4,Needs manual commercial review.,Exclusive Rights | Exclusive Rights | Exclusive Rights | Exclusive Rights | Exclusive Rights
all_canadabuys_contract_history_2023_06_01_onwards.csv,C:\ProcurementIntelligence\data\raw\canadabuys_contract_history\all_canadabuys_contract_history_2023_06_01_onwards.csv,311541,limitedTenderingReason-raisonAppelOffresLimite-fra,text,29.6,unclassified_asset,4,Needs manual commercial review.,Droits exclusifs | Droits exclusifs | Droits exclusifs | Droits exclusifs | Droits exclusifs
all_canadabuys_contract_history_2023_06_01_onwards.csv,C:\ProcurementIntelligence\data\raw\canadabuys_contract_history\all_canadabuys_contract_history_2023_06_01_onwards.csv,311541,noticeType-avisType-eng,empty_or_unknown,0.0,unclassified_asset,4,Needs manual commercial review.,
all_canadabuys_contract_history_2023_06_01_onwards.csv,C:\ProcurementIntelligence\data\raw\canadabuys_contract_history\all_canadabuys_contract_history_2023_06_01_onwards.csv,311541,noticeType-avisType-fra,empty_or_unknown,0.0,unclassified_asset,4,Needs manual commercial review.,
all_canadabuys_contract_history_2023_06_01_onwards.csv,C:\ProcurementIntelligence\data\raw\canadabuys_contract_history\all_canadabuys_contract_history_2023_06_01_onwards.csv,311541,numberOfRecords-nombreEnregistrements,numeric,100.0,unclassified_asset,4,Needs manual commercial review.,6 | 1 | 1 | 3 | 8
all_canadabuys_contract_history_2023_06_01_onwards.csv,C:\ProcurementIntelligence\data\raw\canadabuys_contract_history\all_canadabuys_contract_history_2023_06_01_onwards.csv,311541,referenceNumber-numeroReference,text,100.0,unclassified_asset,4,Needs manual commercial review.,21120-219814/001/HN | W8484-250684/001/USW | W6399-23DB09/001/KIN | W7701-217392/001/QCL | T8127-200020/001/MTP
all_canadabuys_contract_history_2023_06_01_onwards.csv,C:\ProcurementIntelligence\data\raw\canadabuys_contract_history\all_canadabuys_contract_history_2023_06_01_onwards.csv,311541,regionsOfDelivery-regionsLivraison-eng,empty_or_unknown,0.0,unclassified_asset,4,Needs manual commercial review.,
all_canadabuys_contract_history_2023_06_01_onwards.csv,C:\ProcurementIntelligence\data\raw\canadabuys_contract_history\all_canadabuys_contract_history_2023_06_01_onwards.csv,311541,regionsOfDelivery-regionsLivraison-fra,empty_or_unknown,0.0,unclassified_asset,4,Needs manual commercial review.,
all_canadabuys_contract_history_2023_06_01_onwards.csv,C:\ProcurementIntelligence\data\raw\canadabuys_contract_history\all_canadabuys_contract_history_2023_06_01_onwards.csv,311541,selectionCriteria-criteresSelection-eng,text,70.2,unclassified_asset,4,Needs manual commercial review.,Lowest Price | Government Objectives Representing Best Interests/Value to Govt | Lowest Price | Highest Combined Rating of Technical Merit and Price | Highest Combined Rating of Technical Merit and Price
all_canadabuys_contract_history_2023_06_01_onwards.csv,C:\ProcurementIntelligence\data\raw\canadabuys_contract_history\all_canadabuys_contract_history_2023_06_01_onwards.csv,311541,selectionCriteria-criteresSelection-fra,text,70.2,unclassified_asset,4,Needs manual commercial review.,Prix le plus bas | Objectifs gouvern.  représentant  les meilleurs intérets/valeur pour l'État | Prix le plus bas | Cote combinée la plus élevée pour le mérite technique et le prix | Cote combinée la plus élevée pour le mérite technique et le prix
all_canadabuys_contract_history_2023_06_01_onwards.csv,C:\ProcurementIntelligence\data\raw\canadabuys_contract_history\all_canadabuys_contract_history_2023_06_01_onwards.csv,311541,solicitationNumber-numeroSollicitation,empty_or_unknown,0.0,unclassified_asset,4,Needs manual commercial review.,
all_canadabuys_contract_history_2023_06_01_onwards.csv,C:\ProcurementIntelligence\data\raw\canadabuys_contract_history\all_canadabuys_contract_history_2023_06_01_onwards.csv,311541,tradeAgreements-accordsCommerciaux-eng,text,83.6,unclassified_asset,4,Needs manual commercial review.,*None | *Canada-Peru Free Trade Agreement (CPFTA) *Canada-Chile Free Trade Agreement (CCFTA) * Other trade agreements not listed... | *Canadian Free Trade Agreement (CFTA) | *Canadian Free Trade Agreement (CFTA) | *Canada-European Union Comprehensive Economic and Trade Agreement (CETA) *Canada-Colombia Free Trade Agreement *Canada-C...
all_canadabuys_contract_history_2023_06_01_onwards.csv,C:\ProcurementIntelligence\data\raw\canadabuys_contract_history\all_canadabuys_contract_history_2023_06_01_onwards.csv,311541,tradeAgreements-accordsCommerciaux-fra,text,83.6,unclassified_asset,4,Needs manual commercial review.,*Aucun | *Accord de libre-échange Canada-Pérou (ALECP) *Accord de libre-échange Canada-Chili (ALECC) *d'autres accords commerciau... | *Accord de libre-échange canadien (ALEC) | *Accord de libre-échange canadien (ALEC) | *Accord économique et commercial global (AECG) entre le Canada et l’Union européenne (UE) *Accord de libre-échange Canad...
all_canadabuys_tender_notices_2022_08_08_onwards.csv,C:\ProcurementIntelligence\data\raw\canadabuys_tender_notices\all_canadabuys_tender_notices_2022_08_08_onwards.csv,1357393,attachment-piecesJointes-eng,text,45.4,unclassified_asset,4,Needs manual commercial review.,"https://sscp2pspc.ssc-spc.gc.ca/page.aspx/en/fil/download_public/F9556AF3-EEFA-4B0D-9528-C8F6E0673041 | https://canadabuys.canada.ca/documents/pub/att/2023/02/27/59a85bfd15a262aab3614d71450418c9/pr_30003399_-_itt_-_ll123_lan... | https://canadabuys.canada.ca/documents/pub/att/2022/09/07/c04c4642918184d5bdec8e5e7371434c/5000067250rfpdraften_final_tr... | https://canadabuys.canada.ca/documents/pub/att/2022/12/20/b8034224acc4b3ee9f97f88bb924b8de/liste_algonquin_anishinabe_na... | https://canadabuys.canada.ca/documents/pub/att/2023/03/31/c541fa3a696c5409a149e1d3e476f8f0/appendices_23-0027.zip,https:..."
all_canadabuys_tender_notices_2022_08_08_onwards.csv,C:\ProcurementIntelligence\data\raw\canadabuys_tender_notices\all_canadabuys_tender_notices_2022_08_08_onwards.csv,1357393,attachment-piecesJointes-fra,text,45.0,unclassified_asset,4,Needs manual commercial review.,"https://sscp2pspc.ssc-spc.gc.ca/page.aspx/fr/fil/download_public/A6AC01B8-2ADF-43AE-9911-1D832E99A931 | https://canadabuys.canada.ca/documents/pub/att/2023/02/27/dbafcafd8eb40317deda32e9cb3b532f/pr_30003399_-_itt_-_ll123_lan... | https://canadabuys.canada.ca/documents/pub/att/2022/09/07/695442830107a4534d629000fdbc4d5e/5000067250rfpdraftfr_final_tr... | https://canadabuys.canada.ca/documents/pub/att/2022/12/20/b8034224acc4b3ee9f97f88bb924b8de/liste_algonquin_anishinabe_na... | https://canadabuys.canada.ca/documents/pub/att/2023/03/31/c541fa3a696c5409a149e1d3e476f8f0/appendices_23-0027.zip,https:..."
all_canadabuys_tender_notices_2022_08_08_onwards.csv,C:\ProcurementIntelligence\data\raw\canadabuys_tender_notices\all_canadabuys_tender_notices_2022_08_08_onwards.csv,1357393,endUserEntitiesName-nomEntitesUtilisateurFinal-eng,text,90.6,unclassified_asset,4,Needs manual commercial review.,Shared Services Canada | Shared Services Canada | Shared Services Canada | Shared Services Canada | Shared Services Canada
all_canadabuys_tender_notices_2022_08_08_onwards.csv,C:\ProcurementIntelligence\data\raw\canadabuys_tender_notices\all_canadabuys_tender_notices_2022_08_08_onwards.csv,1357393,endUserEntitiesName-nomEntitesUtilisateurFinal-fra,text,90.6,unclassified_asset,4,Needs manual commercial review.,Services partagés Canada | Services partagés Canada | Services partagés Canada | Services partagés Canada | Services partagés Canada
all_canadabuys_tender_notices_2022_08_08_onwards.csv,C:\ProcurementIntelligence\data\raw\canadabuys_tender_notices\all_canadabuys_tender_notices_2022_08_08_onwards.csv,1357393,limitedTenderingReason-raisonAppelOffresLimite-eng,text,0.8,unclassified_asset,4,Needs manual commercial review.,Exclusive Rights | Exclusive Rights | Exclusive Rights | Exclusive Rights
all_canadabuys_tender_notices_2022_08_08_onwards.csv,C:\ProcurementIntelligence\data\raw\canadabuys_tender_notices\all_canadabuys_tender_notices_2022_08_08_onwards.csv,1357393,limitedTenderingReason-raisonAppelOffresLimite-fra,text,0.8,unclassified_asset,4,Needs manual commercial review.,Droits exclusifs | Droits exclusifs | Droits exclusifs | Droits exclusifs
all_canadabuys_tender_notices_2022_08_08_onwards.csv,C:\ProcurementIntelligence\data\raw\canadabuys_tender_notices\all_canadabuys_tender_notices_2022_08_08_onwards.csv,1357393,noticeType-avisType-eng,text,90.6,unclassified_asset,4,Needs manual commercial review.,Request for Proposal | Advance Contract Award Notice | Request for Proposal | Request for Proposal | Request for Information
all_canadabuys_tender_notices_2022_08_08_onwards.csv,C:\ProcurementIntelligence\data\raw\canadabuys_tender_notices\all_canadabuys_tender_notices_2022_08_08_onwards.csv,1357393,noticeType-avisType-fra,text,90.6,unclassified_asset,4,Needs manual commercial review.,Demande de propositions | Préavis d’attribution du contrat | Demande de propositions | Demande de propositions | Demande de renseignements
all_canadabuys_tender_notices_2022_08_08_onwards.csv,C:\ProcurementIntelligence\data\raw\canadabuys_tender_notices\all_canadabuys_tender_notices_2022_08_08_onwards.csv,1357393,referenceNumber-numeroReference,text,100.0,unclassified_asset,4,Needs manual commercial review.,MX-444061399327 | MX-444050962651 | MX-443841357513 | MX-443841357514 | MX-443841357515
all_canadabuys_tender_notices_2022_08_08_onwards.csv,C:\ProcurementIntelligence\data\raw\canadabuys_tender_notices\all_canadabuys_tender_notices_2022_08_08_onwards.csv,1357393,regionsOfDelivery-regionsLivraison-eng,text,90.6,unclassified_asset,4,Needs manual commercial review.,*Ontario (except NCR) | *Canada | *Alberta | *Ontario (except NCR) | *British Columbia
all_canadabuys_tender_notices_2022_08_08_onwards.csv,C:\ProcurementIntelligence\data\raw\canadabuys_tender_notices\all_canadabuys_tender_notices_2022_08_08_onwards.csv,1357393,regionsOfDelivery-regionsLivraison-fra,text,90.6,unclassified_asset,4,Needs manual commercial review.,*Ontario (sauf RCN) | *Canada | *Alberta | *Ontario (sauf RCN) | *Colombie-Britannique
all_canadabuys_tender_notices_2022_08_08_onwards.csv,C:\ProcurementIntelligence\data\raw\canadabuys_tender_notices\all_canadabuys_tender_notices_2022_08_08_onwards.csv,1357393,regionsOfOpportunity-regionAppelOffres-eng,text,81.6,unclassified_asset,4,Needs manual commercial review.,*Canada | *Alberta | *Alberta | *Canada | *Canada
all_canadabuys_tender_notices_2022_08_08_onwards.csv,C:\ProcurementIntelligence\data\raw\canadabuys_tender_notices\all_canadabuys_tender_notices_2022_08_08_onwards.csv,1357393,regionsOfOpportunity-regionAppelOffres-fra,text,81.6,unclassified_asset,4,Needs manual commercial review.,*Canada | *Alberta | *Alberta | *Canada | *Canada
all_canadabuys_tender_notices_2022_08_08_onwards.csv,C:\ProcurementIntelligence\data\raw\canadabuys_tender_notices\all_canadabuys_tender_notices_2022_08_08_onwards.csv,1357393,selectionCriteria-criteresSelection-eng,text,8.2,unclassified_asset,4,Needs manual commercial review.,Lowest Price | Highest Combined Rating of Technical Merit and Price | Lowest Price | Lowest Price | Lowest Price
all_canadabuys_tender_notices_2022_08_08_onwards.csv,C:\ProcurementIntelligence\data\raw\canadabuys_tender_notices\all_canadabuys_tender_notices_2022_08_08_onwards.csv,1357393,selectionCriteria-criteresSelection-fra,text,8.2,unclassified_asset,4,Needs manual commercial review.,Prix le plus bas | Cote combinée la plus élevée pour le mérite technique et le prix | Prix le plus bas | Prix le plus bas | Prix le plus bas
all_canadabuys_tender_notices_2022_08_08_onwards.csv,C:\ProcurementIntelligence\data\raw\canadabuys_tender_notices\all_canadabuys_tender_notices_2022_08_08_onwards.csv,1357393,solicitationNumber-numeroSollicitation,text,99.8,unclassified_asset,4,Needs manual commercial review.,26-119 | 2026205003 | AR26SLHX_86026 | AR26SLGR_86029 | AR26SLGB_86030
all_canadabuys_tender_notices_2022_08_08_onwards.csv,C:\ProcurementIntelligence\data\raw\canadabuys_tender_notices\all_canadabuys_tender_notices_2022_08_08_onwards.csv,1357393,tenderStatus-appelOffresStatut-eng,text,100.0,unclassified_asset,4,Needs manual commercial review.,Open | Open | Open | Open | Open
all_canadabuys_tender_notices_2022_08_08_onwards.csv,C:\ProcurementIntelligence\data\raw\canadabuys_tender_notices\all_canadabuys_tender_notices_2022_08_08_onwards.csv,1357393,tenderStatus-appelOffresStatut-fra,text,100.0,unclassified_asset,4,Needs manual commercial review.,Ouvert | Ouvert | Ouvert | Ouvert | Ouvert
all_canadabuys_tender_notices_2022_08_08_onwards.csv,C:\ProcurementIntelligence\data\raw\canadabuys_tender_notices\all_canadabuys_tender_notices_2022_08_08_onwards.csv,1357393,tradeAgreements-accordsCommerciaux-eng,text,99.8,unclassified_asset,4,Needs manual commercial review.,*Canada-European Union Comprehensive Economic and Trade Agreement (CETA) | *Canadian Free Trade Agreement (CFTA) *Comprehensive and Progressive Agreement for Trans-Pacific Partnership (CPTPP) *Wo... | *World Trade Organization Agreement on Government Procurement (WTO GPA) *Canadian Free Trade Agreement (CFTA) *Canada-Eu... | *Canadian Free Trade Agreement (CFTA) *World Trade Organization Agreement on Government Procurement (WTO GPA) *Canada-Eu... | *Canada-European Union Comprehensive Economic and Trade Agreement (CETA) *World Trade Organization Agreement on Governme...
all_canadabuys_tender_notices_2022_08_08_onwards.csv,C:\ProcurementIntelligence\data\raw\canadabuys_tender_notices\all_canadabuys_tender_notices_2022_08_08_onwards.csv,1357393,tradeAgreements-accordsCommerciaux-fra,text,99.8,unclassified_asset,4,Needs manual commercial review.,*Accord économique et commercial global (AECG) entre le Canada et l’Union européenne (UE) | *Accord de libre-échange canadien (ALEC) *Accord de Partenariat transpacifique global et progressiste (PTPGP) *Accord su... | *Accord sur les marchés publics de l'Organisation mondiale du commerce (AMP-OMC) *Accord de libre-échange canadien (ALEC... | *Accord de libre-échange canadien (ALEC) *Accord sur les marchés publics de l'Organisation mondiale du commerce (AMP-OMC... | *Accord économique et commercial global (AECG) entre le Canada et l’Union européenne (UE) *Accord sur les marchés public...
archived_2009_2022_legacy_tender_notices.csv,C:\ProcurementIntelligence\data\raw\canadabuys_tender_notices\archived_2009_2022_legacy_tender_notices.csv,6555180,attachment-piecesJointes-eng,text,74.2,unclassified_asset,4,Needs manual commercial review.,"https://canadabuys.canada.ca/documents/pub/att/2015/08/07/dfc28a2d37b72451dacc720d51df5250/fp802-150091_1_invitation_to_... | https://canadabuys.canada.ca/documents/pub/att/2021/12/22/bb1ef47bc2cf0bfd00d51335a697fbd2/30001797_-_rfp_final_eng.pdf | https://canadabuys.canada.ca/documents/pub/att/2015/11/27/b7cc57cf7bb15558cec936077ea92548/drawings.zip,https://canadabu... | https://canadabuys.canada.ca/documents/pub/att/2017/10/27/c3e30bff9e6bc9439f63956a1728011f/island_lake_detachment_demo_s... | https://canadabuys.canada.ca/documents/pub/att/2019/01/14/e99b931964f3617620b1307cc3eb1bdd/schedule_a_hazardous_building..."
archived_2009_2022_legacy_tender_notices.csv,C:\ProcurementIntelligence\data\raw\canadabuys_tender_notices\archived_2009_2022_legacy_tender_notices.csv,6555180,attachment-piecesJointes-fra,text,74.2,unclassified_asset,4,Needs manual commercial review.,"https://canadabuys.canada.ca/documents/pub/att/2015/08/07/3e19c9f04e9b5c23b8a487a3199deb0e/fp802-150091_sow_fr.docx,http... | https://canadabuys.canada.ca/documents/pub/att/2021/12/22/ff1c89f6a2bade9b35971c8c9cfe3f52/30001797_-_rfp_final_french.p... | https://canadabuys.canada.ca/documents/pub/att/2015/11/26/2553c3a3103c4d03e6a01de474921095/ABES.PROD.PW_PWB.B008.F3754.E... | https://canadabuys.canada.ca/documents/pub/att/2017/10/27/82053f0eb0a02e5a70dc3f805a667ffe/9697529_001_fr_islandlakedeta... | https://canadabuys.canada.ca/documents/pub/att/2019/01/14/6a87219c23d434295a1dacde2683bd0d/itt_trailer_demolition_dispos..."
archived_2009_2022_legacy_tender_notices.csv,C:\ProcurementIntelligence\data\raw\canadabuys_tender_notices\archived_2009_2022_legacy_tender_notices.csv,6555180,endUserEntitiesName-nomEntitesUtilisateurFinal-eng,text,100.0,unclassified_asset,4,Needs manual commercial review.,Fisheries and Oceans Canada | Parks Canada | Fisheries and Oceans Canada | Agriculture and Agri-Food Canada | Public Works and Government Services Canada
archived_2009_2022_legacy_tender_notices.csv,C:\ProcurementIntelligence\data\raw\canadabuys_tender_notices\archived_2009_2022_legacy_tender_notices.csv,6555180,endUserEntitiesName-nomEntitesUtilisateurFinal-fra,text,100.0,unclassified_asset,4,Needs manual commercial review.,Pêches et Océans Canada | Parcs Canada | Pêches et Océans Canada | Agriculture et Agroalimentaire Canada | Travaux publics et Services gouvernementaux Canada
archived_2009_2022_legacy_tender_notices.csv,C:\ProcurementIntelligence\data\raw\canadabuys_tender_notices\archived_2009_2022_legacy_tender_notices.csv,6555180,limitedTenderingReason-raisonAppelOffresLimite-eng,text,0.2,unclassified_asset,4,Needs manual commercial review.,Additional Construction Services
archived_2009_2022_legacy_tender_notices.csv,C:\ProcurementIntelligence\data\raw\canadabuys_tender_notices\archived_2009_2022_legacy_tender_notices.csv,6555180,limitedTenderingReason-raisonAppelOffresLimite-fra,text,0.2,unclassified_asset,4,Needs manual commercial review.,Services de construction supplémentaires
archived_2009_2022_legacy_tender_notices.csv,C:\ProcurementIntelligence\data\raw\canadabuys_tender_notices\archived_2009_2022_legacy_tender_notices.csv,6555180,noticeType-avisType-eng,text,100.0,unclassified_asset,4,Needs manual commercial review.,Request for Proposal | Request for Proposal | Request for Proposal | Request for Proposal | Request for Proposal
archived_2009_2022_legacy_tender_notices.csv,C:\ProcurementIntelligence\data\raw\canadabuys_tender_notices\archived_2009_2022_legacy_tender_notices.csv,6555180,noticeType-avisType-fra,text,100.0,unclassified_asset,4,Needs manual commercial review.,Demande de propositions | Demande de propositions | Demande de propositions | Demande de propositions | Demande de propositions
archived_2009_2022_legacy_tender_notices.csv,C:\ProcurementIntelligence\data\raw\canadabuys_tender_notices\archived_2009_2022_legacy_tender_notices.csv,6555180,referenceNumber-numeroReference,text,100.0,unclassified_asset,4,Needs manual commercial review.,PW-15-00695772 | PW-18-00813184 | PW-21-00979956 | PW-14-00612246 | PW-_PWB-008-3754
archived_2009_2022_legacy_tender_notices.csv,C:\ProcurementIntelligence\data\raw\canadabuys_tender_notices\archived_2009_2022_legacy_tender_notices.csv,6555180,regionsOfDelivery-regionsLivraison-eng,text,100.0,unclassified_asset,4,Needs manual commercial review.,*Newfoundland and Labrador | *British Columbia | *British Columbia | *British Columbia | *New Brunswick
archived_2009_2022_legacy_tender_notices.csv,C:\ProcurementIntelligence\data\raw\canadabuys_tender_notices\archived_2009_2022_legacy_tender_notices.csv,6555180,regionsOfDelivery-regionsLivraison-fra,text,100.0,unclassified_asset,4,Needs manual commercial review.,*Terre-Neuve-et-Labrador | *Colombie-Britannique | *Colombie-Britannique | *Colombie-Britannique | *Nouveau-Brunswick
archived_2009_2022_legacy_tender_notices.csv,C:\ProcurementIntelligence\data\raw\canadabuys_tender_notices\archived_2009_2022_legacy_tender_notices.csv,6555180,regionsOfOpportunity-regionAppelOffres-eng,text,64.6,unclassified_asset,4,Needs manual commercial review.,*Newfoundland and Labrador | *British Columbia | *British Columbia | *Canada | *Manitoba
archived_2009_2022_legacy_tender_notices.csv,C:\ProcurementIntelligence\data\raw\canadabuys_tender_notices\archived_2009_2022_legacy_tender_notices.csv,6555180,regionsOfOpportunity-regionAppelOffres-fra,text,64.6,unclassified_asset,4,Needs manual commercial review.,*Terre-Neuve-et-Labrador | *Colombie-Britannique | *Colombie-Britannique | *Canada | *Manitoba
archived_2009_2022_legacy_tender_notices.csv,C:\ProcurementIntelligence\data\raw\canadabuys_tender_notices\archived_2009_2022_legacy_tender_notices.csv,6555180,selectionCriteria-criteresSelection-eng,text,24.0,unclassified_asset,4,Needs manual commercial review.,Lowest Price | Lowest Price | Lowest Price | Lowest Price | Lowest Price
archived_2009_2022_legacy_tender_notices.csv,C:\ProcurementIntelligence\data\raw\canadabuys_tender_notices\archived_2009_2022_legacy_tender_notices.csv,6555180,selectionCriteria-criteresSelection-fra,text,24.0,unclassified_asset,4,Needs manual commercial review.,Prix le plus bas | Prix le plus bas | Prix le plus bas | Prix le plus bas | Prix le plus bas
archived_2009_2022_legacy_tender_notices.csv,C:\ProcurementIntelligence\data\raw\canadabuys_tender_notices\archived_2009_2022_legacy_tender_notices.csv,6555180,solicitationNumber-numeroSollicitation,text,100.0,unclassified_asset,4,Needs manual commercial review.,FP802-150091 | 5P420-17-5464/A | 30001797 | 465-1-33-C11 | EC016-161791/A
archived_2009_2022_legacy_tender_notices.csv,C:\ProcurementIntelligence\data\raw\canadabuys_tender_notices\archived_2009_2022_legacy_tender_notices.csv,6555180,tenderStatus-appelOffresStatut-eng,text,100.0,unclassified_asset,4,Needs manual commercial review.,Expired | Cancelled | Expired | Expired | Expired
archived_2009_2022_legacy_tender_notices.csv,C:\ProcurementIntelligence\data\raw\canadabuys_tender_notices\archived_2009_2022_legacy_tender_notices.csv,6555180,tenderStatus-appelOffresStatut-fra,text,100.0,unclassified_asset,4,Needs manual commercial review.,Expiré | Annulé | Expiré | Expiré | Expiré
archived_2009_2022_legacy_tender_notices.csv,C:\ProcurementIntelligence\data\raw\canadabuys_tender_notices\archived_2009_2022_legacy_tender_notices.csv,6555180,tradeAgreements-accordsCommerciaux-eng,text,99.6,unclassified_asset,4,Needs manual commercial review.,*Agreement on Internal Trade (AIT) | *Agreement on Internal Trade (AIT) | *Canadian Free Trade Agreement (CFTA) | *None | *Agreement on Internal Trade (AIT)
archived_2009_2022_legacy_tender_notices.csv,C:\ProcurementIntelligence\data\raw\canadabuys_tender_notices\archived_2009_2022_legacy_tender_notices.csv,6555180,tradeAgreements-accordsCommerciaux-fra,text,99.6,unclassified_asset,4,Needs manual commercial review.,*Accord sur le commerce intérieur (ACI) | *Accord sur le commerce intérieur (ACI) | *Accord de libre-échange canadien (ALEC) | *Aucun | *Accord sur le commerce intérieur (ACI)
legacy_award_notices_2012_to_2022_08_prior_to_canadabuys.csv,C:\ProcurementIntelligence\data\raw\canadabuys_award_notices\legacy_award_notices_2012_to_2022_08_prior_to_canadabuys.csv,1964356,awardStatus-attributionStatut-eng,text,100.0,unclassified_asset,4,Needs manual commercial review.,Active | Active | Active | Active | Active
legacy_award_notices_2012_to_2022_08_prior_to_canadabuys.csv,C:\ProcurementIntelligence\data\raw\canadabuys_award_notices\legacy_award_notices_2012_to_2022_08_prior_to_canadabuys.csv,1964356,awardStatus-attributionStatut-fra,text,100.0,unclassified_asset,4,Needs manual commercial review.,Actif | Actif | Actif | Actif | Actif
legacy_award_notices_2012_to_2022_08_prior_to_canadabuys.csv,C:\ProcurementIntelligence\data\raw\canadabuys_award_notices\legacy_award_notices_2012_to_2022_08_prior_to_canadabuys.csv,1964356,contractCurrency-contratMonnaie,text,100.0,unclassified_asset,4,Needs manual commercial review.,CAD | CAD | CAD | CAD | CAD
legacy_award_notices_2012_to_2022_08_prior_to_canadabuys.csv,C:\ProcurementIntelligence\data\raw\canadabuys_award_notices\legacy_award_notices_2012_to_2022_08_prior_to_canadabuys.csv,1964356,contractNumber-numeroContrat,text,100.0,unclassified_asset,4,Needs manual commercial review.,W8484-127434/001/EEM | W8484-127337/001/ZM | W7714-135724/001/ZM | W8482-121238/001/ZM | W6399-13EA54/001/ZM
legacy_award_notices_2012_to_2022_08_prior_to_canadabuys.csv,C:\ProcurementIntelligence\data\raw\canadabuys_award_notices\legacy_award_notices_2012_to_2022_08_prior_to_canadabuys.csv,1964356,endUserEntitiesName-nomEntitesUtilisateurFinal-eng,text,100.0,unclassified_asset,4,Needs manual commercial review.,Department of National Defence | Department of National Defence | Department of National Defence | Department of National Defence | Department of National Defence
legacy_award_notices_2012_to_2022_08_prior_to_canadabuys.csv,C:\ProcurementIntelligence\data\raw\canadabuys_award_notices\legacy_award_notices_2012_to_2022_08_prior_to_canadabuys.csv,1964356,endUserEntitiesName-nomEntitesUtilisateurFinal-fra,text,100.0,unclassified_asset,4,Needs manual commercial review.,Ministère de la défense nationale | Ministère de la défense nationale | Ministère de la défense nationale | Ministère de la défense nationale | Ministère de la défense nationale
legacy_award_notices_2012_to_2022_08_prior_to_canadabuys.csv,C:\ProcurementIntelligence\data\raw\canadabuys_award_notices\legacy_award_notices_2012_to_2022_08_prior_to_canadabuys.csv,1964356,limitedTenderingReason-raisonAppelOffresLimite-eng,empty_or_unknown,0.0,unclassified_asset,4,Needs manual commercial review.,
legacy_award_notices_2012_to_2022_08_prior_to_canadabuys.csv,C:\ProcurementIntelligence\data\raw\canadabuys_award_notices\legacy_award_notices_2012_to_2022_08_prior_to_canadabuys.csv,1964356,limitedTenderingReason-raisonAppelOffresLimite-fra,empty_or_unknown,0.0,unclassified_asset,4,Needs manual commercial review.,
legacy_award_notices_2012_to_2022_08_prior_to_canadabuys.csv,C:\ProcurementIntelligence\data\raw\canadabuys_award_notices\legacy_award_notices_2012_to_2022_08_prior_to_canadabuys.csv,1964356,noticeType-avisType-eng,empty_or_unknown,0.0,unclassified_asset,4,Needs manual commercial review.,
legacy_award_notices_2012_to_2022_08_prior_to_canadabuys.csv,C:\ProcurementIntelligence\data\raw\canadabuys_award_notices\legacy_award_notices_2012_to_2022_08_prior_to_canadabuys.csv,1964356,noticeType-avisType-fra,empty_or_unknown,0.0,unclassified_asset,4,Needs manual commercial review.,
legacy_award_notices_2012_to_2022_08_prior_to_canadabuys.csv,C:\ProcurementIntelligence\data\raw\canadabuys_award_notices\legacy_award_notices_2012_to_2022_08_prior_to_canadabuys.csv,1964356,referenceNumber-numeroReference,text,100.0,unclassified_asset,4,Needs manual commercial review.,W8484-127434:001:EEM | W8484-127337:001:ZM | W7714-135724:001:ZM | W8482-121238:001:ZM | W6399-13EA54:001:ZM
legacy_award_notices_2012_to_2022_08_prior_to_canadabuys.csv,C:\ProcurementIntelligence\data\raw\canadabuys_award_notices\legacy_award_notices_2012_to_2022_08_prior_to_canadabuys.csv,1964356,regionsOfDelivery-regionsLivraison-eng,empty_or_unknown,0.0,unclassified_asset,4,Needs manual commercial review.,
legacy_award_notices_2012_to_2022_08_prior_to_canadabuys.csv,C:\ProcurementIntelligence\data\raw\canadabuys_award_notices\legacy_award_notices_2012_to_2022_08_prior_to_canadabuys.csv,1964356,regionsOfDelivery-regionsLivraison-fra,empty_or_unknown,0.0,unclassified_asset,4,Needs manual commercial review.,
legacy_award_notices_2012_to_2022_08_prior_to_canadabuys.csv,C:\ProcurementIntelligence\data\raw\canadabuys_award_notices\legacy_award_notices_2012_to_2022_08_prior_to_canadabuys.csv,1964356,selectionCriteria-criteresSelection-eng,empty_or_unknown,0.0,unclassified_asset,4,Needs manual commercial review.,
legacy_award_notices_2012_to_2022_08_prior_to_canadabuys.csv,C:\ProcurementIntelligence\data\raw\canadabuys_award_notices\legacy_award_notices_2012_to_2022_08_prior_to_canadabuys.csv,1964356,selectionCriteria-criteresSelection-fra,empty_or_unknown,0.0,unclassified_asset,4,Needs manual commercial review.,
legacy_award_notices_2012_to_2022_08_prior_to_canadabuys.csv,C:\ProcurementIntelligence\data\raw\canadabuys_award_notices\legacy_award_notices_2012_to_2022_08_prior_to_canadabuys.csv,1964356,solicitationNumber-numeroSollicitation,text,100.0,unclassified_asset,4,Needs manual commercial review.,W8484-127434 | W8484-127337 | W7714-135724/A | W8482-121238 | W6399-13EA54/A
legacy_award_notices_2012_to_2022_08_prior_to_canadabuys.csv,C:\ProcurementIntelligence\data\raw\canadabuys_award_notices\legacy_award_notices_2012_to_2022_08_prior_to_canadabuys.csv,1964356,tradeAgreements-accordsCommerciaux-eng,empty_or_unknown,0.0,unclassified_asset,4,Needs manual commercial review.,
legacy_award_notices_2012_to_2022_08_prior_to_canadabuys.csv,C:\ProcurementIntelligence\data\raw\canadabuys_award_notices\legacy_award_notices_2012_to_2022_08_prior_to_canadabuys.csv,1964356,tradeAgreements-accordsCommerciaux-fra,empty_or_unknown,0.0,unclassified_asset,4,Needs manual commercial review.,
legacy_contract_history_2009_01_to_2023_05_prior_to_canadabuys.csv,C:\ProcurementIntelligence\data\raw\canadabuys_contract_history\legacy_contract_history_2009_01_to_2023_05_prior_to_canadabuys.csv,3345293,contractCurrency-contratMonnaie,text,100.0,unclassified_asset,4,Needs manual commercial review.,CAD | CAD | CAD | CAD | CAD
legacy_contract_history_2009_01_to_2023_05_prior_to_canadabuys.csv,C:\ProcurementIntelligence\data\raw\canadabuys_contract_history\legacy_contract_history_2009_01_to_2023_05_prior_to_canadabuys.csv,3345293,contractNumber-numeroContrat,text,100.0,unclassified_asset,4,Needs manual commercial review.,E60ZN-15TSSO/130/ZN | E60ZN-15TSSO/131/ZN | E60ZN-15TSSO/132/ZN | E60ZN-15TSSO/133/ZN | E60ZN-15TSSO/134/ZN
legacy_contract_history_2009_01_to_2023_05_prior_to_canadabuys.csv,C:\ProcurementIntelligence\data\raw\canadabuys_contract_history\legacy_contract_history_2009_01_to_2023_05_prior_to_canadabuys.csv,3345293,contractStatus-statutContrat-eng,empty_or_unknown,0.0,unclassified_asset,4,Needs manual commercial review.,
legacy_contract_history_2009_01_to_2023_05_prior_to_canadabuys.csv,C:\ProcurementIntelligence\data\raw\canadabuys_contract_history\legacy_contract_history_2009_01_to_2023_05_prior_to_canadabuys.csv,3345293,contractStatus-statutContrat-fra,empty_or_unknown,0.0,unclassified_asset,4,Needs manual commercial review.,
legacy_contract_history_2009_01_to_2023_05_prior_to_canadabuys.csv,C:\ProcurementIntelligence\data\raw\canadabuys_contract_history\legacy_contract_history_2009_01_to_2023_05_prior_to_canadabuys.csv,3345293,endUserEntitiesName-nomEntitesUtilisateurFinal-eng,text,100.0,unclassified_asset,4,Needs manual commercial review.,Public Works and Government Services Canada | Public Works and Government Services Canada | Public Works and Government Services Canada | Public Works and Government Services Canada | Public Works and Government Services Canada
legacy_contract_history_2009_01_to_2023_05_prior_to_canadabuys.csv,C:\ProcurementIntelligence\data\raw\canadabuys_contract_history\legacy_contract_history_2009_01_to_2023_05_prior_to_canadabuys.csv,3345293,endUserEntitiesName-nomEntitesUtilisateurFinal-fra,text,100.0,unclassified_asset,4,Needs manual commercial review.,Travaux publics et Services gouvernementaux Canada | Travaux publics et Services gouvernementaux Canada | Travaux publics et Services gouvernementaux Canada | Travaux publics et Services gouvernementaux Canada | Travaux publics et Services gouvernementaux Canada
legacy_contract_history_2009_01_to_2023_05_prior_to_canadabuys.csv,C:\ProcurementIntelligence\data\raw\canadabuys_contract_history\legacy_contract_history_2009_01_to_2023_05_prior_to_canadabuys.csv,3345293,endUserEntitiesOfficeName-bureauNomEntitesUtilisateurFinal-eng,text,99.2,unclassified_asset,4,Needs manual commercial review.,PROCUREMENT STRATEGIES DIV. | PROCUREMENT STRATEGIES DIV. | PROCUREMENT STRATEGIES DIV. | PROCUREMENT STRATEGIES DIV. | PROCUREMENT STRATEGIES DIV.
legacy_contract_history_2009_01_to_2023_05_prior_to_canadabuys.csv,C:\ProcurementIntelligence\data\raw\canadabuys_contract_history\legacy_contract_history_2009_01_to_2023_05_prior_to_canadabuys.csv,3345293,endUserEntitiesOfficeName-bureauNomEntitesUtilisateurFinal-fra,text,100.0,unclassified_asset,4,Needs manual commercial review.,DIV.STRATEGIES ACQUISITION | DIV.STRATEGIES ACQUISITION | DIV.STRATEGIES ACQUISITION | DIV.STRATEGIES ACQUISITION | DIV.STRATEGIES ACQUISITION
legacy_contract_history_2009_01_to_2023_05_prior_to_canadabuys.csv,C:\ProcurementIntelligence\data\raw\canadabuys_contract_history\legacy_contract_history_2009_01_to_2023_05_prior_to_canadabuys.csv,3345293,limitedTenderingReason-raisonAppelOffresLimite-eng,text,7.8,unclassified_asset,4,Needs manual commercial review.,Exclusive Rights | Exclusive Rights | Additional Deliveries | Additional Deliveries | Exclusive Rights
legacy_contract_history_2009_01_to_2023_05_prior_to_canadabuys.csv,C:\ProcurementIntelligence\data\raw\canadabuys_contract_history\legacy_contract_history_2009_01_to_2023_05_prior_to_canadabuys.csv,3345293,limitedTenderingReason-raisonAppelOffresLimite-fra,text,7.8,unclassified_asset,4,Needs manual commercial review.,Droits exclusifs | Droits exclusifs | Livraisons supplémentaires | Livraisons supplémentaires | Droits exclusifs
legacy_contract_history_2009_01_to_2023_05_prior_to_canadabuys.csv,C:\ProcurementIntelligence\data\raw\canadabuys_contract_history\legacy_contract_history_2009_01_to_2023_05_prior_to_canadabuys.csv,3345293,noticeType-avisType-eng,empty_or_unknown,0.0,unclassified_asset,4,Needs manual commercial review.,
legacy_contract_history_2009_01_to_2023_05_prior_to_canadabuys.csv,C:\ProcurementIntelligence\data\raw\canadabuys_contract_history\legacy_contract_history_2009_01_to_2023_05_prior_to_canadabuys.csv,3345293,noticeType-avisType-fra,empty_or_unknown,0.0,unclassified_asset,4,Needs manual commercial review.,
legacy_contract_history_2009_01_to_2023_05_prior_to_canadabuys.csv,C:\ProcurementIntelligence\data\raw\canadabuys_contract_history\legacy_contract_history_2009_01_to_2023_05_prior_to_canadabuys.csv,3345293,numberOfRecords-nombreEnregistrements,numeric,100.0,unclassified_asset,4,Needs manual commercial review.,5 | 4 | 4 | 4 | 5
legacy_contract_history_2009_01_to_2023_05_prior_to_canadabuys.csv,C:\ProcurementIntelligence\data\raw\canadabuys_contract_history\legacy_contract_history_2009_01_to_2023_05_prior_to_canadabuys.csv,3345293,referenceNumber-numeroReference,text,100.0,unclassified_asset,4,Needs manual commercial review.,E60ZN-15TSSO/130/ZN | E60ZN-15TSSO/131/ZN | E60ZN-15TSSO/132/ZN | E60ZN-15TSSO/133/ZN | E60ZN-15TSSO/134/ZN
legacy_contract_history_2009_01_to_2023_05_prior_to_canadabuys.csv,C:\ProcurementIntelligence\data\raw\canadabuys_contract_history\legacy_contract_history_2009_01_to_2023_05_prior_to_canadabuys.csv,3345293,regionsOfDelivery-regionsLivraison-eng,empty_or_unknown,0.0,unclassified_asset,4,Needs manual commercial review.,
legacy_contract_history_2009_01_to_2023_05_prior_to_canadabuys.csv,C:\ProcurementIntelligence\data\raw\canadabuys_contract_history\legacy_contract_history_2009_01_to_2023_05_prior_to_canadabuys.csv,3345293,regionsOfDelivery-regionsLivraison-fra,empty_or_unknown,0.0,unclassified_asset,4,Needs manual commercial review.,
legacy_contract_history_2009_01_to_2023_05_prior_to_canadabuys.csv,C:\ProcurementIntelligence\data\raw\canadabuys_contract_history\legacy_contract_history_2009_01_to_2023_05_prior_to_canadabuys.csv,3345293,selectionCriteria-criteresSelection-eng,text,92.2,unclassified_asset,4,Needs manual commercial review.,Highest Combined Rating of Technical Merit and Price | Highest Combined Rating of Technical Merit and Price | Highest Combined Rating of Technical Merit and Price | Highest Combined Rating of Technical Merit and Price | Highest Combined Rating of Technical Merit and Price
legacy_contract_history_2009_01_to_2023_05_prior_to_canadabuys.csv,C:\ProcurementIntelligence\data\raw\canadabuys_contract_history\legacy_contract_history_2009_01_to_2023_05_prior_to_canadabuys.csv,3345293,selectionCriteria-criteresSelection-fra,text,92.2,unclassified_asset,4,Needs manual commercial review.,Cote combinée la plus élevée pour le mérite technique et le prix | Cote combinée la plus élevée pour le mérite technique et le prix | Cote combinée la plus élevée pour le mérite technique et le prix | Cote combinée la plus élevée pour le mérite technique et le prix | Cote combinée la plus élevée pour le mérite technique et le prix
legacy_contract_history_2009_01_to_2023_05_prior_to_canadabuys.csv,C:\ProcurementIntelligence\data\raw\canadabuys_contract_history\legacy_contract_history_2009_01_to_2023_05_prior_to_canadabuys.csv,3345293,solicitationNumber-numeroSollicitation,empty_or_unknown,0.0,unclassified_asset,4,Needs manual commercial review.,
legacy_contract_history_2009_01_to_2023_05_prior_to_canadabuys.csv,C:\ProcurementIntelligence\data\raw\canadabuys_contract_history\legacy_contract_history_2009_01_to_2023_05_prior_to_canadabuys.csv,3345293,tradeAgreements-accordsCommerciaux-eng,text,95.8,unclassified_asset,4,Needs manual commercial review.,*World Trade Organization Agreement on Government Procurement (WTO GPA) *Canada-Chile Free Trade Agreement (CCFTA) * Oth... | *Canada-Panama Free Trade Agreement *Canada-European Union Comprehensive Economic and Trade Agreement (CETA) *Canada-Per... | *World Trade Organization Agreement on Government Procurement (WTO GPA) *Canada-Chile Free Trade Agreement (CCFTA) * Oth... | * Other trade agreements not listed here may apply *Canada-Peru Free Trade Agreement (CPFTA) *Canada-Chile Free Trade Ag... | * Other trade agreements not listed here may apply *Canada-European Union Comprehensive Economic and Trade Agreement (CE...
legacy_contract_history_2009_01_to_2023_05_prior_to_canadabuys.csv,C:\ProcurementIntelligence\data\raw\canadabuys_contract_history\legacy_contract_history_2009_01_to_2023_05_prior_to_canadabuys.csv,3345293,tradeAgreements-accordsCommerciaux-fra,text,95.8,unclassified_asset,4,Needs manual commercial review.,*Accord sur les marchés publics de l'Organisation mondiale du commerce (AMP-OMC) *Accord de libre-échange Canada-Chili (... | *Accord de libre-échange Canada-Panama *Accord économique et commercial global (AECG) entre le Canada et l’Union europée... | *Accord sur les marchés publics de l'Organisation mondiale du commerce (AMP-OMC) *Accord de libre-échange Canada-Chili (... | *d'autres accords commerciaux non répertoriés ici peuvent s'appliquer *Accord de libre-échange Canada-Pérou (ALECP) *Acc... | *d'autres accords commerciaux non répertoriés ici peuvent s'appliquer *Accord économique et commercial global (AECG) ent...
