plu_classification_id,grounded_statement_id,notice_id,opportunity_title,source_file,plu_id,context_family,context_type,canonical_object,downstream_route,matched_pattern,confidence,classification_status,source_statement,created_at
PLUC-000001,GSTMT-000001,4238a30a23b544cf94743e18c87feccb,Selective Service System Website Modernization,4238a30a23b544cf94743e18c87feccb_1.bin,PLU-PROP-001,Proposal,Proposal Structure,Proposal Structure,Proposal Intelligence,proposal volume,0.86,classified,"Selective Service System Website Modernization FAQ June 18, 2026 Section 1 – Solicitation Administration & Proposal Submission Q1.1 – Proposal volume clarification - Section L 2.a states four (4) separately submitted bound Volumes but then enumerates five Volumes (I, II, III, IV, V).",2026-06-24 22:37:18
PLUC-000002,GSTMT-000002,4238a30a23b544cf94743e18c87feccb,Selective Service System Website Modernization,4238a30a23b544cf94743e18c87feccb_1.bin,PLU-PROP-001,Proposal,Proposal Structure,Proposal Structure,Proposal Intelligence,proposal volume,0.86,classified,"Selective Service System Website Modernization FAQ June 18, 2026 Section 1 – Solicitation Administration & Proposal Submission Q1.1 – Proposal volume clarification - Section L 2.a states four (4) separately submitted bound Volumes but then enumerates five Volumes (I, II, III, IV, V).",2026-06-24 22:37:18
PLUC-000003,GSTMT-000005,4238a30a23b544cf94743e18c87feccb,Selective Service System Website Modernization,4238a30a23b544cf94743e18c87feccb_1.bin,PLU-PROP-001,Proposal,Proposal Structure,Proposal Structure,Proposal Intelligence,proposal volume,0.86,classified,Offerors shall submit five (5) proposal volumes as identified in the solicitation:,2026-06-24 22:37:18
PLUC-000004,GSTMT-000006,4238a30a23b544cf94743e18c87feccb,Selective Service System Website Modernization,4238a30a23b544cf94743e18c87feccb_1.bin,PLU-EVAL-003,Evaluation,Evaluation Factor,Evaluation Factor,Evaluation Intelligence,past performance,0.86,classified,• Volume I – Administrative Proposal • Volume II – Technical Proposal • Volume III – Past Performance • Volume IV – Price Proposal • Volume V – Contract Documentation Offerors should prepare and submit all five volumes in accordance with the proposal instructions and content requirements provided in the solicitation.,2026-06-24 22:37:18
PLUC-000005,GSTMT-000007,4238a30a23b544cf94743e18c87feccb,Selective Service System Website Modernization,4238a30a23b544cf94743e18c87feccb_1.bin,PLU-EVAL-003,Evaluation,Evaluation Factor,Evaluation Factor,Evaluation Intelligence,past performance,0.86,classified,• Volume I – Administrative Proposal • Volume II – Technical Proposal • Volume III – Past Performance • Volume IV – Price Proposal • Volume V – Contract Documentation Offerors should prepare and submit all five volumes in accordance with the proposal instructions and content requirements provided in the solicitation.,2026-06-24 22:37:18
PLUC-000006,GSTMT-000008,4238a30a23b544cf94743e18c87feccb,Selective Service System Website Modernization,4238a30a23b544cf94743e18c87feccb_1.bin,PLU-EVAL-003,Evaluation,Evaluation Factor,Evaluation Factor,Evaluation Intelligence,past performance,0.86,classified,• Volume I – Administrative Proposal • Volume II – Technical Proposal • Volume III – Past Performance • Volume IV – Price Proposal • Volume V – Contract Documentation Offerors should prepare and submit all five volumes in accordance with the proposal instructions and content requirements provided in the solicitation.,2026-06-24 22:37:18
PLUC-000007,GSTMT-000009,4238a30a23b544cf94743e18c87feccb,Selective Service System Website Modernization,4238a30a23b544cf94743e18c87feccb_1.bin,PLU-EVAL-003,Evaluation,Evaluation Factor,Evaluation Factor,Evaluation Intelligence,past performance,0.86,classified,• Volume I – Administrative Proposal • Volume II – Technical Proposal • Volume III – Past Performance • Volume IV – Price Proposal • Volume V – Contract Documentation Offerors should prepare and submit all five volumes in accordance with the proposal instructions and content requirements provided in the solicitation.,2026-06-24 22:37:18
PLUC-000008,GSTMT-000010,4238a30a23b544cf94743e18c87feccb,Selective Service System Website Modernization,4238a30a23b544cf94743e18c87feccb_1.bin,PLU-EVAL-002,Evaluation,Evaluation Navigation,Evaluation Navigation,Document Navigation,evaluation factors,0.86,classified,"Q1.2) Evaluation Factors -Table 1 identifies Volume V as “Factor 5 – Contract Documentation,” but Section 52.212-2 lists only four evaluation factors.",2026-06-24 22:37:18
PLUC-000009,GSTMT-000011,4238a30a23b544cf94743e18c87feccb,Selective Service System Website Modernization,4238a30a23b544cf94743e18c87feccb_1.bin,PLU-EVAL-002,Evaluation,Evaluation Navigation,Evaluation Navigation,Document Navigation,evaluation factors,0.86,classified,"Q1.2) Evaluation Factors -Table 1 identifies Volume V as “Factor 5 – Contract Documentation,” but Section 52.212-2 lists only four evaluation factors.",2026-06-24 22:37:18
PLUC-000010,GSTMT-000012,4238a30a23b544cf94743e18c87feccb,Selective Service System Website Modernization,4238a30a23b544cf94743e18c87feccb_1.bin,PLU-COMP-008,Legal and Compliance,Cybersecurity,Cybersecurity,Risk Intelligence,nist,0.86,classified,Please confirm whether Volume V is evaluated as a separate factor or treated as an administrative/compliance volume only.,2026-06-24 22:37:18
PLUC-000011,GSTMT-000013,4238a30a23b544cf94743e18c87feccb,Selective Service System Website Modernization,4238a30a23b544cf94743e18c87feccb_1.bin,PLU-COMP-008,Legal and Compliance,Cybersecurity,Cybersecurity,Risk Intelligence,nist,0.86,classified,Please confirm whether Volume V is evaluated as a separate factor or treated as an administrative/compliance volume only.,2026-06-24 22:37:18
PLUC-000012,GSTMT-000014,4238a30a23b544cf94743e18c87feccb,Selective Service System Website Modernization,4238a30a23b544cf94743e18c87feccb_1.bin,PLU-EVAL-003,Evaluation,Evaluation Factor,Evaluation Factor,Evaluation Intelligence,evaluation factor,0.86,classified,Volume V – Contract Documentation corresponds to Evaluation Factor 5.,2026-06-24 22:37:18
PLUC-000013,GSTMT-000015,4238a30a23b544cf94743e18c87feccb,Selective Service System Website Modernization,4238a30a23b544cf94743e18c87feccb_1.bin,PLU-EVAL-003,Evaluation,Evaluation Factor,Evaluation Factor,Evaluation Intelligence,evaluation factor,0.86,classified,Volume V – Contract Documentation corresponds to Evaluation Factor 5.,2026-06-24 22:37:18
PLUC-000014,GSTMT-000016,4238a30a23b544cf94743e18c87feccb,Selective Service System Website Modernization,4238a30a23b544cf94743e18c87feccb_1.bin,PLU-PROP-003,Proposal,Submission Instruction,Submission Instruction,Proposal Intelligence,shall submit,0.86,classified,Offerors shall submit Volume V in accordance with the solicitation instructions.,2026-06-24 22:37:18
PLUC-000015,GSTMT-000018,4238a30a23b544cf94743e18c87feccb,Selective Service System Website Modernization,4238a30a23b544cf94743e18c87feccb_2.bin,PLU-COMP-008,Legal and Compliance,Cybersecurity,Cybersecurity,Risk Intelligence,nist,0.86,classified,RATING BOARD (FOB) DESTINATION RATED ORDER UNDER 14.METHOD OF SOLICITATION REQUEST UNLESS BLOCK IS MARKED THE DEFENSE PRIORITIES REQUEST INVITATION FOR AND ALLOCATIONS FOR QUOTE FOR BID PROPOSAL SEE SCHEDULE SYSTEM - DPAS (15 CFR 700) (RFQ) (IFB) (RFP) 15.DELIVER TO CODE 16.ADMINISTERED BY CODE 90MC00 See Schedule Same As Issuing Office 17a.,2026-06-24 22:37:18
PLUC-000016,GSTMT-000019,4238a30a23b544cf94743e18c87feccb,Selective Service System Website Modernization,4238a30a23b544cf94743e18c87feccb_2.bin,PLU-COMP-008,Legal and Compliance,Cybersecurity,Cybersecurity,Risk Intelligence,nist,0.86,classified,RATING BOARD (FOB) DESTINATION RATED ORDER UNDER 14.METHOD OF SOLICITATION REQUEST UNLESS BLOCK IS MARKED THE DEFENSE PRIORITIES REQUEST INVITATION FOR AND ALLOCATIONS FOR QUOTE FOR BID PROPOSAL SEE SCHEDULE SYSTEM - DPAS (15 CFR 700) (RFQ) (IFB) (RFP) 15.DELIVER TO CODE 16.ADMINISTERED BY CODE 90MC00 See Schedule Same As Issuing Office 17a.,2026-06-24 22:37:18
PLUC-000017,GSTMT-000020,4238a30a23b544cf94743e18c87feccb,Selective Service System Website Modernization,4238a30a23b544cf94743e18c87feccb_3.bin,PLU-COMP-008,Legal and Compliance,Cybersecurity,Cybersecurity,Risk Intelligence,nist,0.86,classified,RATING BOARD (FOB) DESTINATION RATED ORDER UNDER 14.METHOD OF SOLICITATION REQUEST UNLESS BLOCK IS MARKED THE DEFENSE PRIORITIES REQUEST INVITATION FOR AND ALLOCATIONS FOR QUOTE FOR BID PROPOSAL SEE SCHEDULE SYSTEM - DPAS (15 CFR 700) (RFQ) (IFB) (RFP) 15.DELIVER TO CODE 16.ADMINISTERED BY CODE 90MC00 See Schedule Same As Issuing Office 17a.,2026-06-24 22:37:18
PLUC-000018,GSTMT-000021,4238a30a23b544cf94743e18c87feccb,Selective Service System Website Modernization,4238a30a23b544cf94743e18c87feccb_3.bin,PLU-COMP-008,Legal and Compliance,Cybersecurity,Cybersecurity,Risk Intelligence,nist,0.86,classified,RATING BOARD (FOB) DESTINATION RATED ORDER UNDER 14.METHOD OF SOLICITATION REQUEST UNLESS BLOCK IS MARKED THE DEFENSE PRIORITIES REQUEST INVITATION FOR AND ALLOCATIONS FOR QUOTE FOR BID PROPOSAL SEE SCHEDULE SYSTEM - DPAS (15 CFR 700) (RFQ) (IFB) (RFP) 15.DELIVER TO CODE 16.ADMINISTERED BY CODE 90MC00 See Schedule Same As Issuing Office 17a.,2026-06-24 22:37:18
PLUC-000019,GSTMT-000023,4238a30a23b544cf94743e18c87feccb,Selective Service System Website Modernization,4238a30a23b544cf94743e18c87feccb_4.bin,PLU-COMP-008,Legal and Compliance,Cybersecurity,Cybersecurity,Risk Intelligence,nist,0.86,classified,"ADMINISTERED BY CODE SSS National Headquarters (NHQ) Selective Service System, 1501 Wilson Blvd, Suite 700 Same As Issuing Office Arlington, VA, 22209, US (Number, street, county, State and ZIP Code) (X) 8.",2026-06-24 22:37:18
PLUC-000020,GSTMT-000026,4238a30a23b544cf94743e18c87feccb,Selective Service System Website Modernization,4238a30a23b544cf94743e18c87feccb_4.bin,PLU-PROP-006,Proposal,Amendment Acknowledgement,Amendment Acknowledgement,Proposal Compliance,acknowledge.*amendment,0.86,classified,"Offers must acknowledge receipt of this amendment prior to the hour and date specified in the solicitation or as amended, by one of the following methods:",2026-06-24 22:37:18
PLUC-000021,GSTMT-000032,4238a30a23b544cf94743e18c87feccb,Selective Service System Website Modernization,4238a30a23b544cf94743e18c87feccb_5.bin,PLU-SUP-001,Supplier Qualification,Past Performance,Past Performance,Supplier Capability Intelligence,questionnaire,0.86,classified,Questionnaire must be submitted via email directly to the Contracting Officer and Contract Specialist from a corporate email account.,2026-06-24 22:37:18
PLUC-000022,GSTMT-000033,4238a30a23b544cf94743e18c87feccb,Selective Service System Website Modernization,4238a30a23b544cf94743e18c87feccb_5.bin,PLU-EVAL-003,Evaluation,Evaluation Factor,Evaluation Factor,Evaluation Intelligence,past performance,0.86,classified,"If you will not be available on June 30, 2026, for verification of this past performance evaluation, please indicate another POC for the contacting officer/contract specialist to contact.",2026-06-24 22:37:18
PLUC-000023,GSTMT-000034,4238a30a23b544cf94743e18c87feccb,Selective Service System Website Modernization,4238a30a23b544cf94743e18c87feccb_5.bin,PLU-EVAL-003,Evaluation,Evaluation Factor,Evaluation Factor,Evaluation Intelligence,past performance,0.86,classified,"If you will not be available on June 30, 2026, for verification of this past performance evaluation, please indicate another POC for the contacting officer/contract specialist to contact.",2026-06-24 22:37:18
PLUC-000024,GSTMT-000036,4238a30a23b544cf94743e18c87feccb,Selective Service System Website Modernization,4238a30a23b544cf94743e18c87feccb_6.bin,PLU-COMP-008,Legal and Compliance,Cybersecurity,Cybersecurity,Risk Intelligence,nist,0.86,classified,ADMINISTERED BY (If other than Item 6) CODE 8.,2026-06-24 22:37:18
PLUC-000025,GSTMT-000039,4238a30a23b544cf94743e18c87feccb,Selective Service System Website Modernization,4238a30a23b544cf94743e18c87feccb_6.bin,PLU-PROP-006,Proposal,Amendment Acknowledgement,Amendment Acknowledgement,Proposal Compliance,acknowledge.*amendment,0.86,classified,"Offers must acknowledge receipt of this amendment prior to the hour and date specified in the solicitation or as amended, by one of the following methods:",2026-06-24 22:37:18
PLUC-000026,GSTMT-000044,dc7183e7aab342788a9dff786e444f8a,JSCG-P Cristobal Colon Base Life Support,dc7183e7aab342788a9dff786e444f8a_1.bin,PLU-COMP-008,Legal and Compliance,Cybersecurity,Cybersecurity,Risk Intelligence,nist,0.86,classified,"This is a non-personal services contract under which the personnel rendering the service(s) are not subject, either by the contract's terms or by the manner of its administration, to the supervision and control usually prevailing in relationships between the Government and its employees.",2026-06-24 22:37:18
PLUC-000027,GSTMT-000045,dc7183e7aab342788a9dff786e444f8a,JSCG-P Cristobal Colon Base Life Support,dc7183e7aab342788a9dff786e444f8a_1.bin,PLU-COMP-008,Legal and Compliance,Cybersecurity,Cybersecurity,Risk Intelligence,nist,0.86,classified,"This is a non-personal services contract under which the personnel rendering the service(s) are not subject, either by the contract's terms or by the manner of its administration, to the supervision and control usually prevailing in relationships between the Government and its employees.",2026-06-24 22:37:18
PLUC-000028,GSTMT-000050,dc7183e7aab342788a9dff786e444f8a,JSCG-P Cristobal Colon Base Life Support,dc7183e7aab342788a9dff786e444f8a_1.bin,PLU-ADM-003,Delivery and Administration,Schedule,Schedule,Schedule Intelligence,schedule,0.86,classified,Consideration must be made for local holidays due to local labor laws to maintain this schedule.,2026-06-24 22:37:18
PLUC-000029,GSTMT-000054,dc7183e7aab342788a9dff786e444f8a,JSCG-P Cristobal Colon Base Life Support,dc7183e7aab342788a9dff786e444f8a_2.bin,PLU-SUP-005,Supplier Qualification,Key Personnel,Key Personnel,Staffing Intelligence,staffing,0.86,classified,"and all necessary staffing, management and maintenance required to perform these services.",2026-06-24 22:37:18
PLUC-000030,GSTMT-000056,dc7183e7aab342788a9dff786e444f8a,JSCG-P Cristobal Colon Base Life Support,dc7183e7aab342788a9dff786e444f8a_2.bin,PLU-EVAL-001,Evaluation,Evaluation Framework,Evaluation Framework,Evaluation Intelligence,most advantageous to the government,0.86,classified,"As a result of this solicitation, the Government intends to award a Firm Fixed Price (FFP) contract resulting from this solicitation to the responsible offeror whose quote conforms to these instructions and will be most advantageous to the Government, considering the lowest price technically acce",2026-06-24 22:37:18
PLUC-000031,GSTMT-000057,dc7183e7aab342788a9dff786e444f8a,JSCG-P Cristobal Colon Base Life Support,dc7183e7aab342788a9dff786e444f8a_2.bin,PLU-EVAL-001,Evaluation,Evaluation Framework,Evaluation Framework,Evaluation Intelligence,most advantageous to the government,0.86,classified,"As a result of this solicitation, the Government intends to award a Firm Fixed Price (FFP) contract resulting from this solicitation to the responsible offeror whose quote conforms to these instructions and will be most advantageous to the Government, considering the lowest price technically acce",2026-06-24 22:37:18
PLUC-000032,GSTMT-000058,dc7183e7aab342788a9dff786e444f8a,JSCG-P Cristobal Colon Base Life Support,dc7183e7aab342788a9dff786e444f8a_2.bin,PLU-EVAL-001,Evaluation,Evaluation Framework,Evaluation Framework,Evaluation Intelligence,most advantageous to the government,0.86,classified,"As a result of this solicitation, the Government intends to award a Firm Fixed Price (FFP) contract resulting from this solicitation to the responsible offeror whose quote conforms to these instructions and will be most advantageous to the Government, considering the lowest price technically acce",2026-06-24 22:37:18
PLUC-000033,GSTMT-000059,dc7183e7aab342788a9dff786e444f8a,JSCG-P Cristobal Colon Base Life Support,dc7183e7aab342788a9dff786e444f8a_4.bin,PLU-ADM-003,Delivery and Administration,Schedule,Schedule,Schedule Intelligence,schedule,0.86,classified,METHOD OF SOLICITATION REQUEST UNLESS BLOCK IS MARKED THE DEFENSE PRIORITIES REQUEST INVITATION FOR AND ALLOCATIONS FOR QUOTE FOR BID PROPOSAL SEE SCHEDULE SYSTEM - DPAS (15 CFR 700) (RFQ) (IFB) (RFP) 15.,2026-06-24 22:37:18
PLUC-000034,GSTMT-000060,dc7183e7aab342788a9dff786e444f8a,JSCG-P Cristobal Colon Base Life Support,dc7183e7aab342788a9dff786e444f8a_4.bin,PLU-COM-007,Commercial,Payment Terms,Payment Terms,Contract Administration,invoice,0.86,classified,SUBMIT INVOICES TO ADDRESS SHOWN IN BLOCK 18a UNLESS BLOCK OFFER BELOW IS CHECKED SEE ADDENDUM 19.,2026-06-24 22:37:18
PLUC-000035,GSTMT-000061,dc7183e7aab342788a9dff786e444f8a,JSCG-P Cristobal Colon Base Life Support,dc7183e7aab342788a9dff786e444f8a_4.bin,PLU-COM-004,Commercial,Unit Price,Unit Price,Pricing Intelligence,unit price,0.86,classified,ITEM NUMBER SCHEDULE OF SUPPLIES/SERVICES QUANTITY UNIT UNIT PRICE AMOUNT (Use Reverse and/or Attach Additional Shee,2026-06-24 22:37:18
PLUC-000036,GSTMT-000062,dc7183e7aab342788a9dff786e444f8a,JSCG-P Cristobal Colon Base Life Support,dc7183e7aab342788a9dff786e444f8a_4.bin,PLU-COM-004,Commercial,Unit Price,Unit Price,Pricing Intelligence,unit price,0.86,classified,ITEM NUMBER SCHEDULE OF SUPPLIES/SERVICES QUANTITY UNIT UNIT PRICE AMOUNT (Use Reverse and/or Attach Additional Shee,2026-06-24 22:37:18
PLUC-000037,GSTMT-000063,dc7183e7aab342788a9dff786e444f8a,JSCG-P Cristobal Colon Base Life Support,dc7183e7aab342788a9dff786e444f8a_5.bin,PLU-EVAL-001,Evaluation,Evaluation Framework,Evaluation Framework,Evaluation Intelligence,basis for award,0.86,classified,52.212-2 - EVALUATION--COMMERCIAL PRODUCTS AND COMMERCIAL SERVICES (NOV 2021) Basis for Award.,2026-06-24 22:37:18
PLUC-000038,GSTMT-000064,dc7183e7aab342788a9dff786e444f8a,JSCG-P Cristobal Colon Base Life Support,dc7183e7aab342788a9dff786e444f8a_5.bin,PLU-EVAL-001,Evaluation,Evaluation Framework,Evaluation Framework,Evaluation Intelligence,most advantageous to the government,0.86,classified,"The Government will award a contract resulting from this solicitation to the responsible offeror whose offer conforming to the solicitation will be most advantageous to the Government, price and other factors considered.",2026-06-24 22:37:18
PLUC-000039,GSTMT-000066,dc7183e7aab342788a9dff786e444f8a,JSCG-P Cristobal Colon Base Life Support,dc7183e7aab342788a9dff786e444f8a_5.bin,PLU-EVAL-001,Evaluation,Evaluation Framework,Evaluation Framework,Evaluation Intelligence,lowest price technically acceptable,0.86,classified,"a) Technical Capability b) Past Performance c) Price This competitive best value selection will be conducted using the Lowest Price Technically Acceptable (LPTA) selection process in accordance with Federal Acquisition Regulation (FAR) part 13, Simplified Acquisition Procedures and FAR part 12, Acquisition of Commercial Items.",2026-06-24 22:37:18
PLUC-000040,GSTMT-000067,dc7183e7aab342788a9dff786e444f8a,JSCG-P Cristobal Colon Base Life Support,dc7183e7aab342788a9dff786e444f8a_5.bin,PLU-EVAL-001,Evaluation,Evaluation Framework,Evaluation Framework,Evaluation Intelligence,lowest price technically acceptable,0.86,classified,"a) Technical Capability b) Past Performance c) Price This competitive best value selection will be conducted using the Lowest Price Technically Acceptable (LPTA) selection process in accordance with Federal Acquisition Regulation (FAR) part 13, Simplified Acquisition Procedures and FAR part 12, Acquisition of Commercial Items.",2026-06-24 22:37:18
PLUC-000041,GSTMT-000068,dc7183e7aab342788a9dff786e444f8a,JSCG-P Cristobal Colon Base Life Support,dc7183e7aab342788a9dff786e444f8a_5.bin,PLU-EVAL-003,Evaluation,Evaluation Factor,Evaluation Factor,Evaluation Intelligence,technical capability,0.86,classified,"Although the technical capability factor is of paramount consideration in the award of the contract, past performance and price are also important to the overall contract award decision.",2026-06-24 22:37:18
PLUC-000042,GSTMT-000069,dc7183e7aab342788a9dff786e444f8a,JSCG-P Cristobal Colon Base Life Support,dc7183e7aab342788a9dff786e444f8a_5.bin,PLU-EVAL-003,Evaluation,Evaluation Factor,Evaluation Factor,Evaluation Intelligence,technical capability,0.86,classified,"Although the technical capability factor is of paramount consideration in the award of the contract, past performance and price are also important to the overall contract award decision.",2026-06-24 22:37:18
PLUC-000043,GSTMT-000070,dc7183e7aab342788a9dff786e444f8a,JSCG-P Cristobal Colon Base Life Support,dc7183e7aab342788a9dff786e444f8a_5.bin,PLU-EVAL-001,Evaluation,Evaluation Framework,Evaluation Framework,Evaluation Intelligence,award will be made,0.86,classified,"One award will be made to the offeror who is deemed responsible in accordance with FAR Part 9, whose quote conforms to the solicitations requirements and is the lowest evaluated price with an “Acceptable” rating in the technical capability assessment.",2026-06-24 22:37:18
PLUC-000044,GSTMT-000071,dc7183e7aab342788a9dff786e444f8a,JSCG-P Cristobal Colon Base Life Support,dc7183e7aab342788a9dff786e444f8a_5.bin,PLU-EVAL-001,Evaluation,Evaluation Framework,Evaluation Framework,Evaluation Intelligence,award will be made,0.86,classified,"One award will be made to the offeror who is deemed responsible in accordance with FAR Part 9, whose quote conforms to the solicitations requirements and is the lowest evaluated price with an “Acceptable” rating in the technical capability assessment.",2026-06-24 22:37:18
PLUC-000045,GSTMT-000072,dc7183e7aab342788a9dff786e444f8a,JSCG-P Cristobal Colon Base Life Support,dc7183e7aab342788a9dff786e444f8a_5.bin,PLU-EVAL-006,Evaluation,Evaluation Constraint,Evaluation Constraint,Evaluation Intelligence,will not receive higher ratings,0.86,classified,Quotes that exceed the evaluation criteria will not receive higher ratings.,2026-06-24 22:37:18
PLUC-000046,GSTMT-000074,dc7183e7aab342788a9dff786e444f8a,JSCG-P Cristobal Colon Base Life Support,dc7183e7aab342788a9dff786e444f8a_5.bin,PLU-EVAL-003,Evaluation,Evaluation Factor,Evaluation Factor,Evaluation Intelligence,price.*factor,0.86,classified,The LPTA source selection process does not permit tradeoffs between price and non-price factors.,2026-06-24 22:37:18
PLUC-000047,GSTMT-000077,dc7183e7aab342788a9dff786e444f8a,JSCG-P Cristobal Colon Base Life Support,dc7183e7aab342788a9dff786e444f8a_6.bin,PLU-COMP-008,Legal and Compliance,Cybersecurity,Cybersecurity,Risk Intelligence,nist,0.86,classified,ADMINISTERED BY (If other than Item 6) CODE 8.,2026-06-24 22:37:18
PLUC-000048,GSTMT-000080,dc7183e7aab342788a9dff786e444f8a,JSCG-P Cristobal Colon Base Life Support,dc7183e7aab342788a9dff786e444f8a_6.bin,PLU-PROP-006,Proposal,Amendment Acknowledgement,Amendment Acknowledgement,Proposal Compliance,acknowledge.*amendment,0.86,classified,"Offers must acknowledge receipt of this amendment prior to the hour and date specified in the solicitation or as amended, by one of the following methods:",2026-06-24 22:37:18
PLUC-000049,GSTMT-000085,b9d0ecdbad264ff4a301649e05fdf09f,Socket Head Cap Screws,b9d0ecdbad264ff4a301649e05fdf09f_2.bin,PLU-COM-001,Commercial,Pricing Structure,Pricing Structure,Pricing Intelligence,delivered prices,0.86,classified,REQUEST FOR QUOTATION SPMYM326Q1137 ** THIS IS NOT AN ORDER ** PLEASE PROVIDE DELIVERED PRICES (FOB DESTINATION) REFERENCE/PR:,2026-06-24 22:37:18
PLUC-000050,GSTMT-000088,b9d0ecdbad264ff4a301649e05fdf09f,Socket Head Cap Screws,b9d0ecdbad264ff4a301649e05fdf09f_2.bin,PLU-SUP-008,Supplier Qualification,Registration,Registration,Eligibility Intelligence,\bsam\b,0.86,classified,"DLA-KME-QUOTATIONS@DLA.MIL *** PLEASE FILL OUT THIS FORM COMPLETELY*** ** In accordance with FAR 52.204-7(b)(1), an Offeror is required to be registered in SAM when submitting an offer or quotation, and must be listed as active, to prevent unduly delaying award.",2026-06-24 22:37:18
PLUC-000051,GSTMT-000090,b9d0ecdbad264ff4a301649e05fdf09f,Socket Head Cap Screws,b9d0ecdbad264ff4a301649e05fdf09f_2.bin,PLU-COM-001,Commercial,Pricing Structure,Pricing Structure,Pricing Intelligence,price list,0.86,classified,PRICE LISTING/GSA Is this a PRICE LISTED item?,2026-06-24 22:37:18
PLUC-000052,GSTMT-000091,b9d0ecdbad264ff4a301649e05fdf09f,Socket Head Cap Screws,b9d0ecdbad264ff4a301649e05fdf09f_2.bin,PLU-COM-001,Commercial,Pricing Structure,Pricing Structure,Pricing Intelligence,price list,0.86,classified,"If Yes, include copy of price list with your quote.",2026-06-24 22:37:18
PLUC-000053,GSTMT-000092,b9d0ecdbad264ff4a301649e05fdf09f,Socket Head Cap Screws,b9d0ecdbad264ff4a301649e05fdf09f_2.bin,PLU-COM-001,Commercial,Pricing Structure,Pricing Structure,Pricing Intelligence,price list,0.86,classified,"If Yes, include copy of price list with your quote.",2026-06-24 22:37:18
PLUC-000054,GSTMT-000094,b9d0ecdbad264ff4a301649e05fdf09f,Socket Head Cap Screws,b9d0ecdbad264ff4a301649e05fdf09f_3.bin,PLU-COM-003,Commercial,Price Schedule,Price Schedule,Pricing Intelligence,line item,0.86,classified,CONTRACT DATA REQUIREMENTS LIST (2 DATA ITEMS) A.CONTRACT LINE ITEM NO.,2026-06-24 22:37:18
PLUC-000055,GSTMT-000095,b9d0ecdbad264ff4a301649e05fdf09f,Socket Head Cap Screws,b9d0ecdbad264ff4a301649e05fdf09f_3.bin,PLU-META-002,Metadata and Structure,Exhibit,Exhibit,Document Structure Intelligence,exhibit,0.86,classified,B.EXHIBIT C.CATEGORY 0001 A TDP TM ______ OTHER______ D.SYSTEM/ITEM E.CONTRACT/PR NO.,2026-06-24 22:37:18
PLUC-000056,GSTMT-000096,b9d0ecdbad264ff4a301649e05fdf09f,Socket Head Cap Screws,b9d0ecdbad264ff4a301649e05fdf09f_3.bin,PLU-SUP-003,Supplier Qualification,Certification,Certification,Supplier Capability Intelligence,certification,0.86,classified,SUBTITLE CERTIFICATION OF QUALITY A001 CERTIFICATE OF COMPLIANCE COMPLIANCE 4.,2026-06-24 22:37:18
PLUC-000057,GSTMT-000097,b9d0ecdbad264ff4a301649e05fdf09f,Socket Head Cap Screws,b9d0ecdbad264ff4a301649e05fdf09f_3.bin,PLU-TECH-004,Technical,Product Requirement,Product Requirement,Product Intelligence,materials?,0.86,classified,2 CODE 245 7.DD 250 REQ 9.DIST 10.FREQUENCY 12.DATE OF 1st 14.DISTRIBUTION STATEMENT SUBMISSION a.ADDRESSEE b.COPIES REQUIRED DD One Time With Material DRAFT FINAL A 8.,2026-06-24 22:37:18
PLUC-000058,GSTMT-000101,b9d0ecdbad264ff4a301649e05fdf09f,Socket Head Cap Screws,b9d0ecdbad264ff4a301649e05fdf09f_3.bin,PLU-SUP-003,Supplier Qualification,Certification,Certification,Supplier Capability Intelligence,certification,0.86,classified,SUBTITLE CHEMICAL & MECHANICAL CERTIFICATION A002 CERTIFICATION DATA / REPORT 4.AUTHORITY 5.CONTRACT REFERENCE 6.,2026-06-24 22:37:18
PLUC-000059,GSTMT-000102,b9d0ecdbad264ff4a301649e05fdf09f,Socket Head Cap Screws,b9d0ecdbad264ff4a301649e05fdf09f_3.bin,PLU-SUP-003,Supplier Qualification,Certification,Certification,Supplier Capability Intelligence,certification,0.86,classified,SUBTITLE CHEMICAL & MECHANICAL CERTIFICATION A002 CERTIFICATION DATA / REPORT 4.AUTHORITY 5.CONTRACT REFERENCE 6.,2026-06-24 22:37:18
PLUC-000060,GSTMT-000103,b9d0ecdbad264ff4a301649e05fdf09f,Socket Head Cap Screws,b9d0ecdbad264ff4a301649e05fdf09f_3.bin,PLU-TECH-004,Technical,Product Requirement,Product Requirement,Product Intelligence,materials?,0.86,classified,3 CODE 245 7.DD 250 REQ 9.DIST 10.FREQUENCY 12.DATE OF 1st 14.DISTRIBUTION STATEMENT SUBMISSION a.ADDRESSEE b.COPIES REQUIRED One Time DD With Material DRAFT FINAL A 8.APP.,2026-06-24 22:37:18
PLUC-000061,GSTMT-000105,b9d0ecdbad264ff4a301649e05fdf09f,Socket Head Cap Screws,b9d0ecdbad264ff4a301649e05fdf09f_5.bin,PLU-COM-003,Commercial,Price Schedule,Price Schedule,Pricing Intelligence,line item,0.86,classified,CONTRACT DATA REQUIREMENTS LIST (2 DATA ITEMS) A.CONTRACT LINE ITEM NO.,2026-06-24 22:37:18
PLUC-000062,GSTMT-000106,b9d0ecdbad264ff4a301649e05fdf09f,Socket Head Cap Screws,b9d0ecdbad264ff4a301649e05fdf09f_5.bin,PLU-META-002,Metadata and Structure,Exhibit,Exhibit,Document Structure Intelligence,exhibit,0.86,classified,B.EXHIBIT C.CATEGORY 0002 B TDP TM ______ OTHER______ D.SYSTEM/ITEM E.CONTRACT/PR NO.,2026-06-24 22:37:18
PLUC-000063,GSTMT-000107,b9d0ecdbad264ff4a301649e05fdf09f,Socket Head Cap Screws,b9d0ecdbad264ff4a301649e05fdf09f_5.bin,PLU-SUP-003,Supplier Qualification,Certification,Certification,Supplier Capability Intelligence,certification,0.86,classified,SUBTITLE CERTIFICATION OF QUALITY A001 CERTIFICATE OF COMPLIANCE COMPLIANCE 4.,2026-06-24 22:37:18
PLUC-000064,GSTMT-000108,b9d0ecdbad264ff4a301649e05fdf09f,Socket Head Cap Screws,b9d0ecdbad264ff4a301649e05fdf09f_5.bin,PLU-TECH-004,Technical,Product Requirement,Product Requirement,Product Intelligence,materials?,0.86,classified,2 CODE 245 7.DD 250 REQ 9.DIST 10.FREQUENCY 12.DATE OF 1st 14.DISTRIBUTION STATEMENT SUBMISSION a.ADDRESSEE b.COPIES REQUIRED DD One Time With Material DRAFT FINAL A 8.,2026-06-24 22:37:18
PLUC-000065,GSTMT-000112,b9d0ecdbad264ff4a301649e05fdf09f,Socket Head Cap Screws,b9d0ecdbad264ff4a301649e05fdf09f_5.bin,PLU-SUP-003,Supplier Qualification,Certification,Certification,Supplier Capability Intelligence,certification,0.86,classified,SUBTITLE CHEMICAL & MECHANICAL CERTIFICATION A002 CERTIFICATION DATA / REPORT 4.AUTHORITY 5.CONTRACT REFERENCE 6.,2026-06-24 22:37:18
PLUC-000066,GSTMT-000113,b9d0ecdbad264ff4a301649e05fdf09f,Socket Head Cap Screws,b9d0ecdbad264ff4a301649e05fdf09f_5.bin,PLU-SUP-003,Supplier Qualification,Certification,Certification,Supplier Capability Intelligence,certification,0.86,classified,SUBTITLE CHEMICAL & MECHANICAL CERTIFICATION A002 CERTIFICATION DATA / REPORT 4.AUTHORITY 5.CONTRACT REFERENCE 6.,2026-06-24 22:37:18
PLUC-000067,GSTMT-000114,b9d0ecdbad264ff4a301649e05fdf09f,Socket Head Cap Screws,b9d0ecdbad264ff4a301649e05fdf09f_5.bin,PLU-TECH-004,Technical,Product Requirement,Product Requirement,Product Intelligence,materials?,0.86,classified,3 CODE 245 7.DD 250 REQ 9.DIST 10.FREQUENCY 12.DATE OF 1st 14.DISTRIBUTION STATEMENT SUBMISSION a.ADDRESSEE b.COPIES REQUIRED One Time DD With Material DRAFT FINAL A 8.APP.,2026-06-24 22:37:18
PLUC-000068,GSTMT-000116,71ca1faee86e4a5e9cbbaf154af5bd47,7195--Solar Shades - B3 PACT,71ca1faee86e4a5e9cbbaf154af5bd47_1.bin,PLU-COMP-008,Legal and Compliance,Cybersecurity,Cybersecurity,Risk Intelligence,nist,0.86,classified,ADMINISTERED BY CODE 36C246 See Delivery Schedule Department of Veterans Affairs Network Contracting Office 6 100 Emancipation Dr.,2026-06-24 22:37:18
PLUC-000069,GSTMT-000120,6934753cfbdf45f1b93928b67e93355a,Non-Research Long-Term Care facility needed for the enrichment and socialization of Non-Human Primate colony,6934753cfbdf45f1b93928b67e93355a_1.bin,PLU-EVAL-001,Evaluation,Evaluation Framework,Evaluation Framework,Evaluation Intelligence,most advantageous to the government,0.86,classified,"The Government will award a firm-fixed-price contract resulting from this combined synopsis/solicitation to the responsible offeror whose offer, conforming to the synopsis/solicitation, will be most advantageous to the Government (as determined by the solicitation evaluation criteria).",2026-06-24 22:37:18
PLUC-000070,GSTMT-000123,5f4071db397f4714a047d288a033de87,6515--Dental Panoramic Machine,5f4071db397f4714a047d288a033de87_1.bin,PLU-PROP-003,Proposal,Submission Instruction,Submission Instruction,Proposal Intelligence,shall submit,0.86,classified,"If the contractor can provide the above-mentioned product, the contractor SHALL submit product information for evaluation.",2026-06-24 22:37:18
PLUC-000071,GSTMT-000124,5f4071db397f4714a047d288a033de87,6515--Dental Panoramic Machine,5f4071db397f4714a047d288a033de87_1.bin,PLU-SUP-007,Supplier Qualification,Authorized Distributor,Authorized Distributor,Eligibility Intelligence,authorized distributor,0.86,classified,"If the contractor can provide the above items, the contractor SHALL provide a letter from the manufacturer stating they are an authorized distributor/licenser of their products.",2026-06-24 22:37:18
PLUC-000072,GSTMT-000125,5f4071db397f4714a047d288a033de87,6515--Dental Panoramic Machine,5f4071db397f4714a047d288a033de87_1.bin,PLU-SUP-007,Supplier Qualification,Authorized Distributor,Authorized Distributor,Eligibility Intelligence,authorized distributor,0.86,classified,Failure to submit an authorized distributor letter shall result in the product(s) potentially offered to be considered “grey market”.,2026-06-24 22:37:18
PLUC-000073,GSTMT-000126,441459c8d2a34c49a903966dc6678ca5,Consolidated Synopsis Aggregate Materials Black Hills National Cemetery,441459c8d2a34c49a903966dc6678ca5_1.bin,PLU-TECH-004,Technical,Product Requirement,Product Requirement,Product Intelligence,materials?,0.86,classified,National Cemetery Administration (NCA) Black Hills National Cemetery (BHNC) STATEMENT OF NEED Requirement of Aggregate Materials GENERAL INFORMATION Title of Project:,2026-06-24 22:37:18
PLUC-000074,GSTMT-000127,441459c8d2a34c49a903966dc6678ca5,Consolidated Synopsis Aggregate Materials Black Hills National Cemetery,441459c8d2a34c49a903966dc6678ca5_1.bin,PLU-TECH-004,Technical,Product Requirement,Product Requirement,Product Intelligence,materials?,0.86,classified,Aggregate Materials Requirement Black Hills National Cemetery has a requirement for the following materials:,2026-06-24 22:37:18
PLUC-000075,GSTMT-000128,441459c8d2a34c49a903966dc6678ca5,Consolidated Synopsis Aggregate Materials Black Hills National Cemetery,441459c8d2a34c49a903966dc6678ca5_1.bin,PLU-TECH-004,Technical,Product Requirement,Product Requirement,Product Intelligence,materials?,0.86,classified,The vendor shall provide material only when requested by the cemetery Contracting Officer Representative (COR).,2026-06-24 22:37:18
PLUC-000076,GSTMT-000129,441459c8d2a34c49a903966dc6678ca5,Consolidated Synopsis Aggregate Materials Black Hills National Cemetery,441459c8d2a34c49a903966dc6678ca5_1.bin,PLU-TECH-004,Technical,Product Requirement,Product Requirement,Product Intelligence,materials?,0.86,classified,The transportation/delivery of material to the cemetery will be provided by the vendor and offloaded in a designated location provided by the COR at the time of delivery.,2026-06-24 22:37:18
PLUC-000077,GSTMT-000132,441459c8d2a34c49a903966dc6678ca5,Consolidated Synopsis Aggregate Materials Black Hills National Cemetery,441459c8d2a34c49a903966dc6678ca5_1.bin,PLU-TECH-004,Technical,Product Requirement,Product Requirement,Product Intelligence,materials?,0.86,classified,The Vendor shall provide the following material upon request by the COR:,2026-06-24 22:37:18
PLUC-000078,GSTMT-000135,441459c8d2a34c49a903966dc6678ca5,Consolidated Synopsis Aggregate Materials Black Hills National Cemetery,441459c8d2a34c49a903966dc6678ca5_4.bin,PLU-SUP-002,Supplier Qualification,Corporate Experience,Corporate Experience,Supplier Capability Intelligence,comparable in size,0.86,classified,"Contractor must identify previous federal, state, local government and or private contracts completed that are comparable in size, complexity and scope to the contract being evaluated.",2026-06-24 22:37:18
PLUC-000079,GSTMT-000137,441459c8d2a34c49a903966dc6678ca5,Consolidated Synopsis Aggregate Materials Black Hills National Cemetery,441459c8d2a34c49a903966dc6678ca5_4.bin,PLU-COMP-008,Legal and Compliance,Cybersecurity,Cybersecurity,Risk Intelligence,nist,0.86,classified,List any National Cemetery Administration (NCA) contracts currently working or previously worked first followed by Non-NCA contracts.,2026-06-24 22:37:18
PLUC-000080,GSTMT-000138,441459c8d2a34c49a903966dc6678ca5,Consolidated Synopsis Aggregate Materials Black Hills National Cemetery,441459c8d2a34c49a903966dc6678ca5_4.bin,PLU-EVAL-003,Evaluation,Evaluation Factor,Evaluation Factor,Evaluation Intelligence,past performance,0.86,classified,"Past Performance Questionnaire Contract Number Contractor ( Name Address, Zip Code) Telephone Number Email Address Type of Contract Contract Dollar Value Date of Award (if not completed provide status) Type/Extent of Subcontracting Percentage of Work completed by the Contractor Description of Supply/Services provided, location & relevancy of work Address, Telephone Number & Email of the Contact Person and Position",2026-06-24 22:37:18
PLUC-000081,GSTMT-000139,441459c8d2a34c49a903966dc6678ca5,Consolidated Synopsis Aggregate Materials Black Hills National Cemetery,441459c8d2a34c49a903966dc6678ca5_4.bin,PLU-EVAL-003,Evaluation,Evaluation Factor,Evaluation Factor,Evaluation Intelligence,past performance,0.86,classified,"Past Performance Questionnaire Contract Number Contractor ( Name Address, Zip Code) Telephone Number Email Address Type of Contract Contract Dollar Value Date of Award (if not completed provide status) Type/Extent of Subcontracting Percentage of Work completed by the Contractor Description of Supply/Services provided, location & relevancy of work Address, Telephone Number & Email of the Contact Person and Position",2026-06-24 22:37:18
PLUC-000082,GSTMT-000144,441459c8d2a34c49a903966dc6678ca5,Consolidated Synopsis Aggregate Materials Black Hills National Cemetery,441459c8d2a34c49a903966dc6678ca5_5.bin,PLU-ADM-006,Delivery and Administration,Contract Administration,Contract Administration,Contract Administration,contracting officer,0.86,classified,"Additionally, should any activity result in the exposure and/or damage to any remains, container for remains (e.g., casket or urn), or outer burial container, the contractor must contact the COR, Director/Assistant Director, or Contracting Officer (CO) for guidance.",2026-06-24 22:37:18
PLUC-000083,GSTMT-000145,441459c8d2a34c49a903966dc6678ca5,Consolidated Synopsis Aggregate Materials Black Hills National Cemetery,441459c8d2a34c49a903966dc6678ca5_5.bin,PLU-ADM-006,Delivery and Administration,Contract Administration,Contract Administration,Contract Administration,\bcor\b,0.86,classified,"Any doubts as to proper procedures shall be brought to the attention of the COR, Director/Assistant Director, or",2026-06-24 22:37:18
PLUC-000084,GSTMT-000146,441459c8d2a34c49a903966dc6678ca5,Consolidated Synopsis Aggregate Materials Black Hills National Cemetery,441459c8d2a34c49a903966dc6678ca5_6.bin,PLU-COMP-008,Legal and Compliance,Cybersecurity,Cybersecurity,Risk Intelligence,nist,0.86,classified,"Department of Veterans Affairs National Cemetery Administration, Contract Services 18434 Joplin Road Triangle, VA 22172 Place of Performance:",2026-06-24 22:37:18
PLUC-000085,GSTMT-000147,441459c8d2a34c49a903966dc6678ca5,Consolidated Synopsis Aggregate Materials Black Hills National Cemetery,441459c8d2a34c49a903966dc6678ca5_6.bin,PLU-META-001,Metadata and Structure,Attachment,Attachment,Document Structure Intelligence,attachment,0.86,classified,"Black Hills National Cemetery 20901 Pleasant Valley Dr, Sturgis, SD 57785 Attachments:",2026-06-24 22:37:18
PLUC-000086,GSTMT-000148,441459c8d2a34c49a903966dc6678ca5,Consolidated Synopsis Aggregate Materials Black Hills National Cemetery,441459c8d2a34c49a903966dc6678ca5_6.bin,PLU-EVAL-003,Evaluation,Evaluation Factor,Evaluation Factor,Evaluation Intelligence,past performance,0.86,classified,"A - Statement of work B - Cemetery Operational Standards C – Dignity Clause D- Past Performance Questionnaire E- Pricing Schedule (Excel) This is a combined synopsis/solicitation for commercial services prepared in accordance with the format in Subpart 12.6, as supplemented with additional information included in this notice.",2026-06-24 22:37:18
PLUC-000087,GSTMT-000149,441459c8d2a34c49a903966dc6678ca5,Consolidated Synopsis Aggregate Materials Black Hills National Cemetery,441459c8d2a34c49a903966dc6678ca5_6.bin,PLU-EVAL-003,Evaluation,Evaluation Factor,Evaluation Factor,Evaluation Intelligence,past performance,0.86,classified,"A - Statement of work B - Cemetery Operational Standards C – Dignity Clause D- Past Performance Questionnaire E- Pricing Schedule (Excel) This is a combined synopsis/solicitation for commercial services prepared in accordance with the format in Subpart 12.6, as supplemented with additional information included in this notice.",2026-06-24 22:37:18
PLUC-000088,GSTMT-000150,441459c8d2a34c49a903966dc6678ca5,Consolidated Synopsis Aggregate Materials Black Hills National Cemetery,441459c8d2a34c49a903966dc6678ca5_6.bin,PLU-EVAL-003,Evaluation,Evaluation Factor,Evaluation Factor,Evaluation Intelligence,past performance,0.86,classified,"A - Statement of work B - Cemetery Operational Standards C – Dignity Clause D- Past Performance Questionnaire E- Pricing Schedule (Excel) This is a combined synopsis/solicitation for commercial services prepared in accordance with the format in Subpart 12.6, as supplemented with additional information included in this notice.",2026-06-24 22:37:18
PLUC-000089,GSTMT-000154,3b8ae850899e4ab298f3c2bff29ef889,Notice of Intent to Sole Source- Investigative Services  Houston Police Deparment,3b8ae850899e4ab298f3c2bff29ef889_1.bin,PLU-COMP-008,Legal and Compliance,Cybersecurity,Cybersecurity,Risk Intelligence,nist,0.86,classified,Notice of Intent #FDA-SS-26-06202026 The Food and Drug Administration intends to make sole source awards to the following:,2026-06-24 22:37:18
PLUC-000090,GSTMT-000159,3986c6c299c04c119ed7d79cb2b5cef5,Request for Information: FDA IT Infrastructure Services,3986c6c299c04c119ed7d79cb2b5cef5_1.bin,PLU-COMP-008,Legal and Compliance,Cybersecurity,Cybersecurity,Risk Intelligence,nist,0.86,classified,Food and Drug Administration REQUIRING OFFICES:,2026-06-24 22:37:18
PLUC-000091,GSTMT-000160,3986c6c299c04c119ed7d79cb2b5cef5,Request for Information: FDA IT Infrastructure Services,3986c6c299c04c119ed7d79cb2b5cef5_1.bin,PLU-COMP-001,Legal and Compliance,FAR Clause,FAR Clause,Compliance Intelligence,\bfar\b,0.86,classified,"Food and Drug Administration (FDA) is issuing this Request for Information (RFI) as a means of conducting market research, pursuant to FAR Part 10 Market Research.",2026-06-24 22:37:18
PLUC-000092,GSTMT-000164,38811fa6a48a41e0979b84f46b44b030,Cape Canaveral National Cemetery Ornamental Grass Renovation and Irrigation National Shrine Project,38811fa6a48a41e0979b84f46b44b030_1.bin,PLU-COM-001,Commercial,Pricing Structure,Pricing Structure,Pricing Intelligence,price schedule,0.86,classified,36C78626B0017 Section B SECTION B - SUPPLIES OR SERVICES AND PRICE/COSTS B.1 PRICE SCHEDULE ITEM INFORMATION ITEM DESCRIPTION OF NUMBER SUPPLIES/SERVICES QUANTITY UNIT UNIT PRICE AMOUNT 0001 1 JB __________________ __________________ Remove/Renovate/Replace Ornamental Grass and Irrigation in accordance with the attached Statement of Work Contract Period:,2026-06-24 22:37:18
PLUC-000093,GSTMT-000165,38811fa6a48a41e0979b84f46b44b030,Cape Canaveral National Cemetery Ornamental Grass Renovation and Irrigation National Shrine Project,38811fa6a48a41e0979b84f46b44b030_1.bin,PLU-COM-001,Commercial,Pricing Structure,Pricing Structure,Pricing Intelligence,price schedule,0.86,classified,36C78626B0017 Section B SECTION B - SUPPLIES OR SERVICES AND PRICE/COSTS B.1 PRICE SCHEDULE ITEM INFORMATION ITEM DESCRIPTION OF NUMBER SUPPLIES/SERVICES QUANTITY UNIT UNIT PRICE AMOUNT 0001 1 JB __________________ __________________ Remove/Renovate/Replace Ornamental Grass and Irrigation in accordance with the attached Statement of Work Contract Period:,2026-06-24 22:37:18
PLUC-000094,GSTMT-000166,38811fa6a48a41e0979b84f46b44b030,Cape Canaveral National Cemetery Ornamental Grass Renovation and Irrigation National Shrine Project,38811fa6a48a41e0979b84f46b44b030_2.bin,PLU-META-003,Metadata and Structure,Section,Section,Document Structure Intelligence,section [a-z0-9],0.86,classified,"DATE ISSUED PAGE OF PAGES SOLICITATION, OFFER, AND AWARD X SEALED BID (IFB) 1 73 05/01/2026 (Construction, Alteration, or Repair) 36C78626B0017 NEGOTIATED (RFP) IMPORTANT - The ""offer"" section on the reverse must be fully completed by offeror.",2026-06-24 22:37:18
PLUC-000095,GSTMT-000167,38811fa6a48a41e0979b84f46b44b030,Cape Canaveral National Cemetery Ornamental Grass Renovation and Irrigation National Shrine Project,38811fa6a48a41e0979b84f46b44b030_2.bin,PLU-COMP-008,Legal and Compliance,Cybersecurity,Cybersecurity,Risk Intelligence,nist,0.86,classified,ADDRESS OFFER TO Department of Veterans Affairs Daniel.kinney@va.gov National Cemetery Administration Contracting Services 18434 Joplin Road Triangle VA 22172 9.,2026-06-24 22:37:18
PLUC-000096,GSTMT-000170,38811fa6a48a41e0979b84f46b44b030,Cape Canaveral National Cemetery Ornamental Grass Renovation and Irrigation National Shrine Project,38811fa6a48a41e0979b84f46b44b030_4.bin,PLU-COMP-005,Legal and Compliance,Subcontracting Requirement,Subcontracting Requirement,Subcontracting Intelligence,subcontractor,0.86,classified,The subcontractor acknowledges that the following clauses of the contract shown in Item 1 are included in this subcontract:,2026-06-24 22:37:18
PLUC-000097,GSTMT-000171,38811fa6a48a41e0979b84f46b44b030,Cape Canaveral National Cemetery Ornamental Grass Renovation and Irrigation National Shrine Project,38811fa6a48a41e0979b84f46b44b030_4.bin,PLU-SUP-003,Supplier Qualification,Certification,Certification,Supplier Capability Intelligence,certification,0.86,classified,Contract Work Hours and Safety Standards Act - Overtime Construction Wage Rate Requirements Compensation (If included in prime contract see Block 6) Apprentices and Trainees Payrolls and Basic Records Compliance with Copeland Act Withholding of Funds Requirements Disputes Concerning Labor Standards Subcontracts (Labor Standards) Compliance with Construction Wage Rate Requirements Contract Termination - Debarment and Related Regulations Certification of Eligibility Autho,2026-06-24 22:37:18
PLUC-000098,GSTMT-000172,38811fa6a48a41e0979b84f46b44b030,Cape Canaveral National Cemetery Ornamental Grass Renovation and Irrigation National Shrine Project,38811fa6a48a41e0979b84f46b44b030_5.bin,PLU-EVAL-007,Evaluation,Scoring Rating,Scoring Rating,Evaluation Intelligence,good,0.86,classified,"an equitable and open process that serves both industry and the public good, the American National Standards Institute (ANSI, or the “Institute”) accredits standards developing organizations (SDOs) against a set of criteria to assure openness, balance, due process, and consensus in standards development – ANSI’s “Essential Requirements.” The Institute does not develop standards itself;",2026-06-24 22:37:18
PLUC-000099,GSTMT-000174,38811fa6a48a41e0979b84f46b44b030,Cape Canaveral National Cemetery Ornamental Grass Renovation and Irrigation National Shrine Project,38811fa6a48a41e0979b84f46b44b030_6.bin,PLU-COMP-008,Legal and Compliance,Cybersecurity,Cybersecurity,Risk Intelligence,nist,0.86,classified,Standard Operating Procedure National Cemetery Administration CONTRACTOR SAFETY 1.,2026-06-24 22:37:18
PLUC-000100,GSTMT-000175,38811fa6a48a41e0979b84f46b44b030,Cape Canaveral National Cemetery Ornamental Grass Renovation and Irrigation National Shrine Project,38811fa6a48a41e0979b84f46b44b030_6.bin,PLU-COMP-008,Legal and Compliance,Cybersecurity,Cybersecurity,Risk Intelligence,nist,0.86,classified,"The National Cemetery (NCA) program will establish procedures and practices that comply with VA policy, NCA policy, and current Occupational Safety and Health Administration (OSHA) Standards in providing a safe work environment for its employees and volunteers.",2026-06-24 22:37:18
PLUC-000101,GSTMT-000178,38811fa6a48a41e0979b84f46b44b030,Cape Canaveral National Cemetery Ornamental Grass Renovation and Irrigation National Shrine Project,38811fa6a48a41e0979b84f46b44b030_6.bin,PLU-EXCL-002,Exclusion,Non-Procurement Evaluation,Non-Procurement Evaluation,Exclusion Layer,implementation and evaluation of this program,0.86,classified,Facility Directors are responsible for the implementation and evaluation of this program at their facilities.,2026-06-24 22:37:18
PLUC-000102,GSTMT-000179,38811fa6a48a41e0979b84f46b44b030,Cape Canaveral National Cemetery Ornamental Grass Renovation and Irrigation National Shrine Project,38811fa6a48a41e0979b84f46b44b030_6.bin,PLU-TECH-004,Technical,Product Requirement,Product Requirement,Product Intelligence,equipment,0.86,classified,Facility Directors will ensure that employees are provided the proper equipment and training to protect them from all hazardous conditions in the workplace and comply with OSHA Standards and recognized safe work practices.,2026-06-24 22:37:18
PLUC-000103,GSTMT-000180,38811fa6a48a41e0979b84f46b44b030,Cape Canaveral National Cemetery Ornamental Grass Renovation and Irrigation National Shrine Project,38811fa6a48a41e0979b84f46b44b030_6.bin,PLU-SUP-003,Supplier Qualification,Certification,Certification,Supplier Capability Intelligence,iso,0.86,classified,Supervisors/Foremen and Collateral Duty Safety Officers (CDSO) will:,2026-06-24 22:37:18
PLUC-000104,GSTMT-000182,38811fa6a48a41e0979b84f46b44b030,Cape Canaveral National Cemetery Ornamental Grass Renovation and Irrigation National Shrine Project,38811fa6a48a41e0979b84f46b44b030_10.bin,PLU-COMP-008,Legal and Compliance,Cybersecurity,Cybersecurity,Risk Intelligence,nist,0.86,classified,"Cape Canaveral National Cemetery Shrine Project- Grass Renovation FY26 Shrine Project Cape Canaveral National Cemetery Ornamental Grass Renovation and Irrigation Shrine Project SOW General Information The Department of Veterans Affairs, National Cemetery Administration honors veterans with a final resting place and lasting memorials that commemorate their service to our Nation.",2026-06-24 22:37:18
PLUC-000105,GSTMT-000184,38811fa6a48a41e0979b84f46b44b030,Cape Canaveral National Cemetery Ornamental Grass Renovation and Irrigation National Shrine Project,38811fa6a48a41e0979b84f46b44b030_10.bin,PLU-TECH-001,Technical,Technical Specification,Technical Specification,Technical Intelligence,specifications,0.86,classified,"For this reason, the contractor’s strict adherence to the specifications shall be required and shall be essential.",2026-06-24 22:37:18
PLUC-000106,GSTMT-000196,38811fa6a48a41e0979b84f46b44b030,Cape Canaveral National Cemetery Ornamental Grass Renovation and Irrigation National Shrine Project,38811fa6a48a41e0979b84f46b44b030_13.bin,PLU-COMP-008,Legal and Compliance,Cybersecurity,Cybersecurity,Risk Intelligence,nist,0.86,classified,ADMINISTERED BY (If other than Item 6) CODE 36C786 Department of Veterans Affairs Department of Veterans Affairs National Cemetery Administration National Cemetery Administration Contracting Services Contracting Services 18434 Joplin Road 18434 Joplin Road Triangle VA 22172 Triangle VA 22172 8.,2026-06-24 22:37:18
PLUC-000107,GSTMT-000199,38811fa6a48a41e0979b84f46b44b030,Cape Canaveral National Cemetery Ornamental Grass Renovation and Irrigation National Shrine Project,38811fa6a48a41e0979b84f46b44b030_13.bin,PLU-PROP-006,Proposal,Amendment Acknowledgement,Amendment Acknowledgement,Proposal Compliance,acknowledge.*amendment,0.86,classified,"Offers must acknowledge receipt of this amendment prior to the hour and date specified in the solicitation or as amended, by one of the following methods:",2026-06-24 22:37:18
PLUC-000108,GSTMT-000205,38811fa6a48a41e0979b84f46b44b030,Cape Canaveral National Cemetery Ornamental Grass Renovation and Irrigation National Shrine Project,38811fa6a48a41e0979b84f46b44b030_15.bin,PLU-COMP-004,Legal and Compliance,Labor Requirement,Labor Requirement,Labor Intelligence,davis-bacon,0.86,classified,EMPLOYEE RIGHTS UNDER THE DAVIS-BACON ACT FOR LABORERS AND MECHANICS EMPLOYED ON FEDERAL OR FEDERALLY ASSISTED CONSTRUCTION PROJECTS PREVAILING You must be paid not less than the wage rate listed in the Davis-Bacon Wage Decision posted with this Notice for the work you perform.,2026-06-24 22:37:18
PLUC-000109,GSTMT-000208,38811fa6a48a41e0979b84f46b44b030,Cape Canaveral National Cemetery Ornamental Grass Renovation and Irrigation National Shrine Project,38811fa6a48a41e0979b84f46b44b030_15.bin,PLU-SUP-003,Supplier Qualification,Certification,Certification,Supplier Capability Intelligence,iso,0.86,classified,"A contractor who falsifies certified payroll records or induces wage kickbacks may be subject to civil or criminal prosecution, fines and/or imprisonment.",2026-06-24 22:37:18
PLUC-000110,GSTMT-000209,38811fa6a48a41e0979b84f46b44b030,Cape Canaveral National Cemetery Ornamental Grass Renovation and Irrigation National Shrine Project,38811fa6a48a41e0979b84f46b44b030_15.bin,PLU-COMP-008,Legal and Compliance,Cybersecurity,Cybersecurity,Risk Intelligence,nist,0.86,classified,Kinney Contract Specialist Department of Veterans Affairs National Cemetery Administration Email:,2026-06-24 22:37:18
PLUC-000111,GSTMT-000210,38811fa6a48a41e0979b84f46b44b030,Cape Canaveral National Cemetery Ornamental Grass Renovation and Irrigation National Shrine Project,38811fa6a48a41e0979b84f46b44b030_16.bin,PLU-SUP-003,Supplier Qualification,Certification,Certification,Supplier Capability Intelligence,certificate of compliance,0.86,classified,VAAR 852.219-75 VA NOTICE OF LIMITATIONS ON SUBCONTRACTING—CERTIFICATE OF COMPLIANCE FOR SERVICES AND CONSTRUCTION (JAN 2023) (DEVIATION) (a) Pursuant to 38 U.S.C.,2026-06-24 22:37:18
PLUC-000112,GSTMT-000211,38811fa6a48a41e0979b84f46b44b030,Cape Canaveral National Cemetery Ornamental Grass Renovation and Irrigation National Shrine Project,38811fa6a48a41e0979b84f46b44b030_16.bin,PLU-COMP-001,Legal and Compliance,FAR Clause,FAR Clause,Compliance Intelligence,\bfar\b,0.86,classified,"8127(l)(2), the offeror certifies that— (1) If awarded a contract (see FAR 2.101 definition), it will comply with the limitations on subcontracting requirement as provided in the solicitation and the resultant contract, as follows:",2026-06-24 22:37:18
PLUC-000113,GSTMT-000212,38811fa6a48a41e0979b84f46b44b030,Cape Canaveral National Cemetery Ornamental Grass Renovation and Irrigation National Shrine Project,38811fa6a48a41e0979b84f46b44b030_16.bin,PLU-SUP-003,Supplier Qualification,Certification,Certification,Supplier Capability Intelligence,certification,0.86,classified,"In the case of a contract for services (except construction), the contractor will not pay more than 50% of the amount paid by the government to it to firms that are not certified SDVOSBs listed in the SBA certification database as set forth in 852.219–73 or certified VOSBs listed in the SBA certification database as set forth in 852.219–74.",2026-06-24 22:37:18
PLUC-000114,GSTMT-000213,38811fa6a48a41e0979b84f46b44b030,Cape Canaveral National Cemetery Ornamental Grass Renovation and Irrigation National Shrine Project,38811fa6a48a41e0979b84f46b44b030_16.bin,PLU-COMP-006,Legal and Compliance,Socioeconomic Requirement,Socioeconomic Requirement,Eligibility Intelligence,small business,0.86,classified,Other direct costs may be excluded to the extent they are not the principal purpose of the acquisition and small business concerns do not provide the service as set forth in 13 CFR 125.6.,2026-06-24 22:37:18
PLUC-000115,GSTMT-000214,38811fa6a48a41e0979b84f46b44b030,Cape Canaveral National Cemetery Ornamental Grass Renovation and Irrigation National Shrine Project,38811fa6a48a41e0979b84f46b44b030_16.bin,PLU-SUP-003,Supplier Qualification,Certification,Certification,Supplier Capability Intelligence,certification,0.86,classified,"In the case of a contract for general construction, the contractor will not pay more than 85% of the amount paid by the government to it to firms that are not certified SDVOSBs listed in the SBA certification database as set forth in 852.219–73 or certified VOSBs listed in the SBA certification database as set forth in 852.219–74.",2026-06-24 22:37:18
PLUC-000116,GSTMT-000215,3164fcc003e84650b53a7bdb56485b05,"USAG DHR, Fort Bragg ID Card Services",3164fcc003e84650b53a7bdb56485b05_1.bin,PLU-ADM-001,Delivery and Administration,Deliverable,Deliverable,Delivery Intelligence,report,0.86,classified,"This is a non-personnel services contract to provide Defense Enrollment and Eligibility Reporting System (DEERS)/ Real Time Automated Personnel Identification System (RAPIDS) Common Access Card (CAC) support services for the Installation Management Command (IMCOM) at Fort Bragg, North Carolina.",2026-06-24 22:37:18
PLUC-000117,GSTMT-000216,3164fcc003e84650b53a7bdb56485b05,"USAG DHR, Fort Bragg ID Card Services",3164fcc003e84650b53a7bdb56485b05_1.bin,PLU-ADM-001,Delivery and Administration,Deliverable,Deliverable,Delivery Intelligence,report,0.86,classified,"This is a non-personnel services contract to provide Defense Enrollment and Eligibility Reporting System (DEERS)/ Real Time Automated Personnel Identification System (RAPIDS) Common Access Card (CAC) support services for the Installation Management Command (IMCOM) at Fort Bragg, North Carolina.",2026-06-24 22:37:18
PLUC-000118,GSTMT-000219,3164fcc003e84650b53a7bdb56485b05,"USAG DHR, Fort Bragg ID Card Services",3164fcc003e84650b53a7bdb56485b05_1.bin,PLU-TECH-004,Technical,Product Requirement,Product Requirement,Product Intelligence,materials?,0.86,classified,"The Contractor shall provide all personnel, equipment, supplies, facilities, transportation, tools, materials, supervision, and other items and non-personal services necessary to perform the verification and issuance of military identification (USID) and CAC cards for active duty military, Reserve and National Guard members, military retirees, family members, Department of Defense (DoD) civilians and other eligible recipients, as defined in this PWS, except for those items specified as government furnished property and services.",2026-06-24 22:37:18
PLUC-000119,GSTMT-000220,3164fcc003e84650b53a7bdb56485b05,"USAG DHR, Fort Bragg ID Card Services",3164fcc003e84650b53a7bdb56485b05_3.bin,PLU-ADM-003,Delivery and Administration,Schedule,Schedule,Schedule Intelligence,schedule,0.86,classified,METHOD OF SOLICITATION REQUEST UNLESS BLOCK IS MARKED THE DEFENSE PRIORITIES REQUEST INVITATION FOR AND ALLOCATIONS FOR QUOTE FOR BID PROPOSAL SEE SCHEDULE SYSTEM - DPAS (15 CFR 700) (RFQ) (IFB) (RFP) 15.,2026-06-24 22:37:18
PLUC-000120,GSTMT-000221,3164fcc003e84650b53a7bdb56485b05,"USAG DHR, Fort Bragg ID Card Services",3164fcc003e84650b53a7bdb56485b05_3.bin,PLU-COM-007,Commercial,Payment Terms,Payment Terms,Contract Administration,invoice,0.86,classified,SUBMIT INVOICES TO ADDRESS SHOWN IN BLOCK 18a UNLESS BLOCK OFFER BELOW IS CHECKED SEE ADDENDUM 19.,2026-06-24 22:37:18
PLUC-000121,GSTMT-000222,3164fcc003e84650b53a7bdb56485b05,"USAG DHR, Fort Bragg ID Card Services",3164fcc003e84650b53a7bdb56485b05_3.bin,PLU-COM-004,Commercial,Unit Price,Unit Price,Pricing Intelligence,unit price,0.86,classified,ITEM NUMBER SCHEDULE OF SUPPLIES/SERVICES QUANTITY UNIT UNIT PRICE AMOUNT (Use Reverse and/or Attach Additional Shee,2026-06-24 22:37:18
PLUC-000122,GSTMT-000223,3164fcc003e84650b53a7bdb56485b05,"USAG DHR, Fort Bragg ID Card Services",3164fcc003e84650b53a7bdb56485b05_3.bin,PLU-COM-004,Commercial,Unit Price,Unit Price,Pricing Intelligence,unit price,0.86,classified,ITEM NUMBER SCHEDULE OF SUPPLIES/SERVICES QUANTITY UNIT UNIT PRICE AMOUNT (Use Reverse and/or Attach Additional Shee,2026-06-24 22:37:18
PLUC-000123,GSTMT-000225,3164fcc003e84650b53a7bdb56485b05,"USAG DHR, Fort Bragg ID Card Services",3164fcc003e84650b53a7bdb56485b05_4.bin,PLU-COMP-008,Legal and Compliance,Cybersecurity,Cybersecurity,Risk Intelligence,nist,0.86,classified,ADMINISTERED BY (If other than Item 6) CODE 8.,2026-06-24 22:37:18
PLUC-000124,GSTMT-000228,3164fcc003e84650b53a7bdb56485b05,"USAG DHR, Fort Bragg ID Card Services",3164fcc003e84650b53a7bdb56485b05_4.bin,PLU-PROP-006,Proposal,Amendment Acknowledgement,Amendment Acknowledgement,Proposal Compliance,acknowledge.*amendment,0.86,classified,"Offers must acknowledge receipt of this amendment prior to the hour and date specified in the solicitation or as amended, by one of the following methods:",2026-06-24 22:37:18
PLUC-000125,GSTMT-000233,09ce44adca35468fb46ab77206c9afb7,6515--NetApp,09ce44adca35468fb46ab77206c9afb7_1.bin,PLU-COMP-008,Legal and Compliance,Cybersecurity,Cybersecurity,Risk Intelligence,nist,0.86,classified,ADMINISTERED BY CODE 36C262 Department of Veterans Affairs Department of Veterans Affairs Long Beach VA Healthcare System Network Contracting Office 22 Tibor Rubin Medical Center 4811 Airport Plaza Drive 5901 E.,2026-06-24 22:37:18
PLUC-000126,GSTMT-000235,09ce44adca35468fb46ab77206c9afb7,6515--NetApp,09ce44adca35468fb46ab77206c9afb7_2.bin,PLU-COM-003,Commercial,Price Schedule,Price Schedule,Pricing Intelligence,\bclin\b,0.86,classified,GENERAL INFORMATION PLACE OF PERFORMANCE ADDITIONAL INFORMATION DESCRIPTION Amendment to change quantity on Clin #15 from 48 to 64 Amendment to include RFQ answers Question 1 -0015 (UCS-DDR5-BLK):,2026-06-24 22:37:18
PLUC-000127,GSTMT-000236,09ce44adca35468fb46ab77206c9afb7,6515--NetApp,09ce44adca35468fb46ab77206c9afb7_2.bin,PLU-COM-003,Commercial,Price Schedule,Price Schedule,Pricing Intelligence,\bclin\b,0.86,classified,GENERAL INFORMATION PLACE OF PERFORMANCE ADDITIONAL INFORMATION DESCRIPTION Amendment to change quantity on Clin #15 from 48 to 64 Amendment to include RFQ answers Question 1 -0015 (UCS-DDR5-BLK):,2026-06-24 22:37:18
PLUC-000128,GSTMT-000237,09ce44adca35468fb46ab77206c9afb7,6515--NetApp,09ce44adca35468fb46ab77206c9afb7_2.bin,PLU-ADM-003,Delivery and Administration,Schedule,Schedule,Schedule Intelligence,schedule,0.86,classified,"Section B.3 (Price/Cost Schedule, page 8) lists a quantity of 48 units for the same item.",2026-06-24 22:37:18
PLUC-000129,GSTMT-000238,09ce44adca35468fb46ab77206c9afb7,6515--NetApp,09ce44adca35468fb46ab77206c9afb7_2.bin,PLU-ADM-003,Delivery and Administration,Schedule,Schedule,Schedule Intelligence,schedule,0.86,classified,Please confirm which quantity governs for quoting and contract performance—64 per the SOW or 48 per the Price/Cost Schedule—and issue an amendment or written clarification before the offer due date.,2026-06-24 22:37:18
PLUC-000130,GSTMT-000239,09ce44adca35468fb46ab77206c9afb7,6515--NetApp,09ce44adca35468fb46ab77206c9afb7_2.bin,PLU-ADM-003,Delivery and Administration,Schedule,Schedule,Schedule Intelligence,schedule,0.86,classified,Please confirm which quantity governs for quoting and contract performance—64 per the SOW or 48 per the Price/Cost Schedule—and issue an amendment or written clarification before the offer due date.,2026-06-24 22:37:18
PLUC-000131,GSTMT-000240,09ce44adca35468fb46ab77206c9afb7,6515--NetApp,09ce44adca35468fb46ab77206c9afb7_2.bin,PLU-COM-003,Commercial,Price Schedule,Price Schedule,Pricing Intelligence,line item,0.86,classified,"Subscription Pricing Structure Line item 0003, DC-MGT-IS-SAAS-ES (Infrastructure Services SaaS/CVA – Essentials), is a Cisco subscription-based product priced on an annual term basis rather than as a one-time purchase.",2026-06-24 22:37:18
PLUC-000132,GSTMT-000242,09ce44adca35468fb46ab77206c9afb7,6515--NetApp,09ce44adca35468fb46ab77206c9afb7_2.bin,PLU-COM-003,Commercial,Price Schedule,Price Schedule,Pricing Intelligence,line item,0.86,classified,Please confirm the intended contract duration for this subscription line item so all offerors may price it accurately and consistently.,2026-06-24 22:37:18
PLUC-000133,GSTMT-000243,09ce44adca35468fb46ab77206c9afb7,6515--NetApp,09ce44adca35468fb46ab77206c9afb7_2.bin,PLU-PROP-003,Proposal,Submission Instruction,Submission Instruction,Proposal Intelligence,offerors.*submit,0.86,classified,Question 3 — OEM Authorization Letter Requirements Section E.2.5 requires offerors to submit an OEM authorization letter dated no more than 90 days,2026-06-24 22:37:18
PLUC-000134,GSTMT-000244,09ce44adca35468fb46ab77206c9afb7,6515--NetApp,09ce44adca35468fb46ab77206c9afb7_3.bin,PLU-COMP-008,Legal and Compliance,Cybersecurity,Cybersecurity,Risk Intelligence,nist,0.86,classified,ADMINISTERED BY CODE 36C262 Department of Veterans Affairs Department of Veterans Affairs Long Beach VA Healthcare System Network Contracting Office 22 Tibor Rubin Medical Center 4811 Airport Plaza Drive 5901 E.,2026-06-24 22:37:18
PLUC-000135,GSTMT-000245,09ce44adca35468fb46ab77206c9afb7,6515--NetApp,09ce44adca35468fb46ab77206c9afb7_4.bin,PLU-COMP-008,Legal and Compliance,Cybersecurity,Cybersecurity,Risk Intelligence,nist,0.86,classified,GENERAL INFORMATION PLACE OF PERFORMANCE ADDITIONAL INFORMATION DESCRIPTION SECTION B - CONTINUATION OF SF 1449 BLOCKS B.1 CONTRACT ADMINISTRATION DATA 1.,2026-06-24 22:37:18
PLUC-000136,GSTMT-000246,09ce44adca35468fb46ab77206c9afb7,6515--NetApp,09ce44adca35468fb46ab77206c9afb7_4.bin,PLU-COMP-008,Legal and Compliance,Cybersecurity,Cybersecurity,Risk Intelligence,nist,0.86,classified,GENERAL INFORMATION PLACE OF PERFORMANCE ADDITIONAL INFORMATION DESCRIPTION SECTION B - CONTINUATION OF SF 1449 BLOCKS B.1 CONTRACT ADMINISTRATION DATA 1.,2026-06-24 22:37:18
PLUC-000137,GSTMT-000247,09ce44adca35468fb46ab77206c9afb7,6515--NetApp,09ce44adca35468fb46ab77206c9afb7_4.bin,PLU-COMP-008,Legal and Compliance,Cybersecurity,Cybersecurity,Risk Intelligence,nist,0.86,classified,All contract administration matters will be handled by the following individuals:,2026-06-24 22:37:18
PLUC-000138,GSTMT-000248,09ce44adca35468fb46ab77206c9afb7,6515--NetApp,09ce44adca35468fb46ab77206c9afb7_4.bin,PLU-COM-007,Commercial,Payment Terms,Payment Terms,Contract Administration,invoice,0.86,classified,Invoices shall be submitted in arrears:,2026-06-24 22:37:18
PLUC-000139,GSTMT-000249,09ce44adca35468fb46ab77206c9afb7,6515--NetApp,09ce44adca35468fb46ab77206c9afb7_4.bin,PLU-COM-007,Commercial,Payment Terms,Payment Terms,Contract Administration,invoice,0.86,classified,All Invoices from the contractor shall be submitted electronically in accordance with VAAR Clause 852.232-72 Electronic Submission of Payment Requests.,2026-06-24 22:37:18
PLUC-000140,GSTMT-000250,09ce44adca35468fb46ab77206c9afb7,6515--NetApp,09ce44adca35468fb46ab77206c9afb7_4.bin,PLU-PROP-006,Proposal,Amendment Acknowledgement,Amendment Acknowledgement,Proposal Compliance,acknowledge.*amendment,0.86,classified,The offeror acknowledges receipt of amendments to the Solicitation numbered and dated as follows:,2026-06-24 22:37:18
PLUC-000141,GSTMT-000253,f33e54c1c9644aa8bb2eb283b82a85ad,31 CES n. 25 military gear lockers.,f33e54c1c9644aa8bb2eb283b82a85ad_1.bin,PLU-COMP-008,Legal and Compliance,Cybersecurity,Cybersecurity,Risk Intelligence,nist,0.86,classified,"ADMINISTERED BY (if other than Item CODE 6) FA5682 31 CONS DA LGC UNIT 6102 BOX 140, APO AE 09604-6102 APO, AE 09604-6102 SCD:",2026-06-24 22:37:18
PLUC-000142,GSTMT-000256,f33e54c1c9644aa8bb2eb283b82a85ad,31 CES n. 25 military gear lockers.,f33e54c1c9644aa8bb2eb283b82a85ad_1.bin,PLU-PROP-006,Proposal,Amendment Acknowledgement,Amendment Acknowledgement,Proposal Compliance,acknowledge.*amendment,0.86,classified,"Offers must acknowledge receipt of this amendment prior to the hour and date specified in the solicitation or as amended, by one of the following methods:",2026-06-24 22:37:18
PLUC-000143,GSTMT-000260,f33e54c1c9644aa8bb2eb283b82a85ad,31 CES n. 25 military gear lockers.,f33e54c1c9644aa8bb2eb283b82a85ad_2.bin,PLU-ADM-003,Delivery and Administration,Schedule,Schedule,Schedule Intelligence,schedule,0.86,classified,METHOD OF SOLICITATION UNLESS BLOCK IS MARKED THE DEFENSE PRIORITIES REQUEST FOR INVITATION REQUEST FOR SEE SCHEDULE AND ALLOCATIONS QUOTE (RFQ) FOR BID (IFB) PROPOSAL (RFP) SYSTEM-DPAS (15 CFR 700) 15.,2026-06-24 22:37:18
PLUC-000144,GSTMT-000262,f33e54c1c9644aa8bb2eb283b82a85ad,31 CES n. 25 military gear lockers.,f33e54c1c9644aa8bb2eb283b82a85ad_3.bin,PLU-COMP-008,Legal and Compliance,Cybersecurity,Cybersecurity,Risk Intelligence,nist,0.86,classified,"ADMINISTERED BY (if other than Item CODE 6) FA5682 31 CONS DA LGC UNIT 6102 BOX 140, APO AE 09604-6102 APO, AE 09604-6102 SCD:",2026-06-24 22:37:18
PLUC-000145,GSTMT-000265,f33e54c1c9644aa8bb2eb283b82a85ad,31 CES n. 25 military gear lockers.,f33e54c1c9644aa8bb2eb283b82a85ad_3.bin,PLU-PROP-006,Proposal,Amendment Acknowledgement,Amendment Acknowledgement,Proposal Compliance,acknowledge.*amendment,0.86,classified,"Offers must acknowledge receipt of this amendment prior to the hour and date specified in the solicitation or as amended, by one of the following methods:",2026-06-24 22:37:18
PLUC-000146,GSTMT-000271,f33e54c1c9644aa8bb2eb283b82a85ad,31 CES n. 25 military gear lockers.,f33e54c1c9644aa8bb2eb283b82a85ad_5.bin,PLU-EVAL-007,Evaluation,Scoring Rating,Scoring Rating,Evaluation Intelligence,acceptable,0.86,classified,"Looking at the questions and answers loaded toady, Please also advise that as per the Salient+Characteristics attachment The units will be a minimum 42” wide, 24” deep and 78” tall, are other dimensions also acceptable?",2026-06-24 22:37:18
PLUC-000147,GSTMT-000275,f33e54c1c9644aa8bb2eb283b82a85ad,31 CES n. 25 military gear lockers.,f33e54c1c9644aa8bb2eb283b82a85ad_6.bin,PLU-COMP-001,Legal and Compliance,FAR Clause,FAR Clause,Compliance Intelligence,\bfar\b,0.86,classified,"As far as I can see, you have not included an installation line on the solicitation.",2026-06-24 22:37:18
PLUC-000148,GSTMT-000276,f33e54c1c9644aa8bb2eb283b82a85ad,31 CES n. 25 military gear lockers.,f33e54c1c9644aa8bb2eb283b82a85ad_6.bin,PLU-ADM-001,Delivery and Administration,Deliverable,Deliverable,Delivery Intelligence,plan,0.86,classified,Are you planning to use non manufacturer trained personnel to build and install them?,2026-06-24 22:37:18
PLUC-000149,GSTMT-000281,f29a122869e64fa19982e9655482f397,Hex Jam Nuts,f29a122869e64fa19982e9655482f397_1.bin,PLU-TECH-001,Technical,Technical Specification,Technical Specification,Technical Intelligence,specifications,0.86,classified,SECURITY AGREEMENT FOR PROTECTION OF NAVAL NUCLEAR PROPULSION INFORMATION The undersigned acknowledges that he/she will be provided specifications or documents as part of SPMYM326Q1134/SPMYM326P1134 which are marked as containing sensitive information which is controlled pursuant to federal law.,2026-06-24 22:37:18
PLUC-000150,GSTMT-000282,f29a122869e64fa19982e9655482f397,Hex Jam Nuts,f29a122869e64fa19982e9655482f397_1.bin,PLU-TECH-001,Technical,Technical Specification,Technical Specification,Technical Intelligence,specifications,0.86,classified,"These specifications and documents and the information contained therein, shall be used only for the purpose of preparing quotations or processing orders, and shall in no case be transmitted outside the company or to any foreign national within the company.",2026-06-24 22:37:18
PLUC-000151,GSTMT-000283,f29a122869e64fa19982e9655482f397,Hex Jam Nuts,f29a122869e64fa19982e9655482f397_1.bin,PLU-TECH-001,Technical,Technical Specification,Technical Specification,Technical Intelligence,specifications,0.86,classified,"While in use, the specifications shall be maintained under surveillance and shall be kept secure, so as to preclude access by any persons who do not have a legitimate need to view them.",2026-06-24 22:37:18
PLUC-000152,GSTMT-000284,f29a122869e64fa19982e9655482f397,Hex Jam Nuts,f29a122869e64fa19982e9655482f397_1.bin,PLU-TECH-001,Technical,Technical Specification,Technical Specification,Technical Intelligence,specifications,0.86,classified,"The specifications and documents shall not be copied, and unless otherwise permitted by the Contracting Officer, shall be returned in their entirety to the Portsmouth Naval Shipyard upon completion of the contract.",2026-06-24 22:37:18
PLUC-000153,GSTMT-000285,f29a122869e64fa19982e9655482f397,Hex Jam Nuts,f29a122869e64fa19982e9655482f397_2.bin,PLU-COM-001,Commercial,Pricing Structure,Pricing Structure,Pricing Intelligence,delivered prices,0.86,classified,REQUEST FOR QUOTATION SPMYM326Q1134 ** THIS IS NOT AN ORDER ** PLEASE PROVIDE DELIVERED PRICES (FOB DESTINATION) REFERENCE/PR:,2026-06-24 22:37:18
PLUC-000154,GSTMT-000288,f29a122869e64fa19982e9655482f397,Hex Jam Nuts,f29a122869e64fa19982e9655482f397_2.bin,PLU-SUP-008,Supplier Qualification,Registration,Registration,Eligibility Intelligence,\bsam\b,0.86,classified,"DLA-KME-QUOTATIONS@DLA.MIL *** PLEASE FILL OUT THIS FORM COMPLETELY*** ** In accordance with FAR 52.204-7(b)(1), an Offeror is required to be registered in SAM when submitting an offer or quotation, and must be listed as active, to prevent unduly delaying award.",2026-06-24 22:37:18
PLUC-000155,GSTMT-000290,f29a122869e64fa19982e9655482f397,Hex Jam Nuts,f29a122869e64fa19982e9655482f397_2.bin,PLU-COM-001,Commercial,Pricing Structure,Pricing Structure,Pricing Intelligence,price list,0.86,classified,PRICE LISTING/GSA Is this a PRICE LISTED item?,2026-06-24 22:37:18
PLUC-000156,GSTMT-000291,f29a122869e64fa19982e9655482f397,Hex Jam Nuts,f29a122869e64fa19982e9655482f397_2.bin,PLU-COM-001,Commercial,Pricing Structure,Pricing Structure,Pricing Intelligence,price list,0.86,classified,"If Yes, include copy of price list with your quote.",2026-06-24 22:37:18
PLUC-000157,GSTMT-000292,f29a122869e64fa19982e9655482f397,Hex Jam Nuts,f29a122869e64fa19982e9655482f397_2.bin,PLU-COM-001,Commercial,Pricing Structure,Pricing Structure,Pricing Intelligence,price list,0.86,classified,"If Yes, include copy of price list with your quote.",2026-06-24 22:37:18
PLUC-000158,GSTMT-000294,f29a122869e64fa19982e9655482f397,Hex Jam Nuts,f29a122869e64fa19982e9655482f397_3.bin,PLU-TECH-004,Technical,Product Requirement,Product Requirement,Product Intelligence,equipment,0.86,classified,"FAR CLAUSES 52.204-26 Covered Telecommunications Equipment Or Services-Representation (OCT 2020) {if available in SAM reps and certs, duplication may not be required} (a) Definitions.",2026-06-24 22:37:18
PLUC-000159,GSTMT-000295,f29a122869e64fa19982e9655482f397,Hex Jam Nuts,f29a122869e64fa19982e9655482f397_3.bin,PLU-TECH-004,Technical,Product Requirement,Product Requirement,Product Intelligence,equipment,0.86,classified,"As used in this provision, ""covered telecommunications equipment or services"" and ""reasonable inquiry"" have the meaning provided in the clause 52.204-25, Prohibition on Contracting for Certain Telecommunications and Video Surveillance Services or Equipment.",2026-06-24 22:37:18
PLUC-000160,GSTMT-000296,f29a122869e64fa19982e9655482f397,Hex Jam Nuts,f29a122869e64fa19982e9655482f397_3.bin,PLU-TECH-004,Technical,Product Requirement,Product Requirement,Product Intelligence,equipment,0.86,classified,"The Offeror shall review the list of excluded parties in the System for Award Management (SAM) (https://www.sam.gov) for entities excluded from receiving federal awards for ""covered telecommunications equipment or services"".",2026-06-24 22:37:18
PLUC-000161,GSTMT-000297,f29a122869e64fa19982e9655482f397,Hex Jam Nuts,f29a122869e64fa19982e9655482f397_3.bin,PLU-TECH-004,Technical,Product Requirement,Product Requirement,Product Intelligence,equipment,0.86,classified,"The Offeror represents that it [__] does, [__] does not provide covered telecommunications equipment or services as a part of its offered products or services to the Government in the performance of any contract, subcontract, or other contractual instrument.",2026-06-24 22:37:18
PLUC-000162,GSTMT-000298,f29a122869e64fa19982e9655482f397,Hex Jam Nuts,f29a122869e64fa19982e9655482f397_3.bin,PLU-TECH-004,Technical,Product Requirement,Product Requirement,Product Intelligence,equipment,0.86,classified,"(End of provision) 52.204-24 REPRESENTATION REGARDING CERTAIN TELECOMMUNICATIONS AND VIDEO SURVEILLANCE SERVICES OR EQUIPMENT (NOV 2021) {MUST BE FILLED IN, if “does” in 52.204-26} The Offeror shall not complete the representation at paragraph (d)(",2026-06-24 22:37:18
PLUC-000163,GSTMT-000301,dedd02b3424a4149b2823ccee9a76082,Patient Ceiling Lift Slings Replacement,dedd02b3424a4149b2823ccee9a76082_1.bin,PLU-PROP-003,Proposal,Submission Instruction,Submission Instruction,Proposal Intelligence,responses.*shall include,0.86,classified,Unrestricted – no set-aside Responses to this notice shall include the following:,2026-06-24 22:37:18
PLUC-000164,GSTMT-000302,dedd02b3424a4149b2823ccee9a76082,Patient Ceiling Lift Slings Replacement,dedd02b3424a4149b2823ccee9a76082_1.bin,PLU-SUP-006,Supplier Qualification,Capability Statement,Capability Statement,Supplier Positioning Intelligence,capability statement,0.86,classified,"(a) company name b) address (c) socio-economic status, (d) point of contact (e) phone, fax, and email (f) SAM UEI number (g) Cage Code (h) Tax ID Number (i) and must provide a capability statement that addresses the organizations qualifications and ability to perform as a contractor and provide the commodities described below.",2026-06-24 22:37:18
PLUC-000165,GSTMT-000304,dd067ed7e23d469dab6e5a622c30460b,Marketplace for Acquisition of Professional Services (MAPS),dd067ed7e23d469dab6e5a622c30460b_2.bin,PLU-ADM-003,Delivery and Administration,Schedule,Schedule,Schedule Intelligence,schedule,0.86,classified,"Sealed offers in original and copies for furnishings the supplies or services in the Schedule will be received at the place specified in item 8, or if hand carried, in the depository located in until local time (Hour) (Date) CAUTION - LATE Submissions, Modifications, and Withdrawals:",2026-06-24 22:37:18
PLUC-000166,GSTMT-000305,dd067ed7e23d469dab6e5a622c30460b,Marketplace for Acquisition of Professional Services (MAPS),dd067ed7e23d469dab6e5a622c30460b_2.bin,PLU-TECH-001,Technical,Technical Specification,Technical Specification,Technical Intelligence,specifications,0.86,classified,"TABLE OF CONTENTS (X) SECTION DESCRIPTION PAGE(S) (X) SECTION DESCRIPTION PAGE(S) PART I - THE SCHEDULE PART II - CONTRACT CLAUSES A SOLICITATION/CONTRACT FORM I CONTRACT CLAUSES B SUPPLIES OR SERVICES AND PRICES/COSTS PART III - LIST OF DOCUMENTS, EXHIBITS AND OTHER ATTACHMENTS C DESCRIPTION/SPECIFICATIONS/WORK STATEMENT J LIST OF ATTACHMENTS D PACKAGING AND MARKING PART IV - REPRESENTATIONS AND INSTRUCTIONS E INSPECTION AN",2026-06-24 22:37:18
PLUC-000167,GSTMT-000306,dd067ed7e23d469dab6e5a622c30460b,Marketplace for Acquisition of Professional Services (MAPS),dd067ed7e23d469dab6e5a622c30460b_2.bin,PLU-TECH-001,Technical,Technical Specification,Technical Specification,Technical Intelligence,specifications,0.86,classified,"TABLE OF CONTENTS (X) SECTION DESCRIPTION PAGE(S) (X) SECTION DESCRIPTION PAGE(S) PART I - THE SCHEDULE PART II - CONTRACT CLAUSES A SOLICITATION/CONTRACT FORM I CONTRACT CLAUSES B SUPPLIES OR SERVICES AND PRICES/COSTS PART III - LIST OF DOCUMENTS, EXHIBITS AND OTHER ATTACHMENTS C DESCRIPTION/SPECIFICATIONS/WORK STATEMENT J LIST OF ATTACHMENTS D PACKAGING AND MARKING PART IV - REPRESENTATIONS AND INSTRUCTIONS E INSPECTION AN",2026-06-24 22:37:18
PLUC-000168,GSTMT-000308,dd067ed7e23d469dab6e5a622c30460b,Marketplace for Acquisition of Professional Services (MAPS),dd067ed7e23d469dab6e5a622c30460b_5.bin,PLU-ADM-003,Delivery and Administration,Schedule,Schedule,Schedule Intelligence,schedule,0.86,classified,"Sealed offers in original and copies for furnishings the supplies or services in the Schedule will be received at the place specified in item 8, or if hand carried, in the depository located in until local time (Hour) (Date) CAUTION - LATE Submissions, Modifications, and Withdrawals:",2026-06-24 22:37:18
PLUC-000169,GSTMT-000309,dd067ed7e23d469dab6e5a622c30460b,Marketplace for Acquisition of Professional Services (MAPS),dd067ed7e23d469dab6e5a622c30460b_5.bin,PLU-TECH-001,Technical,Technical Specification,Technical Specification,Technical Intelligence,specifications,0.86,classified,"TABLE OF CONTENTS (X) SECTION DESCRIPTION PAGE(S) (X) SECTION DESCRIPTION PAGE(S) PART I - THE SCHEDULE PART II - CONTRACT CLAUSES A SOLICITATION/CONTRACT FORM I CONTRACT CLAUSES B SUPPLIES OR SERVICES AND PRICES/COSTS PART III - LIST OF DOCUMENTS, EXHIBITS AND OTHER ATTACHMENTS C DESCRIPTION/SPECIFICATIONS/WORK STATEMENT J LIST OF ATTACHMENTS D PACKAGING AND MARKING PART IV - REPRESENTATIONS AND INSTRUCTIONS E INSPECTION AN",2026-06-24 22:37:18
PLUC-000170,GSTMT-000310,dd067ed7e23d469dab6e5a622c30460b,Marketplace for Acquisition of Professional Services (MAPS),dd067ed7e23d469dab6e5a622c30460b_5.bin,PLU-TECH-001,Technical,Technical Specification,Technical Specification,Technical Intelligence,specifications,0.86,classified,"TABLE OF CONTENTS (X) SECTION DESCRIPTION PAGE(S) (X) SECTION DESCRIPTION PAGE(S) PART I - THE SCHEDULE PART II - CONTRACT CLAUSES A SOLICITATION/CONTRACT FORM I CONTRACT CLAUSES B SUPPLIES OR SERVICES AND PRICES/COSTS PART III - LIST OF DOCUMENTS, EXHIBITS AND OTHER ATTACHMENTS C DESCRIPTION/SPECIFICATIONS/WORK STATEMENT J LIST OF ATTACHMENTS D PACKAGING AND MARKING PART IV - REPRESENTATIONS AND INSTRUCTIONS E INSPECTION AN",2026-06-24 22:37:18
PLUC-000171,GSTMT-000312,dd067ed7e23d469dab6e5a622c30460b,Marketplace for Acquisition of Professional Services (MAPS),dd067ed7e23d469dab6e5a622c30460b_6.bin,PLU-ADM-003,Delivery and Administration,Schedule,Schedule,Schedule Intelligence,schedule,0.86,classified,"Sealed offers in original and copies for furnishings the supplies or services in the Schedule will be received at the place specified in item 8, or if hand carried, in the depository located in until local time (Hour) (Date) CAUTION - LATE Submissions, Modifications, and Withdrawals:",2026-06-24 22:37:18
PLUC-000172,GSTMT-000313,dd067ed7e23d469dab6e5a622c30460b,Marketplace for Acquisition of Professional Services (MAPS),dd067ed7e23d469dab6e5a622c30460b_6.bin,PLU-TECH-001,Technical,Technical Specification,Technical Specification,Technical Intelligence,specifications,0.86,classified,"TABLE OF CONTENTS (X) SECTION DESCRIPTION PAGE(S) (X) SECTION DESCRIPTION PAGE(S) PART I - THE SCHEDULE PART II - CONTRACT CLAUSES A SOLICITATION/CONTRACT FORM I CONTRACT CLAUSES B SUPPLIES OR SERVICES AND PRICES/COSTS PART III - LIST OF DOCUMENTS, EXHIBITS AND OTHER ATTACHMENTS C DESCRIPTION/SPECIFICATIONS/WORK STATEMENT J LIST OF ATTACHMENTS D PACKAGING AND MARKING PART IV - REPRESENTATIONS AND INSTRUCTIONS E INSPECTION AN",2026-06-24 22:37:18
PLUC-000173,GSTMT-000314,dd067ed7e23d469dab6e5a622c30460b,Marketplace for Acquisition of Professional Services (MAPS),dd067ed7e23d469dab6e5a622c30460b_6.bin,PLU-TECH-001,Technical,Technical Specification,Technical Specification,Technical Intelligence,specifications,0.86,classified,"TABLE OF CONTENTS (X) SECTION DESCRIPTION PAGE(S) (X) SECTION DESCRIPTION PAGE(S) PART I - THE SCHEDULE PART II - CONTRACT CLAUSES A SOLICITATION/CONTRACT FORM I CONTRACT CLAUSES B SUPPLIES OR SERVICES AND PRICES/COSTS PART III - LIST OF DOCUMENTS, EXHIBITS AND OTHER ATTACHMENTS C DESCRIPTION/SPECIFICATIONS/WORK STATEMENT J LIST OF ATTACHMENTS D PACKAGING AND MARKING PART IV - REPRESENTATIONS AND INSTRUCTIONS E INSPECTION AN",2026-06-24 22:37:18
PLUC-000174,GSTMT-000316,dd067ed7e23d469dab6e5a622c30460b,Marketplace for Acquisition of Professional Services (MAPS),dd067ed7e23d469dab6e5a622c30460b_9.bin,PLU-ADM-003,Delivery and Administration,Schedule,Schedule,Schedule Intelligence,schedule,0.86,classified,"Sealed offers in original and copies for furnishings the supplies or services in the Schedule will be received at the place specified in item 8, or if hand carried, in the depository located in until local time (Hour) (Date) CAUTION - LATE Submissions, Modifications, and Withdrawals:",2026-06-24 22:37:18
PLUC-000175,GSTMT-000317,dd067ed7e23d469dab6e5a622c30460b,Marketplace for Acquisition of Professional Services (MAPS),dd067ed7e23d469dab6e5a622c30460b_9.bin,PLU-TECH-001,Technical,Technical Specification,Technical Specification,Technical Intelligence,specifications,0.86,classified,"TABLE OF CONTENTS (X) SECTION DESCRIPTION PAGE(S) (X) SECTION DESCRIPTION PAGE(S) PART I - THE SCHEDULE PART II - CONTRACT CLAUSES A SOLICITATION/CONTRACT FORM I CONTRACT CLAUSES B SUPPLIES OR SERVICES AND PRICES/COSTS PART III - LIST OF DOCUMENTS, EXHIBITS AND OTHER ATTACHMENTS C DESCRIPTION/SPECIFICATIONS/WORK STATEMENT J LIST OF ATTACHMENTS D PACKAGING AND MARKING PART IV - REPRESENTATIONS AND INSTRUCTIONS E INSPECTION AN",2026-06-24 22:37:18
PLUC-000176,GSTMT-000318,dd067ed7e23d469dab6e5a622c30460b,Marketplace for Acquisition of Professional Services (MAPS),dd067ed7e23d469dab6e5a622c30460b_9.bin,PLU-TECH-001,Technical,Technical Specification,Technical Specification,Technical Intelligence,specifications,0.86,classified,"TABLE OF CONTENTS (X) SECTION DESCRIPTION PAGE(S) (X) SECTION DESCRIPTION PAGE(S) PART I - THE SCHEDULE PART II - CONTRACT CLAUSES A SOLICITATION/CONTRACT FORM I CONTRACT CLAUSES B SUPPLIES OR SERVICES AND PRICES/COSTS PART III - LIST OF DOCUMENTS, EXHIBITS AND OTHER ATTACHMENTS C DESCRIPTION/SPECIFICATIONS/WORK STATEMENT J LIST OF ATTACHMENTS D PACKAGING AND MARKING PART IV - REPRESENTATIONS AND INSTRUCTIONS E INSPECTION AN",2026-06-24 22:37:18
PLUC-000177,GSTMT-000319,dd067ed7e23d469dab6e5a622c30460b,Marketplace for Acquisition of Professional Services (MAPS),dd067ed7e23d469dab6e5a622c30460b_10.bin,PLU-ADM-003,Delivery and Administration,Schedule,Schedule,Schedule Intelligence,schedule,0.86,classified,"Summary of Changes – Amendment 09 – Sections L & M and Attachment 0002 Scorecard Section L – Instructions to Offerors • L.2.3.3 QP Submission Vacancy Rate, Time to Fill Rate, Schedule and Completeness:",2026-06-24 22:37:18
PLUC-000178,GSTMT-000320,dd067ed7e23d469dab6e5a622c30460b,Marketplace for Acquisition of Professional Services (MAPS),dd067ed7e23d469dab6e5a622c30460b_10.bin,PLU-ADM-003,Delivery and Administration,Schedule,Schedule,Schedule Intelligence,schedule,0.86,classified,"Summary of Changes – Amendment 09 – Sections L & M and Attachment 0002 Scorecard Section L – Instructions to Offerors • L.2.3.3 QP Submission Vacancy Rate, Time to Fill Rate, Schedule and Completeness:",2026-06-24 22:37:18
PLUC-000179,GSTMT-000321,dd067ed7e23d469dab6e5a622c30460b,Marketplace for Acquisition of Professional Services (MAPS),dd067ed7e23d469dab6e5a622c30460b_10.bin,PLU-EVAL-002,Evaluation,Evaluation Navigation,Evaluation Navigation,Document Navigation,section m,0.86,classified,Section M – Evaluation Factors • M.2 Evaluation Approach:,2026-06-24 22:37:18
PLUC-000180,GSTMT-000322,dd067ed7e23d469dab6e5a622c30460b,Marketplace for Acquisition of Professional Services (MAPS),dd067ed7e23d469dab6e5a622c30460b_10.bin,PLU-META-001,Metadata and Structure,Attachment,Attachment,Document Structure Intelligence,attachment,0.86,classified,Attachment 0002 • Commercial Sector Vendor Scorecard Amendment 0004:,2026-06-24 22:37:18
PLUC-000181,GSTMT-000323,dd067ed7e23d469dab6e5a622c30460b,Marketplace for Acquisition of Professional Services (MAPS),dd067ed7e23d469dab6e5a622c30460b_10.bin,PLU-COMP-006,Legal and Compliance,Socioeconomic Requirement,Socioeconomic Requirement,Eligibility Intelligence,small business,0.86,classified,• Large and Small Business Scorecard Amendment 0006:,2026-06-24 22:37:18
PLUC-000182,GSTMT-000325,dd067ed7e23d469dab6e5a622c30460b,Marketplace for Acquisition of Professional Services (MAPS),dd067ed7e23d469dab6e5a622c30460b_14.bin,PLU-ADM-003,Delivery and Administration,Schedule,Schedule,Schedule Intelligence,schedule,0.86,classified,"Sealed offers in original and copies for furnishings the supplies or services in the Schedule will be received at the place specified in item 8, or if hand carried, in the depository located in until local time (Hour) (Date) CAUTION - LATE Submissions, Modifications, and Withdrawals:",2026-06-24 22:37:18
PLUC-000183,GSTMT-000326,dd067ed7e23d469dab6e5a622c30460b,Marketplace for Acquisition of Professional Services (MAPS),dd067ed7e23d469dab6e5a622c30460b_14.bin,PLU-TECH-001,Technical,Technical Specification,Technical Specification,Technical Intelligence,specifications,0.86,classified,"TABLE OF CONTENTS (X) SECTION DESCRIPTION PAGE(S) (X) SECTION DESCRIPTION PAGE(S) PART I - THE SCHEDULE PART II - CONTRACT CLAUSES A SOLICITATION/CONTRACT FORM I CONTRACT CLAUSES B SUPPLIES OR SERVICES AND PRICES/COSTS PART III - LIST OF DOCUMENTS, EXHIBITS AND OTHER ATTACHMENTS C DESCRIPTION/SPECIFICATIONS/WORK STATEMENT J LIST OF ATTACHMENTS D PACKAGING AND MARKING PART IV - REPRESENTATIONS AND INSTRUCTIONS E INSPECTION AN",2026-06-24 22:37:18
PLUC-000184,GSTMT-000327,dd067ed7e23d469dab6e5a622c30460b,Marketplace for Acquisition of Professional Services (MAPS),dd067ed7e23d469dab6e5a622c30460b_14.bin,PLU-TECH-001,Technical,Technical Specification,Technical Specification,Technical Intelligence,specifications,0.86,classified,"TABLE OF CONTENTS (X) SECTION DESCRIPTION PAGE(S) (X) SECTION DESCRIPTION PAGE(S) PART I - THE SCHEDULE PART II - CONTRACT CLAUSES A SOLICITATION/CONTRACT FORM I CONTRACT CLAUSES B SUPPLIES OR SERVICES AND PRICES/COSTS PART III - LIST OF DOCUMENTS, EXHIBITS AND OTHER ATTACHMENTS C DESCRIPTION/SPECIFICATIONS/WORK STATEMENT J LIST OF ATTACHMENTS D PACKAGING AND MARKING PART IV - REPRESENTATIONS AND INSTRUCTIONS E INSPECTION AN",2026-06-24 22:37:18
PLUC-000185,GSTMT-000329,dd067ed7e23d469dab6e5a622c30460b,Marketplace for Acquisition of Professional Services (MAPS),dd067ed7e23d469dab6e5a622c30460b_15.bin,PLU-ADM-003,Delivery and Administration,Schedule,Schedule,Schedule Intelligence,schedule,0.86,classified,"Sealed offers in original and copies for furnishings the supplies or services in the Schedule will be received at the place specified in item 8, or if hand carried, in the depository located in until local time (Hour) (Date) CAUTION - LATE Submissions, Modifications, and Withdrawals:",2026-06-24 22:37:18
PLUC-000186,GSTMT-000330,dd067ed7e23d469dab6e5a622c30460b,Marketplace for Acquisition of Professional Services (MAPS),dd067ed7e23d469dab6e5a622c30460b_15.bin,PLU-TECH-001,Technical,Technical Specification,Technical Specification,Technical Intelligence,specifications,0.86,classified,"TABLE OF CONTENTS (X) SECTION DESCRIPTION PAGE(S) (X) SECTION DESCRIPTION PAGE(S) PART I - THE SCHEDULE PART II - CONTRACT CLAUSES A SOLICITATION/CONTRACT FORM I CONTRACT CLAUSES B SUPPLIES OR SERVICES AND PRICES/COSTS PART III - LIST OF DOCUMENTS, EXHIBITS AND OTHER ATTACHMENTS C DESCRIPTION/SPECIFICATIONS/WORK STATEMENT J LIST OF ATTACHMENTS D PACKAGING AND MARKING PART IV - REPRESENTATIONS AND INSTRUCTIONS E INSPECTION AN",2026-06-24 22:37:18
PLUC-000187,GSTMT-000331,dd067ed7e23d469dab6e5a622c30460b,Marketplace for Acquisition of Professional Services (MAPS),dd067ed7e23d469dab6e5a622c30460b_15.bin,PLU-TECH-001,Technical,Technical Specification,Technical Specification,Technical Intelligence,specifications,0.86,classified,"TABLE OF CONTENTS (X) SECTION DESCRIPTION PAGE(S) (X) SECTION DESCRIPTION PAGE(S) PART I - THE SCHEDULE PART II - CONTRACT CLAUSES A SOLICITATION/CONTRACT FORM I CONTRACT CLAUSES B SUPPLIES OR SERVICES AND PRICES/COSTS PART III - LIST OF DOCUMENTS, EXHIBITS AND OTHER ATTACHMENTS C DESCRIPTION/SPECIFICATIONS/WORK STATEMENT J LIST OF ATTACHMENTS D PACKAGING AND MARKING PART IV - REPRESENTATIONS AND INSTRUCTIONS E INSPECTION AN",2026-06-24 22:37:18
PLUC-000188,GSTMT-000333,dd067ed7e23d469dab6e5a622c30460b,Marketplace for Acquisition of Professional Services (MAPS),dd067ed7e23d469dab6e5a622c30460b_17.bin,PLU-ADM-003,Delivery and Administration,Schedule,Schedule,Schedule Intelligence,schedule,0.86,classified,"Sealed offers in original and copies for furnishings the supplies or services in the Schedule will be received at the place specified in item 8, or if hand carried, in the depository located in until local time (Hour) (Date) CAUTION - LATE Submissions, Modifications, and Withdrawals:",2026-06-24 22:37:18
PLUC-000189,GSTMT-000334,dd067ed7e23d469dab6e5a622c30460b,Marketplace for Acquisition of Professional Services (MAPS),dd067ed7e23d469dab6e5a622c30460b_17.bin,PLU-TECH-001,Technical,Technical Specification,Technical Specification,Technical Intelligence,specifications,0.86,classified,"TABLE OF CONTENTS (X) SECTION DESCRIPTION PAGE(S) (X) SECTION DESCRIPTION PAGE(S) PART I - THE SCHEDULE PART II - CONTRACT CLAUSES A SOLICITATION/CONTRACT FORM I CONTRACT CLAUSES B SUPPLIES OR SERVICES AND PRICES/COSTS PART III - LIST OF DOCUMENTS, EXHIBITS AND OTHER ATTACHMENTS C DESCRIPTION/SPECIFICATIONS/WORK STATEMENT J LIST OF ATTACHMENTS D PACKAGING AND MARKING PART IV - REPRESENTATIONS AND INSTRUCTIONS E INSPECTION AN",2026-06-24 22:37:18
PLUC-000190,GSTMT-000335,dd067ed7e23d469dab6e5a622c30460b,Marketplace for Acquisition of Professional Services (MAPS),dd067ed7e23d469dab6e5a622c30460b_17.bin,PLU-TECH-001,Technical,Technical Specification,Technical Specification,Technical Intelligence,specifications,0.86,classified,"TABLE OF CONTENTS (X) SECTION DESCRIPTION PAGE(S) (X) SECTION DESCRIPTION PAGE(S) PART I - THE SCHEDULE PART II - CONTRACT CLAUSES A SOLICITATION/CONTRACT FORM I CONTRACT CLAUSES B SUPPLIES OR SERVICES AND PRICES/COSTS PART III - LIST OF DOCUMENTS, EXHIBITS AND OTHER ATTACHMENTS C DESCRIPTION/SPECIFICATIONS/WORK STATEMENT J LIST OF ATTACHMENTS D PACKAGING AND MARKING PART IV - REPRESENTATIONS AND INSTRUCTIONS E INSPECTION AN",2026-06-24 22:37:18
PLUC-000191,GSTMT-000339,dd067ed7e23d469dab6e5a622c30460b,Marketplace for Acquisition of Professional Services (MAPS),dd067ed7e23d469dab6e5a622c30460b_18.bin,PLU-PROP-003,Proposal,Submission Instruction,Submission Instruction,Proposal Intelligence,offerors.*submit,0.86,classified,IF NEEDED OFFERORS CAN HAVE ONE (1) ALTERNATE PERSON REGISTER IN THE CASE OF AN EMERGENCY.*** In order to submit a proposal for the MAPS acquisition all Offerors shall register through the following link to create their profiles.,2026-06-24 22:37:18
PLUC-000192,GSTMT-000346,dd067ed7e23d469dab6e5a622c30460b,Marketplace for Acquisition of Professional Services (MAPS),dd067ed7e23d469dab6e5a622c30460b_19.bin,PLU-META-001,Metadata and Structure,Attachment,Attachment,Document Structure Intelligence,attachment,0.86,classified,Cover Letter Form Attachment 0001 Amendment 02 Prime Company Name:,2026-06-24 22:37:18
PLUC-000193,GSTMT-000347,dd067ed7e23d469dab6e5a622c30460b,Marketplace for Acquisition of Professional Services (MAPS),dd067ed7e23d469dab6e5a622c30460b_19.bin,PLU-ADM-006,Delivery and Administration,Contract Administration,Contract Administration,Contract Administration,point of contact,0.86,classified,"Point of Contact for Proposal (name, email, phone):",2026-06-24 22:37:18
PLUC-000194,GSTMT-000348,dd067ed7e23d469dab6e5a622c30460b,Marketplace for Acquisition of Professional Services (MAPS),dd067ed7e23d469dab6e5a622c30460b_19.bin,PLU-SUP-003,Supplier Qualification,Certification,Certification,Supplier Capability Intelligence,iso,0.86,classified,LARGE BUSINESS Management and Advisory Services YES SMALL BUSINESS Domain NO COMMERCIAL-SECTOR VENDOR Select your Business Size for this Domain:,2026-06-24 22:37:18
PLUC-000195,GSTMT-000349,dd067ed7e23d469dab6e5a622c30460b,Marketplace for Acquisition of Professional Services (MAPS),dd067ed7e23d469dab6e5a622c30460b_19.bin,PLU-PROP-003,Proposal,Submission Instruction,Submission Instruction,Proposal Intelligence,shall submit,0.86,classified,Joint Venture/Mentor Protégé Information (if applicable) *If proposing as a JV Offerors shall submit your written agreement with the Cover Letter **If proposing as a Mentor Protégé Offerors shall provide verification of the SBA signed agreement with the Cover Letter Are you proposing as a JV?,2026-06-24 22:37:18
PLUC-000196,GSTMT-000351,dd067ed7e23d469dab6e5a622c30460b,Marketplace for Acquisition of Professional Services (MAPS),dd067ed7e23d469dab6e5a622c30460b_22.bin,PLU-ADM-003,Delivery and Administration,Schedule,Schedule,Schedule Intelligence,schedule,0.86,classified,"Sealed offers in original and copies for furnishings the supplies or services in the Schedule will be received at the place specified in item 8, or if hand carried, in the depository located in until local time (Hour) (Date) CAUTION - LATE Submissions, Modifications, and Withdrawals:",2026-06-24 22:37:18
PLUC-000197,GSTMT-000352,dd067ed7e23d469dab6e5a622c30460b,Marketplace for Acquisition of Professional Services (MAPS),dd067ed7e23d469dab6e5a622c30460b_22.bin,PLU-TECH-001,Technical,Technical Specification,Technical Specification,Technical Intelligence,specifications,0.86,classified,"TABLE OF CONTENTS (X) SECTION DESCRIPTION PAGE(S) (X) SECTION DESCRIPTION PAGE(S) PART I - THE SCHEDULE PART II - CONTRACT CLAUSES A SOLICITATION/CONTRACT FORM I CONTRACT CLAUSES B SUPPLIES OR SERVICES AND PRICES/COSTS PART III - LIST OF DOCUMENTS, EXHIBITS AND OTHER ATTACHMENTS C DESCRIPTION/SPECIFICATIONS/WORK STATEMENT J LIST OF ATTACHMENTS D PACKAGING AND MARKING PART IV - REPRESENTATIONS AND INSTRUCTIONS E INSPECTION AN",2026-06-24 22:37:18
PLUC-000198,GSTMT-000353,dd067ed7e23d469dab6e5a622c30460b,Marketplace for Acquisition of Professional Services (MAPS),dd067ed7e23d469dab6e5a622c30460b_22.bin,PLU-TECH-001,Technical,Technical Specification,Technical Specification,Technical Intelligence,specifications,0.86,classified,"TABLE OF CONTENTS (X) SECTION DESCRIPTION PAGE(S) (X) SECTION DESCRIPTION PAGE(S) PART I - THE SCHEDULE PART II - CONTRACT CLAUSES A SOLICITATION/CONTRACT FORM I CONTRACT CLAUSES B SUPPLIES OR SERVICES AND PRICES/COSTS PART III - LIST OF DOCUMENTS, EXHIBITS AND OTHER ATTACHMENTS C DESCRIPTION/SPECIFICATIONS/WORK STATEMENT J LIST OF ATTACHMENTS D PACKAGING AND MARKING PART IV - REPRESENTATIONS AND INSTRUCTIONS E INSPECTION AN",2026-06-24 22:37:18
PLUC-000199,GSTMT-000355,dd067ed7e23d469dab6e5a622c30460b,Marketplace for Acquisition of Professional Services (MAPS),dd067ed7e23d469dab6e5a622c30460b_23.bin,PLU-ADM-003,Delivery and Administration,Schedule,Schedule,Schedule Intelligence,schedule,0.86,classified,"Sealed offers in original and copies for furnishings the supplies or services in the Schedule will be received at the place specified in item 8, or if hand carried, in the depository located in until local time (Hour) (Date) CAUTION - LATE Submissions, Modifications, and Withdrawals:",2026-06-24 22:37:18
PLUC-000200,GSTMT-000356,dd067ed7e23d469dab6e5a622c30460b,Marketplace for Acquisition of Professional Services (MAPS),dd067ed7e23d469dab6e5a622c30460b_23.bin,PLU-TECH-001,Technical,Technical Specification,Technical Specification,Technical Intelligence,specifications,0.86,classified,"TABLE OF CONTENTS (X) SECTION DESCRIPTION PAGE(S) (X) SECTION DESCRIPTION PAGE(S) PART I - THE SCHEDULE PART II - CONTRACT CLAUSES A SOLICITATION/CONTRACT FORM I CONTRACT CLAUSES B SUPPLIES OR SERVICES AND PRICES/COSTS PART III - LIST OF DOCUMENTS, EXHIBITS AND OTHER ATTACHMENTS C DESCRIPTION/SPECIFICATIONS/WORK STATEMENT J LIST OF ATTACHMENTS D PACKAGING AND MARKING PART IV - REPRESENTATIONS AND INSTRUCTIONS E INSPECTION AN",2026-06-24 22:37:18
PLUC-000201,GSTMT-000357,dd067ed7e23d469dab6e5a622c30460b,Marketplace for Acquisition of Professional Services (MAPS),dd067ed7e23d469dab6e5a622c30460b_23.bin,PLU-TECH-001,Technical,Technical Specification,Technical Specification,Technical Intelligence,specifications,0.86,classified,"TABLE OF CONTENTS (X) SECTION DESCRIPTION PAGE(S) (X) SECTION DESCRIPTION PAGE(S) PART I - THE SCHEDULE PART II - CONTRACT CLAUSES A SOLICITATION/CONTRACT FORM I CONTRACT CLAUSES B SUPPLIES OR SERVICES AND PRICES/COSTS PART III - LIST OF DOCUMENTS, EXHIBITS AND OTHER ATTACHMENTS C DESCRIPTION/SPECIFICATIONS/WORK STATEMENT J LIST OF ATTACHMENTS D PACKAGING AND MARKING PART IV - REPRESENTATIONS AND INSTRUCTIONS E INSPECTION AN",2026-06-24 22:37:18
PLUC-000202,GSTMT-000359,dd067ed7e23d469dab6e5a622c30460b,Marketplace for Acquisition of Professional Services (MAPS),dd067ed7e23d469dab6e5a622c30460b_24.bin,PLU-ADM-003,Delivery and Administration,Schedule,Schedule,Schedule Intelligence,schedule,0.86,classified,"Sealed offers in original and copies for furnishings the supplies or services in the Schedule will be received at the place specified in item 8, or if hand carried, in the depository located in until local time (Hour) (Date) CAUTION - LATE Submissions, Modifications, and Withdrawals:",2026-06-24 22:37:18
PLUC-000203,GSTMT-000360,dd067ed7e23d469dab6e5a622c30460b,Marketplace for Acquisition of Professional Services (MAPS),dd067ed7e23d469dab6e5a622c30460b_24.bin,PLU-TECH-001,Technical,Technical Specification,Technical Specification,Technical Intelligence,specifications,0.86,classified,"TABLE OF CONTENTS (X) SECTION DESCRIPTION PAGE(S) (X) SECTION DESCRIPTION PAGE(S) PART I - THE SCHEDULE PART II - CONTRACT CLAUSES A SOLICITATION/CONTRACT FORM I CONTRACT CLAUSES B SUPPLIES OR SERVICES AND PRICES/COSTS PART III - LIST OF DOCUMENTS, EXHIBITS AND OTHER ATTACHMENTS C DESCRIPTION/SPECIFICATIONS/WORK STATEMENT J LIST OF ATTACHMENTS D PACKAGING AND MARKING PART IV - REPRESENTATIONS AND INSTRUCTIONS E INSPECTION AN",2026-06-24 22:37:18
PLUC-000204,GSTMT-000361,dd067ed7e23d469dab6e5a622c30460b,Marketplace for Acquisition of Professional Services (MAPS),dd067ed7e23d469dab6e5a622c30460b_24.bin,PLU-TECH-001,Technical,Technical Specification,Technical Specification,Technical Intelligence,specifications,0.86,classified,"TABLE OF CONTENTS (X) SECTION DESCRIPTION PAGE(S) (X) SECTION DESCRIPTION PAGE(S) PART I - THE SCHEDULE PART II - CONTRACT CLAUSES A SOLICITATION/CONTRACT FORM I CONTRACT CLAUSES B SUPPLIES OR SERVICES AND PRICES/COSTS PART III - LIST OF DOCUMENTS, EXHIBITS AND OTHER ATTACHMENTS C DESCRIPTION/SPECIFICATIONS/WORK STATEMENT J LIST OF ATTACHMENTS D PACKAGING AND MARKING PART IV - REPRESENTATIONS AND INSTRUCTIONS E INSPECTION AN",2026-06-24 22:37:18
PLUC-000205,GSTMT-000362,d4b0cdaa6b81462db03813b232d2f491,NPSC Physician Services at the NNMC,d4b0cdaa6b81462db03813b232d2f491_1.bin,PLU-SUP-003,Supplier Qualification,Certification,Certification,Supplier Capability Intelligence,certification,0.86,classified,"47 the Buy Indian Act, the signature below constitutes self-certification that the Offeror meets the definition of an “Indian Economic Enterprise” (HHSAR 326.601) in response to this Sources Sought Notice, Request for Information (RFI) or Solicitation and resultant contract.",2026-06-24 22:37:18
PLUC-000206,GSTMT-000364,d4b0cdaa6b81462db03813b232d2f491,NPSC Physician Services at the NNMC,d4b0cdaa6b81462db03813b232d2f491_1.bin,PLU-ADM-006,Delivery and Administration,Contract Administration,Contract Administration,Contract Administration,contracting officer,0.86,classified,"At any point during these periods, if the Contractor no longer meets the eligibility requirements, the contractor must provide immediate written notification to the Contracting Officer.",2026-06-24 22:37:18
PLUC-000207,GSTMT-000368,d4b0cdaa6b81462db03813b232d2f491,NPSC Physician Services at the NNMC,d4b0cdaa6b81462db03813b232d2f491_2.bin,PLU-COMP-005,Legal and Compliance,Subcontracting Requirement,Subcontracting Requirement,Subcontracting Intelligence,subcontractor,0.86,classified,"Breach, Designated Record Set, Disclosure, Health Care Operations, Individual, Minimum Necessary, Notice of Privacy Practices, PHI, Required by Law, Secretary, Security Incident, Subcontractor, Unsecured PHI, and Use.",2026-06-24 22:37:18
PLUC-000208,GSTMT-000371,d4b0cdaa6b81462db03813b232d2f491,NPSC Physician Services at the NNMC,d4b0cdaa6b81462db03813b232d2f491_4.bin,PLU-TECH-002,Technical,Performance Requirement,Performance Requirement,Technical Intelligence,performance requirement,0.86,classified,"Emergency Department Physician 2026-2027 Performance Work Statement (PWS) for Non-Personal Services EMERGENCY DEPARTMENT SUPERTRACK – EM PHYSICIAN Table of Contents Section Page 1.0 General 2-4 2.0 Definitions 4-6 3.0 Government Furnished Information, Property, & Services 6-7 4.0 Contractor Furnished Property 7 5.0 Performance-Based Requirements 8-11 6.0 Contractor Qualification Requirements 11-14 7.0 Order of Precedence/Challenges to Conflicts 14 8.0 Performance Requirements Summary (PRS) 15 9.0 List of Attachments and Exhibits 16 1 PWS:",2026-06-24 22:37:18
PLUC-000209,GSTMT-000377,d4b0cdaa6b81462db03813b232d2f491,NPSC Physician Services at the NNMC,d4b0cdaa6b81462db03813b232d2f491_5.bin,PLU-COM-004,Commercial,Unit Price,Unit Price,Pricing Intelligence,unit price,0.86,classified,Description Quantity Unit Price Extended Price 1 NPSC Physician Services - Base 520 hrs.,2026-06-24 22:37:18
PLUC-000210,GSTMT-000378,d4b0cdaa6b81462db03813b232d2f491,NPSC Physician Services at the NNMC,d4b0cdaa6b81462db03813b232d2f491_5.bin,PLU-COM-004,Commercial,Unit Price,Unit Price,Pricing Intelligence,unit price,0.86,classified,Description Quantity Unit Price Extended Price 1 NPSC Physician Services - Base 520 hrs.,2026-06-24 22:37:18
PLUC-000211,GSTMT-000379,d4b0cdaa6b81462db03813b232d2f491,NPSC Physician Services at the NNMC,d4b0cdaa6b81462db03813b232d2f491_5.bin,PLU-META-001,Metadata and Structure,Attachment,Attachment,Document Structure Intelligence,attachment,0.86,classified,TOTAL Performance Work Statement (PWS) is included as an attachment.,2026-06-24 22:37:18
PLUC-000212,GSTMT-000380,d4b0cdaa6b81462db03813b232d2f491,NPSC Physician Services at the NNMC,d4b0cdaa6b81462db03813b232d2f491_5.bin,PLU-COM-005,Commercial,Options,Options,Opportunity Intelligence,option period,0.86,classified,"The period of performance for this requirement will be set up with a base period of 12 continuous months, followed by 2 additional option periods of 12 months each, for a potential total of 36 months of service.",2026-06-24 22:37:18
PLUC-000213,GSTMT-000382,cbb1a9af3c004dc68e36a311cbef0ff9,Preventive Maintenance Services for Anti-Climb Bi-folding Gates,cbb1a9af3c004dc68e36a311cbef0ff9_1.bin,PLU-ADM-001,Delivery and Administration,Deliverable,Deliverable,Delivery Intelligence,plan,0.86,classified,Safety Management Plan ADD YOUR COMPANY NAME AND DATA Project:__ ADD THE NAME OF YOUR PROJECT HERE Location:____ ADD THE PROJECT LOCATION HERE Date:,2026-06-24 22:37:18
PLUC-000214,GSTMT-000383,cbb1a9af3c004dc68e36a311cbef0ff9,Preventive Maintenance Services for Anti-Climb Bi-folding Gates,cbb1a9af3c004dc68e36a311cbef0ff9_1.bin,PLU-ADM-001,Delivery and Administration,Deliverable,Deliverable,Delivery Intelligence,plan,0.86,classified,ADD THE DATE THE MANAGEMENT PLAN WILL BE DELIEVERED SAFETY PLAN:,2026-06-24 22:37:18
PLUC-000215,GSTMT-000384,cbb1a9af3c004dc68e36a311cbef0ff9,Preventive Maintenance Services for Anti-Climb Bi-folding Gates,cbb1a9af3c004dc68e36a311cbef0ff9_1.bin,PLU-COMP-005,Legal and Compliance,Subcontracting Requirement,Subcontracting Requirement,Subcontracting Intelligence,subcontractor,0.86,classified,SECTION I SAFETY REQUIREMENTS FOR CONTRACTORS AND SUBCONTRACTORS This safety Plan details the responsibilities related to Safety and Health for the ADD THE NAME OF YOUR PROJECT HERE project.,2026-06-24 22:37:18
PLUC-000216,GSTMT-000385,cbb1a9af3c004dc68e36a311cbef0ff9,Preventive Maintenance Services for Anti-Climb Bi-folding Gates,cbb1a9af3c004dc68e36a311cbef0ff9_1.bin,PLU-SUP-005,Supplier Qualification,Key Personnel,Key Personnel,Staffing Intelligence,project manager,0.86,classified,"The responsibilities and other issues declared in this document will be applied to all the stages of the project, extra or different requirements will be established directly by the Project Manager and/or the POSHO when needed.",2026-06-24 22:37:18
PLUC-000217,GSTMT-000386,cbb1a9af3c004dc68e36a311cbef0ff9,Preventive Maintenance Services for Anti-Climb Bi-folding Gates,cbb1a9af3c004dc68e36a311cbef0ff9_1.bin,PLU-COMP-005,Legal and Compliance,Subcontracting Requirement,Subcontracting Requirement,Subcontracting Intelligence,subcontractor,0.86,classified,"We, ADD YOUR COMPANY NAME, and all our subcontractors will follow this safety plan and guarantee full access to it in case needed.",2026-06-24 22:37:18
PLUC-000218,GSTMT-000387,cbb1a9af3c004dc68e36a311cbef0ff9,Preventive Maintenance Services for Anti-Climb Bi-folding Gates,cbb1a9af3c004dc68e36a311cbef0ff9_1.bin,PLU-COMP-008,Legal and Compliance,Cybersecurity,Cybersecurity,Risk Intelligence,nist,0.86,classified,The contractor will follow the more restrictive standard between the Safety and Health Requirements Manual established by the US Army Corps of Engineers (http://www.publications.usace.army.mil/Portals/76/Publications/EngineerManuals/EM_385-1-1.pdf) or the Mexican laws on industrial safety as established by the Ministry of Labor as follows:,2026-06-24 22:37:18
PLUC-000219,GSTMT-000388,cbb1a9af3c004dc68e36a311cbef0ff9,Preventive Maintenance Services for Anti-Climb Bi-folding Gates,cbb1a9af3c004dc68e36a311cbef0ff9_1.bin,PLU-ADM-001,Delivery and Administration,Deliverable,Deliverable,Delivery Intelligence,plan,0.86,classified,General Safety Requirements The contractor must demonstrate understanding of his/her responsibilities related to the safety requirements by addressing hazards in preplanning processes and meetings.,2026-06-24 22:37:18
PLUC-000220,GSTMT-000390,cbb1a9af3c004dc68e36a311cbef0ff9,Preventive Maintenance Services for Anti-Climb Bi-folding Gates,cbb1a9af3c004dc68e36a311cbef0ff9_2.bin,PLU-META-001,Metadata and Structure,Attachment,Attachment,Document Structure Intelligence,attachment,0.86,classified,"The asset inventory in Attachment B lists only bi-folding gates, control panels, and gate backup UPS units.",2026-06-24 22:37:18
PLUC-000221,GSTMT-000391,cbb1a9af3c004dc68e36a311cbef0ff9,Preventive Maintenance Services for Anti-Climb Bi-folding Gates,cbb1a9af3c004dc68e36a311cbef0ff9_2.bin,PLU-SUP-001,Supplier Qualification,Past Performance,Past Performance,Supplier Capability Intelligence,references,0.86,classified,"Can the Government please clarify if any generator systems are included under this contract's technical scope, or if these references are administrative errors?",2026-06-24 22:37:18
PLUC-000222,GSTMT-000392,cbb1a9af3c004dc68e36a311cbef0ff9,Preventive Maintenance Services for Anti-Climb Bi-folding Gates,cbb1a9af3c004dc68e36a311cbef0ff9_2.bin,PLU-SUP-001,Supplier Qualification,Past Performance,Past Performance,Supplier Capability Intelligence,references,0.86,classified,"Can the Government please clarify if any generator systems are included under this contract's technical scope, or if these references are administrative errors?",2026-06-24 22:37:18
PLUC-000223,GSTMT-000394,cbb1a9af3c004dc68e36a311cbef0ff9,Preventive Maintenance Services for Anti-Climb Bi-folding Gates,cbb1a9af3c004dc68e36a311cbef0ff9_2.bin,PLU-META-003,Metadata and Structure,Section,Section,Document Structure Intelligence,section [a-z0-9],0.86,classified,"SBU - CONTRACTING AND ACQUISITIONS 19MX5326Q0043 Anti-climb Bi-folding gates Q8 RFP Section 10 - Software, Licenses and Passwords states that copies of software and licenses needed to control or adjust the module must be given to post.",2026-06-24 22:37:18
PLUC-000224,GSTMT-000396,cbb1a9af3c004dc68e36a311cbef0ff9,Preventive Maintenance Services for Anti-Climb Bi-folding Gates,cbb1a9af3c004dc68e36a311cbef0ff9_3.bin,PLU-EVAL-002,Evaluation,Evaluation Navigation,Evaluation Navigation,Document Navigation,evaluation factors,0.86,classified,TABLE OF CONTENTS SECTION 1 - THE SCHEDULE  SF-1449 cover sheet  Block 20 – SCHEDULE OF SUPPLIES/SERVICES  Block 23 – UNIT PRICE  Attachment A - Statement of Work  Attachment B - Equipment List  Attachment C - Bavak Test Protocol (Specific to Bavak Speed Gate)  Attachment D - Inspection Report (Specific to Bavak Speedgate)  Attachment E - Payment Registration Form – Pesos  Attachment F - Payment Registration– USD to a bank in the United States  Attachment G - Payment Registration– USD to a bank in Mexico  Attachment H - Vendor Portal Registration  Attachment I - Safety Plan SECTION 2 - CONTRACT CLAUSES  Contract Clauses  Addendum to Contract Clauses - FAR and DOSAR Clauses not Prescribed in Part 12 SECTION 3 - SOLICITATION PROVISIONS  Solicitation Provisions  Addendum to Solicitation Provisions - FAR and DOSAR Provisions not Prescribed in Part 12 SECTION 4 - EVALUATION FACTORS  Evaluation Factors  Addendum to Evaluation Factors - FAR and DOSAR Provisions not Prescribed in Part 12 SECTION 5 - REPRESENTATIONS AND CERTIFICATIONS  Addendum to Offeror Representations and Certifications - FAR and DOSAR Provisions not Prescribed in Part 12 SBU - CONTRACTING AND ACQUISITIONS SECTION 1 - THE SCHEDULE CONTINUATION TO SF-1449 RFQ NUMBER 19MX5326Q0043 Block 20 - SCHEDULE OF SUPPLIES/SERVICES 1 DESCRIPTION The U.S.,2026-06-24 22:37:18
PLUC-000225,GSTMT-000397,cbb1a9af3c004dc68e36a311cbef0ff9,Preventive Maintenance Services for Anti-Climb Bi-folding Gates,cbb1a9af3c004dc68e36a311cbef0ff9_3.bin,PLU-EVAL-002,Evaluation,Evaluation Navigation,Evaluation Navigation,Document Navigation,evaluation factors,0.86,classified,TABLE OF CONTENTS SECTION 1 - THE SCHEDULE  SF-1449 cover sheet  Block 20 – SCHEDULE OF SUPPLIES/SERVICES  Block 23 – UNIT PRICE  Attachment A - Statement of Work  Attachment B - Equipment List  Attachment C - Bavak Test Protocol (Specific to Bavak Speed Gate)  Attachment D - Inspection Report (Specific to Bavak Speedgate)  Attachment E - Payment Registration Form – Pesos  Attachment F - Payment Registration– USD to a bank in the United States  Attachment G - Payment Registration– USD to a bank in Mexico  Attachment H - Vendor Portal Registration  Attachment I - Safety Plan SECTION 2 - CONTRACT CLAUSES  Contract Clauses  Addendum to Contract Clauses - FAR and DOSAR Clauses not Prescribed in Part 12 SECTION 3 - SOLICITATION PROVISIONS  Solicitation Provisions  Addendum to Solicitation Provisions - FAR and DOSAR Provisions not Prescribed in Part 12 SECTION 4 - EVALUATION FACTORS  Evaluation Factors  Addendum to Evaluation Factors - FAR and DOSAR Provisions not Prescribed in Part 12 SECTION 5 - REPRESENTATIONS AND CERTIFICATIONS  Addendum to Offeror Representations and Certifications - FAR and DOSAR Provisions not Prescribed in Part 12 SBU - CONTRACTING AND ACQUISITIONS SECTION 1 - THE SCHEDULE CONTINUATION TO SF-1449 RFQ NUMBER 19MX5326Q0043 Block 20 - SCHEDULE OF SUPPLIES/SERVICES 1 DESCRIPTION The U.S.,2026-06-24 22:37:18
PLUC-000226,GSTMT-000398,cbb1a9af3c004dc68e36a311cbef0ff9,Preventive Maintenance Services for Anti-Climb Bi-folding Gates,cbb1a9af3c004dc68e36a311cbef0ff9_3.bin,PLU-EVAL-002,Evaluation,Evaluation Navigation,Evaluation Navigation,Document Navigation,evaluation factors,0.86,classified,TABLE OF CONTENTS SECTION 1 - THE SCHEDULE  SF-1449 cover sheet  Block 20 – SCHEDULE OF SUPPLIES/SERVICES  Block 23 – UNIT PRICE  Attachment A - Statement of Work  Attachment B - Equipment List  Attachment C - Bavak Test Protocol (Specific to Bavak Speed Gate)  Attachment D - Inspection Report (Specific to Bavak Speedgate)  Attachment E - Payment Registration Form – Pesos  Attachment F - Payment Registration– USD to a bank in the United States  Attachment G - Payment Registration– USD to a bank in Mexico  Attachment H - Vendor Portal Registration  Attachment I - Safety Plan SECTION 2 - CONTRACT CLAUSES  Contract Clauses  Addendum to Contract Clauses - FAR and DOSAR Clauses not Prescribed in Part 12 SECTION 3 - SOLICITATION PROVISIONS  Solicitation Provisions  Addendum to Solicitation Provisions - FAR and DOSAR Provisions not Prescribed in Part 12 SECTION 4 - EVALUATION FACTORS  Evaluation Factors  Addendum to Evaluation Factors - FAR and DOSAR Provisions not Prescribed in Part 12 SECTION 5 - REPRESENTATIONS AND CERTIFICATIONS  Addendum to Offeror Representations and Certifications - FAR and DOSAR Provisions not Prescribed in Part 12 SBU - CONTRACTING AND ACQUISITIONS SECTION 1 - THE SCHEDULE CONTINUATION TO SF-1449 RFQ NUMBER 19MX5326Q0043 Block 20 - SCHEDULE OF SUPPLIES/SERVICES 1 DESCRIPTION The U.S.,2026-06-24 22:37:18
PLUC-000227,GSTMT-000399,cbb1a9af3c004dc68e36a311cbef0ff9,Preventive Maintenance Services for Anti-Climb Bi-folding Gates,cbb1a9af3c004dc68e36a311cbef0ff9_3.bin,PLU-EVAL-002,Evaluation,Evaluation Navigation,Evaluation Navigation,Document Navigation,evaluation factors,0.86,classified,TABLE OF CONTENTS SECTION 1 - THE SCHEDULE  SF-1449 cover sheet  Block 20 – SCHEDULE OF SUPPLIES/SERVICES  Block 23 – UNIT PRICE  Attachment A - Statement of Work  Attachment B - Equipment List  Attachment C - Bavak Test Protocol (Specific to Bavak Speed Gate)  Attachment D - Inspection Report (Specific to Bavak Speedgate)  Attachment E - Payment Registration Form – Pesos  Attachment F - Payment Registration– USD to a bank in the United States  Attachment G - Payment Registration– USD to a bank in Mexico  Attachment H - Vendor Portal Registration  Attachment I - Safety Plan SECTION 2 - CONTRACT CLAUSES  Contract Clauses  Addendum to Contract Clauses - FAR and DOSAR Clauses not Prescribed in Part 12 SECTION 3 - SOLICITATION PROVISIONS  Solicitation Provisions  Addendum to Solicitation Provisions - FAR and DOSAR Provisions not Prescribed in Part 12 SECTION 4 - EVALUATION FACTORS  Evaluation Factors  Addendum to Evaluation Factors - FAR and DOSAR Provisions not Prescribed in Part 12 SECTION 5 - REPRESENTATIONS AND CERTIFICATIONS  Addendum to Offeror Representations and Certifications - FAR and DOSAR Provisions not Prescribed in Part 12 SBU - CONTRACTING AND ACQUISITIONS SECTION 1 - THE SCHEDULE CONTINUATION TO SF-1449 RFQ NUMBER 19MX5326Q0043 Block 20 - SCHEDULE OF SUPPLIES/SERVICES 1 DESCRIPTION The U.S.,2026-06-24 22:37:18
PLUC-000228,GSTMT-000400,cbb1a9af3c004dc68e36a311cbef0ff9,Preventive Maintenance Services for Anti-Climb Bi-folding Gates,cbb1a9af3c004dc68e36a311cbef0ff9_3.bin,PLU-EVAL-002,Evaluation,Evaluation Navigation,Evaluation Navigation,Document Navigation,evaluation factors,0.86,classified,TABLE OF CONTENTS SECTION 1 - THE SCHEDULE  SF-1449 cover sheet  Block 20 – SCHEDULE OF SUPPLIES/SERVICES  Block 23 – UNIT PRICE  Attachment A - Statement of Work  Attachment B - Equipment List  Attachment C - Bavak Test Protocol (Specific to Bavak Speed Gate)  Attachment D - Inspection Report (Specific to Bavak Speedgate)  Attachment E - Payment Registration Form – Pesos  Attachment F - Payment Registration– USD to a bank in the United States  Attachment G - Payment Registration– USD to a bank in Mexico  Attachment H - Vendor Portal Registration  Attachment I - Safety Plan SECTION 2 - CONTRACT CLAUSES  Contract Clauses  Addendum to Contract Clauses - FAR and DOSAR Clauses not Prescribed in Part 12 SECTION 3 - SOLICITATION PROVISIONS  Solicitation Provisions  Addendum to Solicitation Provisions - FAR and DOSAR Provisions not Prescribed in Part 12 SECTION 4 - EVALUATION FACTORS  Evaluation Factors  Addendum to Evaluation Factors - FAR and DOSAR Provisions not Prescribed in Part 12 SECTION 5 - REPRESENTATIONS AND CERTIFICATIONS  Addendum to Offeror Representations and Certifications - FAR and DOSAR Provisions not Prescribed in Part 12 SBU - CONTRACTING AND ACQUISITIONS SECTION 1 - THE SCHEDULE CONTINUATION TO SF-1449 RFQ NUMBER 19MX5326Q0043 Block 20 - SCHEDULE OF SUPPLIES/SERVICES 1 DESCRIPTION The U.S.,2026-06-24 22:37:18
PLUC-000229,GSTMT-000402,cbb1a9af3c004dc68e36a311cbef0ff9,Preventive Maintenance Services for Anti-Climb Bi-folding Gates,cbb1a9af3c004dc68e36a311cbef0ff9_3.bin,PLU-TECH-005,Technical,Service Requirement,Service Requirement,Service Intelligence,services shall,0.86,classified,These services shall result in all systems being service,2026-06-24 22:37:18
PLUC-000230,GSTMT-000403,cbb1a9af3c004dc68e36a311cbef0ff9,Preventive Maintenance Services for Anti-Climb Bi-folding Gates,cbb1a9af3c004dc68e36a311cbef0ff9_4.bin,PLU-COMP-008,Legal and Compliance,Cybersecurity,Cybersecurity,Risk Intelligence,nist,0.86,classified,"ADMINISTERED BY CODE United States Embassy Mexico City United States Embassy Mexico City Facility Management Office Facility Management Office Presa Angostura 225, Irrigación, 11500, Presa Angostura 225, Irrigación, 11500, CDMX, Mexico CDMX, Mexico Ciudad de Mexico.",2026-06-24 22:37:18
PLUC-000231,GSTMT-000405,cbb1a9af3c004dc68e36a311cbef0ff9,Preventive Maintenance Services for Anti-Climb Bi-folding Gates,cbb1a9af3c004dc68e36a311cbef0ff9_5.bin,PLU-META-003,Metadata and Structure,Section,Section,Document Structure Intelligence,section [a-z0-9],0.86,classified,"Your quote must be submitted to the address shown on paragraph 3.3.2.2 – Submission Date and Address under Section 3 of the solicitation document on or before 12:00 hours (noon), Mexico City's local time on Friday, June 19, 2026.",2026-06-24 22:37:18
PLUC-000232,GSTMT-000408,cbb1a9af3c004dc68e36a311cbef0ff9,Preventive Maintenance Services for Anti-Climb Bi-folding Gates,cbb1a9af3c004dc68e36a311cbef0ff9_5.bin,PLU-COM-004,Commercial,Unit Price,Unit Price,Pricing Intelligence,unit price,0.86,classified,"Volume Title  Completed and executed SF-1449 cover sheet (Blocks 17a, 18a, 19, 20, and 23)  Completed Attachment E, F, or G – Payment Registration Form (as applicable based on Section 1.4) I  Completed Section 5 - Representations and Certifications  SAM Unique Entity ID (UEI)  CAGE/NCAGE Code  Evidence of active registration in SAM.gov  Vendor Portal Registration (Attachment H)  Completed Block 23 - Unit Price (Section 1, pages 13-15) showing:",2026-06-24 22:37:18
PLUC-000233,GSTMT-000409,cbb1a9af3c004dc68e36a311cbef0ff9,Preventive Maintenance Services for Anti-Climb Bi-folding Gates,cbb1a9af3c004dc68e36a311cbef0ff9_5.bin,PLU-COM-004,Commercial,Unit Price,Unit Price,Pricing Intelligence,unit price,0.86,classified,"Volume Title  Completed and executed SF-1449 cover sheet (Blocks 17a, 18a, 19, 20, and 23)  Completed Attachment E, F, or G – Payment Registration Form (as applicable based on Section 1.4) I  Completed Section 5 - Representations and Certifications  SAM Unique Entity ID (UEI)  CAGE/NCAGE Code  Evidence of active registration in SAM.gov  Vendor Portal Registration (Attachment H)  Completed Block 23 - Unit Price (Section 1, pages 13-15) showing:",2026-06-24 22:37:18
PLUC-000234,GSTMT-000410,cbb1a9af3c004dc68e36a311cbef0ff9,Preventive Maintenance Services for Anti-Climb Bi-folding Gates,cbb1a9af3c004dc68e36a311cbef0ff9_5.bin,PLU-COM-004,Commercial,Unit Price,Unit Price,Pricing Intelligence,unit price,0.86,classified,"Volume Title  Completed and executed SF-1449 cover sheet (Blocks 17a, 18a, 19, 20, and 23)  Completed Attachment E, F, or G – Payment Registration Form (as applicable based on Section 1.4) I  Completed Section 5 - Representations and Certifications  SAM Unique Entity ID (UEI)  CAGE/NCAGE Code  Evidence of active registration in SAM.gov  Vendor Portal Registration (Attachment H)  Completed Block 23 - Unit Price (Section 1, pages 13-15) showing:",2026-06-24 22:37:18
PLUC-000235,GSTMT-000411,cbb1a9af3c004dc68e36a311cbef0ff9,Preventive Maintenance Services for Anti-Climb Bi-folding Gates,cbb1a9af3c004dc68e36a311cbef0ff9_5.bin,PLU-COM-004,Commercial,Unit Price,Unit Price,Pricing Intelligence,unit price,0.86,classified,"Volume Title  Completed and executed SF-1449 cover sheet (Blocks 17a, 18a, 19, 20, and 23)  Completed Attachment E, F, or G – Payment Registration Form (as applicable based on Section 1.4) I  Completed Section 5 - Representations and Certifications  SAM Unique Entity ID (UEI)  CAGE/NCAGE Code  Evidence of active registration in SAM.gov  Vendor Portal Registration (Attachment H)  Completed Block 23 - Unit Price (Section 1, pages 13-15) showing:",2026-06-24 22:37:18
PLUC-000236,GSTMT-000412,cbb1a9af3c004dc68e36a311cbef0ff9,Preventive Maintenance Services for Anti-Climb Bi-folding Gates,cbb1a9af3c004dc68e36a311cbef0ff9_5.bin,PLU-COM-004,Commercial,Unit Price,Unit Price,Pricing Intelligence,unit price,0.86,classified,"Volume Title  Completed and executed SF-1449 cover sheet (Blocks 17a, 18a, 19, 20, and 23)  Completed Attachment E, F, or G – Payment Registration Form (as applicable based on Section 1.4) I  Completed Section 5 - Representations and Certifications  SAM Unique Entity ID (UEI)  CAGE/NCAGE Code  Evidence of active registration in SAM.gov  Vendor Portal Registration (Attachment H)  Completed Block 23 - Unit Price (Section 1, pages 13-15) showing:",2026-06-24 22:37:18
PLUC-000237,GSTMT-000413,cbb1a9af3c004dc68e36a311cbef0ff9,Preventive Maintenance Services for Anti-Climb Bi-folding Gates,cbb1a9af3c004dc68e36a311cbef0ff9_5.bin,PLU-COM-005,Commercial,Options,Options,Opportunity Intelligence,option year,0.86,classified,o Base Year pricing (CLINs 001-002) o Option Year 1 pricing (CLINs 101-102) II o Option Year 2 pricing (CLINs 201-202) o Repair labor rates (Section 1.7.1)  Currency clearly identified per Section 1.4  Value Added Tax (VAT) calculated separately if applicable per Section 1.5 The Embassy intends to conduct a site,2026-06-24 22:37:18
PLUC-000238,GSTMT-000415,cbb1a9af3c004dc68e36a311cbef0ff9,Preventive Maintenance Services for Anti-Climb Bi-folding Gates,cbb1a9af3c004dc68e36a311cbef0ff9_6.bin,PLU-COMP-008,Legal and Compliance,Cybersecurity,Cybersecurity,Risk Intelligence,nist,0.86,classified,ADMINISTERED BY (If other than Item 6) CODE 19MX53 8.,2026-06-24 22:37:18
PLUC-000239,GSTMT-000418,cbb1a9af3c004dc68e36a311cbef0ff9,Preventive Maintenance Services for Anti-Climb Bi-folding Gates,cbb1a9af3c004dc68e36a311cbef0ff9_6.bin,PLU-PROP-006,Proposal,Amendment Acknowledgement,Amendment Acknowledgement,Proposal Compliance,acknowledge.*amendment,0.86,classified,"Offers must acknowledge receipt of this amendment prior to the hour and date specified in the solicitation or as amended, by one of the following methods:",2026-06-24 22:37:18
PLUC-000240,GSTMT-000423,cb68614c729145b3835e8326258f5ea2,Shade Structure Canopy,cb68614c729145b3835e8326258f5ea2_1.bin,PLU-TECH-004,Technical,Product Requirement,Product Requirement,Product Intelligence,materials?,0.86,classified,The government requires material specified and the government will be installing the canopy.,2026-06-24 22:37:18
PLUC-000241,GSTMT-000425,cb68614c729145b3835e8326258f5ea2,Shade Structure Canopy,cb68614c729145b3835e8326258f5ea2_1.bin,PLU-META-003,Metadata and Structure,Section,Section,Document Structure Intelligence,section [a-z0-9],0.86,classified,"In Section 1, the requirement states 2 shades of 20' x 25' each (overall 40' x 25'), while Section 9C refers to a 40' x 40' shade.",2026-06-24 22:37:18
PLUC-000242,GSTMT-000426,cb68614c729145b3835e8326258f5ea2,Shade Structure Canopy,cb68614c729145b3835e8326258f5ea2_1.bin,PLU-TECH-001,Technical,Technical Specification,Technical Specification,Technical Intelligence,specifications,0.86,classified,"2 – 20’x25’ or 1 – 40’x25’ • Additionally, please let us know whether the specifications are flexible or if they are strict, non-negotiable requirements.",2026-06-24 22:37:18
PLUC-000243,GSTMT-000427,cb68614c729145b3835e8326258f5ea2,Shade Structure Canopy,cb68614c729145b3835e8326258f5ea2_1.bin,PLU-TECH-001,Technical,Technical Specification,Technical Specification,Technical Intelligence,specifications,0.86,classified,Please provide the material according to the submitted specifications;,2026-06-24 22:37:18
PLUC-000244,GSTMT-000428,cb68614c729145b3835e8326258f5ea2,Shade Structure Canopy,cb68614c729145b3835e8326258f5ea2_1.bin,PLU-SUP-001,Supplier Qualification,Past Performance,Past Performance,Supplier Capability Intelligence,references,0.86,classified,"The specification document references field connections ""indicated on the drawings"".",2026-06-24 22:37:18
PLUC-000245,GSTMT-000438,cb68614c729145b3835e8326258f5ea2,Shade Structure Canopy,cb68614c729145b3835e8326258f5ea2_3.bin,PLU-COMP-001,Legal and Compliance,FAR Clause,FAR Clause,Compliance Intelligence,\bfar\b,0.86,classified,"This is a combined synopsis/solicitation for Shade Structure Canopy in accordance with the format in FAR 12.6, as supplemented with additional information included in this notice.",2026-06-24 22:37:18
PLUC-000246,GSTMT-000440,cb68614c729145b3835e8326258f5ea2,Shade Structure Canopy,cb68614c729145b3835e8326258f5ea2_3.bin,PLU-COMP-001,Legal and Compliance,FAR Clause,FAR Clause,Compliance Intelligence,\bfar\b,0.86,classified,"The 164th Airlift Wing located at 4593 Swinnea Memphis, TN 38118, is issuing a combined synopsis/solicitation for a single award contract to be prepared in accordance with the format in FAR 12.6, as supplemented with additional information included in this notice.",2026-06-24 22:37:18
PLUC-000247,GSTMT-000441,cb68614c729145b3835e8326258f5ea2,Shade Structure Canopy,cb68614c729145b3835e8326258f5ea2_3.bin,PLU-COMP-006,Legal and Compliance,Socioeconomic Requirement,Socioeconomic Requirement,Eligibility Intelligence,small business,0.86,classified,"The North American Industry Classification System (NAICS) Code for this requirement is 314910 Textile Bag and Canvas Mills, with a Small Business size standard of 500 employees.",2026-06-24 22:37:18
PLUC-000248,GSTMT-000442,cb68614c729145b3835e8326258f5ea2,Shade Structure Canopy,cb68614c729145b3835e8326258f5ea2_3.bin,PLU-COMP-006,Legal and Compliance,Socioeconomic Requirement,Socioeconomic Requirement,Eligibility Intelligence,small business,0.86,classified,This Request for Quote (RFQ) for Shade Structure Canopy is being set aside for Total Small Businesses.,2026-06-24 22:37:18
PLUC-000249,GSTMT-000443,cb68614c729145b3835e8326258f5ea2,Shade Structure Canopy,cb68614c729145b3835e8326258f5ea2_3.bin,PLU-COM-002,Commercial,Contract Type,Contract Type,Commercial Intelligence,firm[- ]fixed[- ]price,0.86,classified,The Government intends to award a Firm-Fixed Price contract.,2026-06-24 22:37:18
PLUC-000250,GSTMT-000445,cb68614c729145b3835e8326258f5ea2,Shade Structure Canopy,cb68614c729145b3835e8326258f5ea2_3.bin,PLU-COMP-006,Legal and Compliance,Socioeconomic Requirement,Socioeconomic Requirement,Eligibility Intelligence,small business,0.86,classified,"Meaning, the goal of this solicitation is to find a small business to meet the requirements of the 164th Airlift Wing.",2026-06-24 22:37:18
PLUC-000251,GSTMT-000446,cb68614c729145b3835e8326258f5ea2,Shade Structure Canopy,cb68614c729145b3835e8326258f5ea2_3.bin,PLU-EVAL-001,Evaluation,Evaluation Framework,Evaluation Framework,Evaluation Intelligence,award will be made,0.86,classified,“Award will be made to the offeror who represents the best value to the,2026-06-24 22:37:18
PLUC-000252,GSTMT-000447,c502adb5aeb8463f88d90c9be98eed6e,N--George Washington Birthplace National Monument- RE,c502adb5aeb8463f88d90c9be98eed6e_1.bin,PLU-COM-003,Commercial,Price Schedule,Price Schedule,Pricing Intelligence,line item,0.86,classified,www.NPS.gov/GEWA February 2026 PROJECT MANUAL COVER 00 01 00 - Page 2 of 2 Upgrade HVAC System George Washington Birthplace National Monument PMIS # 305342 TABLE OF CONTENTS 01 00 00 GENERAL REQUIREMENTS 01 10 00 SUMMARY OF WORK 01 26 01 CONTRACT MODIFICATION PROCEDURES 01 27 00 DEFINITION OF CONTRACT LINE ITEMS 01 31 00 PROJECT MANAGEMENT AND COORDINATION 01 32 16 CONSTRUCTION SCHEDULE 01 32 33 PHOTOGRAPHIC DOCUMENTATION 01 33 00 SUBMITTAL PROCEDURES 01 35 13.22 ARCHEOLOGICAL PROTECTION 01 35 23 SAFETY REQUIREMENTS 01 35 91 HISTORIC PRESERVATION TREATMENT PROCEDURES 01 40 00 QUALITY REQUIREMENTS 01 42 00 REGERENCE STANDARDS 01 67 00 PRODUCT REQUIREMENTS 01 73 29 CUTTING AND PATCHING 01 73 40 EXECUTION 01 74 19 CONSTRUCTION WASTE MANAGEMENT AND DISPOSAL 01 77 00 CLOSEOUT PROCEDURES 01 78 23 OPERATION AND MAINTENANCE DATA 01 79 00 DEMONSTRATION & TRAINING 02 41 19 SELECTI,2026-06-24 22:37:18
PLUC-000253,GSTMT-000448,c502adb5aeb8463f88d90c9be98eed6e,N--George Washington Birthplace National Monument- RE,c502adb5aeb8463f88d90c9be98eed6e_2.bin,PLU-EVAL-003,Evaluation,Evaluation Factor,Evaluation Factor,Evaluation Intelligence,past performance,0.86,classified,Department of Interior Past Performance Questionnaire (PPQ) Notice to Contractor Information provided in this questionnaire is intended for use as source selection information and as such is deemed Source Selection Sensitive.,2026-06-24 22:37:18
PLUC-000254,GSTMT-000449,c502adb5aeb8463f88d90c9be98eed6e,N--George Washington Birthplace National Monument- RE,c502adb5aeb8463f88d90c9be98eed6e_2.bin,PLU-EVAL-003,Evaluation,Evaluation Factor,Evaluation Factor,Evaluation Intelligence,past performance,0.86,classified,Department of Interior Past Performance Questionnaire (PPQ) Notice to Contractor Information provided in this questionnaire is intended for use as source selection information and as such is deemed Source Selection Sensitive.,2026-06-24 22:37:18
PLUC-000255,GSTMT-000450,c502adb5aeb8463f88d90c9be98eed6e,N--George Washington Birthplace National Monument- RE,c502adb5aeb8463f88d90c9be98eed6e_2.bin,PLU-SUP-001,Supplier Qualification,Past Performance,Past Performance,Supplier Capability Intelligence,questionnaire,0.86,classified,"Statements or comments provided in the questionnaire do not signify an express or implied endorsement of any product, supply, service, or enterprise.",2026-06-24 22:37:18
PLUC-000256,GSTMT-000452,c502adb5aeb8463f88d90c9be98eed6e,N--George Washington Birthplace National Monument- RE,c502adb5aeb8463f88d90c9be98eed6e_2.bin,PLU-TECH-004,Technical,Product Requirement,Product Requirement,Product Intelligence,materials?,0.86,classified,"The contractor shall not be permitted to use any information provided in this questionnaire to publicize, or otherwise circulate, promotional materials that state or imply Governmental, organizational, group, expert, or individual endorsement or consumer testimonial of a product, service, or position which the contractor represents.",2026-06-24 22:37:18
PLUC-000257,GSTMT-000453,c502adb5aeb8463f88d90c9be98eed6e,N--George Washington Birthplace National Monument- RE,c502adb5aeb8463f88d90c9be98eed6e_2.bin,PLU-COMP-001,Legal and Compliance,FAR Clause,FAR Clause,Compliance Intelligence,\bfar\b,0.86,classified,"DIAR 1452.203-70 Restriction on Endorsements - Department of the interior (JUL 1996) The Contractor shall not refer to contracts awarded by the Department of the Interior in commercial advertising, as defined in FAR 31.205-1, in a manner which states or implies that the product or service provided is approved or endorsed by the Government or is considered by the Government to be superior to other products or services.",2026-06-24 22:37:18
PLUC-000258,GSTMT-000455,c502adb5aeb8463f88d90c9be98eed6e,N--George Washington Birthplace National Monument- RE,c502adb5aeb8463f88d90c9be98eed6e_3.bin,PLU-COMP-008,Legal and Compliance,Cybersecurity,Cybersecurity,Risk Intelligence,nist,0.86,classified,"ISSUED BY CODE PNN 7.ADMINISTERED BY (If other than Item 6)CODE NPS, NER - NE MABO Boston National Historical Park Charlestown Navy Yard Building I-1 Boston MA 02129-4543 8.",2026-06-24 22:37:18
PLUC-000259,GSTMT-000458,c502adb5aeb8463f88d90c9be98eed6e,N--George Washington Birthplace National Monument- RE,c502adb5aeb8463f88d90c9be98eed6e_3.bin,PLU-PROP-006,Proposal,Amendment Acknowledgement,Amendment Acknowledgement,Proposal Compliance,acknowledge.*amendment,0.86,classified,"Offers must acknowledge receipt of this amendment prior to the hour and date specified in the solicitation or as amended, by one of the following methods:",2026-06-24 22:37:18
PLUC-000260,GSTMT-000462,c502adb5aeb8463f88d90c9be98eed6e,N--George Washington Birthplace National Monument- RE,c502adb5aeb8463f88d90c9be98eed6e_4.bin,PLU-COMP-001,Legal and Compliance,FAR Clause,FAR Clause,Compliance Intelligence,\bfar\b,0.86,classified,Construction Contract Administration Federal Acquisition Regulation (FAR) 36.211(b) requires agencies provide description of policies and procedures that apply to definitization of equitable adjustments for change orders under construction contracts and data on the time required to definitize equitable adjustments for change orders under construction contracts.,2026-06-24 22:37:18
PLUC-000261,GSTMT-000463,c502adb5aeb8463f88d90c9be98eed6e,N--George Washington Birthplace National Monument- RE,c502adb5aeb8463f88d90c9be98eed6e_6.bin,PLU-META-003,Metadata and Structure,Section,Section,Document Structure Intelligence,section [a-z0-9],0.86,classified,"DATE ISSUED PAGE OF PAGES AND AWARD 140P4326R0013 SEALED BID (IFB) INVITATION FOR BID 05/15/2026 1 55 (Construction, Alteration, or Repair) NEGOTIATED (RFP) REQUEST FOR PROPOSAL IMPORTANT - The ""offer"" section on the reverse must be fully completed by offeror.",2026-06-24 22:37:18
PLUC-000262,GSTMT-000466,c502adb5aeb8463f88d90c9be98eed6e,N--George Washington Birthplace National Monument- RE,c502adb5aeb8463f88d90c9be98eed6e_6.bin,PLU-TECH-001,Technical,Technical Specification,Technical Specification,Technical Intelligence,specifications,0.86,classified,Detailed Specifications and Drawings and are provided with final solicitation documents.,2026-06-24 22:37:18
PLUC-000263,GSTMT-000467,c502adb5aeb8463f88d90c9be98eed6e,N--George Washington Birthplace National Monument- RE,c502adb5aeb8463f88d90c9be98eed6e_6.bin,PLU-COMP-006,Legal and Compliance,Socioeconomic Requirement,Socioeconomic Requirement,Eligibility Intelligence,small business,0.86,classified,This requirement is being solicited as a Service-Disabled Veteran-Owned Small Business,2026-06-24 22:37:18
PLUC-000264,GSTMT-000469,c502adb5aeb8463f88d90c9be98eed6e,N--George Washington Birthplace National Monument- RE,c502adb5aeb8463f88d90c9be98eed6e_8.bin,PLU-TECH-006,Technical,Acceptance Criteria,Acceptance Criteria,Quality Intelligence,testing,0.86,classified,"Please provide any available testing data, commissioning reports, or historical maintenance records for the existing geothermal well field.",2026-06-24 22:37:18
PLUC-000265,GSTMT-000470,c502adb5aeb8463f88d90c9be98eed6e,N--George Washington Birthplace National Monument- RE,c502adb5aeb8463f88d90c9be98eed6e_9.bin,PLU-COMP-008,Legal and Compliance,Cybersecurity,Cybersecurity,Risk Intelligence,cui,0.86,classified,MBH THOUSAND BRITISH THERMAL ROUND RETURN OR AAV AUTOMATIC AIR VENT UNITS PER HOUR ROUND SUPPLY EXHAUST BALL VALVE AC AIR CONDITIONING MCA MINIMUM CIRCUIT AMPS 2.,2026-06-24 22:37:18
PLUC-000266,GSTMT-000471,b80dc335dcbb4f6abbff52eb54415e9a,EcoStruxure Panel Server Advanced (EnerlinX Series),b80dc335dcbb4f6abbff52eb54415e9a_1.bin,PLU-PROP-002,Proposal,Proposal Volume,Proposal Volume,Proposal Intelligence,price proposal,0.86,classified,"PR481393 Hello, Poten*al Offeror, Oak Ridge Na*onal Laboratory (ORNL) is invi*ng you to submit a Firm Fixed Price proposal/quote for the following items listed below.",2026-06-24 22:37:18
PLUC-000267,GSTMT-000472,b80dc335dcbb4f6abbff52eb54415e9a,EcoStruxure Panel Server Advanced (EnerlinX Series),b80dc335dcbb4f6abbff52eb54415e9a_1.bin,PLU-PROP-002,Proposal,Proposal Volume,Proposal Volume,Proposal Intelligence,price proposal,0.86,classified,"PR481393 Hello, Poten*al Offeror, Oak Ridge Na*onal Laboratory (ORNL) is invi*ng you to submit a Firm Fixed Price proposal/quote for the following items listed below.",2026-06-24 22:37:18
PLUC-000268,GSTMT-000473,b80dc335dcbb4f6abbff52eb54415e9a,EcoStruxure Panel Server Advanced (EnerlinX Series),b80dc335dcbb4f6abbff52eb54415e9a_1.bin,PLU-PROP-002,Proposal,Proposal Volume,Proposal Volume,Proposal Intelligence,price proposal,0.86,classified,"PR481393 Hello, Poten*al Offeror, Oak Ridge Na*onal Laboratory (ORNL) is invi*ng you to submit a Firm Fixed Price proposal/quote for the following items listed below.",2026-06-24 22:37:18
PLUC-000269,GSTMT-000474,b80dc335dcbb4f6abbff52eb54415e9a,EcoStruxure Panel Server Advanced (EnerlinX Series),b80dc335dcbb4f6abbff52eb54415e9a_1.bin,PLU-EVAL-001,Evaluation,Evaluation Framework,Evaluation Framework,Evaluation Intelligence,award will be made,0.86,classified,"An award will be made based on the lowest priced, technically acceptable proposal.",2026-06-24 22:37:18
PLUC-000270,GSTMT-000475,b80dc335dcbb4f6abbff52eb54415e9a,EcoStruxure Panel Server Advanced (EnerlinX Series),b80dc335dcbb4f6abbff52eb54415e9a_1.bin,PLU-EVAL-001,Evaluation,Evaluation Framework,Evaluation Framework,Evaluation Intelligence,award will be made,0.86,classified,"An award will be made based on the lowest priced, technically acceptable proposal.",2026-06-24 22:37:18
PLUC-000271,GSTMT-000476,b80dc335dcbb4f6abbff52eb54415e9a,EcoStruxure Panel Server Advanced (EnerlinX Series),b80dc335dcbb4f6abbff52eb54415e9a_1.bin,PLU-COM-002,Commercial,Contract Type,Contract Type,Commercial Intelligence,firm[- ]fixed[- ]price,0.86,classified,Firm Fixed Price Small Business Set-Aside:,2026-06-24 22:37:18
PLUC-000272,GSTMT-000477,b80dc335dcbb4f6abbff52eb54415e9a,EcoStruxure Panel Server Advanced (EnerlinX Series),b80dc335dcbb4f6abbff52eb54415e9a_1.bin,PLU-COM-002,Commercial,Contract Type,Contract Type,Commercial Intelligence,firm[- ]fixed[- ]price,0.86,classified,Firm Fixed Price Small Business Set-Aside:,2026-06-24 22:37:18
PLUC-000273,GSTMT-000480,b80dc335dcbb4f6abbff52eb54415e9a,EcoStruxure Panel Server Advanced (EnerlinX Series),b80dc335dcbb4f6abbff52eb54415e9a_1.bin,PLU-COM-002,Commercial,Contract Type,Contract Type,Commercial Intelligence,firm[- ]fixed[- ]price,0.86,classified,A firm fixed price quote with your proposed delivery schedule.,2026-06-24 22:37:18
PLUC-000274,GSTMT-000481,b80dc335dcbb4f6abbff52eb54415e9a,EcoStruxure Panel Server Advanced (EnerlinX Series),b80dc335dcbb4f6abbff52eb54415e9a_1.bin,PLU-COM-002,Commercial,Contract Type,Contract Type,Commercial Intelligence,firm[- ]fixed[- ]price,0.86,classified,A firm fixed price quote with your proposed delivery schedule.,2026-06-24 22:37:18
PLUC-000275,GSTMT-000482,b80dc335dcbb4f6abbff52eb54415e9a,EcoStruxure Panel Server Advanced (EnerlinX Series),b80dc335dcbb4f6abbff52eb54415e9a_1.bin,PLU-COM-002,Commercial,Contract Type,Contract Type,Commercial Intelligence,firm[- ]fixed[- ]price,0.86,classified,A firm fixed price quote with your proposed delivery schedule.,2026-06-24 22:37:18
PLUC-000276,GSTMT-000484,b80dc335dcbb4f6abbff52eb54415e9a,EcoStruxure Panel Server Advanced (EnerlinX Series),b80dc335dcbb4f6abbff52eb54415e9a_2.bin,PLU-COM-003,Commercial,Price Schedule,Price Schedule,Pricing Intelligence,line item,0.86,classified,Attachment C- RFP481393 Vendor Name Quote Number Date Line ItemItem Description Part Number Manufacturer Quantity Unit Price Total Price Lead Time Country of Origin 1EcoStruxure Panel Server Advanced (EnerlinX Series) or domestic equivalent PAS800L-ESX Schneider Electric 41 Total,2026-06-24 22:37:18
PLUC-000277,GSTMT-000485,b80dc335dcbb4f6abbff52eb54415e9a,EcoStruxure Panel Server Advanced (EnerlinX Series),b80dc335dcbb4f6abbff52eb54415e9a_2.bin,PLU-COM-003,Commercial,Price Schedule,Price Schedule,Pricing Intelligence,line item,0.86,classified,Attachment C- RFP481393 Vendor Name Quote Number Date Line ItemItem Description Part Number Manufacturer Quantity Unit Price Total Price Lead Time Country of Origin 1EcoStruxure Panel Server Advanced (EnerlinX Series) or domestic equivalent PAS800L-ESX Schneider Electric 41 Total,2026-06-24 22:37:18
PLUC-000278,GSTMT-000486,b80dc335dcbb4f6abbff52eb54415e9a,EcoStruxure Panel Server Advanced (EnerlinX Series),b80dc335dcbb4f6abbff52eb54415e9a_2.bin,PLU-COM-003,Commercial,Price Schedule,Price Schedule,Pricing Intelligence,line item,0.86,classified,Attachment C- RFP481393 Vendor Name Quote Number Date Line ItemItem Description Part Number Manufacturer Quantity Unit Price Total Price Lead Time Country of Origin 1EcoStruxure Panel Server Advanced (EnerlinX Series) or domestic equivalent PAS800L-ESX Schneider Electric 41 Total,2026-06-24 22:37:18
PLUC-000279,GSTMT-000487,b80dc335dcbb4f6abbff52eb54415e9a,EcoStruxure Panel Server Advanced (EnerlinX Series),b80dc335dcbb4f6abbff52eb54415e9a_2.bin,PLU-COM-003,Commercial,Price Schedule,Price Schedule,Pricing Intelligence,line item,0.86,classified,Attachment C- RFP481393 Vendor Name Quote Number Date Line ItemItem Description Part Number Manufacturer Quantity Unit Price Total Price Lead Time Country of Origin 1EcoStruxure Panel Server Advanced (EnerlinX Series) or domestic equivalent PAS800L-ESX Schneider Electric 41 Total,2026-06-24 22:37:18
PLUC-000280,GSTMT-000488,b80dc335dcbb4f6abbff52eb54415e9a,EcoStruxure Panel Server Advanced (EnerlinX Series),b80dc335dcbb4f6abbff52eb54415e9a_3.bin,PLU-SUP-003,Supplier Qualification,Certification,Certification,Supplier Capability Intelligence,certification,0.86,classified,REPRESENTATIONS AND CERTIFICATIONS - ABBREVIATED Offeror (legal business name):,2026-06-24 22:37:18
PLUC-000281,GSTMT-000489,b80dc335dcbb4f6abbff52eb54415e9a,EcoStruxure Panel Server Advanced (EnerlinX Series),b80dc335dcbb4f6abbff52eb54415e9a_3.bin,PLU-SUP-008,Supplier Qualification,Registration,Registration,Eligibility Intelligence,\bsam\b,0.86,classified,You are required to register in SAM (System for Award Management) and to maintain your registration annually.,2026-06-24 22:37:18
PLUC-000282,GSTMT-000495,b80dc335dcbb4f6abbff52eb54415e9a,EcoStruxure Panel Server Advanced (EnerlinX Series),b80dc335dcbb4f6abbff52eb54415e9a_4.bin,PLU-COMP-005,Legal and Compliance,Subcontracting Requirement,Subcontracting Requirement,Subcontracting Intelligence,subcontractor,0.86,classified,and “Contracting Officer” shall mean Company’s Procurement Officer Applicable to all UT- Battelle subcontracts based on thresholds defined below 52.203-6 RESTRICTIONS ON SUBCONTRACTOR SALES TO THE GOVERNMENT (JU,2026-06-24 22:37:18
PLUC-000283,GSTMT-000501,b80dc335dcbb4f6abbff52eb54415e9a,EcoStruxure Panel Server Advanced (EnerlinX Series),b80dc335dcbb4f6abbff52eb54415e9a_5.bin,PLU-COMP-005,Legal and Compliance,Subcontracting Requirement,Subcontracting Requirement,Subcontracting Intelligence,subcontractor,0.86,classified,"There shall be no interruption in the performance of the work, and Seller shall proceed diligently with the performance of this Agreement pending final resolution of any dispute arising under this Agreement between the parties hereto or between Seller and its lower-tier subcontractors.",2026-06-24 22:37:18
PLUC-000284,GSTMT-000506,b1c5dab7c7e14227b62fa4e78e478d2a,Repair BEQ HP135,b1c5dab7c7e14227b62fa4e78e478d2a_2.bin,PLU-ADM-001,Delivery and Administration,Deliverable,Deliverable,Delivery Intelligence,report,0.86,classified,"Report Cover Page AE Design Repair G702 and HP135 Geotechnical Engineering Report MCAS New River & MCB Camp Lejeune, North Carolina November 25, 2025",2026-06-24 22:37:18
PLUC-000285,GSTMT-000507,b1c5dab7c7e14227b62fa4e78e478d2a,Repair BEQ HP135,b1c5dab7c7e14227b62fa4e78e478d2a_2.bin,PLU-ADM-001,Delivery and Administration,Deliverable,Deliverable,Delivery Intelligence,report,0.86,classified,"317-C Pollock Street New Bern, North Carolina 25860 Geotechnical Engineering Report AE Design Repair G702 and HP135",2026-06-24 22:37:18
PLUC-000286,GSTMT-000509,b1c5dab7c7e14227b62fa4e78e478d2a,Repair BEQ HP135,b1c5dab7c7e14227b62fa4e78e478d2a_3.bin,PLU-EVAL-007,Evaluation,Scoring Rating,Scoring Rating,Evaluation Intelligence,acceptable,0.86,classified,ACI 318-19 Building Code Requirements for Structural Concrete ACI 360R-10 Guide to Design of Slabs-on-Ground ADA/ABA Americans with Disabilities Act (ADA) and Architectural Barrier Act (ABA) Accessibility Guidelines ASCE 7-22 Minimum Design Loads for Buildings and Other Structures ASHRAE 55 – 2023 – Thermal Environmental Conditions for Human Occupancy ASHRAE 62.1 – 2019 – Ventilation for Acceptable Indoor Ai,2026-06-24 22:37:18
PLUC-000287,GSTMT-000513,b1c5dab7c7e14227b62fa4e78e478d2a,Repair BEQ HP135,b1c5dab7c7e14227b62fa4e78e478d2a_4.bin,PLU-SUP-005,Supplier Qualification,Key Personnel,Key Personnel,Staffing Intelligence,program manager,0.86,classified,Refer to survey findings for additional information or contact the Asbestos Program Manager.,2026-06-24 22:37:18
PLUC-000288,GSTMT-000514,b1c5dab7c7e14227b62fa4e78e478d2a,Repair BEQ HP135,b1c5dab7c7e14227b62fa4e78e478d2a_5.bin,PLU-META-004,Metadata and Structure,Table of Contents,Table of Contents,Document Structure Intelligence,table of contents,0.86,classified,"within interior design HP135 BEQ Renovation CL Marine Corps Base, Camp Lejeune, NC Structural Interior Design Package Sealed Final Submittal May 2026 Table of Contents 1.",2026-06-24 22:37:18
PLUC-000289,GSTMT-000515,b1c5dab7c7e14227b62fa4e78e478d2a,Repair BEQ HP135,b1c5dab7c7e14227b62fa4e78e478d2a_5.bin,PLU-SUP-003,Supplier Qualification,Certification,Certification,Supplier Capability Intelligence,iso,0.86,classified,"Finish Boards within HP135 BEQ Renovation CL Marine Corps Base, Camp Lejeune, NC Structural Interior Design Package interior design Point of Contact List A&E Architect Base Architectural Supervisor John Schmied, AIA, LEED AP BD+C Cathy Martin MBF Architects Architectural Design Branch/Public 317-C Pollock Street Works Division New Bern, NC 28560 1005 Michael Road (252) 637-6373 Camp Lejeune, North Carolina schmied@mbfarchitects.com 28547 (910) 451-0394 catherine.martin@usmc.mil A&E Interior Designer Jamie Kissel, NCIDQ, CID Within Interior Design 1008 Granby Street Norfolk, VA 23510 (757) 224-0489 jkissel@withindesigns.com within HP135 BEQ Renovation CL Marine Corps Base, Camp Lejeune, NC Structural Interior Design Package interior design SID Narrative INTERIOR DESIGN CRITERIA Interior Design work will comply with the latest edition of the following codes and standards:",2026-06-24 22:37:18
PLUC-000290,GSTMT-000521,b1c5dab7c7e14227b62fa4e78e478d2a,Repair BEQ HP135,b1c5dab7c7e14227b62fa4e78e478d2a_8.bin,PLU-META-004,Metadata and Structure,Table of Contents,Table of Contents,Document Structure Intelligence,table of contents,0.86,classified,"25-0011 MCB Camp Lejeune, NC 15 May 2026 PROJECT TABLE OF CONTENTS DIVISION 01 - GENERAL REQUIREMENTS 01 11 00 08/25 SUMMARY OF WORK 01 14 00 04/22 WORK RESTRICTIONS (MCBL) 01 20 00 11/20, CHG 3:",2026-06-24 22:37:18
PLUC-000291,GSTMT-000522,b1c5dab7c7e14227b62fa4e78e478d2a,Repair BEQ HP135,b1c5dab7c7e14227b62fa4e78e478d2a_8.bin,PLU-COM-007,Commercial,Payment Terms,Payment Terms,Contract Administration,payment procedure,0.86,classified,"02/23 PRICE AND PAYMENT PROCEDURES 01 30 00 08/25 ADMINISTRATIVE REQUIREMENTS 01 31 23.13 20 05/17, CHG 7:",2026-06-24 22:37:18
PLUC-000292,GSTMT-000523,b1c5dab7c7e14227b62fa4e78e478d2a,Repair BEQ HP135,b1c5dab7c7e14227b62fa4e78e478d2a_8.bin,PLU-COM-007,Commercial,Payment Terms,Payment Terms,Contract Administration,payment procedure,0.86,classified,"02/23 PRICE AND PAYMENT PROCEDURES 01 30 00 08/25 ADMINISTRATIVE REQUIREMENTS 01 31 23.13 20 05/17, CHG 7:",2026-06-24 22:37:18
PLUC-000293,GSTMT-000524,b1c5dab7c7e14227b62fa4e78e478d2a,Repair BEQ HP135,b1c5dab7c7e14227b62fa4e78e478d2a_8.bin,PLU-ADM-001,Delivery and Administration,Deliverable,Deliverable,Delivery Intelligence,report,0.86,classified,"08/20 SMALL PROJECT CONSTRUCTION PROGRESS SCHEDULES 01 33 00 04/22 SUBMITTAL PROCEDURES SUBMITTAL REGISTER 01 33 29 02/21 SUSTAINABILITY REQUIREMENTS AND REPORTING 01 35 26 11/20, CHG 3:",2026-06-24 22:37:18
PLUC-000294,GSTMT-000525,b1c5dab7c7e14227b62fa4e78e478d2a,Repair BEQ HP135,b1c5dab7c7e14227b62fa4e78e478d2a_8.bin,PLU-TECH-006,Technical,Acceptance Criteria,Acceptance Criteria,Quality Intelligence,inspection,0.86,classified,02/22 GOVERNMENTAL SAFETY REQUIREMENTS 01 42 00 02/19 SOURCES FOR REFERENCE PUBLICATIONS 01 45 00 08/23 QUALITY CONTROL SCHEDULE OF FIRE PROTECTION SYSTEM INSPECTIONS 01 50 00 12/21 TEMPORARY CO,2026-06-24 22:37:18
PLUC-000295,GSTMT-000527,b1c5dab7c7e14227b62fa4e78e478d2a,Repair BEQ HP135,b1c5dab7c7e14227b62fa4e78e478d2a_9.bin,PLU-ADM-001,Delivery and Administration,Deliverable,Deliverable,Delivery Intelligence,report,0.86,classified,"This report summarizes our observations, analytical results, findings, and recommendations related to the work performed.",2026-06-24 22:37:18
PLUC-000296,GSTMT-000528,b1c5dab7c7e14227b62fa4e78e478d2a,Repair BEQ HP135,b1c5dab7c7e14227b62fa4e78e478d2a_9.bin,PLU-ADM-001,Delivery and Administration,Deliverable,Deliverable,Delivery Intelligence,report,0.86,classified,The workdescribedinthisreportwasperformedbyECSingeneralaccordancewiththeScopeofServices described in ECS Proposal Number 49:50782P and the terms and conditions of the agreement authorizing those services.,2026-06-24 22:37:18
PLUC-000297,GSTMT-000529,b1c5dab7c7e14227b62fa4e78e478d2a,Repair BEQ HP135,b1c5dab7c7e14227b62fa4e78e478d2a_9.bin,PLU-ADM-001,Delivery and Administration,Deliverable,Deliverable,Delivery Intelligence,report,0.86,classified,The workdescribedinthisreportwasperformedbyECSingeneralaccordancewiththeScopeofServices described in ECS Proposal Number 49:50782P and the terms and conditions of the agreement authorizing those services.,2026-06-24 22:37:18
PLUC-000298,GSTMT-000531,b1c5dab7c7e14227b62fa4e78e478d2a,Repair BEQ HP135,b1c5dab7c7e14227b62fa4e78e478d2a_9.bin,PLU-SUP-005,Supplier Qualification,Key Personnel,Key Personnel,Staffing Intelligence,project manager,0.86,classified,"Dawson Jenny Clark, REM Environmental Project Manager Associate Environmental Principal bdawson@ecslimited.com jclark@ecslimited.com 910-686-9114 404-640-9257 6714 Netherlands Drive, Wilmington, North Carolina 28405 • T:910-686-9114",2026-06-24 22:37:18
PLUC-000299,GSTMT-000532,a466be2cf94e451f8b4b88177dd2f9dc,Secure Document Destruction - No Cost,a466be2cf94e451f8b4b88177dd2f9dc_1.bin,PLU-COMP-001,Legal and Compliance,FAR Clause,FAR Clause,Compliance Intelligence,\bfar\b,0.86,classified,"This is a combined synopsis/solicitation for commercial services prepared in accordance with the format in FAR Subpart 12.6, Streamlined Procedures for Evaluation and Solicitation for Commercial Products and Commercial Services as supplemented with additional information included in this notice.",2026-06-24 22:37:18
PLUC-000300,GSTMT-000533,a466be2cf94e451f8b4b88177dd2f9dc,Secure Document Destruction - No Cost,a466be2cf94e451f8b4b88177dd2f9dc_1.bin,PLU-TECH-004,Technical,Product Requirement,Product Requirement,Product Intelligence,materials?,0.86,classified,"This is an unrestricted requirement under NAICS Code 423930, Recyclable Materials Services.",2026-06-24 22:37:18
PLUC-000301,GSTMT-000534,a466be2cf94e451f8b4b88177dd2f9dc,Secure Document Destruction - No Cost,a466be2cf94e451f8b4b88177dd2f9dc_1.bin,PLU-ADM-003,Delivery and Administration,Schedule,Schedule,Schedule Intelligence,schedule,0.86,classified,"See Attachment 1, Schedule of Prices.",2026-06-24 22:37:18
PLUC-000302,GSTMT-000535,a466be2cf94e451f8b4b88177dd2f9dc,Secure Document Destruction - No Cost,a466be2cf94e451f8b4b88177dd2f9dc_1.bin,PLU-ADM-003,Delivery and Administration,Schedule,Schedule,Schedule Intelligence,schedule,0.86,classified,"See Attachment 1, Schedule of Prices.",2026-06-24 22:37:18
PLUC-000303,GSTMT-000536,a466be2cf94e451f8b4b88177dd2f9dc,Secure Document Destruction - No Cost,a466be2cf94e451f8b4b88177dd2f9dc_1.bin,PLU-COMP-008,Legal and Compliance,Cybersecurity,Cybersecurity,Risk Intelligence,nist,0.86,classified,The National Archives and Records Administration (NARA) has a requirement for off-site commercial secure document destruction for various Federal Records Centers (see attachment 1).,2026-06-24 22:37:18
PLUC-000304,GSTMT-000537,a466be2cf94e451f8b4b88177dd2f9dc,Secure Document Destruction - No Cost,a466be2cf94e451f8b4b88177dd2f9dc_1.bin,PLU-COMP-008,Legal and Compliance,Cybersecurity,Cybersecurity,Risk Intelligence,nist,0.86,classified,The National Archives and Records Administration (NARA) has a requirement for off-site commercial secure document destruction for various Federal Records Centers (see attachment 1).,2026-06-24 22:37:18
PLUC-000305,GSTMT-000539,a466be2cf94e451f8b4b88177dd2f9dc,Secure Document Destruction - No Cost,a466be2cf94e451f8b4b88177dd2f9dc_3.bin,PLU-COMP-008,Legal and Compliance,Cybersecurity,Cybersecurity,Risk Intelligence,nist,0.86,classified,EMPLOYMENT STANDARDS ADMINISTRATION By direction of the Secretary of Labor,2026-06-24 22:37:18
PLUC-000306,GSTMT-000540,a466be2cf94e451f8b4b88177dd2f9dc,Secure Document Destruction - No Cost,a466be2cf94e451f8b4b88177dd2f9dc_3.bin,PLU-COMP-008,Legal and Compliance,Cybersecurity,Cybersecurity,Risk Intelligence,nist,0.86,classified,EMPLOYMENT STANDARDS ADMINISTRATION By direction of the Secretary of Labor,2026-06-24 22:37:18
PLUC-000307,GSTMT-000541,a466be2cf94e451f8b4b88177dd2f9dc,Secure Document Destruction - No Cost,a466be2cf94e451f8b4b88177dd2f9dc_3.bin,PLU-COMP-008,Legal and Compliance,Cybersecurity,Cybersecurity,Risk Intelligence,nist,0.86,classified,"Washington Counties of King and Snohomish ____________________________________________________________________________________ **Fringe Benefits Required Follow the Occupational Listing** OCCUPATION CODE - TITLE FOOTNOTE RATE 01000 - Administrative Support And Clerical Occupations 01011 - Accounting Clerk I 22.36 01012 - Accounting Clerk II 25.09 01013 - Accounting Clerk III 28.07 01020 - Administrative Assistant 39.00 01035 - Court Reporter 30.10 01041 - Customer Service Representative I 20.05 01042 - Customer Service Representative II 21.88 01043 - Customer Service Representative III 24.56 01051 - Data Entry Operator I 20.28 01052 - Data Entry Operator II 22.13 01060 - Dispatcher, Motor Vehicle 28.38 01070 - Document Preparation Clerk 21.80 01090 - Duplicating Machine Operator 21.80 01111 - General Clerk I 21.05 01112 - General Clerk II 22.98 01113 - General Clerk III 25.79 01120 - Housing Referr",2026-06-24 22:37:18
PLUC-000308,GSTMT-000542,a466be2cf94e451f8b4b88177dd2f9dc,Secure Document Destruction - No Cost,a466be2cf94e451f8b4b88177dd2f9dc_3.bin,PLU-COMP-008,Legal and Compliance,Cybersecurity,Cybersecurity,Risk Intelligence,nist,0.86,classified,"Washington Counties of King and Snohomish ____________________________________________________________________________________ **Fringe Benefits Required Follow the Occupational Listing** OCCUPATION CODE - TITLE FOOTNOTE RATE 01000 - Administrative Support And Clerical Occupations 01011 - Accounting Clerk I 22.36 01012 - Accounting Clerk II 25.09 01013 - Accounting Clerk III 28.07 01020 - Administrative Assistant 39.00 01035 - Court Reporter 30.10 01041 - Customer Service Representative I 20.05 01042 - Customer Service Representative II 21.88 01043 - Customer Service Representative III 24.56 01051 - Data Entry Operator I 20.28 01052 - Data Entry Operator II 22.13 01060 - Dispatcher, Motor Vehicle 28.38 01070 - Document Preparation Clerk 21.80 01090 - Duplicating Machine Operator 21.80 01111 - General Clerk I 21.05 01112 - General Clerk II 22.98 01113 - General Clerk III 25.79 01120 - Housing Referr",2026-06-24 22:37:18
PLUC-000309,GSTMT-000543,a466be2cf94e451f8b4b88177dd2f9dc,Secure Document Destruction - No Cost,a466be2cf94e451f8b4b88177dd2f9dc_4.bin,PLU-COMP-008,Legal and Compliance,Cybersecurity,Cybersecurity,Risk Intelligence,nist,0.86,classified,EMPLOYMENT STANDARDS ADMINISTRATION By direction of the Secretary of Labor,2026-06-24 22:37:18
PLUC-000310,GSTMT-000544,a466be2cf94e451f8b4b88177dd2f9dc,Secure Document Destruction - No Cost,a466be2cf94e451f8b4b88177dd2f9dc_4.bin,PLU-COMP-008,Legal and Compliance,Cybersecurity,Cybersecurity,Risk Intelligence,nist,0.86,classified,EMPLOYMENT STANDARDS ADMINISTRATION By direction of the Secretary of Labor,2026-06-24 22:37:18
PLUC-000311,GSTMT-000545,a466be2cf94e451f8b4b88177dd2f9dc,Secure Document Destruction - No Cost,a466be2cf94e451f8b4b88177dd2f9dc_4.bin,PLU-COMP-008,Legal and Compliance,Cybersecurity,Cybersecurity,Risk Intelligence,nist,0.86,classified,"California Counties of Riverside and San Bernardino ____________________________________________________________________________________ **Fringe Benefits Required Follow the Occupational Listing** OCCUPATION CODE - TITLE FOOTNOTE RATE 01000 - Administrative Support And Clerical Occupations 01011 - Accounting Clerk I 19.89 01012 - Accounting Clerk II 22.32 01013 - Accounting Clerk III 24.97 01020 - Administrative Assistant 36.74 01035 - Court Reporter 51.68 01041 - Customer Service Representative I 17.81 01042 - Customer Service Representative II 19.44 01043 - Customer Service Representative III 21.82 01051 - Data Entry Operator I 19.50 01052 - Data Entry Operator II 21.28 01060 - Dispatcher, Motor Vehicle 23.57 01070 - Document Preparation Clerk 21.55 01090 - Duplicating Machine Operator 21.55 01111 - General Clerk I 17.92 01112 - General Clerk II 19.56 01113 - General Clerk III 21.95 01120 - Hous",2026-06-24 22:37:18
PLUC-000312,GSTMT-000546,a466be2cf94e451f8b4b88177dd2f9dc,Secure Document Destruction - No Cost,a466be2cf94e451f8b4b88177dd2f9dc_4.bin,PLU-COMP-008,Legal and Compliance,Cybersecurity,Cybersecurity,Risk Intelligence,nist,0.86,classified,"California Counties of Riverside and San Bernardino ____________________________________________________________________________________ **Fringe Benefits Required Follow the Occupational Listing** OCCUPATION CODE - TITLE FOOTNOTE RATE 01000 - Administrative Support And Clerical Occupations 01011 - Accounting Clerk I 19.89 01012 - Accounting Clerk II 22.32 01013 - Accounting Clerk III 24.97 01020 - Administrative Assistant 36.74 01035 - Court Reporter 51.68 01041 - Customer Service Representative I 17.81 01042 - Customer Service Representative II 19.44 01043 - Customer Service Representative III 21.82 01051 - Data Entry Operator I 19.50 01052 - Data Entry Operator II 21.28 01060 - Dispatcher, Motor Vehicle 23.57 01070 - Document Preparation Clerk 21.55 01090 - Duplicating Machine Operator 21.55 01111 - General Clerk I 17.92 01112 - General Clerk II 19.56 01113 - General Clerk III 21.95 01120 - Hous",2026-06-24 22:37:18
PLUC-000313,GSTMT-000547,a466be2cf94e451f8b4b88177dd2f9dc,Secure Document Destruction - No Cost,a466be2cf94e451f8b4b88177dd2f9dc_5.bin,PLU-COMP-008,Legal and Compliance,Cybersecurity,Cybersecurity,Risk Intelligence,nist,0.86,classified,EMPLOYMENT STANDARDS ADMINISTRATION By direction of the Secretary of Labor,2026-06-24 22:37:18
PLUC-000314,GSTMT-000548,a466be2cf94e451f8b4b88177dd2f9dc,Secure Document Destruction - No Cost,a466be2cf94e451f8b4b88177dd2f9dc_5.bin,PLU-COMP-008,Legal and Compliance,Cybersecurity,Cybersecurity,Risk Intelligence,nist,0.86,classified,EMPLOYMENT STANDARDS ADMINISTRATION By direction of the Secretary of Labor,2026-06-24 22:37:18
PLUC-000315,GSTMT-000549,a466be2cf94e451f8b4b88177dd2f9dc,Secure Document Destruction - No Cost,a466be2cf94e451f8b4b88177dd2f9dc_5.bin,PLU-COMP-008,Legal and Compliance,Cybersecurity,Cybersecurity,Risk Intelligence,nist,0.86,classified,"Illinois Counties of Cook, Du Page and McHenry ____________________________________________________________________________________ **Fringe Benefits Required Follow the Occupational Listing** OCCUPATION CODE - TITLE FOOTNOTE RATE 01000 - Administrative Support And Clerical Occupations 01011 - Accounting Clerk I 19.30 01012 - Accounting Clerk II 21.66 01013 - Accounting Clerk III 24.23 01020 - Administrative Assistant 37.66 01035 - Court Reporter 33.31 01041 - Customer Service Representative I 17.99 01042 - Customer Service Representative II 19.63 01043 - Customer Service Representative III 22.03 01051 - Data Entry Operator I 18.06 01052 - Data Entry Operator II 19.71 01060 - Dispatcher, Motor Vehicle 29.26 01070 - Document Preparation Clerk 21.29 01090 - Duplicating Machine Operator 21.29 01111 - General Clerk I 17.84 01112 - General Clerk II 19.47 01113 - General Clerk III 21.85 01120 - Housing Ref",2026-06-24 22:37:18
PLUC-000316,GSTMT-000550,a466be2cf94e451f8b4b88177dd2f9dc,Secure Document Destruction - No Cost,a466be2cf94e451f8b4b88177dd2f9dc_5.bin,PLU-COMP-008,Legal and Compliance,Cybersecurity,Cybersecurity,Risk Intelligence,nist,0.86,classified,"Illinois Counties of Cook, Du Page and McHenry ____________________________________________________________________________________ **Fringe Benefits Required Follow the Occupational Listing** OCCUPATION CODE - TITLE FOOTNOTE RATE 01000 - Administrative Support And Clerical Occupations 01011 - Accounting Clerk I 19.30 01012 - Accounting Clerk II 21.66 01013 - Accounting Clerk III 24.23 01020 - Administrative Assistant 37.66 01035 - Court Reporter 33.31 01041 - Customer Service Representative I 17.99 01042 - Customer Service Representative II 19.63 01043 - Customer Service Representative III 22.03 01051 - Data Entry Operator I 18.06 01052 - Data Entry Operator II 19.71 01060 - Dispatcher, Motor Vehicle 29.26 01070 - Document Preparation Clerk 21.29 01090 - Duplicating Machine Operator 21.29 01111 - General Clerk I 17.84 01112 - General Clerk II 19.47 01113 - General Clerk III 21.85 01120 - Housing Ref",2026-06-24 22:37:18
PLUC-000317,GSTMT-000551,a466be2cf94e451f8b4b88177dd2f9dc,Secure Document Destruction - No Cost,a466be2cf94e451f8b4b88177dd2f9dc_6.bin,PLU-COMP-008,Legal and Compliance,Cybersecurity,Cybersecurity,Risk Intelligence,nist,0.86,classified,EMPLOYMENT STANDARDS ADMINISTRATION By direction of the Secretary of Labor,2026-06-24 22:37:18
PLUC-000318,GSTMT-000552,a466be2cf94e451f8b4b88177dd2f9dc,Secure Document Destruction - No Cost,a466be2cf94e451f8b4b88177dd2f9dc_6.bin,PLU-COMP-008,Legal and Compliance,Cybersecurity,Cybersecurity,Risk Intelligence,nist,0.86,classified,EMPLOYMENT STANDARDS ADMINISTRATION By direction of the Secretary of Labor,2026-06-24 22:37:18
PLUC-000319,GSTMT-000553,a466be2cf94e451f8b4b88177dd2f9dc,Secure Document Destruction - No Cost,a466be2cf94e451f8b4b88177dd2f9dc_6.bin,PLU-COMP-008,Legal and Compliance,Cybersecurity,Cybersecurity,Risk Intelligence,nist,0.86,classified,"Colorado Counties of Adams, Arapahoe, Broomfield, Clear Creek, Denver, Douglas, Elbert, Gilpin, Jefferson and Park ____________________________________________________________________________________ **Fringe Benefits Required Follow the Occupational Listing** OCCUPATION CODE - TITLE FOOTNOTE RATE 01000 - Administrative Support And Clerical Occupations 01011 - Accounting Clerk I 22.19 01012 - Accounting Clerk II 24.91 01013 - Accounting Clerk III 27.86 01020 - Administrative Assistant 31.69 01035 - Court Reporter 36.35 01041 - Customer Service Representative I 18.56 01042 - Customer Service Representative II 20.26 01043 - Customer Service Representative III 22.74 01051 - Data Entry Operator I 21.42 01052 - Data Entry Operator II 23.38 01060 - Dispatcher, Motor Vehicle 25.29 01070 - Document Preparation Clerk 22.38 01090 - Duplicating Machine Operator 22.38 01111 - General Clerk I 22.31 01112 - Genera",2026-06-24 22:37:18
PLUC-000320,GSTMT-000554,a466be2cf94e451f8b4b88177dd2f9dc,Secure Document Destruction - No Cost,a466be2cf94e451f8b4b88177dd2f9dc_6.bin,PLU-COMP-008,Legal and Compliance,Cybersecurity,Cybersecurity,Risk Intelligence,nist,0.86,classified,"Colorado Counties of Adams, Arapahoe, Broomfield, Clear Creek, Denver, Douglas, Elbert, Gilpin, Jefferson and Park ____________________________________________________________________________________ **Fringe Benefits Required Follow the Occupational Listing** OCCUPATION CODE - TITLE FOOTNOTE RATE 01000 - Administrative Support And Clerical Occupations 01011 - Accounting Clerk I 22.19 01012 - Accounting Clerk II 24.91 01013 - Accounting Clerk III 27.86 01020 - Administrative Assistant 31.69 01035 - Court Reporter 36.35 01041 - Customer Service Representative I 18.56 01042 - Customer Service Representative II 20.26 01043 - Customer Service Representative III 22.74 01051 - Data Entry Operator I 21.42 01052 - Data Entry Operator II 23.38 01060 - Dispatcher, Motor Vehicle 25.29 01070 - Document Preparation Clerk 22.38 01090 - Duplicating Machine Operator 22.38 01111 - General Clerk I 22.31 01112 - Genera",2026-06-24 22:37:18
PLUC-000321,GSTMT-000555,a466be2cf94e451f8b4b88177dd2f9dc,Secure Document Destruction - No Cost,a466be2cf94e451f8b4b88177dd2f9dc_7.bin,PLU-COMP-008,Legal and Compliance,Cybersecurity,Cybersecurity,Risk Intelligence,nist,0.86,classified,EMPLOYMENT STANDARDS ADMINISTRATION By direction of the Secretary of Labor,2026-06-24 22:37:18
PLUC-000322,GSTMT-000556,a466be2cf94e451f8b4b88177dd2f9dc,Secure Document Destruction - No Cost,a466be2cf94e451f8b4b88177dd2f9dc_7.bin,PLU-COMP-008,Legal and Compliance,Cybersecurity,Cybersecurity,Risk Intelligence,nist,0.86,classified,EMPLOYMENT STANDARDS ADMINISTRATION By direction of the Secretary of Labor,2026-06-24 22:37:18
PLUC-000323,GSTMT-000557,a466be2cf94e451f8b4b88177dd2f9dc,Secure Document Destruction - No Cost,a466be2cf94e451f8b4b88177dd2f9dc_7.bin,PLU-COMP-008,Legal and Compliance,Cybersecurity,Cybersecurity,Risk Intelligence,nist,0.86,classified,"California Counties of Riverside and San Bernardino ____________________________________________________________________________________ **Fringe Benefits Required Follow the Occupational Listing** OCCUPATION CODE - TITLE FOOTNOTE RATE 01000 - Administrative Support And Clerical Occupations 01011 - Accounting Clerk I 19.89 01012 - Accounting Clerk II 22.32 01013 - Accounting Clerk III 24.97 01020 - Administrative Assistant 36.74 01035 - Court Reporter 51.68 01041 - Customer Service Representative I 17.81 01042 - Customer Service Representative II 19.44 01043 - Customer Service Representative III 21.82 01051 - Data Entry Operator I 19.50 01052 - Data Entry Operator II 21.28 01060 - Dispatcher, Motor Vehicle 23.57 01070 - Document Preparation Clerk 21.55 01090 - Duplicating Machine Operator 21.55 01111 - General Clerk I 17.92 01112 - General Clerk II 19.56 01113 - General Clerk III 21.95 01120 - Hous",2026-06-24 22:37:18
PLUC-000324,GSTMT-000558,a466be2cf94e451f8b4b88177dd2f9dc,Secure Document Destruction - No Cost,a466be2cf94e451f8b4b88177dd2f9dc_7.bin,PLU-COMP-008,Legal and Compliance,Cybersecurity,Cybersecurity,Risk Intelligence,nist,0.86,classified,"California Counties of Riverside and San Bernardino ____________________________________________________________________________________ **Fringe Benefits Required Follow the Occupational Listing** OCCUPATION CODE - TITLE FOOTNOTE RATE 01000 - Administrative Support And Clerical Occupations 01011 - Accounting Clerk I 19.89 01012 - Accounting Clerk II 22.32 01013 - Accounting Clerk III 24.97 01020 - Administrative Assistant 36.74 01035 - Court Reporter 51.68 01041 - Customer Service Representative I 17.81 01042 - Customer Service Representative II 19.44 01043 - Customer Service Representative III 21.82 01051 - Data Entry Operator I 19.50 01052 - Data Entry Operator II 21.28 01060 - Dispatcher, Motor Vehicle 23.57 01070 - Document Preparation Clerk 21.55 01090 - Duplicating Machine Operator 21.55 01111 - General Clerk I 17.92 01112 - General Clerk II 19.56 01113 - General Clerk III 21.95 01120 - Hous",2026-06-24 22:37:18
PLUC-000325,GSTMT-000559,a466be2cf94e451f8b4b88177dd2f9dc,Secure Document Destruction - No Cost,a466be2cf94e451f8b4b88177dd2f9dc_8.bin,PLU-COMP-008,Legal and Compliance,Cybersecurity,Cybersecurity,Risk Intelligence,nist,0.86,classified,EMPLOYMENT STANDARDS ADMINISTRATION By direction of the Secretary of Labor,2026-06-24 22:37:18
PLUC-000326,GSTMT-000560,a466be2cf94e451f8b4b88177dd2f9dc,Secure Document Destruction - No Cost,a466be2cf94e451f8b4b88177dd2f9dc_8.bin,PLU-COMP-008,Legal and Compliance,Cybersecurity,Cybersecurity,Risk Intelligence,nist,0.86,classified,EMPLOYMENT STANDARDS ADMINISTRATION By direction of the Secretary of Labor,2026-06-24 22:37:18
PLUC-000327,GSTMT-000562,a3e0948c660849a5815153897d456f7d,EcoStruxure Panel Server Wired by Design (a universal concentrator Modbus gateway),a3e0948c660849a5815153897d456f7d_1.bin,PLU-COM-003,Commercial,Price Schedule,Price Schedule,Pricing Intelligence,line item,0.86,classified,Attachment C- RFP480603 Vendor Name Quote Number Date Line ItemItem Description Part Number Manufacturer Quantity Unit Price Total Price Lead Time Country of Origin 1EcoStruxure Panel Server Wired by Design (a universal concentrator Modbus gateway) or domestic equivalent PAS600LWD-ESX Schneider Electric 37 Total,2026-06-24 22:37:18
PLUC-000328,GSTMT-000563,a3e0948c660849a5815153897d456f7d,EcoStruxure Panel Server Wired by Design (a universal concentrator Modbus gateway),a3e0948c660849a5815153897d456f7d_1.bin,PLU-COM-003,Commercial,Price Schedule,Price Schedule,Pricing Intelligence,line item,0.86,classified,Attachment C- RFP480603 Vendor Name Quote Number Date Line ItemItem Description Part Number Manufacturer Quantity Unit Price Total Price Lead Time Country of Origin 1EcoStruxure Panel Server Wired by Design (a universal concentrator Modbus gateway) or domestic equivalent PAS600LWD-ESX Schneider Electric 37 Total,2026-06-24 22:37:18
PLUC-000329,GSTMT-000564,a3e0948c660849a5815153897d456f7d,EcoStruxure Panel Server Wired by Design (a universal concentrator Modbus gateway),a3e0948c660849a5815153897d456f7d_1.bin,PLU-COM-003,Commercial,Price Schedule,Price Schedule,Pricing Intelligence,line item,0.86,classified,Attachment C- RFP480603 Vendor Name Quote Number Date Line ItemItem Description Part Number Manufacturer Quantity Unit Price Total Price Lead Time Country of Origin 1EcoStruxure Panel Server Wired by Design (a universal concentrator Modbus gateway) or domestic equivalent PAS600LWD-ESX Schneider Electric 37 Total,2026-06-24 22:37:18
PLUC-000330,GSTMT-000565,a3e0948c660849a5815153897d456f7d,EcoStruxure Panel Server Wired by Design (a universal concentrator Modbus gateway),a3e0948c660849a5815153897d456f7d_1.bin,PLU-COM-003,Commercial,Price Schedule,Price Schedule,Pricing Intelligence,line item,0.86,classified,Attachment C- RFP480603 Vendor Name Quote Number Date Line ItemItem Description Part Number Manufacturer Quantity Unit Price Total Price Lead Time Country of Origin 1EcoStruxure Panel Server Wired by Design (a universal concentrator Modbus gateway) or domestic equivalent PAS600LWD-ESX Schneider Electric 37 Total,2026-06-24 22:37:18
PLUC-000331,GSTMT-000571,a3e0948c660849a5815153897d456f7d,EcoStruxure Panel Server Wired by Design (a universal concentrator Modbus gateway),a3e0948c660849a5815153897d456f7d_2.bin,PLU-COMP-005,Legal and Compliance,Subcontracting Requirement,Subcontracting Requirement,Subcontracting Intelligence,subcontractor,0.86,classified,"There shall be no interruption in the performance of the work, and Seller shall proceed diligently with the performance of this Agreement pending final resolution of any dispute arising under this Agreement between the parties hereto or between Seller and its lower-tier subcontractors.",2026-06-24 22:37:18
PLUC-000332,GSTMT-000573,a3e0948c660849a5815153897d456f7d,EcoStruxure Panel Server Wired by Design (a universal concentrator Modbus gateway),a3e0948c660849a5815153897d456f7d_3.bin,PLU-PROP-002,Proposal,Proposal Volume,Proposal Volume,Proposal Intelligence,price proposal,0.86,classified,"PR480603 Hello, Poten*al Offeror, Oak Ridge Na*onal Laboratory (ORNL) is invi*ng you to submit a Firm Fixed Price proposal/quote for the following items listed below.",2026-06-24 22:37:18
PLUC-000333,GSTMT-000574,a3e0948c660849a5815153897d456f7d,EcoStruxure Panel Server Wired by Design (a universal concentrator Modbus gateway),a3e0948c660849a5815153897d456f7d_3.bin,PLU-PROP-002,Proposal,Proposal Volume,Proposal Volume,Proposal Intelligence,price proposal,0.86,classified,"PR480603 Hello, Poten*al Offeror, Oak Ridge Na*onal Laboratory (ORNL) is invi*ng you to submit a Firm Fixed Price proposal/quote for the following items listed below.",2026-06-24 22:37:18
PLUC-000334,GSTMT-000575,a3e0948c660849a5815153897d456f7d,EcoStruxure Panel Server Wired by Design (a universal concentrator Modbus gateway),a3e0948c660849a5815153897d456f7d_3.bin,PLU-PROP-002,Proposal,Proposal Volume,Proposal Volume,Proposal Intelligence,price proposal,0.86,classified,"PR480603 Hello, Poten*al Offeror, Oak Ridge Na*onal Laboratory (ORNL) is invi*ng you to submit a Firm Fixed Price proposal/quote for the following items listed below.",2026-06-24 22:37:18
PLUC-000335,GSTMT-000576,a3e0948c660849a5815153897d456f7d,EcoStruxure Panel Server Wired by Design (a universal concentrator Modbus gateway),a3e0948c660849a5815153897d456f7d_3.bin,PLU-EVAL-001,Evaluation,Evaluation Framework,Evaluation Framework,Evaluation Intelligence,award will be made,0.86,classified,"An award will be made based on the lowest priced, technically acceptable proposal.",2026-06-24 22:37:18
PLUC-000336,GSTMT-000577,a3e0948c660849a5815153897d456f7d,EcoStruxure Panel Server Wired by Design (a universal concentrator Modbus gateway),a3e0948c660849a5815153897d456f7d_3.bin,PLU-EVAL-001,Evaluation,Evaluation Framework,Evaluation Framework,Evaluation Intelligence,award will be made,0.86,classified,"An award will be made based on the lowest priced, technically acceptable proposal.",2026-06-24 22:37:18
PLUC-000337,GSTMT-000578,a3e0948c660849a5815153897d456f7d,EcoStruxure Panel Server Wired by Design (a universal concentrator Modbus gateway),a3e0948c660849a5815153897d456f7d_3.bin,PLU-COM-002,Commercial,Contract Type,Contract Type,Commercial Intelligence,firm[- ]fixed[- ]price,0.86,classified,Firm Fixed Price Small Business Set-Aside:,2026-06-24 22:37:18
PLUC-000338,GSTMT-000579,a3e0948c660849a5815153897d456f7d,EcoStruxure Panel Server Wired by Design (a universal concentrator Modbus gateway),a3e0948c660849a5815153897d456f7d_3.bin,PLU-COM-002,Commercial,Contract Type,Contract Type,Commercial Intelligence,firm[- ]fixed[- ]price,0.86,classified,Firm Fixed Price Small Business Set-Aside:,2026-06-24 22:37:18
PLUC-000339,GSTMT-000582,a3e0948c660849a5815153897d456f7d,EcoStruxure Panel Server Wired by Design (a universal concentrator Modbus gateway),a3e0948c660849a5815153897d456f7d_3.bin,PLU-COM-002,Commercial,Contract Type,Contract Type,Commercial Intelligence,firm[- ]fixed[- ]price,0.86,classified,A firm fixed price quote with your proposed delivery schedule.,2026-06-24 22:37:18
PLUC-000340,GSTMT-000583,a3e0948c660849a5815153897d456f7d,EcoStruxure Panel Server Wired by Design (a universal concentrator Modbus gateway),a3e0948c660849a5815153897d456f7d_3.bin,PLU-COM-002,Commercial,Contract Type,Contract Type,Commercial Intelligence,firm[- ]fixed[- ]price,0.86,classified,A firm fixed price quote with your proposed delivery schedule.,2026-06-24 22:37:18
PLUC-000341,GSTMT-000584,a3e0948c660849a5815153897d456f7d,EcoStruxure Panel Server Wired by Design (a universal concentrator Modbus gateway),a3e0948c660849a5815153897d456f7d_3.bin,PLU-COM-002,Commercial,Contract Type,Contract Type,Commercial Intelligence,firm[- ]fixed[- ]price,0.86,classified,A firm fixed price quote with your proposed delivery schedule.,2026-06-24 22:37:18
PLUC-000342,GSTMT-000586,a3e0948c660849a5815153897d456f7d,EcoStruxure Panel Server Wired by Design (a universal concentrator Modbus gateway),a3e0948c660849a5815153897d456f7d_4.bin,PLU-SUP-003,Supplier Qualification,Certification,Certification,Supplier Capability Intelligence,certification,0.86,classified,REPRESENTATIONS AND CERTIFICATIONS - ABBREVIATED Offeror (legal business name):,2026-06-24 22:37:18
PLUC-000343,GSTMT-000587,a3e0948c660849a5815153897d456f7d,EcoStruxure Panel Server Wired by Design (a universal concentrator Modbus gateway),a3e0948c660849a5815153897d456f7d_4.bin,PLU-SUP-008,Supplier Qualification,Registration,Registration,Eligibility Intelligence,\bsam\b,0.86,classified,You are required to register in SAM (System for Award Management) and to maintain your registration annually.,2026-06-24 22:37:18
PLUC-000344,GSTMT-000593,a3e0948c660849a5815153897d456f7d,EcoStruxure Panel Server Wired by Design (a universal concentrator Modbus gateway),a3e0948c660849a5815153897d456f7d_5.bin,PLU-COMP-005,Legal and Compliance,Subcontracting Requirement,Subcontracting Requirement,Subcontracting Intelligence,subcontractor,0.86,classified,and “Contracting Officer” shall mean Company’s Procurement Officer Applicable to all UT- Battelle subcontracts based on thresholds defined below 52.203-6 RESTRICTIONS ON SUBCONTRACTOR SALES TO THE GOVERNMENT (JU,2026-06-24 22:37:18
PLUC-000345,GSTMT-000595,9bca2be24fb64fbe833ab48ae2b41b2a,Atlanta Job Corps Center Caretaker and Security Services,9bca2be24fb64fbe833ab48ae2b41b2a_1.bin,PLU-COMP-008,Legal and Compliance,Cybersecurity,Cybersecurity,Risk Intelligence,nist,0.86,classified,"ISSUED BY CODE JCAS 7.ADMINISTERED BY (If other than Item 6)CODE US Department of Labor Job Corps Acquisition Services 200 Constitution Ave, NW N-4643 Washington DC 20210 8.",2026-06-24 22:37:18
PLUC-000346,GSTMT-000598,9bca2be24fb64fbe833ab48ae2b41b2a,Atlanta Job Corps Center Caretaker and Security Services,9bca2be24fb64fbe833ab48ae2b41b2a_1.bin,PLU-PROP-006,Proposal,Amendment Acknowledgement,Amendment Acknowledgement,Proposal Compliance,acknowledge.*amendment,0.86,classified,"Offers must acknowledge receipt of this amendment prior to the hour and date specified in the solicitation or as amended, by one of the following methods:",2026-06-24 22:37:18
PLUC-000347,GSTMT-000605,9bca2be24fb64fbe833ab48ae2b41b2a,Atlanta Job Corps Center Caretaker and Security Services,9bca2be24fb64fbe833ab48ae2b41b2a_2.bin,PLU-PROP-003,Proposal,Submission Instruction,Submission Instruction,Proposal Intelligence,offerors.*submit,0.86,classified,Offerors who did not attend the site visit may still submit a quotation and will be considered for award in accordance with the terms and conditions of the solicitation.,2026-06-24 22:37:18
PLUC-000348,GSTMT-000606,9bca2be24fb64fbe833ab48ae2b41b2a,Atlanta Job Corps Center Caretaker and Security Services,9bca2be24fb64fbe833ab48ae2b41b2a_2.bin,PLU-COMP-006,Legal and Compliance,Socioeconomic Requirement,Socioeconomic Requirement,Eligibility Intelligence,small business,0.86,classified,Will the government consider changing this requirement to two (2) projects showing relevant Caretaker services experience due to this RFQ being issued as a small business set aside?,2026-06-24 22:37:18
PLUC-000349,GSTMT-000607,9bca2be24fb64fbe833ab48ae2b41b2a,Atlanta Job Corps Center Caretaker and Security Services,9bca2be24fb64fbe833ab48ae2b41b2a_2.bin,PLU-COMP-006,Legal and Compliance,Socioeconomic Requirement,Socioeconomic Requirement,Eligibility Intelligence,small business,0.86,classified,"No, the requirement will be solicited and awarded as one (1) small business set-aside.",2026-06-24 22:37:18
PLUC-000350,GSTMT-000613,9bca2be24fb64fbe833ab48ae2b41b2a,Atlanta Job Corps Center Caretaker and Security Services,9bca2be24fb64fbe833ab48ae2b41b2a_3.bin,PLU-SUP-003,Supplier Qualification,Certification,Certification,Supplier Capability Intelligence,certification,0.86,classified,Any representations and/or certifications attac,2026-06-24 22:37:18
PLUC-000351,GSTMT-000614,9bca2be24fb64fbe833ab48ae2b41b2a,Atlanta Job Corps Center Caretaker and Security Services,9bca2be24fb64fbe833ab48ae2b41b2a_5.bin,PLU-SUP-005,Supplier Qualification,Key Personnel,Key Personnel,Staffing Intelligence,key personnel,0.86,classified,Key Personnel ...................................................................................................................................,2026-06-24 22:37:18
PLUC-000352,GSTMT-000615,9bca2be24fb64fbe833ab48ae2b41b2a,Atlanta Job Corps Center Caretaker and Security Services,9bca2be24fb64fbe833ab48ae2b41b2a_5.bin,PLU-COM-001,Commercial,Pricing Structure,Pricing Structure,Pricing Intelligence,pricing schedule,0.86,classified,Pricing Schedule ...............................................................................................................................,2026-06-24 22:37:18
PLUC-000353,GSTMT-000616,9bca2be24fb64fbe833ab48ae2b41b2a,Atlanta Job Corps Center Caretaker and Security Services,9bca2be24fb64fbe833ab48ae2b41b2a_6.bin,PLU-COMP-008,Legal and Compliance,Cybersecurity,Cybersecurity,Risk Intelligence,nist,0.86,classified,EMPLOYMENT STANDARDS ADMINISTRATION By direction of the Secretary of Labor,2026-06-24 22:37:18
PLUC-000354,GSTMT-000617,9bca2be24fb64fbe833ab48ae2b41b2a,Atlanta Job Corps Center Caretaker and Security Services,9bca2be24fb64fbe833ab48ae2b41b2a_6.bin,PLU-COMP-008,Legal and Compliance,Cybersecurity,Cybersecurity,Risk Intelligence,nist,0.86,classified,EMPLOYMENT STANDARDS ADMINISTRATION By direction of the Secretary of Labor,2026-06-24 22:37:18
PLUC-000355,GSTMT-000618,9bca2be24fb64fbe833ab48ae2b41b2a,Atlanta Job Corps Center Caretaker and Security Services,9bca2be24fb64fbe833ab48ae2b41b2a_6.bin,PLU-COMP-008,Legal and Compliance,Cybersecurity,Cybersecurity,Risk Intelligence,nist,0.86,classified,"Georgia Counties of Barrow, Bartow, Butts, Carroll, Cherokee, Clayton, Cobb, Coweta, Dawson, Douglas, Fayette, Forsyth, Fulton, Gwinnett, Haralson, Henry, Morgan, Newton, Paulding, Pickens, Rockdale, Spalding and Walton ____________________________________________________________________________________ **Fringe Benefits Required Follow the Occupational Listing** OCCUPATION CODE - TITLE FOOTNOTE RATE 01000 - Administrative Support And Clerical Occupations 01011 - Accounting Clerk I 19.11 01012 - Accounting Clerk II 21.45 01013 - Accounting Clerk III 23.99 01020 - Administrative Assistant 35.34 01035 - Court Reporter 32.33 01041 - Customer Service Representative I 16.61 01042 - Customer Service Representative II 18.13 01043 - Customer Service Representative III 20.35 01051 - Data Entry Operator I 17.87 01052 - Data Entry Operator II 19.50 01060 - Dispatcher, Motor Vehicle 23.38 01070 - Document Preparation Clerk 18.35 01090 -",2026-06-24 22:37:18
PLUC-000356,GSTMT-000619,9bca2be24fb64fbe833ab48ae2b41b2a,Atlanta Job Corps Center Caretaker and Security Services,9bca2be24fb64fbe833ab48ae2b41b2a_6.bin,PLU-COMP-008,Legal and Compliance,Cybersecurity,Cybersecurity,Risk Intelligence,nist,0.86,classified,"Georgia Counties of Barrow, Bartow, Butts, Carroll, Cherokee, Clayton, Cobb, Coweta, Dawson, Douglas, Fayette, Forsyth, Fulton, Gwinnett, Haralson, Henry, Morgan, Newton, Paulding, Pickens, Rockdale, Spalding and Walton ____________________________________________________________________________________ **Fringe Benefits Required Follow the Occupational Listing** OCCUPATION CODE - TITLE FOOTNOTE RATE 01000 - Administrative Support And Clerical Occupations 01011 - Accounting Clerk I 19.11 01012 - Accounting Clerk II 21.45 01013 - Accounting Clerk III 23.99 01020 - Administrative Assistant 35.34 01035 - Court Reporter 32.33 01041 - Customer Service Representative I 16.61 01042 - Customer Service Representative II 18.13 01043 - Customer Service Representative III 20.35 01051 - Data Entry Operator I 17.87 01052 - Data Entry Operator II 19.50 01060 - Dispatcher, Motor Vehicle 23.38 01070 - Document Preparation Clerk 18.35 01090 -",2026-06-24 22:37:18
PLUC-000357,GSTMT-000621,9bca2be24fb64fbe833ab48ae2b41b2a,Atlanta Job Corps Center Caretaker and Security Services,9bca2be24fb64fbe833ab48ae2b41b2a_7.bin,PLU-COMP-008,Legal and Compliance,Cybersecurity,Cybersecurity,Risk Intelligence,nist,0.86,classified,"ISSUED BY CODE JCAS 7.ADMINISTERED BY (If other than Item 6)CODE US Department of Labor Job Corps Acquisition Services 200 Constitution Ave, NW N-4643 Washington DC 20210 8.",2026-06-24 22:37:18
PLUC-000358,GSTMT-000624,9bca2be24fb64fbe833ab48ae2b41b2a,Atlanta Job Corps Center Caretaker and Security Services,9bca2be24fb64fbe833ab48ae2b41b2a_7.bin,PLU-PROP-006,Proposal,Amendment Acknowledgement,Amendment Acknowledgement,Proposal Compliance,acknowledge.*amendment,0.86,classified,"Offers must acknowledge receipt of this amendment prior to the hour and date specified in the solicitation or as amended, by one of the following methods:",2026-06-24 22:37:18
