atom_id,canonical_requirement_id,notice_id,opportunity_title,source_file,requirement_type,named_value,mandatory_flag,atom_context,source_statement,atom_confidence
ATOM-000001,CREQ-000001,4238a30a23b544cf94743e18c87feccb,Selective Service System Website Modernization,4238a30a23b544cf94743e18c87feccb_1.bin,proposal_requirement,,unknown,"Selective Service System Website Modernization FAQ June 18, 2026 Section 1 – Solicitation Administration & Proposal Submission Q1.1 – Proposal volume clarification - Section L 2.a states four (4) separately submitted bound Volumes but then enumerates five Volumes (I, II, III, IV, V).","Selective Service System Website Modernization FAQ June 18, 2026 Section 1 – Solicitation Administration & Proposal Submission Q1.1 – Proposal volume clarification - Section L 2.a states four (4) separately submitted bound Volumes but then enumerates five Volumes (I, II, III, IV, V).",0.55
ATOM-000002,CREQ-000003,4238a30a23b544cf94743e18c87feccb,Selective Service System Website Modernization,4238a30a23b544cf94743e18c87feccb_1.bin,submission_requirement,proposal,yes,Offerors shall submit five (5) proposal volumes as identified in the solicitation:,Offerors shall submit five (5) proposal volumes as identified in the solicitation:,0.95
ATOM-000003,CREQ-000004,4238a30a23b544cf94743e18c87feccb,Selective Service System Website Modernization,4238a30a23b544cf94743e18c87feccb_1.bin,submission_requirement,Proposal,unknown,Volume I – Administrative Proposal,• Volume I – Administrative Proposal • Volume II – Technical Proposal • Volume III – Past Performance • Volume IV – Price Proposal • Volume V – Contract Documentation Offerors should prepare and submit all five volumes in accordance with the proposal instructions and content requirements provided in the solicitation.,0.9
ATOM-000004,CREQ-000004,4238a30a23b544cf94743e18c87feccb,Selective Service System Website Modernization,4238a30a23b544cf94743e18c87feccb_1.bin,submission_requirement,Proposal,unknown,Volume II – Technical Proposal,• Volume I – Administrative Proposal • Volume II – Technical Proposal • Volume III – Past Performance • Volume IV – Price Proposal • Volume V – Contract Documentation Offerors should prepare and submit all five volumes in accordance with the proposal instructions and content requirements provided in the solicitation.,0.9
ATOM-000005,CREQ-000004,4238a30a23b544cf94743e18c87feccb,Selective Service System Website Modernization,4238a30a23b544cf94743e18c87feccb_1.bin,evaluation_factor,Past Performance,unknown,Volume III – Past Performance,• Volume I – Administrative Proposal • Volume II – Technical Proposal • Volume III – Past Performance • Volume IV – Price Proposal • Volume V – Contract Documentation Offerors should prepare and submit all five volumes in accordance with the proposal instructions and content requirements provided in the solicitation.,0.7
ATOM-000006,CREQ-000004,4238a30a23b544cf94743e18c87feccb,Selective Service System Website Modernization,4238a30a23b544cf94743e18c87feccb_1.bin,evaluation_factor,Price,unknown,Volume IV – Price Proposal,• Volume I – Administrative Proposal • Volume II – Technical Proposal • Volume III – Past Performance • Volume IV – Price Proposal • Volume V – Contract Documentation Offerors should prepare and submit all five volumes in accordance with the proposal instructions and content requirements provided in the solicitation.,0.7
ATOM-000007,CREQ-000004,4238a30a23b544cf94743e18c87feccb,Selective Service System Website Modernization,4238a30a23b544cf94743e18c87feccb_1.bin,submission_requirement,Proposal,unknown,Volume V – Contract Documentation Offerors should prepare and submit all five volumes in accordance with the proposal instructions and content requirements provided in the solicitation.,• Volume I – Administrative Proposal • Volume II – Technical Proposal • Volume III – Past Performance • Volume IV – Price Proposal • Volume V – Contract Documentation Offerors should prepare and submit all five volumes in accordance with the proposal instructions and content requirements provided in the solicitation.,0.9
ATOM-000008,CREQ-000005,4238a30a23b544cf94743e18c87feccb,Selective Service System Website Modernization,4238a30a23b544cf94743e18c87feccb_1.bin,evaluation_requirement,Evaluation Factors,unknown,"Q1.2) Evaluation Factors -Table 1 identifies Volume V as “Factor 5 – Contract Documentation,” but Section 52.212-2 lists only four evaluation factors.","Q1.2) Evaluation Factors -Table 1 identifies Volume V as “Factor 5 – Contract Documentation,” but Section 52.212-2 lists only four evaluation factors.",0.55
ATOM-000009,CREQ-000006,4238a30a23b544cf94743e18c87feccb,Selective Service System Website Modernization,4238a30a23b544cf94743e18c87feccb_1.bin,compliance_requirement,compliance,unknown,Please confirm whether Volume V is evaluated as a separate factor or treated as an administrative/compliance volume only.,Please confirm whether Volume V is evaluated as a separate factor or treated as an administrative/compliance volume only.,0.55
ATOM-000010,CREQ-000007,4238a30a23b544cf94743e18c87feccb,Selective Service System Website Modernization,4238a30a23b544cf94743e18c87feccb_1.bin,contract_administration_requirement,cor,unknown,Volume V – Contract Documentation corresponds to Evaluation Factor 5.,Volume V – Contract Documentation corresponds to Evaluation Factor 5.,0.55
ATOM-000011,CREQ-000008,4238a30a23b544cf94743e18c87feccb,Selective Service System Website Modernization,4238a30a23b544cf94743e18c87feccb_1.bin,contract_administration_requirement,cor,yes,Offerors shall submit Volume V in accordance with the solicitation instructions.,Offerors shall submit Volume V in accordance with the solicitation instructions.,0.95
ATOM-000012,CREQ-000009,4238a30a23b544cf94743e18c87feccb,Selective Service System Website Modernization,4238a30a23b544cf94743e18c87feccb_5.bin,evaluation_factor,past performance,unknown,"If you will not be available on June 30, 2026, for verification of this past performance evaluation, please indicate another POC for the contacting officer/contract specialist to","If you will not be available on June 30, 2026, for verification of this past performance evaluation, please indicate another POC for the contacting officer/contract specialist to contact.",0.7
ATOM-000013,CREQ-000010,dc7183e7aab342788a9dff786e444f8a,JSCG-P Cristobal Colon Base Life Support,dc7183e7aab342788a9dff786e444f8a_1.bin,staffing_requirement,personnel,unknown,"This is a non-personal services contract under which the personnel rendering the service(s) are not subject, either by the contract's terms or by the manner","This is a non-personal services contract under which the personnel rendering the service(s) are not subject, either by the contract's terms or by the manner of its administration, to the supervision and control usually prevailing in relationships between the Government and its employees.",0.7
ATOM-000014,CREQ-000011,dc7183e7aab342788a9dff786e444f8a,JSCG-P Cristobal Colon Base Life Support,dc7183e7aab342788a9dff786e444f8a_1.bin,staffing_requirement,adequate workforce,yes,The Contractor shall always maintain an adequate workforce for performance of all tasks defined within this Performance Work Statement (PWS).,The Contractor shall always maintain an adequate workforce for performance of all tasks defined within this Performance Work Statement (PWS).,0.95
ATOM-000015,CREQ-000012,dc7183e7aab342788a9dff786e444f8a,JSCG-P Cristobal Colon Base Life Support,dc7183e7aab342788a9dff786e444f8a_1.bin,operational_requirement,complete the services daily,yes,"Unless otherwise specified, the Contractor's shall complete the services daily and be readily available for emergency support.","Unless otherwise specified, the Contractor's shall complete the services daily and be readily available for emergency support.",0.85
ATOM-000016,CREQ-000015,dc7183e7aab342788a9dff786e444f8a,JSCG-P Cristobal Colon Base Life Support,dc7183e7aab342788a9dff786e444f8a_2.bin,staffing_requirement,staffing,yes,"and all necessary staffing, management and maintenance required to perform these services.","and all necessary staffing, management and maintenance required to perform these services.",0.85
ATOM-000017,CREQ-000016,dc7183e7aab342788a9dff786e444f8a,JSCG-P Cristobal Colon Base Life Support,dc7183e7aab342788a9dff786e444f8a_2.bin,submission_requirement,submit a quote,unknown,2.1 You are invited to submit a quote/offer in response to Solicitation W912CL-26-R- A004 by 15:00 PM CST on 24 June 2026.,2.1 You are invited to submit a quote/offer in response to Solicitation W912CL-26-R- A004 by 15:00 PM CST on 24 June 2026.,0.7
ATOM-000018,CREQ-000017,dc7183e7aab342788a9dff786e444f8a,JSCG-P Cristobal Colon Base Life Support,dc7183e7aab342788a9dff786e444f8a_2.bin,evaluation_factor,Price,unknown,"As a result of this solicitation, the Government intends to award a Firm Fixed Price (FFP) contract resulting from this solicitation to the responsible offeror whose quote co","As a result of this solicitation, the Government intends to award a Firm Fixed Price (FFP) contract resulting from this solicitation to the responsible offeror whose quote conforms to these instructions and will be most advantageous to the Government, considering the lowest price technically acce",0.7
ATOM-000019,CREQ-000017,dc7183e7aab342788a9dff786e444f8a,JSCG-P Cristobal Colon Base Life Support,dc7183e7aab342788a9dff786e444f8a_2.bin,evaluation_factor,price,unknown,"hese instructions and will be most advantageous to the Government, considering the lowest price technically acce","As a result of this solicitation, the Government intends to award a Firm Fixed Price (FFP) contract resulting from this solicitation to the responsible offeror whose quote conforms to these instructions and will be most advantageous to the Government, considering the lowest price technically acce",0.7
ATOM-000020,CREQ-000017,dc7183e7aab342788a9dff786e444f8a,JSCG-P Cristobal Colon Base Life Support,dc7183e7aab342788a9dff786e444f8a_2.bin,pricing_requirement,Firm Fixed Price,unknown,"As a result of this solicitation, the Government intends to award a Firm Fixed Price (FFP) contract resulting from this solicitation to the responsible offeror whose quote co","As a result of this solicitation, the Government intends to award a Firm Fixed Price (FFP) contract resulting from this solicitation to the responsible offeror whose quote conforms to these instructions and will be most advantageous to the Government, considering the lowest price technically acce",0.7
ATOM-000021,CREQ-000017,dc7183e7aab342788a9dff786e444f8a,JSCG-P Cristobal Colon Base Life Support,dc7183e7aab342788a9dff786e444f8a_2.bin,pricing_requirement,FFP,unknown,"As a result of this solicitation, the Government intends to award a Firm Fixed Price (FFP) contract resulting from this solicitation to the responsible offeror whose quote conform","As a result of this solicitation, the Government intends to award a Firm Fixed Price (FFP) contract resulting from this solicitation to the responsible offeror whose quote conforms to these instructions and will be most advantageous to the Government, considering the lowest price technically acce",0.7
ATOM-000022,CREQ-000018,dc7183e7aab342788a9dff786e444f8a,JSCG-P Cristobal Colon Base Life Support,dc7183e7aab342788a9dff786e444f8a_5.bin,evaluation_framework,Basis for Award,unknown,52.212-2 - EVALUATION--COMMERCIAL PRODUCTS AND COMMERCIAL SERVICES (NOV 2021) Basis for Award.,52.212-2 - EVALUATION--COMMERCIAL PRODUCTS AND COMMERCIAL SERVICES (NOV 2021) Basis for Award.,0.75
ATOM-000023,CREQ-000019,dc7183e7aab342788a9dff786e444f8a,JSCG-P Cristobal Colon Base Life Support,dc7183e7aab342788a9dff786e444f8a_5.bin,evaluation_factor,price,unknown,"r whose offer conforming to the solicitation will be most advantageous to the Government, price and other factors considered.","The Government will award a contract resulting from this solicitation to the responsible offeror whose offer conforming to the solicitation will be most advantageous to the Government, price and other factors considered.",0.7
ATOM-000024,CREQ-000020,dc7183e7aab342788a9dff786e444f8a,JSCG-P Cristobal Colon Base Life Support,dc7183e7aab342788a9dff786e444f8a_5.bin,evaluation_framework,following factors shall be used to evaluate,yes,The following factors shall be used to evaluate quotes:,The following factors shall be used to evaluate quotes:,0.8
ATOM-000025,CREQ-000021,dc7183e7aab342788a9dff786e444f8a,JSCG-P Cristobal Colon Base Life Support,dc7183e7aab342788a9dff786e444f8a_5.bin,evaluation_factor,Technical Capability,unknown,Technical Capability,"a) Technical Capability b) Past Performance c) Price This competitive best value selection will be conducted using the Lowest Price Technically Acceptable (LPTA) selection process in accordance with Federal Acquisition Regulation (FAR) part 13, Simplified Acquisition Procedures and FAR part 12, Acquisition of Commercial Items.",0.7
ATOM-000026,CREQ-000021,dc7183e7aab342788a9dff786e444f8a,JSCG-P Cristobal Colon Base Life Support,dc7183e7aab342788a9dff786e444f8a_5.bin,evaluation_factor,Past Performance,unknown,Past Performance,"a) Technical Capability b) Past Performance c) Price This competitive best value selection will be conducted using the Lowest Price Technically Acceptable (LPTA) selection process in accordance with Federal Acquisition Regulation (FAR) part 13, Simplified Acquisition Procedures and FAR part 12, Acquisition of Commercial Items.",0.7
ATOM-000027,CREQ-000021,dc7183e7aab342788a9dff786e444f8a,JSCG-P Cristobal Colon Base Life Support,dc7183e7aab342788a9dff786e444f8a_5.bin,evaluation_factor,Price,unknown,Price This competitive best value selection will be conducted using the Lowest Price Technicall,"a) Technical Capability b) Past Performance c) Price This competitive best value selection will be conducted using the Lowest Price Technically Acceptable (LPTA) selection process in accordance with Federal Acquisition Regulation (FAR) part 13, Simplified Acquisition Procedures and FAR part 12, Acquisition of Commercial Items.",0.7
ATOM-000028,CREQ-000021,dc7183e7aab342788a9dff786e444f8a,JSCG-P Cristobal Colon Base Life Support,dc7183e7aab342788a9dff786e444f8a_5.bin,evaluation_factor,Price,unknown,Price This competitive best value selection will be conducted using the Lowest Price Technically Acceptable (LPTA) selection process in accordance with Federal Acquisition Re,"a) Technical Capability b) Past Performance c) Price This competitive best value selection will be conducted using the Lowest Price Technically Acceptable (LPTA) selection process in accordance with Federal Acquisition Regulation (FAR) part 13, Simplified Acquisition Procedures and FAR part 12, Acquisition of Commercial Items.",0.7
ATOM-000029,CREQ-000021,dc7183e7aab342788a9dff786e444f8a,JSCG-P Cristobal Colon Base Life Support,dc7183e7aab342788a9dff786e444f8a_5.bin,evaluation_method,Lowest Price Technically Acceptable,unknown,"Price This competitive best value selection will be conducted using the Lowest Price Technically Acceptable (LPTA) selection process in accordance with Federal Acquisition Regulation (FAR) part 13,","a) Technical Capability b) Past Performance c) Price This competitive best value selection will be conducted using the Lowest Price Technically Acceptable (LPTA) selection process in accordance with Federal Acquisition Regulation (FAR) part 13, Simplified Acquisition Procedures and FAR part 12, Acquisition of Commercial Items.",0.7
ATOM-000030,CREQ-000021,dc7183e7aab342788a9dff786e444f8a,JSCG-P Cristobal Colon Base Life Support,dc7183e7aab342788a9dff786e444f8a_5.bin,evaluation_method,LPTA,unknown,"ive best value selection will be conducted using the Lowest Price Technically Acceptable (LPTA) selection process in accordance with Federal Acquisition Regulation (FAR) part 13, Simpl","a) Technical Capability b) Past Performance c) Price This competitive best value selection will be conducted using the Lowest Price Technically Acceptable (LPTA) selection process in accordance with Federal Acquisition Regulation (FAR) part 13, Simplified Acquisition Procedures and FAR part 12, Acquisition of Commercial Items.",0.7
ATOM-000031,CREQ-000021,dc7183e7aab342788a9dff786e444f8a,JSCG-P Cristobal Colon Base Life Support,dc7183e7aab342788a9dff786e444f8a_5.bin,evaluation_method,best value,unknown,Price This competitive best value selection will be conducted using the Lowest Price Technically Acceptable (LPTA) selectio,"a) Technical Capability b) Past Performance c) Price This competitive best value selection will be conducted using the Lowest Price Technically Acceptable (LPTA) selection process in accordance with Federal Acquisition Regulation (FAR) part 13, Simplified Acquisition Procedures and FAR part 12, Acquisition of Commercial Items.",0.7
ATOM-000032,CREQ-000022,dc7183e7aab342788a9dff786e444f8a,JSCG-P Cristobal Colon Base Life Support,dc7183e7aab342788a9dff786e444f8a_5.bin,evaluation_factor,technical capability,unknown,"Although the technical capability factor is of paramount consideration in the award of the contract, past performance and p","Although the technical capability factor is of paramount consideration in the award of the contract, past performance and price are also important to the overall contract award decision.",0.7
ATOM-000033,CREQ-000022,dc7183e7aab342788a9dff786e444f8a,JSCG-P Cristobal Colon Base Life Support,dc7183e7aab342788a9dff786e444f8a_5.bin,evaluation_factor,past performance,unknown,"e technical capability factor is of paramount consideration in the award of the contract, past performance and price are also important to the overall contract award decision.","Although the technical capability factor is of paramount consideration in the award of the contract, past performance and price are also important to the overall contract award decision.",0.7
ATOM-000034,CREQ-000022,dc7183e7aab342788a9dff786e444f8a,JSCG-P Cristobal Colon Base Life Support,dc7183e7aab342788a9dff786e444f8a_5.bin,evaluation_factor,price,unknown,"y factor is of paramount consideration in the award of the contract, past performance and price are also important to the overall contract award decision.","Although the technical capability factor is of paramount consideration in the award of the contract, past performance and price are also important to the overall contract award decision.",0.7
ATOM-000035,CREQ-000023,dc7183e7aab342788a9dff786e444f8a,JSCG-P Cristobal Colon Base Life Support,dc7183e7aab342788a9dff786e444f8a_5.bin,evaluation_factor,technical capability,unknown,tations requirements and is the lowest evaluated price with an “Acceptable” rating in the technical capability assessment.,"One award will be made to the offeror who is deemed responsible in accordance with FAR Part 9, whose quote conforms to the solicitations requirements and is the lowest evaluated price with an “Acceptable” rating in the technical capability assessment.",0.7
ATOM-000036,CREQ-000023,dc7183e7aab342788a9dff786e444f8a,JSCG-P Cristobal Colon Base Life Support,dc7183e7aab342788a9dff786e444f8a_5.bin,evaluation_factor,price,unknown,"art 9, whose quote conforms to the solicitations requirements and is the lowest evaluated price with an “Acceptable” rating in the technical capability assessment.","One award will be made to the offeror who is deemed responsible in accordance with FAR Part 9, whose quote conforms to the solicitations requirements and is the lowest evaluated price with an “Acceptable” rating in the technical capability assessment.",0.7
ATOM-000037,CREQ-000024,dc7183e7aab342788a9dff786e444f8a,JSCG-P Cristobal Colon Base Life Support,dc7183e7aab342788a9dff786e444f8a_5.bin,evaluation_framework,evaluation criteria,unknown,Quotes that exceed the evaluation criteria will not receive higher ratings.,Quotes that exceed the evaluation criteria will not receive higher ratings.,0.55
ATOM-000038,CREQ-000026,dc7183e7aab342788a9dff786e444f8a,JSCG-P Cristobal Colon Base Life Support,dc7183e7aab342788a9dff786e444f8a_5.bin,evaluation_factor,price,unknown,The LPTA source selection process does not permit tradeoffs between price and non-price factors.,The LPTA source selection process does not permit tradeoffs between price and non-price factors.,0.7
ATOM-000039,CREQ-000026,dc7183e7aab342788a9dff786e444f8a,JSCG-P Cristobal Colon Base Life Support,dc7183e7aab342788a9dff786e444f8a_5.bin,evaluation_method,LPTA,unknown,The LPTA source selection process does not permit tradeoffs between price and non-price factors.,The LPTA source selection process does not permit tradeoffs between price and non-price factors.,0.7
ATOM-000040,CREQ-000028,b9d0ecdbad264ff4a301649e05fdf09f,Socket Head Cap Screws,b9d0ecdbad264ff4a301649e05fdf09f_2.bin,pricing_requirement,DELIVERED PRICES,unknown,REQUEST FOR QUOTATION SPMYM326Q1137 ** THIS IS NOT AN ORDER ** PLEASE PROVIDE DELIVERED PRICES (FOB DESTINATION) REFERENCE/PR:,REQUEST FOR QUOTATION SPMYM326Q1137 ** THIS IS NOT AN ORDER ** PLEASE PROVIDE DELIVERED PRICES (FOB DESTINATION) REFERENCE/PR:,0.6
ATOM-000041,CREQ-000031,b9d0ecdbad264ff4a301649e05fdf09f,Socket Head Cap Screws,b9d0ecdbad264ff4a301649e05fdf09f_2.bin,registration_requirement,SAM,yes,"Y*** ** In accordance with FAR 52.204-7(b)(1), an Offeror is required to be registered in SAM when submitting an offer or quotation, and must be listed as active, to prevent unduly de","DLA-KME-QUOTATIONS@DLA.MIL *** PLEASE FILL OUT THIS FORM COMPLETELY*** ** In accordance with FAR 52.204-7(b)(1), an Offeror is required to be registered in SAM when submitting an offer or quotation, and must be listed as active, to prevent unduly delaying award.",0.85
ATOM-000042,CREQ-000031,b9d0ecdbad264ff4a301649e05fdf09f,Socket Head Cap Screws,b9d0ecdbad264ff4a301649e05fdf09f_2.bin,compliance_requirement,FAR 52.204-7,yes,"-KME-QUOTATIONS@DLA.MIL *** PLEASE FILL OUT THIS FORM COMPLETELY*** ** In accordance with FAR 52.204-7(b)(1), an Offeror is required to be registered in SAM when submitting an offer or quotati","DLA-KME-QUOTATIONS@DLA.MIL *** PLEASE FILL OUT THIS FORM COMPLETELY*** ** In accordance with FAR 52.204-7(b)(1), an Offeror is required to be registered in SAM when submitting an offer or quotation, and must be listed as active, to prevent unduly delaying award.",0.85
ATOM-000043,CREQ-000032,b9d0ecdbad264ff4a301649e05fdf09f,Socket Head Cap Screws,b9d0ecdbad264ff4a301649e05fdf09f_2.bin,submission_requirement,MUST be filled in,yes,Provisions below MUST be filled in to be considered for award.,Provisions below MUST be filled in to be considered for award.,0.85
ATOM-000044,CREQ-000033,b9d0ecdbad264ff4a301649e05fdf09f,Socket Head Cap Screws,b9d0ecdbad264ff4a301649e05fdf09f_2.bin,evaluation_factor,PRICE,unknown,PRICE LISTING/GSA Is this a PRICE LISTED item?,PRICE LISTING/GSA Is this a PRICE LISTED item?,0.7
ATOM-000045,CREQ-000034,b9d0ecdbad264ff4a301649e05fdf09f,Socket Head Cap Screws,b9d0ecdbad264ff4a301649e05fdf09f_2.bin,evaluation_factor,price,unknown,"If Yes, include copy of price list with your quote.","If Yes, include copy of price list with your quote.",0.7
ATOM-000046,CREQ-000034,b9d0ecdbad264ff4a301649e05fdf09f,Socket Head Cap Screws,b9d0ecdbad264ff4a301649e05fdf09f_2.bin,pricing_requirement,price list,unknown,"If Yes, include copy of price list with your quote.","If Yes, include copy of price list with your quote.",0.7
ATOM-000047,CREQ-000035,b9d0ecdbad264ff4a301649e05fdf09f,Socket Head Cap Screws,b9d0ecdbad264ff4a301649e05fdf09f_3.bin,certification_requirement,CERTIFICATE OF COMPLIANCE,unknown,SUBTITLE CERTIFICATION OF QUALITY A001 CERTIFICATE OF COMPLIANCE COMPLIANCE 4.,SUBTITLE CERTIFICATION OF QUALITY A001 CERTIFICATE OF COMPLIANCE COMPLIANCE 4.,0.7
ATOM-000048,CREQ-000036,b9d0ecdbad264ff4a301649e05fdf09f,Socket Head Cap Screws,b9d0ecdbad264ff4a301649e05fdf09f_3.bin,certification_requirement,CHEMICAL & MECHANICAL CERTIFICATION,unknown,SUBTITLE CHEMICAL & MECHANICAL CERTIFICATION A002 CERTIFICATION DATA / REPORT 4.AUTHORITY 5.CONTRACT REFERENCE 6.,SUBTITLE CHEMICAL & MECHANICAL CERTIFICATION A002 CERTIFICATION DATA / REPORT 4.AUTHORITY 5.CONTRACT REFERENCE 6.,0.7
ATOM-000049,CREQ-000037,b9d0ecdbad264ff4a301649e05fdf09f,Socket Head Cap Screws,b9d0ecdbad264ff4a301649e05fdf09f_5.bin,certification_requirement,CERTIFICATE OF COMPLIANCE,unknown,SUBTITLE CERTIFICATION OF QUALITY A001 CERTIFICATE OF COMPLIANCE COMPLIANCE 4.,SUBTITLE CERTIFICATION OF QUALITY A001 CERTIFICATE OF COMPLIANCE COMPLIANCE 4.,0.7
ATOM-000050,CREQ-000038,b9d0ecdbad264ff4a301649e05fdf09f,Socket Head Cap Screws,b9d0ecdbad264ff4a301649e05fdf09f_5.bin,certification_requirement,CHEMICAL & MECHANICAL CERTIFICATION,unknown,SUBTITLE CHEMICAL & MECHANICAL CERTIFICATION A002 CERTIFICATION DATA / REPORT 4.AUTHORITY 5.CONTRACT REFERENCE 6.,SUBTITLE CHEMICAL & MECHANICAL CERTIFICATION A002 CERTIFICATION DATA / REPORT 4.AUTHORITY 5.CONTRACT REFERENCE 6.,0.7
ATOM-000051,CREQ-000040,6934753cfbdf45f1b93928b67e93355a,Non-Research Long-Term Care facility needed for the enrichment and socialization of Non-Human Primate colony,6934753cfbdf45f1b93928b67e93355a_1.bin,evaluation_factor,price,unknown,The Government will award a firm-fixed-price contract resulting from this combined synopsis/solicitation to the responsible offeror wh,"The Government will award a firm-fixed-price contract resulting from this combined synopsis/solicitation to the responsible offeror whose offer, conforming to the synopsis/solicitation, will be most advantageous to the Government (as determined by the solicitation evaluation criteria).",0.7
ATOM-000052,CREQ-000042,5f4071db397f4714a047d288a033de87,6515--Dental Panoramic Machine,5f4071db397f4714a047d288a033de87_1.bin,capability_statement_requirement,qualified vendors,unknown,The VHA Network Contracting Office 6 (NCO 6) is conducting a market survey to find qualified vendors who can provide the following item:,The VHA Network Contracting Office 6 (NCO 6) is conducting a market survey to find qualified vendors who can provide the following item:,0.75
ATOM-000053,CREQ-000043,5f4071db397f4714a047d288a033de87,6515--Dental Panoramic Machine,5f4071db397f4714a047d288a033de87_1.bin,product_or_material_requirement,product information,yes,"If the contractor can provide the above-mentioned product, the contractor SHALL submit product information for evaluation.","If the contractor can provide the above-mentioned product, the contractor SHALL submit product information for evaluation.",0.85
ATOM-000054,CREQ-000044,5f4071db397f4714a047d288a033de87,6515--Dental Panoramic Machine,5f4071db397f4714a047d288a033de87_1.bin,authorization_requirement,authorized distributor,yes,"ve items, the contractor SHALL provide a letter from the manufacturer stating they are an authorized distributor/licenser of their products.","If the contractor can provide the above items, the contractor SHALL provide a letter from the manufacturer stating they are an authorized distributor/licenser of their products.",0.85
ATOM-000055,CREQ-000045,5f4071db397f4714a047d288a033de87,6515--Dental Panoramic Machine,5f4071db397f4714a047d288a033de87_1.bin,authorization_requirement,authorized distributor letter,yes,Failure to submit an authorized distributor letter shall result in the product(s) potentially offered to be considered “grey market”.,Failure to submit an authorized distributor letter shall result in the product(s) potentially offered to be considered “grey market”.,0.85
ATOM-000056,CREQ-000045,5f4071db397f4714a047d288a033de87,6515--Dental Panoramic Machine,5f4071db397f4714a047d288a033de87_1.bin,authorization_requirement,authorized distributor,yes,Failure to submit an authorized distributor letter shall result in the product(s) potentially offered to be considered “grey market”.,Failure to submit an authorized distributor letter shall result in the product(s) potentially offered to be considered “grey market”.,0.85
ATOM-000057,CREQ-000046,441459c8d2a34c49a903966dc6678ca5,Consolidated Synopsis Aggregate Materials Black Hills National Cemetery,441459c8d2a34c49a903966dc6678ca5_1.bin,contract_administration_requirement,Contracting Officer,yes,The vendor shall provide material only when requested by the cemetery Contracting Officer Representative (COR).,The vendor shall provide material only when requested by the cemetery Contracting Officer Representative (COR).,0.85
ATOM-000058,CREQ-000047,441459c8d2a34c49a903966dc6678ca5,Consolidated Synopsis Aggregate Materials Black Hills National Cemetery,441459c8d2a34c49a903966dc6678ca5_1.bin,contract_administration_requirement,COR,yes,The Vendor shall provide the following material upon request by the COR:,The Vendor shall provide the following material upon request by the COR:,0.85
ATOM-000059,CREQ-000049,441459c8d2a34c49a903966dc6678ca5,Consolidated Synopsis Aggregate Materials Black Hills National Cemetery,441459c8d2a34c49a903966dc6678ca5_1.bin,product_or_material_requirement,deliver to,yes,"Destination The contractor shall deliver to Black Hills National Cemetery located at 20901 Pleasant Valley Drive, Sturgis, SD 57785 the following:","Destination The contractor shall deliver to Black Hills National Cemetery located at 20901 Pleasant Valley Drive, Sturgis, SD 57785 the following:",0.85
ATOM-000060,CREQ-000050,441459c8d2a34c49a903966dc6678ca5,Consolidated Synopsis Aggregate Materials Black Hills National Cemetery,441459c8d2a34c49a903966dc6678ca5_4.bin,experience_requirement,"comparable in size, complexity and scope",unknown,"ify previous federal, state, local government and or private contracts completed that are comparable in size, complexity and scope to the contract being evaluated.","Contractor must identify previous federal, state, local government and or private contracts completed that are comparable in size, complexity and scope to the contract being evaluated.",0.7
ATOM-000061,CREQ-000050,441459c8d2a34c49a903966dc6678ca5,Consolidated Synopsis Aggregate Materials Black Hills National Cemetery,441459c8d2a34c49a903966dc6678ca5_4.bin,experience_requirement,"previous federal, state, local government and or private contracts",yes,"Contractor must identify previous federal, state, local government and or private contracts completed that are comparable in size, complexity and scope to the contract being evaluat","Contractor must identify previous federal, state, local government and or private contracts completed that are comparable in size, complexity and scope to the contract being evaluated.",0.85
ATOM-000062,CREQ-000051,441459c8d2a34c49a903966dc6678ca5,Consolidated Synopsis Aggregate Materials Black Hills National Cemetery,441459c8d2a34c49a903966dc6678ca5_4.bin,evaluation_factor,Past Performance,unknown,"Past Performance Questionnaire Contract Number Contractor ( Name Address, Zip Code) Telephone Number Email","Past Performance Questionnaire Contract Number Contractor ( Name Address, Zip Code) Telephone Number Email Address Type of Contract Contract Dollar Value Date of Award (if not completed provide status) Type/Extent of Subcontracting Percentage of Work completed by the Contractor Description of Supply/Services provided, location & relevancy of work Address, Telephone Number & Email of the Contact Person and Position",0.7
ATOM-000063,CREQ-000051,441459c8d2a34c49a903966dc6678ca5,Consolidated Synopsis Aggregate Materials Black Hills National Cemetery,441459c8d2a34c49a903966dc6678ca5_4.bin,subcontracting_requirement,Subcontracting,unknown,"ract Contract Dollar Value Date of Award (if not completed provide status) Type/Extent of Subcontracting Percentage of Work completed by the Contractor Description of Supply/Services provided, l","Past Performance Questionnaire Contract Number Contractor ( Name Address, Zip Code) Telephone Number Email Address Type of Contract Contract Dollar Value Date of Award (if not completed provide status) Type/Extent of Subcontracting Percentage of Work completed by the Contractor Description of Supply/Services provided, location & relevancy of work Address, Telephone Number & Email of the Contact Person and Position",0.7
ATOM-000064,CREQ-000052,441459c8d2a34c49a903966dc6678ca5,Consolidated Synopsis Aggregate Materials Black Hills National Cemetery,441459c8d2a34c49a903966dc6678ca5_5.bin,staffing_requirement,personnel,yes,"kers in National Cemeteries Handling of Markers and Headstones Every action by contractor personnel at a national cemetery must be performed with the special care, reverence, dignity, and r","DIGNITY CLAUSE Respect for Headstones and Markers in National Cemeteries Handling of Markers and Headstones Every action by contractor personnel at a national cemetery must be performed with the special care, reverence, dignity, and respect that acknowledges the cemetery as the final resting place that commemorates the service and sacrifice that service members, Veterans and their families made for our Nation.",0.85
ATOM-000065,CREQ-000053,441459c8d2a34c49a903966dc6678ca5,Consolidated Synopsis Aggregate Materials Black Hills National Cemetery,441459c8d2a34c49a903966dc6678ca5_6.bin,evaluation_factor,Past Performance,unknown,A - Statement of work B - Cemetery Operational Standards C – Dignity Clause D- Past Performance Questionnaire E- Pricing Schedule (Excel) This is a combined synopsis/solicitation for co,"A - Statement of work B - Cemetery Operational Standards C – Dignity Clause D- Past Performance Questionnaire E- Pricing Schedule (Excel) This is a combined synopsis/solicitation for commercial services prepared in accordance with the format in Subpart 12.6, as supplemented with additional information included in this notice.",0.7
ATOM-000066,CREQ-000055,3b8ae850899e4ab298f3c2bff29ef889,Notice of Intent to Sole Source- Investigative Services  Houston Police Deparment,3b8ae850899e4ab298f3c2bff29ef889_1.bin,submission_requirement,submit a proposal,yes,onsideration must fully identify their interest and capability to provide this service or submit a proposal within 7 days to the individual listed.,Any other firms desiring consideration must fully identify their interest and capability to provide this service or submit a proposal within 7 days to the individual listed.,0.85
ATOM-000067,CREQ-000057,38811fa6a48a41e0979b84f46b44b030,Cape Canaveral National Cemetery Ornamental Grass Renovation and Irrigation National Shrine Project,38811fa6a48a41e0979b84f46b44b030_1.bin,evaluation_factor,PRICE,unknown,36C78626B0017 Section B SECTION B - SUPPLIES OR SERVICES AND PRICE/COSTS B.1 PRICE SCHEDULE ITEM INFORMATION ITEM DESCRIPTION OF NUMBER SUPPLIES/SERVICES QU,36C78626B0017 Section B SECTION B - SUPPLIES OR SERVICES AND PRICE/COSTS B.1 PRICE SCHEDULE ITEM INFORMATION ITEM DESCRIPTION OF NUMBER SUPPLIES/SERVICES QUANTITY UNIT UNIT PRICE AMOUNT 0001 1 JB __________________ __________________ Remove/Renovate/Replace Ornamental Grass and Irrigation in accordance with the attached Statement of Work Contract Period:,0.7
ATOM-000068,CREQ-000057,38811fa6a48a41e0979b84f46b44b030,Cape Canaveral National Cemetery Ornamental Grass Renovation and Irrigation National Shrine Project,38811fa6a48a41e0979b84f46b44b030_1.bin,evaluation_factor,PRICE,unknown,36C78626B0017 Section B SECTION B - SUPPLIES OR SERVICES AND PRICE/COSTS B.1 PRICE SCHEDULE ITEM INFORMATION ITEM DESCRIPTION OF NUMBER SUPPLIES/SERVICES QUANTITY UNIT UNIT,36C78626B0017 Section B SECTION B - SUPPLIES OR SERVICES AND PRICE/COSTS B.1 PRICE SCHEDULE ITEM INFORMATION ITEM DESCRIPTION OF NUMBER SUPPLIES/SERVICES QUANTITY UNIT UNIT PRICE AMOUNT 0001 1 JB __________________ __________________ Remove/Renovate/Replace Ornamental Grass and Irrigation in accordance with the attached Statement of Work Contract Period:,0.7
ATOM-000069,CREQ-000057,38811fa6a48a41e0979b84f46b44b030,Cape Canaveral National Cemetery Ornamental Grass Renovation and Irrigation National Shrine Project,38811fa6a48a41e0979b84f46b44b030_1.bin,evaluation_factor,PRICE,unknown,SCHEDULE ITEM INFORMATION ITEM DESCRIPTION OF NUMBER SUPPLIES/SERVICES QUANTITY UNIT UNIT PRICE AMOUNT 0001 1 JB __________________ __________________ Remove/Renovate/Replace Ornamental,36C78626B0017 Section B SECTION B - SUPPLIES OR SERVICES AND PRICE/COSTS B.1 PRICE SCHEDULE ITEM INFORMATION ITEM DESCRIPTION OF NUMBER SUPPLIES/SERVICES QUANTITY UNIT UNIT PRICE AMOUNT 0001 1 JB __________________ __________________ Remove/Renovate/Replace Ornamental Grass and Irrigation in accordance with the attached Statement of Work Contract Period:,0.7
ATOM-000070,CREQ-000057,38811fa6a48a41e0979b84f46b44b030,Cape Canaveral National Cemetery Ornamental Grass Renovation and Irrigation National Shrine Project,38811fa6a48a41e0979b84f46b44b030_1.bin,pricing_requirement,UNIT PRICE,unknown,RICE SCHEDULE ITEM INFORMATION ITEM DESCRIPTION OF NUMBER SUPPLIES/SERVICES QUANTITY UNIT UNIT PRICE AMOUNT 0001 1 JB __________________ __________________ Remove/Renovate/Replace Ornamental,36C78626B0017 Section B SECTION B - SUPPLIES OR SERVICES AND PRICE/COSTS B.1 PRICE SCHEDULE ITEM INFORMATION ITEM DESCRIPTION OF NUMBER SUPPLIES/SERVICES QUANTITY UNIT UNIT PRICE AMOUNT 0001 1 JB __________________ __________________ Remove/Renovate/Replace Ornamental Grass and Irrigation in accordance with the attached Statement of Work Contract Period:,0.7
ATOM-000071,CREQ-000061,38811fa6a48a41e0979b84f46b44b030,Cape Canaveral National Cemetery Ornamental Grass Renovation and Irrigation National Shrine Project,38811fa6a48a41e0979b84f46b44b030_6.bin,compliance_requirement,OSHA,unknown,"ly with VA policy, NCA policy, and current Occupational Safety and Health Administration (OSHA) Standards in providing a safe work environment for its employees and volunteers.","The National Cemetery (NCA) program will establish procedures and practices that comply with VA policy, NCA policy, and current Occupational Safety and Health Administration (OSHA) Standards in providing a safe work environment for its employees and volunteers.",0.7
ATOM-000072,CREQ-000062,38811fa6a48a41e0979b84f46b44b030,Cape Canaveral National Cemetery Ornamental Grass Renovation and Irrigation National Shrine Project,38811fa6a48a41e0979b84f46b44b030_6.bin,compliance_requirement,OSHA,unknown,d training to protect them from all hazardous conditions in the workplace and comply with OSHA Standards and recognized safe work practices.,Facility Directors will ensure that employees are provided the proper equipment and training to protect them from all hazardous conditions in the workplace and comply with OSHA Standards and recognized safe work practices.,0.7
ATOM-000073,CREQ-000064,38811fa6a48a41e0979b84f46b44b030,Cape Canaveral National Cemetery Ornamental Grass Renovation and Irrigation National Shrine Project,38811fa6a48a41e0979b84f46b44b030_11.bin,technical_information_requirement,specs/requirements,unknown,"If so please provide any specs/requirements, if any.","If so please provide any specs/requirements, if any.",0.55
ATOM-000074,CREQ-000065,38811fa6a48a41e0979b84f46b44b030,Cape Canaveral National Cemetery Ornamental Grass Renovation and Irrigation National Shrine Project,38811fa6a48a41e0979b84f46b44b030_11.bin,technical_information_requirement,as-built drawings,unknown,"Can the Government provide as-built drawings and pump station information including pump curves, flow rates, piping sizes, electrical","Can the Government provide as-built drawings and pump station information including pump curves, flow rates, piping sizes, electrical service, and available footprint for the injection system?",0.7
ATOM-000075,CREQ-000065,38811fa6a48a41e0979b84f46b44b030,Cape Canaveral National Cemetery Ornamental Grass Renovation and Irrigation National Shrine Project,38811fa6a48a41e0979b84f46b44b030_11.bin,technical_information_requirement,pump station information,unknown,"Can the Government provide as-built drawings and pump station information including pump curves, flow rates, piping sizes, electrical service, and available footpr","Can the Government provide as-built drawings and pump station information including pump curves, flow rates, piping sizes, electrical service, and available footprint for the injection system?",0.7
ATOM-000076,CREQ-000065,38811fa6a48a41e0979b84f46b44b030,Cape Canaveral National Cemetery Ornamental Grass Renovation and Irrigation National Shrine Project,38811fa6a48a41e0979b84f46b44b030_11.bin,technical_information_requirement,pump curves,unknown,"Can the Government provide as-built drawings and pump station information including pump curves, flow rates, piping sizes, electrical service, and available footprint for the injection","Can the Government provide as-built drawings and pump station information including pump curves, flow rates, piping sizes, electrical service, and available footprint for the injection system?",0.7
ATOM-000077,CREQ-000065,38811fa6a48a41e0979b84f46b44b030,Cape Canaveral National Cemetery Ornamental Grass Renovation and Irrigation National Shrine Project,38811fa6a48a41e0979b84f46b44b030_11.bin,technical_information_requirement,flow rates,unknown,"Government provide as-built drawings and pump station information including pump curves, flow rates, piping sizes, electrical service, and available footprint for the injection system?","Can the Government provide as-built drawings and pump station information including pump curves, flow rates, piping sizes, electrical service, and available footprint for the injection system?",0.7
ATOM-000078,CREQ-000065,38811fa6a48a41e0979b84f46b44b030,Cape Canaveral National Cemetery Ornamental Grass Renovation and Irrigation National Shrine Project,38811fa6a48a41e0979b84f46b44b030_11.bin,technical_information_requirement,piping sizes,unknown,"provide as-built drawings and pump station information including pump curves, flow rates, piping sizes, electrical service, and available footprint for the injection system?","Can the Government provide as-built drawings and pump station information including pump curves, flow rates, piping sizes, electrical service, and available footprint for the injection system?",0.7
ATOM-000079,CREQ-000065,38811fa6a48a41e0979b84f46b44b030,Cape Canaveral National Cemetery Ornamental Grass Renovation and Irrigation National Shrine Project,38811fa6a48a41e0979b84f46b44b030_11.bin,technical_information_requirement,electrical service,unknown,"lt drawings and pump station information including pump curves, flow rates, piping sizes, electrical service, and available footprint for the injection system?","Can the Government provide as-built drawings and pump station information including pump curves, flow rates, piping sizes, electrical service, and available footprint for the injection system?",0.7
ATOM-000080,CREQ-000066,38811fa6a48a41e0979b84f46b44b030,Cape Canaveral National Cemetery Ornamental Grass Renovation and Irrigation National Shrine Project,38811fa6a48a41e0979b84f46b44b030_14.bin,submission_requirement,submit weekly,unknown,§ 5.5(a)(3)(ii) require contractors to submit weekly a copy of all payrolls to the Federal agency,§ 5.5(a)(3)(ii) require contractors to submit weekly a copy of all payrolls to the Federal agency,0.75
ATOM-000081,CREQ-000067,38811fa6a48a41e0979b84f46b44b030,Cape Canaveral National Cemetery Ornamental Grass Renovation and Irrigation National Shrine Project,38811fa6a48a41e0979b84f46b44b030_15.bin,labor_requirement,DAVIS-BACON,unknown,EMPLOYEE RIGHTS UNDER THE DAVIS-BACON ACT FOR LABORERS AND MECHANICS EMPLOYED ON FEDERAL OR FEDERALLY ASSISTED CONSTRUCTION PRO,EMPLOYEE RIGHTS UNDER THE DAVIS-BACON ACT FOR LABORERS AND MECHANICS EMPLOYED ON FEDERAL OR FEDERALLY ASSISTED CONSTRUCTION PROJECTS PREVAILING You must be paid not less than the wage rate listed in the Davis-Bacon Wage Decision posted with this Notice for the work you perform.,0.7
ATOM-000082,CREQ-000067,38811fa6a48a41e0979b84f46b44b030,Cape Canaveral National Cemetery Ornamental Grass Renovation and Irrigation National Shrine Project,38811fa6a48a41e0979b84f46b44b030_15.bin,labor_requirement,Davis-Bacon,yes,NSTRUCTION PROJECTS PREVAILING You must be paid not less than the wage rate listed in the Davis-Bacon Wage Decision posted with this Notice for the work you perform.,EMPLOYEE RIGHTS UNDER THE DAVIS-BACON ACT FOR LABORERS AND MECHANICS EMPLOYED ON FEDERAL OR FEDERALLY ASSISTED CONSTRUCTION PROJECTS PREVAILING You must be paid not less than the wage rate listed in the Davis-Bacon Wage Decision posted with this Notice for the work you perform.,0.85
ATOM-000083,CREQ-000067,38811fa6a48a41e0979b84f46b44b030,Cape Canaveral National Cemetery Ornamental Grass Renovation and Irrigation National Shrine Project,38811fa6a48a41e0979b84f46b44b030_15.bin,labor_requirement,Wage Decision,yes,ROJECTS PREVAILING You must be paid not less than the wage rate listed in the Davis-Bacon Wage Decision posted with this Notice for the work you perform.,EMPLOYEE RIGHTS UNDER THE DAVIS-BACON ACT FOR LABORERS AND MECHANICS EMPLOYED ON FEDERAL OR FEDERALLY ASSISTED CONSTRUCTION PROJECTS PREVAILING You must be paid not less than the wage rate listed in the Davis-Bacon Wage Decision posted with this Notice for the work you perform.,0.85
ATOM-000084,CREQ-000067,38811fa6a48a41e0979b84f46b44b030,Cape Canaveral National Cemetery Ornamental Grass Renovation and Irrigation National Shrine Project,38811fa6a48a41e0979b84f46b44b030_15.bin,labor_requirement,wage rate,yes,OR FEDERALLY ASSISTED CONSTRUCTION PROJECTS PREVAILING You must be paid not less than the wage rate listed in the Davis-Bacon Wage Decision posted with this Notice for the work you perform.,EMPLOYEE RIGHTS UNDER THE DAVIS-BACON ACT FOR LABORERS AND MECHANICS EMPLOYED ON FEDERAL OR FEDERALLY ASSISTED CONSTRUCTION PROJECTS PREVAILING You must be paid not less than the wage rate listed in the Davis-Bacon Wage Decision posted with this Notice for the work you perform.,0.85
ATOM-000085,CREQ-000068,38811fa6a48a41e0979b84f46b44b030,Cape Canaveral National Cemetery Ornamental Grass Renovation and Irrigation National Shrine Project,38811fa6a48a41e0979b84f46b44b030_16.bin,certification_requirement,CERTIFICATE OF COMPLIANCE,unknown,VAAR 852.219-75 VA NOTICE OF LIMITATIONS ON SUBCONTRACTING—CERTIFICATE OF COMPLIANCE FOR SERVICES AND CONSTRUCTION (JAN 2023) (DEVIATION) (,VAAR 852.219-75 VA NOTICE OF LIMITATIONS ON SUBCONTRACTING—CERTIFICATE OF COMPLIANCE FOR SERVICES AND CONSTRUCTION (JAN 2023) (DEVIATION) (a) Pursuant to 38 U.S.C.,0.7
ATOM-000086,CREQ-000068,38811fa6a48a41e0979b84f46b44b030,Cape Canaveral National Cemetery Ornamental Grass Renovation and Irrigation National Shrine Project,38811fa6a48a41e0979b84f46b44b030_16.bin,subcontracting_requirement,LIMITATIONS ON SUBCONTRACTING,unknown,VAAR 852.219-75 VA NOTICE OF LIMITATIONS ON SUBCONTRACTING—CERTIFICATE OF COMPLIANCE FOR SERVICES AND CONSTRUCTION (JAN 2023) (DEVIATION) (,VAAR 852.219-75 VA NOTICE OF LIMITATIONS ON SUBCONTRACTING—CERTIFICATE OF COMPLIANCE FOR SERVICES AND CONSTRUCTION (JAN 2023) (DEVIATION) (a) Pursuant to 38 U.S.C.,0.7
ATOM-000087,CREQ-000068,38811fa6a48a41e0979b84f46b44b030,Cape Canaveral National Cemetery Ornamental Grass Renovation and Irrigation National Shrine Project,38811fa6a48a41e0979b84f46b44b030_16.bin,subcontracting_requirement,SUBCONTRACTING,unknown,VAAR 852.219-75 VA NOTICE OF LIMITATIONS ON SUBCONTRACTING—CERTIFICATE OF COMPLIANCE FOR SERVICES AND CONSTRUCTION (JAN 2023) (DEVIATION) (,VAAR 852.219-75 VA NOTICE OF LIMITATIONS ON SUBCONTRACTING—CERTIFICATE OF COMPLIANCE FOR SERVICES AND CONSTRUCTION (JAN 2023) (DEVIATION) (a) Pursuant to 38 U.S.C.,0.7
ATOM-000088,CREQ-000068,38811fa6a48a41e0979b84f46b44b030,Cape Canaveral National Cemetery Ornamental Grass Renovation and Irrigation National Shrine Project,38811fa6a48a41e0979b84f46b44b030_16.bin,compliance_requirement,LIMITATIONS ON SUBCONTRACTING,unknown,Pursuant to 38 U.S.C.,VAAR 852.219-75 VA NOTICE OF LIMITATIONS ON SUBCONTRACTING—CERTIFICATE OF COMPLIANCE FOR SERVICES AND CONSTRUCTION (JAN 2023) (DEVIATION) (a) Pursuant to 38 U.S.C.,0.55
ATOM-000089,CREQ-000069,38811fa6a48a41e0979b84f46b44b030,Cape Canaveral National Cemetery Ornamental Grass Renovation and Irrigation National Shrine Project,38811fa6a48a41e0979b84f46b44b030_16.bin,subcontracting_requirement,limitations on subcontracting,unknown,"ifies that— (1) If awarded a contract (see FAR 2.101 definition), it will comply with the limitations on subcontracting requirement as provided in the solicitation and the resultant contract, as follows:","8127(l)(2), the offeror certifies that— (1) If awarded a contract (see FAR 2.101 definition), it will comply with the limitations on subcontracting requirement as provided in the solicitation and the resultant contract, as follows:",0.7
ATOM-000090,CREQ-000069,38811fa6a48a41e0979b84f46b44b030,Cape Canaveral National Cemetery Ornamental Grass Renovation and Irrigation National Shrine Project,38811fa6a48a41e0979b84f46b44b030_16.bin,subcontracting_requirement,subcontracting,unknown,"If awarded a contract (see FAR 2.101 definition), it will comply with the limitations on subcontracting requirement as provided in the solicitation and the resultant contract, as follows:","8127(l)(2), the offeror certifies that— (1) If awarded a contract (see FAR 2.101 definition), it will comply with the limitations on subcontracting requirement as provided in the solicitation and the resultant contract, as follows:",0.7
ATOM-000091,CREQ-000070,38811fa6a48a41e0979b84f46b44b030,Cape Canaveral National Cemetery Ornamental Grass Renovation and Irrigation National Shrine Project,38811fa6a48a41e0979b84f46b44b030_16.bin,small_business_requirement,small business,optional_or_conditional,s may be excluded to the extent they are not the principal purpose of the acquisition and small business concerns do not provide the service as set forth in 13 CFR 125.6.,Other direct costs may be excluded to the extent they are not the principal purpose of the acquisition and small business concerns do not provide the service as set forth in 13 CFR 125.6.,0.7
ATOM-000092,CREQ-000071,3164fcc003e84650b53a7bdb56485b05,"USAG DHR, Fort Bragg ID Card Services",3164fcc003e84650b53a7bdb56485b05_1.bin,staffing_requirement,personnel,unknown,This is a non-personnel services contract to provide Defense Enrollment and Eligibility Reporting System (DEERS)/,"This is a non-personnel services contract to provide Defense Enrollment and Eligibility Reporting System (DEERS)/ Real Time Automated Personnel Identification System (RAPIDS) Common Access Card (CAC) support services for the Installation Management Command (IMCOM) at Fort Bragg, North Carolina.",0.7
ATOM-000093,CREQ-000071,3164fcc003e84650b53a7bdb56485b05,"USAG DHR, Fort Bragg ID Card Services",3164fcc003e84650b53a7bdb56485b05_1.bin,staffing_requirement,Personnel,unknown,provide Defense Enrollment and Eligibility Reporting System (DEERS)/ Real Time Automated Personnel Identification System (RAPIDS) Common Access Card (CAC) support services for the Installa,"This is a non-personnel services contract to provide Defense Enrollment and Eligibility Reporting System (DEERS)/ Real Time Automated Personnel Identification System (RAPIDS) Common Access Card (CAC) support services for the Installation Management Command (IMCOM) at Fort Bragg, North Carolina.",0.7
ATOM-000094,CREQ-000072,3164fcc003e84650b53a7bdb56485b05,"USAG DHR, Fort Bragg ID Card Services",3164fcc003e84650b53a7bdb56485b05_1.bin,staffing_requirement,personnel,yes,"The Contractor shall provide all personnel, equipment, supplies, facilities, transportation, tools, materials, supervision, and othe","The Contractor shall provide all personnel, equipment, supplies, facilities, transportation, tools, materials, supervision, and other items and non-personal services necessary to perform the verification and issuance of military identification (USID) and CAC cards for active duty military, Reserve and National Guard members, military retirees, family members, Department of Defense (DoD) civilians and other eligible recipients, as defined in this PWS, except for those items specified as government furnished property and services.",0.85
ATOM-000095,CREQ-000074,09ce44adca35468fb46ab77206c9afb7,6515--NetApp,09ce44adca35468fb46ab77206c9afb7_2.bin,evaluation_factor,price,optional_or_conditional,onfirm the intended contract duration for this subscription line item so all offerors may price it accurately and consistently.,Please confirm the intended contract duration for this subscription line item so all offerors may price it accurately and consistently.,0.7
ATOM-000096,CREQ-000075,09ce44adca35468fb46ab77206c9afb7,6515--NetApp,09ce44adca35468fb46ab77206c9afb7_2.bin,authorization_requirement,OEM Authorization Letter,yes,Question 3 — OEM Authorization Letter Requirements Section E.2.5 requires offerors to submit an OEM authorization letter dated,Question 3 — OEM Authorization Letter Requirements Section E.2.5 requires offerors to submit an OEM authorization letter dated no more than 90 days,0.85
ATOM-000097,CREQ-000075,09ce44adca35468fb46ab77206c9afb7,6515--NetApp,09ce44adca35468fb46ab77206c9afb7_2.bin,authorization_requirement,OEM authorization letter,yes,on 3 — OEM Authorization Letter Requirements Section E.2.5 requires offerors to submit an OEM authorization letter dated no more than 90 days,Question 3 — OEM Authorization Letter Requirements Section E.2.5 requires offerors to submit an OEM authorization letter dated no more than 90 days,0.85
ATOM-000098,CREQ-000076,09ce44adca35468fb46ab77206c9afb7,6515--NetApp,09ce44adca35468fb46ab77206c9afb7_4.bin,contract_administration_requirement,contract administration,unknown,All contract administration matters will be handled by the following individuals:,All contract administration matters will be handled by the following individuals:,0.55
ATOM-000099,CREQ-000079,f33e54c1c9644aa8bb2eb283b82a85ad,31 CES n. 25 military gear lockers.,f33e54c1c9644aa8bb2eb283b82a85ad_6.bin,staffing_requirement,personnel,unknown,Are you planning to use non manufacturer trained personnel to build and install them?,Are you planning to use non manufacturer trained personnel to build and install them?,0.7
ATOM-000100,CREQ-000080,f33e54c1c9644aa8bb2eb283b82a85ad,31 CES n. 25 military gear lockers.,f33e54c1c9644aa8bb2eb283b82a85ad_7.bin,staffing_requirement,personnel,unknown,This requirement is for 25 gear lockers for proper storage of personnel UTC items and pro gear.,This requirement is for 25 gear lockers for proper storage of personnel UTC items and pro gear.,0.7
ATOM-000101,CREQ-000081,f29a122869e64fa19982e9655482f397,Hex Jam Nuts,f29a122869e64fa19982e9655482f397_2.bin,pricing_requirement,DELIVERED PRICES,unknown,REQUEST FOR QUOTATION SPMYM326Q1134 ** THIS IS NOT AN ORDER ** PLEASE PROVIDE DELIVERED PRICES (FOB DESTINATION) REFERENCE/PR:,REQUEST FOR QUOTATION SPMYM326Q1134 ** THIS IS NOT AN ORDER ** PLEASE PROVIDE DELIVERED PRICES (FOB DESTINATION) REFERENCE/PR:,0.6
ATOM-000102,CREQ-000084,f29a122869e64fa19982e9655482f397,Hex Jam Nuts,f29a122869e64fa19982e9655482f397_2.bin,registration_requirement,SAM,yes,"Y*** ** In accordance with FAR 52.204-7(b)(1), an Offeror is required to be registered in SAM when submitting an offer or quotation, and must be listed as active, to prevent unduly de","DLA-KME-QUOTATIONS@DLA.MIL *** PLEASE FILL OUT THIS FORM COMPLETELY*** ** In accordance with FAR 52.204-7(b)(1), an Offeror is required to be registered in SAM when submitting an offer or quotation, and must be listed as active, to prevent unduly delaying award.",0.85
ATOM-000103,CREQ-000084,f29a122869e64fa19982e9655482f397,Hex Jam Nuts,f29a122869e64fa19982e9655482f397_2.bin,compliance_requirement,FAR 52.204-7,yes,"-KME-QUOTATIONS@DLA.MIL *** PLEASE FILL OUT THIS FORM COMPLETELY*** ** In accordance with FAR 52.204-7(b)(1), an Offeror is required to be registered in SAM when submitting an offer or quotati","DLA-KME-QUOTATIONS@DLA.MIL *** PLEASE FILL OUT THIS FORM COMPLETELY*** ** In accordance with FAR 52.204-7(b)(1), an Offeror is required to be registered in SAM when submitting an offer or quotation, and must be listed as active, to prevent unduly delaying award.",0.85
ATOM-000104,CREQ-000085,f29a122869e64fa19982e9655482f397,Hex Jam Nuts,f29a122869e64fa19982e9655482f397_2.bin,submission_requirement,MUST be filled in,yes,Provisions below MUST be filled in to be considered for award.,Provisions below MUST be filled in to be considered for award.,0.85
ATOM-000105,CREQ-000086,f29a122869e64fa19982e9655482f397,Hex Jam Nuts,f29a122869e64fa19982e9655482f397_2.bin,evaluation_factor,PRICE,unknown,PRICE LISTING/GSA Is this a PRICE LISTED item?,PRICE LISTING/GSA Is this a PRICE LISTED item?,0.7
ATOM-000106,CREQ-000087,f29a122869e64fa19982e9655482f397,Hex Jam Nuts,f29a122869e64fa19982e9655482f397_2.bin,evaluation_factor,price,unknown,"If Yes, include copy of price list with your quote.","If Yes, include copy of price list with your quote.",0.7
ATOM-000107,CREQ-000087,f29a122869e64fa19982e9655482f397,Hex Jam Nuts,f29a122869e64fa19982e9655482f397_2.bin,pricing_requirement,price list,unknown,"If Yes, include copy of price list with your quote.","If Yes, include copy of price list with your quote.",0.7
ATOM-000108,CREQ-000088,f29a122869e64fa19982e9655482f397,Hex Jam Nuts,f29a122869e64fa19982e9655482f397_3.bin,registration_requirement,System for Award Management,yes,"The Offeror shall review the list of excluded parties in the System for Award Management (SAM) (https://www.sam.gov) for entities excluded from receiving federal awards for ""cove","The Offeror shall review the list of excluded parties in the System for Award Management (SAM) (https://www.sam.gov) for entities excluded from receiving federal awards for ""covered telecommunications equipment or services"".",0.85
ATOM-000109,CREQ-000088,f29a122869e64fa19982e9655482f397,Hex Jam Nuts,f29a122869e64fa19982e9655482f397_3.bin,registration_requirement,SAM,yes,"The Offeror shall review the list of excluded parties in the System for Award Management (SAM) (https://www.sam.gov) for entities excluded from receiving federal awards for ""covered t","The Offeror shall review the list of excluded parties in the System for Award Management (SAM) (https://www.sam.gov) for entities excluded from receiving federal awards for ""covered telecommunications equipment or services"".",0.85
ATOM-000110,CREQ-000088,f29a122869e64fa19982e9655482f397,Hex Jam Nuts,f29a122869e64fa19982e9655482f397_3.bin,registration_requirement,sam,unknown,"review the list of excluded parties in the System for Award Management (SAM) (https://www.sam.gov) for entities excluded from receiving federal awards for ""covered telecommunications","The Offeror shall review the list of excluded parties in the System for Award Management (SAM) (https://www.sam.gov) for entities excluded from receiving federal awards for ""covered telecommunications equipment or services"".",0.7
ATOM-000111,CREQ-000088,f29a122869e64fa19982e9655482f397,Hex Jam Nuts,f29a122869e64fa19982e9655482f397_3.bin,compliance_requirement,covered telecommunications,unknown,"ment (SAM) (https://www.sam.gov) for entities excluded from receiving federal awards for ""covered telecommunications equipment or services"".","The Offeror shall review the list of excluded parties in the System for Award Management (SAM) (https://www.sam.gov) for entities excluded from receiving federal awards for ""covered telecommunications equipment or services"".",0.7
ATOM-000112,CREQ-000089,f29a122869e64fa19982e9655482f397,Hex Jam Nuts,f29a122869e64fa19982e9655482f397_3.bin,compliance_requirement,covered telecommunications,unknown,"The Offeror represents that it [__] does, [__] does not provide covered telecommunications equipment or services as a part of its offered products or services to the Government in","The Offeror represents that it [__] does, [__] does not provide covered telecommunications equipment or services as a part of its offered products or services to the Government in the performance of any contract, subcontract, or other contractual instrument.",0.7
ATOM-000113,CREQ-000090,f29a122869e64fa19982e9655482f397,Hex Jam Nuts,f29a122869e64fa19982e9655482f397_3.bin,submission_requirement,MUST BE FILLED IN,yes,"RDING CERTAIN TELECOMMUNICATIONS AND VIDEO SURVEILLANCE SERVICES OR EQUIPMENT (NOV 2021) {MUST BE FILLED IN, if “does” in 52.204-26} The Offeror shall not complete the representation at paragraph (","(End of provision) 52.204-24 REPRESENTATION REGARDING CERTAIN TELECOMMUNICATIONS AND VIDEO SURVEILLANCE SERVICES OR EQUIPMENT (NOV 2021) {MUST BE FILLED IN, if “does” in 52.204-26} The Offeror shall not complete the representation at paragraph (d)(",0.85
ATOM-000114,CREQ-000092,dedd02b3424a4149b2823ccee9a76082,Patient Ceiling Lift Slings Replacement,dedd02b3424a4149b2823ccee9a76082_1.bin,submission_requirement,Responses to this notice shall include,yes,Unrestricted – no set-aside Responses to this notice shall include the following:,Unrestricted – no set-aside Responses to this notice shall include the following:,0.85
ATOM-000115,CREQ-000093,dedd02b3424a4149b2823ccee9a76082,Patient Ceiling Lift Slings Replacement,dedd02b3424a4149b2823ccee9a76082_1.bin,registration_requirement,SAM,yes,company name,"(a) company name b) address (c) socio-economic status, (d) point of contact (e) phone, fax, and email (f) SAM UEI number (g) Cage Code (h) Tax ID Number (i) and must provide a capability statement that addresses the organizations qualifications and ability to perform as a contractor and provide the commodities described below.",0.95
ATOM-000116,CREQ-000093,dedd02b3424a4149b2823ccee9a76082,Patient Ceiling Lift Slings Replacement,dedd02b3424a4149b2823ccee9a76082_1.bin,registration_requirement,SAM,yes,address (,"(a) company name b) address (c) socio-economic status, (d) point of contact (e) phone, fax, and email (f) SAM UEI number (g) Cage Code (h) Tax ID Number (i) and must provide a capability statement that addresses the organizations qualifications and ability to perform as a contractor and provide the commodities described below.",0.95
ATOM-000117,CREQ-000093,dedd02b3424a4149b2823ccee9a76082,Patient Ceiling Lift Slings Replacement,dedd02b3424a4149b2823ccee9a76082_1.bin,small_business_requirement,socio-economic status,unknown,"socio-economic status, (","(a) company name b) address (c) socio-economic status, (d) point of contact (e) phone, fax, and email (f) SAM UEI number (g) Cage Code (h) Tax ID Number (i) and must provide a capability statement that addresses the organizations qualifications and ability to perform as a contractor and provide the commodities described below.",0.7
ATOM-000118,CREQ-000093,dedd02b3424a4149b2823ccee9a76082,Patient Ceiling Lift Slings Replacement,dedd02b3424a4149b2823ccee9a76082_1.bin,registration_requirement,SAM,yes,"point of contact (e) phone, fax, and email (f) SAM UEI number (g) Cage Code (h) Tax ID Number (i) and must provide a capability statement th","(a) company name b) address (c) socio-economic status, (d) point of contact (e) phone, fax, and email (f) SAM UEI number (g) Cage Code (h) Tax ID Number (i) and must provide a capability statement that addresses the organizations qualifications and ability to perform as a contractor and provide the commodities described below.",0.85
ATOM-000119,CREQ-000093,dedd02b3424a4149b2823ccee9a76082,Patient Ceiling Lift Slings Replacement,dedd02b3424a4149b2823ccee9a76082_1.bin,registration_requirement,UEI,yes,"point of contact (e) phone, fax, and email (f) SAM UEI number (g) Cage Code (h) Tax ID Number (i) and must provide a capability statement that a","(a) company name b) address (c) socio-economic status, (d) point of contact (e) phone, fax, and email (f) SAM UEI number (g) Cage Code (h) Tax ID Number (i) and must provide a capability statement that addresses the organizations qualifications and ability to perform as a contractor and provide the commodities described below.",0.85
ATOM-000120,CREQ-000093,dedd02b3424a4149b2823ccee9a76082,Patient Ceiling Lift Slings Replacement,dedd02b3424a4149b2823ccee9a76082_1.bin,registration_requirement,Cage Code,yes,"point of contact (e) phone, fax, and email (f) SAM UEI number (g) Cage Code (h) Tax ID Number (i) and must provide a capability statement that addresses the organiza","(a) company name b) address (c) socio-economic status, (d) point of contact (e) phone, fax, and email (f) SAM UEI number (g) Cage Code (h) Tax ID Number (i) and must provide a capability statement that addresses the organizations qualifications and ability to perform as a contractor and provide the commodities described below.",0.85
ATOM-000121,CREQ-000093,dedd02b3424a4149b2823ccee9a76082,Patient Ceiling Lift Slings Replacement,dedd02b3424a4149b2823ccee9a76082_1.bin,registration_requirement,Tax ID Number,yes,"point of contact (e) phone, fax, and email (f) SAM UEI number (g) Cage Code (h) Tax ID Number (i) and must provide a capability statement that addresses the organizations qualificatio","(a) company name b) address (c) socio-economic status, (d) point of contact (e) phone, fax, and email (f) SAM UEI number (g) Cage Code (h) Tax ID Number (i) and must provide a capability statement that addresses the organizations qualifications and ability to perform as a contractor and provide the commodities described below.",0.85
ATOM-000122,CREQ-000093,dedd02b3424a4149b2823ccee9a76082,Patient Ceiling Lift Slings Replacement,dedd02b3424a4149b2823ccee9a76082_1.bin,capability_statement_requirement,capability statement,yes,"fax, and email (f) SAM UEI number (g) Cage Code (h) Tax ID Number (i) and must provide a capability statement that addresses the organizations qualifications and ability to perform as a contractor an","(a) company name b) address (c) socio-economic status, (d) point of contact (e) phone, fax, and email (f) SAM UEI number (g) Cage Code (h) Tax ID Number (i) and must provide a capability statement that addresses the organizations qualifications and ability to perform as a contractor and provide the commodities described below.",0.85
ATOM-000123,CREQ-000098,dd067ed7e23d469dab6e5a622c30460b,Marketplace for Acquisition of Professional Services (MAPS),dd067ed7e23d469dab6e5a622c30460b_10.bin,evaluation_requirement,Evaluation Factors,unknown,Section M – Evaluation Factors,Section M – Evaluation Factors • M.2 Evaluation Approach:,0.5
ATOM-000124,CREQ-000098,dd067ed7e23d469dab6e5a622c30460b,Marketplace for Acquisition of Professional Services (MAPS),dd067ed7e23d469dab6e5a622c30460b_10.bin,evaluation_requirement,Evaluation Factors,unknown,M.2 Evaluation Approach:,Section M – Evaluation Factors • M.2 Evaluation Approach:,0.5
ATOM-000125,CREQ-000102,dd067ed7e23d469dab6e5a622c30460b,Marketplace for Acquisition of Professional Services (MAPS),dd067ed7e23d469dab6e5a622c30460b_18.bin,operational_requirement,,yes,***OFFERORS SHALL ONLY HAVE ONE (1) PERSON REGISTER FOR PORTAL ACCESS.,***OFFERORS SHALL ONLY HAVE ONE (1) PERSON REGISTER FOR PORTAL ACCESS.,0.95
ATOM-000126,CREQ-000103,dd067ed7e23d469dab6e5a622c30460b,Marketplace for Acquisition of Professional Services (MAPS),dd067ed7e23d469dab6e5a622c30460b_18.bin,submission_requirement,submit a proposal,yes,RS CAN HAVE ONE (1) ALTERNATE PERSON REGISTER IN THE CASE OF AN EMERGENCY.*** In order to submit a proposal for the MAPS acquisition all Offerors shall register through the following link to create,IF NEEDED OFFERORS CAN HAVE ONE (1) ALTERNATE PERSON REGISTER IN THE CASE OF AN EMERGENCY.*** In order to submit a proposal for the MAPS acquisition all Offerors shall register through the following link to create their profiles.,0.85
ATOM-000127,CREQ-000107,dd067ed7e23d469dab6e5a622c30460b,Marketplace for Acquisition of Professional Services (MAPS),dd067ed7e23d469dab6e5a622c30460b_18.bin,submission_requirement,proposal,unknown,https://chess.army.mil/proposal/default/index 2 How to Submit Proposals:,https://chess.army.mil/proposal/default/index 2 How to Submit Proposals:,0.6
ATOM-000128,CREQ-000108,dd067ed7e23d469dab6e5a622c30460b,Marketplace for Acquisition of Professional Services (MAPS),dd067ed7e23d469dab6e5a622c30460b_19.bin,submission_requirement,Offer,yes,Joint Venture/Mentor Protégé Information (if applicable) *If proposing as a JV Offerors shall submit your written agreement with the Cover Letter **If proposing as a Mentor Protégé Offerors shall provide verification of the SBA signed agreement with the Cover Letter Are you proposing as a JV?,Joint Venture/Mentor Protégé Information (if applicable) *If proposing as a JV Offerors shall submit your written agreement with the Cover Letter **If proposing as a Mentor Protégé Offerors shall provide verification of the SBA signed agreement with the Cover Letter Are you proposing as a JV?,0.95
ATOM-000129,CREQ-000114,d4b0cdaa6b81462db03813b232d2f491,NPSC Physician Services at the NNMC,d4b0cdaa6b81462db03813b232d2f491_1.bin,contract_administration_requirement,Contracting Officer,yes,"At any point during these periods, if the Contractor no longer meets the eligibility requirements, the contractor must provide immediate written notification to the Contracting Officer.","At any point during these periods, if the Contractor no longer meets the eligibility requirements, the contractor must provide immediate written notification to the Contracting Officer.",0.85
ATOM-000130,CREQ-000115,d4b0cdaa6b81462db03813b232d2f491,NPSC Physician Services at the NNMC,d4b0cdaa6b81462db03813b232d2f491_2.bin,contract_administration_requirement,cor,yes,"Breach, Designated Record Set, Disclosure, Health Care Operations, Individual, Minimum Necessary, Notice of Privacy Practices, PHI, Required by Law, Secretary, Security Incident, Subcontractor, Unsecured PHI, and Use.","Breach, Designated Record Set, Disclosure, Health Care Operations, Individual, Minimum Necessary, Notice of Privacy Practices, PHI, Required by Law, Secretary, Security Incident, Subcontractor, Unsecured PHI, and Use.",0.8
ATOM-000131,CREQ-000118,d4b0cdaa6b81462db03813b232d2f491,NPSC Physician Services at the NNMC,d4b0cdaa6b81462db03813b232d2f491_5.bin,evaluation_factor,Price,unknown,Description Quantity Unit Price Extended Price 1 NPSC Physician Services - Base 520 hrs.,Description Quantity Unit Price Extended Price 1 NPSC Physician Services - Base 520 hrs.,0.7
ATOM-000132,CREQ-000118,d4b0cdaa6b81462db03813b232d2f491,NPSC Physician Services at the NNMC,d4b0cdaa6b81462db03813b232d2f491_5.bin,pricing_requirement,Unit Price,unknown,Description Quantity Unit Price Extended Price 1 NPSC Physician Services - Base 520 hrs.,Description Quantity Unit Price Extended Price 1 NPSC Physician Services - Base 520 hrs.,0.7
ATOM-000133,CREQ-000119,cbb1a9af3c004dc68e36a311cbef0ff9,Preventive Maintenance Services for Anti-Climb Bi-folding Gates,cbb1a9af3c004dc68e36a311cbef0ff9_1.bin,deliverable_requirement,Management Plan,unknown,Safety Management Plan ADD YOUR COMPANY NAME AND DATA Project:__ ADD THE NAME OF YOUR PROJECT HERE Location:____ ADD THE PROJECT LOCATION HERE Date:,Safety Management Plan ADD YOUR COMPANY NAME AND DATA Project:__ ADD THE NAME OF YOUR PROJECT HERE Location:____ ADD THE PROJECT LOCATION HERE Date:,0.55
ATOM-000134,CREQ-000120,cbb1a9af3c004dc68e36a311cbef0ff9,Preventive Maintenance Services for Anti-Climb Bi-folding Gates,cbb1a9af3c004dc68e36a311cbef0ff9_1.bin,deliverable_requirement,SAFETY PLAN,unknown,ADD THE DATE THE MANAGEMENT PLAN WILL BE DELIEVERED SAFETY PLAN:,ADD THE DATE THE MANAGEMENT PLAN WILL BE DELIEVERED SAFETY PLAN:,0.55
ATOM-000135,CREQ-000121,cbb1a9af3c004dc68e36a311cbef0ff9,Preventive Maintenance Services for Anti-Climb Bi-folding Gates,cbb1a9af3c004dc68e36a311cbef0ff9_1.bin,subcontracting_requirement,SUBCONTRACTOR,unknown,SECTION I SAFETY REQUIREMENTS FOR CONTRACTORS AND SUBCONTRACTORS This safety Plan details the responsibilities related to Safety and Health for the ADD THE NAME OF YOUR PROJECT HERE project.,SECTION I SAFETY REQUIREMENTS FOR CONTRACTORS AND SUBCONTRACTORS This safety Plan details the responsibilities related to Safety and Health for the ADD THE NAME OF YOUR PROJECT HERE project.,0.7
ATOM-000136,CREQ-000122,cbb1a9af3c004dc68e36a311cbef0ff9,Preventive Maintenance Services for Anti-Climb Bi-folding Gates,cbb1a9af3c004dc68e36a311cbef0ff9_1.bin,staffing_requirement,Project Manager,unknown,"tages of the project, extra or different requirements will be established directly by the Project Manager and/or the POSHO when needed.","The responsibilities and other issues declared in this document will be applied to all the stages of the project, extra or different requirements will be established directly by the Project Manager and/or the POSHO when needed.",0.7
ATOM-000137,CREQ-000123,cbb1a9af3c004dc68e36a311cbef0ff9,Preventive Maintenance Services for Anti-Climb Bi-folding Gates,cbb1a9af3c004dc68e36a311cbef0ff9_1.bin,subcontracting_requirement,subcontractor,unknown,"We, ADD YOUR COMPANY NAME, and all our subcontractors will follow this safety plan and guarantee full access to it in case needed.","We, ADD YOUR COMPANY NAME, and all our subcontractors will follow this safety plan and guarantee full access to it in case needed.",0.7
ATOM-000138,CREQ-000124,cbb1a9af3c004dc68e36a311cbef0ff9,Preventive Maintenance Services for Anti-Climb Bi-folding Gates,cbb1a9af3c004dc68e36a311cbef0ff9_1.bin,contract_administration_requirement,Cor,unknown,The contractor will follow the more restrictive standard between the Safety and Health Requirements Manual established by the US Army Corps of Engineers (http://www.publications.usace.army.mil/Portals/76/Publications/EngineerManuals/EM_385-1-1.pdf) or the Mexican laws on industrial safety as established by the Ministry of Labor as follows:,The contractor will follow the more restrictive standard between the Safety and Health Requirements Manual established by the US Army Corps of Engineers (http://www.publications.usace.army.mil/Portals/76/Publications/EngineerManuals/EM_385-1-1.pdf) or the Mexican laws on industrial safety as established by the Ministry of Labor as follows:,0.7
ATOM-000139,CREQ-000125,cbb1a9af3c004dc68e36a311cbef0ff9,Preventive Maintenance Services for Anti-Climb Bi-folding Gates,cbb1a9af3c004dc68e36a311cbef0ff9_1.bin,operational_requirement,,yes,General Safety Requirements The contractor must demonstrate understanding of his/her responsibilities related to the safety requirements by addressing hazards in preplanning processes and meetings.,General Safety Requirements The contractor must demonstrate understanding of his/her responsibilities related to the safety requirements by addressing hazards in preplanning processes and meetings.,0.85
ATOM-000140,CREQ-000127,cbb1a9af3c004dc68e36a311cbef0ff9,Preventive Maintenance Services for Anti-Climb Bi-folding Gates,cbb1a9af3c004dc68e36a311cbef0ff9_2.bin,experience_requirement,references,unknown,"if any generator systems are included under this contract's technical scope, or if these references are administrative errors?","Can the Government please clarify if any generator systems are included under this contract's technical scope, or if these references are administrative errors?",0.7
ATOM-000141,CREQ-000128,cbb1a9af3c004dc68e36a311cbef0ff9,Preventive Maintenance Services for Anti-Climb Bi-folding Gates,cbb1a9af3c004dc68e36a311cbef0ff9_2.bin,evaluation_factor,price,unknown,"Is the contractor expected to purchase new software licenses within the fixed-price base rate, or will the Embassy provide existing proprietary software tools to our technic","Is the contractor expected to purchase new software licenses within the fixed-price base rate, or will the Embassy provide existing proprietary software tools to our technicians on-site?",0.7
ATOM-000142,CREQ-000129,cbb1a9af3c004dc68e36a311cbef0ff9,Preventive Maintenance Services for Anti-Climb Bi-folding Gates,cbb1a9af3c004dc68e36a311cbef0ff9_5.bin,submission_requirement,submit a quote,unknown,b bi-folding gates maintenance The Embassy of the United States of America invites you to submit a quote Anti-Climb bi-folding gates maintenance to be performed at the U.S.,19MX5326Q0043 for Anti-Climb bi-folding gates maintenance The Embassy of the United States of America invites you to submit a quote Anti-Climb bi-folding gates maintenance to be performed at the U.S.,0.7
ATOM-000143,CREQ-000134,cb68614c729145b3835e8326258f5ea2,Shade Structure Canopy,cb68614c729145b3835e8326258f5ea2_1.bin,contract_administration_requirement,cor,unknown,Please provide the material according to the submitted specifications;,Please provide the material according to the submitted specifications;,0.6
ATOM-000144,CREQ-000137,cb68614c729145b3835e8326258f5ea2,Shade Structure Canopy,cb68614c729145b3835e8326258f5ea2_2.bin,compliance_requirement,comply with,yes,All plate products shall comply with astm a572 grade 50.,All plate products shall comply with astm a572 grade 50.,0.65
ATOM-000145,CREQ-000139,cb68614c729145b3835e8326258f5ea2,Shade Structure Canopy,cb68614c729145b3835e8326258f5ea2_3.bin,small_business_requirement,Small Business,unknown,This Request for Quote (RFQ) for Shade Structure Canopy is being set aside for Total Small Businesses.,This Request for Quote (RFQ) for Shade Structure Canopy is being set aside for Total Small Businesses.,0.55
ATOM-000146,CREQ-000140,cb68614c729145b3835e8326258f5ea2,Shade Structure Canopy,cb68614c729145b3835e8326258f5ea2_3.bin,evaluation_factor,Price,unknown,The Government intends to award a Firm-Fixed Price contract.,The Government intends to award a Firm-Fixed Price contract.,0.7
ATOM-000147,CREQ-000141,cb68614c729145b3835e8326258f5ea2,Shade Structure Canopy,cb68614c729145b3835e8326258f5ea2_3.bin,submission_requirement,quote,optional_or_conditional,"If you cannot quote all items requested in this RFQ, please submit quote on what you can provide, as it may be considered if government determines best for the government, however it's the government's intent to award to a vendor who can provide all that is requested.","If you cannot quote all items requested in this RFQ, please submit quote on what you can provide, as it may be considered if government determines best for the government, however it's the government's intent to award to a vendor who can provide all that is requested.",0.95
ATOM-000148,CREQ-000142,cb68614c729145b3835e8326258f5ea2,Shade Structure Canopy,cb68614c729145b3835e8326258f5ea2_3.bin,evaluation_method,best value,unknown,“Award will be made to the offeror who represents the best value to the,“Award will be made to the offeror who represents the best value to the,0.7
ATOM-000149,CREQ-000143,c502adb5aeb8463f88d90c9be98eed6e,N--George Washington Birthplace National Monument- RE,c502adb5aeb8463f88d90c9be98eed6e_2.bin,evaluation_factor,Past Performance,unknown,Department of Interior Past Performance Questionnaire (PPQ) Notice to Contractor Information provided in this questionnaire is in,Department of Interior Past Performance Questionnaire (PPQ) Notice to Contractor Information provided in this questionnaire is intended for use as source selection information and as such is deemed Source Selection Sensitive.,0.7
ATOM-000150,CREQ-000144,c502adb5aeb8463f88d90c9be98eed6e,N--George Washington Birthplace National Monument- RE,c502adb5aeb8463f88d90c9be98eed6e_4.bin,contract_administration_requirement,Contract Administration,yes,Construction Contract Administration Federal Acquisition Regulation (FAR) 36.211(,Construction Contract Administration Federal Acquisition Regulation (FAR) 36.211(b) requires agencies provide description of policies and procedures that apply to definitization of equitable adjustments for change orders under construction contracts and data on the time required to definitize equitable adjustments for change orders under construction contracts.,0.85
ATOM-000151,CREQ-000144,c502adb5aeb8463f88d90c9be98eed6e,N--George Washington Birthplace National Monument- RE,c502adb5aeb8463f88d90c9be98eed6e_4.bin,contract_administration_requirement,Contract Administration,yes,requires agencies provide description of policies and procedures that apply to definitization of equitable adjustments for change orders under construction contracts and data on the time required to definitize equitable adjustments for change orders under construction contracts.,Construction Contract Administration Federal Acquisition Regulation (FAR) 36.211(b) requires agencies provide description of policies and procedures that apply to definitization of equitable adjustments for change orders under construction contracts and data on the time required to definitize equitable adjustments for change orders under construction contracts.,0.85
ATOM-000152,CREQ-000145,c502adb5aeb8463f88d90c9be98eed6e,N--George Washington Birthplace National Monument- RE,c502adb5aeb8463f88d90c9be98eed6e_8.bin,contract_administration_requirement,cor,unknown,"Please provide any available testing data, commissioning reports, or historical maintenance records for the existing geothermal well field.","Please provide any available testing data, commissioning reports, or historical maintenance records for the existing geothermal well field.",0.75
ATOM-000153,CREQ-000146,c502adb5aeb8463f88d90c9be98eed6e,N--George Washington Birthplace National Monument- RE,c502adb5aeb8463f88d90c9be98eed6e_9.bin,clearance_requirement,,unknown,MBH THOUSAND BRITISH THERMAL ROUND RETURN OR AAV AUTOMATIC AIR VENT UNITS PER HOUR ROUND SUPPLY EXHAUST BALL VALVE AC AIR CONDITIONING MCA MINIMUM CIRCUIT AMPS 2.,MBH THOUSAND BRITISH THERMAL ROUND RETURN OR AAV AUTOMATIC AIR VENT UNITS PER HOUR ROUND SUPPLY EXHAUST BALL VALVE AC AIR CONDITIONING MCA MINIMUM CIRCUIT AMPS 2.,0.55
ATOM-000154,CREQ-000147,b80dc335dcbb4f6abbff52eb54415e9a,EcoStruxure Panel Server Advanced (EnerlinX Series),b80dc335dcbb4f6abbff52eb54415e9a_1.bin,evaluation_factor,Price,unknown,"ten*al Offeror, Oak Ridge Na*onal Laboratory (ORNL) is invi*ng you to submit a Firm Fixed Price proposal/quote for the following items listed below.","PR481393 Hello, Poten*al Offeror, Oak Ridge Na*onal Laboratory (ORNL) is invi*ng you to submit a Firm Fixed Price proposal/quote for the following items listed below.",0.7
ATOM-000155,CREQ-000147,b80dc335dcbb4f6abbff52eb54415e9a,EcoStruxure Panel Server Advanced (EnerlinX Series),b80dc335dcbb4f6abbff52eb54415e9a_1.bin,pricing_requirement,Firm Fixed Price,unknown,"3 Hello, Poten*al Offeror, Oak Ridge Na*onal Laboratory (ORNL) is invi*ng you to submit a Firm Fixed Price proposal/quote for the following items listed below.","PR481393 Hello, Poten*al Offeror, Oak Ridge Na*onal Laboratory (ORNL) is invi*ng you to submit a Firm Fixed Price proposal/quote for the following items listed below.",0.7
ATOM-000156,CREQ-000149,b80dc335dcbb4f6abbff52eb54415e9a,EcoStruxure Panel Server Advanced (EnerlinX Series),b80dc335dcbb4f6abbff52eb54415e9a_1.bin,evaluation_factor,Price,unknown,Firm Fixed Price Small Business Set-Aside:,Firm Fixed Price Small Business Set-Aside:,0.7
ATOM-000157,CREQ-000149,b80dc335dcbb4f6abbff52eb54415e9a,EcoStruxure Panel Server Advanced (EnerlinX Series),b80dc335dcbb4f6abbff52eb54415e9a_1.bin,small_business_requirement,Small Business,unknown,Firm Fixed Price Small Business Set-Aside:,Firm Fixed Price Small Business Set-Aside:,0.7
ATOM-000158,CREQ-000149,b80dc335dcbb4f6abbff52eb54415e9a,EcoStruxure Panel Server Advanced (EnerlinX Series),b80dc335dcbb4f6abbff52eb54415e9a_1.bin,pricing_requirement,Firm Fixed Price,unknown,Firm Fixed Price Small Business Set-Aside:,Firm Fixed Price Small Business Set-Aside:,0.7
ATOM-000159,CREQ-000152,b80dc335dcbb4f6abbff52eb54415e9a,EcoStruxure Panel Server Advanced (EnerlinX Series),b80dc335dcbb4f6abbff52eb54415e9a_1.bin,evaluation_factor,price,unknown,A firm fixed price quote with your proposed delivery schedule.,A firm fixed price quote with your proposed delivery schedule.,0.7
ATOM-000160,CREQ-000152,b80dc335dcbb4f6abbff52eb54415e9a,EcoStruxure Panel Server Advanced (EnerlinX Series),b80dc335dcbb4f6abbff52eb54415e9a_1.bin,pricing_requirement,firm fixed price,unknown,A firm fixed price quote with your proposed delivery schedule.,A firm fixed price quote with your proposed delivery schedule.,0.7
ATOM-000161,CREQ-000154,b80dc335dcbb4f6abbff52eb54415e9a,EcoStruxure Panel Server Advanced (EnerlinX Series),b80dc335dcbb4f6abbff52eb54415e9a_3.bin,representation_requirement,REPRESENTATION,unknown,REPRESENTATIONS AND CERTIFICATIONS - ABBREVIATED Offeror (legal business name):,REPRESENTATIONS AND CERTIFICATIONS - ABBREVIATED Offeror (legal business name):,0.7
ATOM-000162,CREQ-000155,b80dc335dcbb4f6abbff52eb54415e9a,EcoStruxure Panel Server Advanced (EnerlinX Series),b80dc335dcbb4f6abbff52eb54415e9a_3.bin,registration_requirement,System for Award Management,yes,You are required to register in SAM (System for Award Management) and to maintain your registration annually.,You are required to register in SAM (System for Award Management) and to maintain your registration annually.,0.85
ATOM-000163,CREQ-000155,b80dc335dcbb4f6abbff52eb54415e9a,EcoStruxure Panel Server Advanced (EnerlinX Series),b80dc335dcbb4f6abbff52eb54415e9a_3.bin,registration_requirement,SAM,yes,You are required to register in SAM (System for Award Management) and to maintain your registration annually.,You are required to register in SAM (System for Award Management) and to maintain your registration annually.,0.85
ATOM-000164,CREQ-000157,b1c5dab7c7e14227b62fa4e78e478d2a,Repair BEQ HP135,b1c5dab7c7e14227b62fa4e78e478d2a_1.bin,submission_requirement,SUBMIT A PROPOSAL,optional_or_conditional,Tony Benson tony.d.benson.civ@us.navy.mil ONLY THE FOLLOWING LIST OF CONTRACTORS MAY SUBMIT A PROPOSAL FOR THIS PROJECT:,Tony Benson tony.d.benson.civ@us.navy.mil ONLY THE FOLLOWING LIST OF CONTRACTORS MAY SUBMIT A PROPOSAL FOR THIS PROJECT:,0.7
ATOM-000165,CREQ-000158,b1c5dab7c7e14227b62fa4e78e478d2a,Repair BEQ HP135,b1c5dab7c7e14227b62fa4e78e478d2a_2.bin,deliverable_requirement,Report,unknown,"Report Cover Page AE Design Repair G702 and HP135 Geotechnical Engineering Report MCAS New River & MCB Camp Lejeune, North Carolina November 25, 2025","Report Cover Page AE Design Repair G702 and HP135 Geotechnical Engineering Report MCAS New River & MCB Camp Lejeune, North Carolina November 25, 2025",0.55
ATOM-000166,CREQ-000159,b1c5dab7c7e14227b62fa4e78e478d2a,Repair BEQ HP135,b1c5dab7c7e14227b62fa4e78e478d2a_2.bin,deliverable_requirement,Report,unknown,"317-C Pollock Street New Bern, North Carolina 25860 Geotechnical Engineering Report AE Design Repair G702 and HP135","317-C Pollock Street New Bern, North Carolina 25860 Geotechnical Engineering Report AE Design Repair G702 and HP135",0.55
ATOM-000167,CREQ-000160,b1c5dab7c7e14227b62fa4e78e478d2a,Repair BEQ HP135,b1c5dab7c7e14227b62fa4e78e478d2a_4.bin,staffing_requirement,Program Manager,unknown,Refer to survey findings for additional information or contact the Asbestos Program Manager.,Refer to survey findings for additional information or contact the Asbestos Program Manager.,0.7
ATOM-000168,CREQ-000161,b1c5dab7c7e14227b62fa4e78e478d2a,Repair BEQ HP135,b1c5dab7c7e14227b62fa4e78e478d2a_5.bin,contract_administration_requirement,Cor,unknown,"Finish Boards within HP135 BEQ Renovation CL Marine Corps Base, Camp Lejeune, NC Structural Interior Design Package interior design Point of Contact List A&E Architect Base Architectural Supervisor John Schmied, AIA, LEED AP BD+C Cathy Martin MBF Architects Architectural Design Branch/Public 317-C Pollock Street Works Division New Bern, NC 28560 1005 Michael Road (252) 637-6373 Camp Lejeune, North Carolina schmied@mbfarchitects.com 28547 (910) 451-0394 catherine.martin@usmc.mil A&E Interior Designer Jamie Kissel, NCIDQ, CID Within Interior Design 1008 Granby Street Norfolk, VA 23510 (757) 224-0489 jkissel@withindesigns.com within HP135 BEQ Renovation CL Marine Corps Base, Camp Lejeune, NC Structural Interior Design Package interior design SID Narrative INTERIOR DESIGN CRITERIA Interior Design work will comply with the latest edition of the following codes and standards:","Finish Boards within HP135 BEQ Renovation CL Marine Corps Base, Camp Lejeune, NC Structural Interior Design Package interior design Point of Contact List A&E Architect Base Architectural Supervisor John Schmied, AIA, LEED AP BD+C Cathy Martin MBF Architects Architectural Design Branch/Public 317-C Pollock Street Works Division New Bern, NC 28560 1005 Michael Road (252) 637-6373 Camp Lejeune, North Carolina schmied@mbfarchitects.com 28547 (910) 451-0394 catherine.martin@usmc.mil A&E Interior Designer Jamie Kissel, NCIDQ, CID Within Interior Design 1008 Granby Street Norfolk, VA 23510 (757) 224-0489 jkissel@withindesigns.com within HP135 BEQ Renovation CL Marine Corps Base, Camp Lejeune, NC Structural Interior Design Package interior design SID Narrative INTERIOR DESIGN CRITERIA Interior Design work will comply with the latest edition of the following codes and standards:",0.6
ATOM-000169,CREQ-000163,b1c5dab7c7e14227b62fa4e78e478d2a,Repair BEQ HP135,b1c5dab7c7e14227b62fa4e78e478d2a_8.bin,evaluation_factor,PRICE,unknown,"02/23 PRICE AND PAYMENT PROCEDURES 01 30 00 08/25 ADMINISTRATIVE REQUIREMENTS 01 31 23.13 20 05/17, C","02/23 PRICE AND PAYMENT PROCEDURES 01 30 00 08/25 ADMINISTRATIVE REQUIREMENTS 01 31 23.13 20 05/17, CHG 7:",0.7
ATOM-000170,CREQ-000164,b1c5dab7c7e14227b62fa4e78e478d2a,Repair BEQ HP135,b1c5dab7c7e14227b62fa4e78e478d2a_8.bin,deliverable_requirement,REPORT,unknown,"08/20 SMALL PROJECT CONSTRUCTION PROGRESS SCHEDULES 01 33 00 04/22 SUBMITTAL PROCEDURES SUBMITTAL REGISTER 01 33 29 02/21 SUSTAINABILITY REQUIREMENTS AND REPORTING 01 35 26 11/20, CHG 3:","08/20 SMALL PROJECT CONSTRUCTION PROGRESS SCHEDULES 01 33 00 04/22 SUBMITTAL PROCEDURES SUBMITTAL REGISTER 01 33 29 02/21 SUSTAINABILITY REQUIREMENTS AND REPORTING 01 35 26 11/20, CHG 3:",0.75
ATOM-000171,CREQ-000165,b1c5dab7c7e14227b62fa4e78e478d2a,Repair BEQ HP135,b1c5dab7c7e14227b62fa4e78e478d2a_9.bin,contract_administration_requirement,Cor,unknown,"ECS Southeast, LLC (ECS) is pleased to provide MBF Architects PA with the results of the above referenced Asbestos and Lead-Paint Survey performed for the Repair BEQ HP135 project located at Marine Corps Base Camp Lejeune in Jacksonville, North Carolina.","ECS Southeast, LLC (ECS) is pleased to provide MBF Architects PA with the results of the above referenced Asbestos and Lead-Paint Survey performed for the Repair BEQ HP135 project located at Marine Corps Base Camp Lejeune in Jacksonville, North Carolina.",0.6
ATOM-000172,CREQ-000166,b1c5dab7c7e14227b62fa4e78e478d2a,Repair BEQ HP135,b1c5dab7c7e14227b62fa4e78e478d2a_9.bin,deliverable_requirement,report,unknown,"This report summarizes our observations, analytical results, findings, and recommendations related to the work performed.","This report summarizes our observations, analytical results, findings, and recommendations related to the work performed.",0.55
ATOM-000173,CREQ-000167,b1c5dab7c7e14227b62fa4e78e478d2a,Repair BEQ HP135,b1c5dab7c7e14227b62fa4e78e478d2a_9.bin,contract_administration_requirement,cor,unknown,The workdescribedinthisreportwasperformedbyECSingeneralaccordancewiththeScopeofServices described in ECS Proposal Number 49:50782P and the terms and conditions of the agreement authorizing those services.,The workdescribedinthisreportwasperformedbyECSingeneralaccordancewiththeScopeofServices described in ECS Proposal Number 49:50782P and the terms and conditions of the agreement authorizing those services.,0.55
ATOM-000174,CREQ-000169,b1c5dab7c7e14227b62fa4e78e478d2a,Repair BEQ HP135,b1c5dab7c7e14227b62fa4e78e478d2a_9.bin,staffing_requirement,Project Manager,unknown,"Dawson Jenny Clark, REM Environmental Project Manager Associate Environmental Principal bdawson@ecslimited.com jclark@ecslimited.com 910-686-91","Dawson Jenny Clark, REM Environmental Project Manager Associate Environmental Principal bdawson@ecslimited.com jclark@ecslimited.com 910-686-9114 404-640-9257 6714 Netherlands Drive, Wilmington, North Carolina 28405 • T:910-686-9114",0.7
ATOM-000175,CREQ-000169,b1c5dab7c7e14227b62fa4e78e478d2a,Repair BEQ HP135,b1c5dab7c7e14227b62fa4e78e478d2a_9.bin,staffing_requirement,Project Manager,unknown,T:910-686-9114,"Dawson Jenny Clark, REM Environmental Project Manager Associate Environmental Principal bdawson@ecslimited.com jclark@ecslimited.com 910-686-9114 404-640-9257 6714 Netherlands Drive, Wilmington, North Carolina 28405 • T:910-686-9114",0.7
ATOM-000176,CREQ-000171,a466be2cf94e451f8b4b88177dd2f9dc,Secure Document Destruction - No Cost,a466be2cf94e451f8b4b88177dd2f9dc_3.bin,deliverable_requirement,Report,yes,"Washington Counties of King and Snohomish ____________________________________________________________________________________ **Fringe Benefits Required Follow the Occupational Listing** OCCUPATION CODE - TITLE FOOTNOTE RATE 01000 - Administrative Support And Clerical Occupations 01011 - Accounting Clerk I 22.36 01012 - Accounting Clerk II 25.09 01013 - Accounting Clerk III 28.07 01020 - Administrative Assistant 39.00 01035 - Court Reporter 30.10 01041 - Customer Service Representative I 20.05 01042 - Customer Service Representative II 21.88 01043 - Customer Service Representative III 24.56 01051 - Data Entry Operator I 20.28 01052 - Data Entry Operator II 22.13 01060 - Dispatcher, Motor Vehicle 28.38 01070 - Document Preparation Clerk 21.80 01090 - Duplicating Machine Operator 21.80 01111 - General Clerk I 21.05 01112 - General Clerk II 22.98 01113 - General Clerk III 25.79 01120 - Housing Referr","Washington Counties of King and Snohomish ____________________________________________________________________________________ **Fringe Benefits Required Follow the Occupational Listing** OCCUPATION CODE - TITLE FOOTNOTE RATE 01000 - Administrative Support And Clerical Occupations 01011 - Accounting Clerk I 22.36 01012 - Accounting Clerk II 25.09 01013 - Accounting Clerk III 28.07 01020 - Administrative Assistant 39.00 01035 - Court Reporter 30.10 01041 - Customer Service Representative I 20.05 01042 - Customer Service Representative II 21.88 01043 - Customer Service Representative III 24.56 01051 - Data Entry Operator I 20.28 01052 - Data Entry Operator II 22.13 01060 - Dispatcher, Motor Vehicle 28.38 01070 - Document Preparation Clerk 21.80 01090 - Duplicating Machine Operator 21.80 01111 - General Clerk I 21.05 01112 - General Clerk II 22.98 01113 - General Clerk III 25.79 01120 - Housing Referr",0.85
ATOM-000177,CREQ-000173,a466be2cf94e451f8b4b88177dd2f9dc,Secure Document Destruction - No Cost,a466be2cf94e451f8b4b88177dd2f9dc_4.bin,deliverable_requirement,Report,yes,"California Counties of Riverside and San Bernardino ____________________________________________________________________________________ **Fringe Benefits Required Follow the Occupational Listing** OCCUPATION CODE - TITLE FOOTNOTE RATE 01000 - Administrative Support And Clerical Occupations 01011 - Accounting Clerk I 19.89 01012 - Accounting Clerk II 22.32 01013 - Accounting Clerk III 24.97 01020 - Administrative Assistant 36.74 01035 - Court Reporter 51.68 01041 - Customer Service Representative I 17.81 01042 - Customer Service Representative II 19.44 01043 - Customer Service Representative III 21.82 01051 - Data Entry Operator I 19.50 01052 - Data Entry Operator II 21.28 01060 - Dispatcher, Motor Vehicle 23.57 01070 - Document Preparation Clerk 21.55 01090 - Duplicating Machine Operator 21.55 01111 - General Clerk I 17.92 01112 - General Clerk II 19.56 01113 - General Clerk III 21.95 01120 - Hous","California Counties of Riverside and San Bernardino ____________________________________________________________________________________ **Fringe Benefits Required Follow the Occupational Listing** OCCUPATION CODE - TITLE FOOTNOTE RATE 01000 - Administrative Support And Clerical Occupations 01011 - Accounting Clerk I 19.89 01012 - Accounting Clerk II 22.32 01013 - Accounting Clerk III 24.97 01020 - Administrative Assistant 36.74 01035 - Court Reporter 51.68 01041 - Customer Service Representative I 17.81 01042 - Customer Service Representative II 19.44 01043 - Customer Service Representative III 21.82 01051 - Data Entry Operator I 19.50 01052 - Data Entry Operator II 21.28 01060 - Dispatcher, Motor Vehicle 23.57 01070 - Document Preparation Clerk 21.55 01090 - Duplicating Machine Operator 21.55 01111 - General Clerk I 17.92 01112 - General Clerk II 19.56 01113 - General Clerk III 21.95 01120 - Hous",0.85
ATOM-000178,CREQ-000175,a466be2cf94e451f8b4b88177dd2f9dc,Secure Document Destruction - No Cost,a466be2cf94e451f8b4b88177dd2f9dc_5.bin,deliverable_requirement,Report,yes,"Illinois Counties of Cook, Du Page and McHenry ____________________________________________________________________________________ **Fringe Benefits Required Follow the Occupational Listing** OCCUPATION CODE - TITLE FOOTNOTE RATE 01000 - Administrative Support And Clerical Occupations 01011 - Accounting Clerk I 19.30 01012 - Accounting Clerk II 21.66 01013 - Accounting Clerk III 24.23 01020 - Administrative Assistant 37.66 01035 - Court Reporter 33.31 01041 - Customer Service Representative I 17.99 01042 - Customer Service Representative II 19.63 01043 - Customer Service Representative III 22.03 01051 - Data Entry Operator I 18.06 01052 - Data Entry Operator II 19.71 01060 - Dispatcher, Motor Vehicle 29.26 01070 - Document Preparation Clerk 21.29 01090 - Duplicating Machine Operator 21.29 01111 - General Clerk I 17.84 01112 - General Clerk II 19.47 01113 - General Clerk III 21.85 01120 - Housing Ref","Illinois Counties of Cook, Du Page and McHenry ____________________________________________________________________________________ **Fringe Benefits Required Follow the Occupational Listing** OCCUPATION CODE - TITLE FOOTNOTE RATE 01000 - Administrative Support And Clerical Occupations 01011 - Accounting Clerk I 19.30 01012 - Accounting Clerk II 21.66 01013 - Accounting Clerk III 24.23 01020 - Administrative Assistant 37.66 01035 - Court Reporter 33.31 01041 - Customer Service Representative I 17.99 01042 - Customer Service Representative II 19.63 01043 - Customer Service Representative III 22.03 01051 - Data Entry Operator I 18.06 01052 - Data Entry Operator II 19.71 01060 - Dispatcher, Motor Vehicle 29.26 01070 - Document Preparation Clerk 21.29 01090 - Duplicating Machine Operator 21.29 01111 - General Clerk I 17.84 01112 - General Clerk II 19.47 01113 - General Clerk III 21.85 01120 - Housing Ref",0.85
ATOM-000179,CREQ-000177,a466be2cf94e451f8b4b88177dd2f9dc,Secure Document Destruction - No Cost,a466be2cf94e451f8b4b88177dd2f9dc_6.bin,deliverable_requirement,Report,yes,"Colorado Counties of Adams, Arapahoe, Broomfield, Clear Creek, Denver, Douglas, Elbert, Gilpin, Jefferson and Park ____________________________________________________________________________________ **Fringe Benefits Required Follow the Occupational Listing** OCCUPATION CODE - TITLE FOOTNOTE RATE 01000 - Administrative Support And Clerical Occupations 01011 - Accounting Clerk I 22.19 01012 - Accounting Clerk II 24.91 01013 - Accounting Clerk III 27.86 01020 - Administrative Assistant 31.69 01035 - Court Reporter 36.35 01041 - Customer Service Representative I 18.56 01042 - Customer Service Representative II 20.26 01043 - Customer Service Representative III 22.74 01051 - Data Entry Operator I 21.42 01052 - Data Entry Operator II 23.38 01060 - Dispatcher, Motor Vehicle 25.29 01070 - Document Preparation Clerk 22.38 01090 - Duplicating Machine Operator 22.38 01111 - General Clerk I 22.31 01112 - Genera","Colorado Counties of Adams, Arapahoe, Broomfield, Clear Creek, Denver, Douglas, Elbert, Gilpin, Jefferson and Park ____________________________________________________________________________________ **Fringe Benefits Required Follow the Occupational Listing** OCCUPATION CODE - TITLE FOOTNOTE RATE 01000 - Administrative Support And Clerical Occupations 01011 - Accounting Clerk I 22.19 01012 - Accounting Clerk II 24.91 01013 - Accounting Clerk III 27.86 01020 - Administrative Assistant 31.69 01035 - Court Reporter 36.35 01041 - Customer Service Representative I 18.56 01042 - Customer Service Representative II 20.26 01043 - Customer Service Representative III 22.74 01051 - Data Entry Operator I 21.42 01052 - Data Entry Operator II 23.38 01060 - Dispatcher, Motor Vehicle 25.29 01070 - Document Preparation Clerk 22.38 01090 - Duplicating Machine Operator 22.38 01111 - General Clerk I 22.31 01112 - Genera",0.85
ATOM-000180,CREQ-000179,a466be2cf94e451f8b4b88177dd2f9dc,Secure Document Destruction - No Cost,a466be2cf94e451f8b4b88177dd2f9dc_7.bin,deliverable_requirement,Report,yes,"California Counties of Riverside and San Bernardino ____________________________________________________________________________________ **Fringe Benefits Required Follow the Occupational Listing** OCCUPATION CODE - TITLE FOOTNOTE RATE 01000 - Administrative Support And Clerical Occupations 01011 - Accounting Clerk I 19.89 01012 - Accounting Clerk II 22.32 01013 - Accounting Clerk III 24.97 01020 - Administrative Assistant 36.74 01035 - Court Reporter 51.68 01041 - Customer Service Representative I 17.81 01042 - Customer Service Representative II 19.44 01043 - Customer Service Representative III 21.82 01051 - Data Entry Operator I 19.50 01052 - Data Entry Operator II 21.28 01060 - Dispatcher, Motor Vehicle 23.57 01070 - Document Preparation Clerk 21.55 01090 - Duplicating Machine Operator 21.55 01111 - General Clerk I 17.92 01112 - General Clerk II 19.56 01113 - General Clerk III 21.95 01120 - Hous","California Counties of Riverside and San Bernardino ____________________________________________________________________________________ **Fringe Benefits Required Follow the Occupational Listing** OCCUPATION CODE - TITLE FOOTNOTE RATE 01000 - Administrative Support And Clerical Occupations 01011 - Accounting Clerk I 19.89 01012 - Accounting Clerk II 22.32 01013 - Accounting Clerk III 24.97 01020 - Administrative Assistant 36.74 01035 - Court Reporter 51.68 01041 - Customer Service Representative I 17.81 01042 - Customer Service Representative II 19.44 01043 - Customer Service Representative III 21.82 01051 - Data Entry Operator I 19.50 01052 - Data Entry Operator II 21.28 01060 - Dispatcher, Motor Vehicle 23.57 01070 - Document Preparation Clerk 21.55 01090 - Duplicating Machine Operator 21.55 01111 - General Clerk I 17.92 01112 - General Clerk II 19.56 01113 - General Clerk III 21.95 01120 - Hous",0.85
ATOM-000181,CREQ-000181,a3e0948c660849a5815153897d456f7d,EcoStruxure Panel Server Wired by Design (a universal concentrator Modbus gateway),a3e0948c660849a5815153897d456f7d_3.bin,evaluation_factor,Price,unknown,"ten*al Offeror, Oak Ridge Na*onal Laboratory (ORNL) is invi*ng you to submit a Firm Fixed Price proposal/quote for the following items listed below.","PR480603 Hello, Poten*al Offeror, Oak Ridge Na*onal Laboratory (ORNL) is invi*ng you to submit a Firm Fixed Price proposal/quote for the following items listed below.",0.7
ATOM-000182,CREQ-000181,a3e0948c660849a5815153897d456f7d,EcoStruxure Panel Server Wired by Design (a universal concentrator Modbus gateway),a3e0948c660849a5815153897d456f7d_3.bin,pricing_requirement,Firm Fixed Price,unknown,"3 Hello, Poten*al Offeror, Oak Ridge Na*onal Laboratory (ORNL) is invi*ng you to submit a Firm Fixed Price proposal/quote for the following items listed below.","PR480603 Hello, Poten*al Offeror, Oak Ridge Na*onal Laboratory (ORNL) is invi*ng you to submit a Firm Fixed Price proposal/quote for the following items listed below.",0.7
ATOM-000183,CREQ-000183,a3e0948c660849a5815153897d456f7d,EcoStruxure Panel Server Wired by Design (a universal concentrator Modbus gateway),a3e0948c660849a5815153897d456f7d_3.bin,evaluation_factor,Price,unknown,Firm Fixed Price Small Business Set-Aside:,Firm Fixed Price Small Business Set-Aside:,0.7
ATOM-000184,CREQ-000183,a3e0948c660849a5815153897d456f7d,EcoStruxure Panel Server Wired by Design (a universal concentrator Modbus gateway),a3e0948c660849a5815153897d456f7d_3.bin,small_business_requirement,Small Business,unknown,Firm Fixed Price Small Business Set-Aside:,Firm Fixed Price Small Business Set-Aside:,0.7
ATOM-000185,CREQ-000183,a3e0948c660849a5815153897d456f7d,EcoStruxure Panel Server Wired by Design (a universal concentrator Modbus gateway),a3e0948c660849a5815153897d456f7d_3.bin,pricing_requirement,Firm Fixed Price,unknown,Firm Fixed Price Small Business Set-Aside:,Firm Fixed Price Small Business Set-Aside:,0.7
ATOM-000186,CREQ-000186,a3e0948c660849a5815153897d456f7d,EcoStruxure Panel Server Wired by Design (a universal concentrator Modbus gateway),a3e0948c660849a5815153897d456f7d_3.bin,evaluation_factor,price,unknown,A firm fixed price quote with your proposed delivery schedule.,A firm fixed price quote with your proposed delivery schedule.,0.7
ATOM-000187,CREQ-000186,a3e0948c660849a5815153897d456f7d,EcoStruxure Panel Server Wired by Design (a universal concentrator Modbus gateway),a3e0948c660849a5815153897d456f7d_3.bin,pricing_requirement,firm fixed price,unknown,A firm fixed price quote with your proposed delivery schedule.,A firm fixed price quote with your proposed delivery schedule.,0.7
ATOM-000188,CREQ-000188,a3e0948c660849a5815153897d456f7d,EcoStruxure Panel Server Wired by Design (a universal concentrator Modbus gateway),a3e0948c660849a5815153897d456f7d_4.bin,representation_requirement,REPRESENTATION,unknown,REPRESENTATIONS AND CERTIFICATIONS - ABBREVIATED Offeror (legal business name):,REPRESENTATIONS AND CERTIFICATIONS - ABBREVIATED Offeror (legal business name):,0.7
ATOM-000189,CREQ-000189,a3e0948c660849a5815153897d456f7d,EcoStruxure Panel Server Wired by Design (a universal concentrator Modbus gateway),a3e0948c660849a5815153897d456f7d_4.bin,registration_requirement,System for Award Management,yes,You are required to register in SAM (System for Award Management) and to maintain your registration annually.,You are required to register in SAM (System for Award Management) and to maintain your registration annually.,0.85
ATOM-000190,CREQ-000189,a3e0948c660849a5815153897d456f7d,EcoStruxure Panel Server Wired by Design (a universal concentrator Modbus gateway),a3e0948c660849a5815153897d456f7d_4.bin,registration_requirement,SAM,yes,You are required to register in SAM (System for Award Management) and to maintain your registration annually.,You are required to register in SAM (System for Award Management) and to maintain your registration annually.,0.85
ATOM-000191,CREQ-000194,9bca2be24fb64fbe833ab48ae2b41b2a,Atlanta Job Corps Center Caretaker and Security Services,9bca2be24fb64fbe833ab48ae2b41b2a_2.bin,contract_administration_requirement,cor,optional_or_conditional,Offerors who did not attend the site visit may still submit a quotation and will be considered for award in accordance with the terms and conditions of the solicitation.,Offerors who did not attend the site visit may still submit a quotation and will be considered for award in accordance with the terms and conditions of the solicitation.,0.95
ATOM-000192,CREQ-000195,9bca2be24fb64fbe833ab48ae2b41b2a,Atlanta Job Corps Center Caretaker and Security Services,9bca2be24fb64fbe833ab48ae2b41b2a_2.bin,operational_requirement,,yes,Can the government provide a detailed breakdown of the $500.00 per month listed as payment for all required utilities.,Can the government provide a detailed breakdown of the $500.00 per month listed as payment for all required utilities.,0.85
ATOM-000193,CREQ-000198,9bca2be24fb64fbe833ab48ae2b41b2a,Atlanta Job Corps Center Caretaker and Security Services,9bca2be24fb64fbe833ab48ae2b41b2a_5.bin,staffing_requirement,Key Personnel,unknown,Key Personnel .........................................................................................,Key Personnel ...................................................................................................................................,0.7
ATOM-000194,CREQ-000198,9bca2be24fb64fbe833ab48ae2b41b2a,Atlanta Job Corps Center Caretaker and Security Services,9bca2be24fb64fbe833ab48ae2b41b2a_5.bin,staffing_requirement,Personnel,unknown,Key Personnel .........................................................................................,Key Personnel ...................................................................................................................................,0.7
ATOM-000195,CREQ-000199,9bca2be24fb64fbe833ab48ae2b41b2a,Atlanta Job Corps Center Caretaker and Security Services,9bca2be24fb64fbe833ab48ae2b41b2a_5.bin,pricing_requirement,Pricing Schedule,unknown,Pricing Schedule ...............................................................................................................................,Pricing Schedule ...............................................................................................................................,0.55
ATOM-000196,CREQ-000201,9bca2be24fb64fbe833ab48ae2b41b2a,Atlanta Job Corps Center Caretaker and Security Services,9bca2be24fb64fbe833ab48ae2b41b2a_6.bin,deliverable_requirement,Report,yes,"Georgia Counties of Barrow, Bartow, Butts, Carroll, Cherokee, Clayton, Cobb, Coweta, Dawson, Douglas, Fayette, Forsyth, Fulton, Gwinnett, Haralson, Henry, Morgan, Newton, Paulding, Pickens, Rockdale, Spalding and Walton ____________________________________________________________________________________ **Fringe Benefits Required Follow the Occupational Listing** OCCUPATION CODE - TITLE FOOTNOTE RATE 01000 - Administrative Support And Clerical Occupations 01011 - Accounting Clerk I 19.11 01012 - Accounting Clerk II 21.45 01013 - Accounting Clerk III 23.99 01020 - Administrative Assistant 35.34 01035 - Court Reporter 32.33 01041 - Customer Service Representative I 16.61 01042 - Customer Service Representative II 18.13 01043 - Customer Service Representative III 20.35 01051 - Data Entry Operator I 17.87 01052 - Data Entry Operator II 19.50 01060 - Dispatcher, Motor Vehicle 23.38 01070 - Document Preparation Clerk 18.35 01090 -","Georgia Counties of Barrow, Bartow, Butts, Carroll, Cherokee, Clayton, Cobb, Coweta, Dawson, Douglas, Fayette, Forsyth, Fulton, Gwinnett, Haralson, Henry, Morgan, Newton, Paulding, Pickens, Rockdale, Spalding and Walton ____________________________________________________________________________________ **Fringe Benefits Required Follow the Occupational Listing** OCCUPATION CODE - TITLE FOOTNOTE RATE 01000 - Administrative Support And Clerical Occupations 01011 - Accounting Clerk I 19.11 01012 - Accounting Clerk II 21.45 01013 - Accounting Clerk III 23.99 01020 - Administrative Assistant 35.34 01035 - Court Reporter 32.33 01041 - Customer Service Representative I 16.61 01042 - Customer Service Representative II 18.13 01043 - Customer Service Representative III 20.35 01051 - Data Entry Operator I 17.87 01052 - Data Entry Operator II 19.50 01060 - Dispatcher, Motor Vehicle 23.38 01070 - Document Preparation Clerk 18.35 01090 -",0.85
