source_record_id,canonical_statement_id,notice_id,opportunity_title,source_file,grounded_statement_id,created_at
SRC-000001,CGS-000001,4238a30a23b544cf94743e18c87feccb,Selective Service System Website Modernization,4238a30a23b544cf94743e18c87feccb_1.bin,GSTMT-000001,2026-06-26 00:11:35
SRC-000002,CGS-000001,4238a30a23b544cf94743e18c87feccb,Selective Service System Website Modernization,4238a30a23b544cf94743e18c87feccb_1.bin,GSTMT-000002,2026-06-26 00:11:35
SRC-000003,CGS-000002,4238a30a23b544cf94743e18c87feccb,Selective Service System Website Modernization,4238a30a23b544cf94743e18c87feccb_1.bin,GSTMT-000003,2026-06-26 00:11:35
SRC-000004,CGS-000003,4238a30a23b544cf94743e18c87feccb,Selective Service System Website Modernization,4238a30a23b544cf94743e18c87feccb_1.bin,GSTMT-000004,2026-06-26 00:11:35
SRC-000005,CGS-000004,4238a30a23b544cf94743e18c87feccb,Selective Service System Website Modernization,4238a30a23b544cf94743e18c87feccb_1.bin,GSTMT-000005,2026-06-26 00:11:35
SRC-000006,CGS-000005,4238a30a23b544cf94743e18c87feccb,Selective Service System Website Modernization,4238a30a23b544cf94743e18c87feccb_1.bin,GSTMT-000006,2026-06-26 00:11:35
SRC-000007,CGS-000005,4238a30a23b544cf94743e18c87feccb,Selective Service System Website Modernization,4238a30a23b544cf94743e18c87feccb_1.bin,GSTMT-000007,2026-06-26 00:11:35
SRC-000008,CGS-000005,4238a30a23b544cf94743e18c87feccb,Selective Service System Website Modernization,4238a30a23b544cf94743e18c87feccb_1.bin,GSTMT-000008,2026-06-26 00:11:35
SRC-000009,CGS-000005,4238a30a23b544cf94743e18c87feccb,Selective Service System Website Modernization,4238a30a23b544cf94743e18c87feccb_1.bin,GSTMT-000009,2026-06-26 00:11:35
SRC-000010,CGS-000006,4238a30a23b544cf94743e18c87feccb,Selective Service System Website Modernization,4238a30a23b544cf94743e18c87feccb_1.bin,GSTMT-000010,2026-06-26 00:11:35
SRC-000011,CGS-000006,4238a30a23b544cf94743e18c87feccb,Selective Service System Website Modernization,4238a30a23b544cf94743e18c87feccb_1.bin,GSTMT-000011,2026-06-26 00:11:35
SRC-000012,CGS-000007,4238a30a23b544cf94743e18c87feccb,Selective Service System Website Modernization,4238a30a23b544cf94743e18c87feccb_1.bin,GSTMT-000012,2026-06-26 00:11:35
SRC-000013,CGS-000007,4238a30a23b544cf94743e18c87feccb,Selective Service System Website Modernization,4238a30a23b544cf94743e18c87feccb_1.bin,GSTMT-000013,2026-06-26 00:11:35
SRC-000014,CGS-000008,4238a30a23b544cf94743e18c87feccb,Selective Service System Website Modernization,4238a30a23b544cf94743e18c87feccb_1.bin,GSTMT-000014,2026-06-26 00:11:35
SRC-000015,CGS-000008,4238a30a23b544cf94743e18c87feccb,Selective Service System Website Modernization,4238a30a23b544cf94743e18c87feccb_1.bin,GSTMT-000015,2026-06-26 00:11:35
SRC-000016,CGS-000009,4238a30a23b544cf94743e18c87feccb,Selective Service System Website Modernization,4238a30a23b544cf94743e18c87feccb_1.bin,GSTMT-000016,2026-06-26 00:11:35
SRC-000017,CGS-000010,4238a30a23b544cf94743e18c87feccb,Selective Service System Website Modernization,4238a30a23b544cf94743e18c87feccb_1.bin,GSTMT-000017,2026-06-26 00:11:35
SRC-000018,CGS-000011,4238a30a23b544cf94743e18c87feccb,Selective Service System Website Modernization,4238a30a23b544cf94743e18c87feccb_2.bin,GSTMT-000018,2026-06-26 00:11:35
SRC-000019,CGS-000011,4238a30a23b544cf94743e18c87feccb,Selective Service System Website Modernization,4238a30a23b544cf94743e18c87feccb_2.bin,GSTMT-000019,2026-06-26 00:11:35
SRC-000020,CGS-000011,4238a30a23b544cf94743e18c87feccb,Selective Service System Website Modernization,4238a30a23b544cf94743e18c87feccb_3.bin,GSTMT-000020,2026-06-26 00:11:35
SRC-000021,CGS-000011,4238a30a23b544cf94743e18c87feccb,Selective Service System Website Modernization,4238a30a23b544cf94743e18c87feccb_3.bin,GSTMT-000021,2026-06-26 00:11:35
SRC-000022,CGS-000012,4238a30a23b544cf94743e18c87feccb,Selective Service System Website Modernization,4238a30a23b544cf94743e18c87feccb_4.bin,GSTMT-000022,2026-06-26 00:11:35
SRC-000023,CGS-000013,4238a30a23b544cf94743e18c87feccb,Selective Service System Website Modernization,4238a30a23b544cf94743e18c87feccb_4.bin,GSTMT-000023,2026-06-26 00:11:35
SRC-000024,CGS-000014,4238a30a23b544cf94743e18c87feccb,Selective Service System Website Modernization,4238a30a23b544cf94743e18c87feccb_4.bin,GSTMT-000024,2026-06-26 00:11:35
SRC-000025,CGS-000015,4238a30a23b544cf94743e18c87feccb,Selective Service System Website Modernization,4238a30a23b544cf94743e18c87feccb_4.bin,GSTMT-000025,2026-06-26 00:11:35
SRC-000026,CGS-000016,4238a30a23b544cf94743e18c87feccb,Selective Service System Website Modernization,4238a30a23b544cf94743e18c87feccb_4.bin,GSTMT-000026,2026-06-26 00:11:35
SRC-000027,CGS-000017,4238a30a23b544cf94743e18c87feccb,Selective Service System Website Modernization,4238a30a23b544cf94743e18c87feccb_4.bin,GSTMT-000027,2026-06-26 00:11:35
SRC-000028,CGS-000018,4238a30a23b544cf94743e18c87feccb,Selective Service System Website Modernization,4238a30a23b544cf94743e18c87feccb_4.bin,GSTMT-000028,2026-06-26 00:11:35
SRC-000029,CGS-000019,4238a30a23b544cf94743e18c87feccb,Selective Service System Website Modernization,4238a30a23b544cf94743e18c87feccb_4.bin,GSTMT-000029,2026-06-26 00:11:35
SRC-000030,CGS-000020,4238a30a23b544cf94743e18c87feccb,Selective Service System Website Modernization,4238a30a23b544cf94743e18c87feccb_5.bin,GSTMT-000030,2026-06-26 00:11:35
SRC-000031,CGS-000021,4238a30a23b544cf94743e18c87feccb,Selective Service System Website Modernization,4238a30a23b544cf94743e18c87feccb_5.bin,GSTMT-000031,2026-06-26 00:11:35
SRC-000032,CGS-000022,4238a30a23b544cf94743e18c87feccb,Selective Service System Website Modernization,4238a30a23b544cf94743e18c87feccb_5.bin,GSTMT-000032,2026-06-26 00:11:35
SRC-000033,CGS-000023,4238a30a23b544cf94743e18c87feccb,Selective Service System Website Modernization,4238a30a23b544cf94743e18c87feccb_5.bin,GSTMT-000033,2026-06-26 00:11:35
SRC-000034,CGS-000023,4238a30a23b544cf94743e18c87feccb,Selective Service System Website Modernization,4238a30a23b544cf94743e18c87feccb_5.bin,GSTMT-000034,2026-06-26 00:11:35
SRC-000035,CGS-000024,4238a30a23b544cf94743e18c87feccb,Selective Service System Website Modernization,4238a30a23b544cf94743e18c87feccb_6.bin,GSTMT-000035,2026-06-26 00:11:35
SRC-000036,CGS-000025,4238a30a23b544cf94743e18c87feccb,Selective Service System Website Modernization,4238a30a23b544cf94743e18c87feccb_6.bin,GSTMT-000036,2026-06-26 00:11:35
SRC-000037,CGS-000026,4238a30a23b544cf94743e18c87feccb,Selective Service System Website Modernization,4238a30a23b544cf94743e18c87feccb_6.bin,GSTMT-000037,2026-06-26 00:11:35
SRC-000038,CGS-000027,4238a30a23b544cf94743e18c87feccb,Selective Service System Website Modernization,4238a30a23b544cf94743e18c87feccb_6.bin,GSTMT-000038,2026-06-26 00:11:35
SRC-000039,CGS-000016,4238a30a23b544cf94743e18c87feccb,Selective Service System Website Modernization,4238a30a23b544cf94743e18c87feccb_6.bin,GSTMT-000039,2026-06-26 00:11:35
SRC-000040,CGS-000017,4238a30a23b544cf94743e18c87feccb,Selective Service System Website Modernization,4238a30a23b544cf94743e18c87feccb_6.bin,GSTMT-000040,2026-06-26 00:11:35
SRC-000041,CGS-000018,4238a30a23b544cf94743e18c87feccb,Selective Service System Website Modernization,4238a30a23b544cf94743e18c87feccb_6.bin,GSTMT-000041,2026-06-26 00:11:35
SRC-000042,CGS-000019,4238a30a23b544cf94743e18c87feccb,Selective Service System Website Modernization,4238a30a23b544cf94743e18c87feccb_6.bin,GSTMT-000042,2026-06-26 00:11:35
SRC-000043,CGS-000028,4238a30a23b544cf94743e18c87feccb,Selective Service System Website Modernization,4238a30a23b544cf94743e18c87feccb_6.bin,GSTMT-000043,2026-06-26 00:11:35
SRC-000044,CGS-000029,dc7183e7aab342788a9dff786e444f8a,JSCG-P Cristobal Colon Base Life Support,dc7183e7aab342788a9dff786e444f8a_1.bin,GSTMT-000044,2026-06-26 00:11:35
SRC-000045,CGS-000029,dc7183e7aab342788a9dff786e444f8a,JSCG-P Cristobal Colon Base Life Support,dc7183e7aab342788a9dff786e444f8a_1.bin,GSTMT-000045,2026-06-26 00:11:35
SRC-000046,CGS-000030,dc7183e7aab342788a9dff786e444f8a,JSCG-P Cristobal Colon Base Life Support,dc7183e7aab342788a9dff786e444f8a_1.bin,GSTMT-000046,2026-06-26 00:11:35
SRC-000047,CGS-000031,dc7183e7aab342788a9dff786e444f8a,JSCG-P Cristobal Colon Base Life Support,dc7183e7aab342788a9dff786e444f8a_1.bin,GSTMT-000047,2026-06-26 00:11:35
SRC-000048,CGS-000032,dc7183e7aab342788a9dff786e444f8a,JSCG-P Cristobal Colon Base Life Support,dc7183e7aab342788a9dff786e444f8a_1.bin,GSTMT-000048,2026-06-26 00:11:35
SRC-000049,CGS-000033,dc7183e7aab342788a9dff786e444f8a,JSCG-P Cristobal Colon Base Life Support,dc7183e7aab342788a9dff786e444f8a_1.bin,GSTMT-000049,2026-06-26 00:11:35
SRC-000050,CGS-000034,dc7183e7aab342788a9dff786e444f8a,JSCG-P Cristobal Colon Base Life Support,dc7183e7aab342788a9dff786e444f8a_1.bin,GSTMT-000050,2026-06-26 00:11:35
SRC-000051,CGS-000035,dc7183e7aab342788a9dff786e444f8a,JSCG-P Cristobal Colon Base Life Support,dc7183e7aab342788a9dff786e444f8a_1.bin,GSTMT-000051,2026-06-26 00:11:35
SRC-000052,CGS-000036,dc7183e7aab342788a9dff786e444f8a,JSCG-P Cristobal Colon Base Life Support,dc7183e7aab342788a9dff786e444f8a_2.bin,GSTMT-000052,2026-06-26 00:11:35
SRC-000053,CGS-000037,dc7183e7aab342788a9dff786e444f8a,JSCG-P Cristobal Colon Base Life Support,dc7183e7aab342788a9dff786e444f8a_2.bin,GSTMT-000053,2026-06-26 00:11:35
SRC-000054,CGS-000038,dc7183e7aab342788a9dff786e444f8a,JSCG-P Cristobal Colon Base Life Support,dc7183e7aab342788a9dff786e444f8a_2.bin,GSTMT-000054,2026-06-26 00:11:35
SRC-000055,CGS-000039,dc7183e7aab342788a9dff786e444f8a,JSCG-P Cristobal Colon Base Life Support,dc7183e7aab342788a9dff786e444f8a_2.bin,GSTMT-000055,2026-06-26 00:11:35
SRC-000056,CGS-000040,dc7183e7aab342788a9dff786e444f8a,JSCG-P Cristobal Colon Base Life Support,dc7183e7aab342788a9dff786e444f8a_2.bin,GSTMT-000056,2026-06-26 00:11:35
SRC-000057,CGS-000040,dc7183e7aab342788a9dff786e444f8a,JSCG-P Cristobal Colon Base Life Support,dc7183e7aab342788a9dff786e444f8a_2.bin,GSTMT-000057,2026-06-26 00:11:35
SRC-000058,CGS-000040,dc7183e7aab342788a9dff786e444f8a,JSCG-P Cristobal Colon Base Life Support,dc7183e7aab342788a9dff786e444f8a_2.bin,GSTMT-000058,2026-06-26 00:11:35
SRC-000059,CGS-000041,dc7183e7aab342788a9dff786e444f8a,JSCG-P Cristobal Colon Base Life Support,dc7183e7aab342788a9dff786e444f8a_4.bin,GSTMT-000059,2026-06-26 00:11:35
SRC-000060,CGS-000042,dc7183e7aab342788a9dff786e444f8a,JSCG-P Cristobal Colon Base Life Support,dc7183e7aab342788a9dff786e444f8a_4.bin,GSTMT-000060,2026-06-26 00:11:35
SRC-000061,CGS-000043,dc7183e7aab342788a9dff786e444f8a,JSCG-P Cristobal Colon Base Life Support,dc7183e7aab342788a9dff786e444f8a_4.bin,GSTMT-000061,2026-06-26 00:11:35
SRC-000062,CGS-000043,dc7183e7aab342788a9dff786e444f8a,JSCG-P Cristobal Colon Base Life Support,dc7183e7aab342788a9dff786e444f8a_4.bin,GSTMT-000062,2026-06-26 00:11:35
SRC-000063,CGS-000044,dc7183e7aab342788a9dff786e444f8a,JSCG-P Cristobal Colon Base Life Support,dc7183e7aab342788a9dff786e444f8a_5.bin,GSTMT-000063,2026-06-26 00:11:35
SRC-000064,CGS-000045,dc7183e7aab342788a9dff786e444f8a,JSCG-P Cristobal Colon Base Life Support,dc7183e7aab342788a9dff786e444f8a_5.bin,GSTMT-000064,2026-06-26 00:11:35
SRC-000065,CGS-000046,dc7183e7aab342788a9dff786e444f8a,JSCG-P Cristobal Colon Base Life Support,dc7183e7aab342788a9dff786e444f8a_5.bin,GSTMT-000065,2026-06-26 00:11:35
SRC-000066,CGS-000047,dc7183e7aab342788a9dff786e444f8a,JSCG-P Cristobal Colon Base Life Support,dc7183e7aab342788a9dff786e444f8a_5.bin,GSTMT-000066,2026-06-26 00:11:35
SRC-000067,CGS-000047,dc7183e7aab342788a9dff786e444f8a,JSCG-P Cristobal Colon Base Life Support,dc7183e7aab342788a9dff786e444f8a_5.bin,GSTMT-000067,2026-06-26 00:11:35
SRC-000068,CGS-000048,dc7183e7aab342788a9dff786e444f8a,JSCG-P Cristobal Colon Base Life Support,dc7183e7aab342788a9dff786e444f8a_5.bin,GSTMT-000068,2026-06-26 00:11:35
SRC-000069,CGS-000048,dc7183e7aab342788a9dff786e444f8a,JSCG-P Cristobal Colon Base Life Support,dc7183e7aab342788a9dff786e444f8a_5.bin,GSTMT-000069,2026-06-26 00:11:35
SRC-000070,CGS-000049,dc7183e7aab342788a9dff786e444f8a,JSCG-P Cristobal Colon Base Life Support,dc7183e7aab342788a9dff786e444f8a_5.bin,GSTMT-000070,2026-06-26 00:11:35
SRC-000071,CGS-000049,dc7183e7aab342788a9dff786e444f8a,JSCG-P Cristobal Colon Base Life Support,dc7183e7aab342788a9dff786e444f8a_5.bin,GSTMT-000071,2026-06-26 00:11:35
SRC-000072,CGS-000050,dc7183e7aab342788a9dff786e444f8a,JSCG-P Cristobal Colon Base Life Support,dc7183e7aab342788a9dff786e444f8a_5.bin,GSTMT-000072,2026-06-26 00:11:35
SRC-000073,CGS-000051,dc7183e7aab342788a9dff786e444f8a,JSCG-P Cristobal Colon Base Life Support,dc7183e7aab342788a9dff786e444f8a_5.bin,GSTMT-000073,2026-06-26 00:11:35
SRC-000074,CGS-000052,dc7183e7aab342788a9dff786e444f8a,JSCG-P Cristobal Colon Base Life Support,dc7183e7aab342788a9dff786e444f8a_5.bin,GSTMT-000074,2026-06-26 00:11:35
SRC-000075,CGS-000053,dc7183e7aab342788a9dff786e444f8a,JSCG-P Cristobal Colon Base Life Support,dc7183e7aab342788a9dff786e444f8a_5.bin,GSTMT-000075,2026-06-26 00:11:35
SRC-000076,CGS-000024,dc7183e7aab342788a9dff786e444f8a,JSCG-P Cristobal Colon Base Life Support,dc7183e7aab342788a9dff786e444f8a_6.bin,GSTMT-000076,2026-06-26 00:11:35
SRC-000077,CGS-000025,dc7183e7aab342788a9dff786e444f8a,JSCG-P Cristobal Colon Base Life Support,dc7183e7aab342788a9dff786e444f8a_6.bin,GSTMT-000077,2026-06-26 00:11:35
SRC-000078,CGS-000026,dc7183e7aab342788a9dff786e444f8a,JSCG-P Cristobal Colon Base Life Support,dc7183e7aab342788a9dff786e444f8a_6.bin,GSTMT-000078,2026-06-26 00:11:35
SRC-000079,CGS-000027,dc7183e7aab342788a9dff786e444f8a,JSCG-P Cristobal Colon Base Life Support,dc7183e7aab342788a9dff786e444f8a_6.bin,GSTMT-000079,2026-06-26 00:11:35
SRC-000080,CGS-000016,dc7183e7aab342788a9dff786e444f8a,JSCG-P Cristobal Colon Base Life Support,dc7183e7aab342788a9dff786e444f8a_6.bin,GSTMT-000080,2026-06-26 00:11:35
SRC-000081,CGS-000017,dc7183e7aab342788a9dff786e444f8a,JSCG-P Cristobal Colon Base Life Support,dc7183e7aab342788a9dff786e444f8a_6.bin,GSTMT-000081,2026-06-26 00:11:35
SRC-000082,CGS-000018,dc7183e7aab342788a9dff786e444f8a,JSCG-P Cristobal Colon Base Life Support,dc7183e7aab342788a9dff786e444f8a_6.bin,GSTMT-000082,2026-06-26 00:11:35
SRC-000083,CGS-000019,dc7183e7aab342788a9dff786e444f8a,JSCG-P Cristobal Colon Base Life Support,dc7183e7aab342788a9dff786e444f8a_6.bin,GSTMT-000083,2026-06-26 00:11:35
SRC-000084,CGS-000054,dc7183e7aab342788a9dff786e444f8a,JSCG-P Cristobal Colon Base Life Support,dc7183e7aab342788a9dff786e444f8a_6.bin,GSTMT-000084,2026-06-26 00:11:35
SRC-000085,CGS-000055,b9d0ecdbad264ff4a301649e05fdf09f,Socket Head Cap Screws,b9d0ecdbad264ff4a301649e05fdf09f_2.bin,GSTMT-000085,2026-06-26 00:11:35
SRC-000086,CGS-000056,b9d0ecdbad264ff4a301649e05fdf09f,Socket Head Cap Screws,b9d0ecdbad264ff4a301649e05fdf09f_2.bin,GSTMT-000086,2026-06-26 00:11:35
SRC-000087,CGS-000057,b9d0ecdbad264ff4a301649e05fdf09f,Socket Head Cap Screws,b9d0ecdbad264ff4a301649e05fdf09f_2.bin,GSTMT-000087,2026-06-26 00:11:35
SRC-000088,CGS-000058,b9d0ecdbad264ff4a301649e05fdf09f,Socket Head Cap Screws,b9d0ecdbad264ff4a301649e05fdf09f_2.bin,GSTMT-000088,2026-06-26 00:11:35
SRC-000089,CGS-000059,b9d0ecdbad264ff4a301649e05fdf09f,Socket Head Cap Screws,b9d0ecdbad264ff4a301649e05fdf09f_2.bin,GSTMT-000089,2026-06-26 00:11:35
SRC-000090,CGS-000060,b9d0ecdbad264ff4a301649e05fdf09f,Socket Head Cap Screws,b9d0ecdbad264ff4a301649e05fdf09f_2.bin,GSTMT-000090,2026-06-26 00:11:35
SRC-000091,CGS-000061,b9d0ecdbad264ff4a301649e05fdf09f,Socket Head Cap Screws,b9d0ecdbad264ff4a301649e05fdf09f_2.bin,GSTMT-000091,2026-06-26 00:11:35
SRC-000092,CGS-000061,b9d0ecdbad264ff4a301649e05fdf09f,Socket Head Cap Screws,b9d0ecdbad264ff4a301649e05fdf09f_2.bin,GSTMT-000092,2026-06-26 00:11:35
SRC-000093,CGS-000062,b9d0ecdbad264ff4a301649e05fdf09f,Socket Head Cap Screws,b9d0ecdbad264ff4a301649e05fdf09f_2.bin,GSTMT-000093,2026-06-26 00:11:35
SRC-000094,CGS-000063,b9d0ecdbad264ff4a301649e05fdf09f,Socket Head Cap Screws,b9d0ecdbad264ff4a301649e05fdf09f_3.bin,GSTMT-000094,2026-06-26 00:11:35
SRC-000095,CGS-000064,b9d0ecdbad264ff4a301649e05fdf09f,Socket Head Cap Screws,b9d0ecdbad264ff4a301649e05fdf09f_3.bin,GSTMT-000095,2026-06-26 00:11:35
SRC-000096,CGS-000065,b9d0ecdbad264ff4a301649e05fdf09f,Socket Head Cap Screws,b9d0ecdbad264ff4a301649e05fdf09f_3.bin,GSTMT-000096,2026-06-26 00:11:35
SRC-000097,CGS-000066,b9d0ecdbad264ff4a301649e05fdf09f,Socket Head Cap Screws,b9d0ecdbad264ff4a301649e05fdf09f_3.bin,GSTMT-000097,2026-06-26 00:11:35
SRC-000098,CGS-000067,b9d0ecdbad264ff4a301649e05fdf09f,Socket Head Cap Screws,b9d0ecdbad264ff4a301649e05fdf09f_3.bin,GSTMT-000098,2026-06-26 00:11:35
SRC-000099,CGS-000068,b9d0ecdbad264ff4a301649e05fdf09f,Socket Head Cap Screws,b9d0ecdbad264ff4a301649e05fdf09f_3.bin,GSTMT-000099,2026-06-26 00:11:35
SRC-000100,CGS-000069,b9d0ecdbad264ff4a301649e05fdf09f,Socket Head Cap Screws,b9d0ecdbad264ff4a301649e05fdf09f_3.bin,GSTMT-000100,2026-06-26 00:11:35
SRC-000101,CGS-000070,b9d0ecdbad264ff4a301649e05fdf09f,Socket Head Cap Screws,b9d0ecdbad264ff4a301649e05fdf09f_3.bin,GSTMT-000101,2026-06-26 00:11:35
SRC-000102,CGS-000070,b9d0ecdbad264ff4a301649e05fdf09f,Socket Head Cap Screws,b9d0ecdbad264ff4a301649e05fdf09f_3.bin,GSTMT-000102,2026-06-26 00:11:35
SRC-000103,CGS-000071,b9d0ecdbad264ff4a301649e05fdf09f,Socket Head Cap Screws,b9d0ecdbad264ff4a301649e05fdf09f_3.bin,GSTMT-000103,2026-06-26 00:11:35
SRC-000104,CGS-000072,b9d0ecdbad264ff4a301649e05fdf09f,Socket Head Cap Screws,b9d0ecdbad264ff4a301649e05fdf09f_3.bin,GSTMT-000104,2026-06-26 00:11:35
SRC-000105,CGS-000063,b9d0ecdbad264ff4a301649e05fdf09f,Socket Head Cap Screws,b9d0ecdbad264ff4a301649e05fdf09f_5.bin,GSTMT-000105,2026-06-26 00:11:35
SRC-000106,CGS-000073,b9d0ecdbad264ff4a301649e05fdf09f,Socket Head Cap Screws,b9d0ecdbad264ff4a301649e05fdf09f_5.bin,GSTMT-000106,2026-06-26 00:11:35
SRC-000107,CGS-000065,b9d0ecdbad264ff4a301649e05fdf09f,Socket Head Cap Screws,b9d0ecdbad264ff4a301649e05fdf09f_5.bin,GSTMT-000107,2026-06-26 00:11:35
SRC-000108,CGS-000066,b9d0ecdbad264ff4a301649e05fdf09f,Socket Head Cap Screws,b9d0ecdbad264ff4a301649e05fdf09f_5.bin,GSTMT-000108,2026-06-26 00:11:35
SRC-000109,CGS-000067,b9d0ecdbad264ff4a301649e05fdf09f,Socket Head Cap Screws,b9d0ecdbad264ff4a301649e05fdf09f_5.bin,GSTMT-000109,2026-06-26 00:11:35
SRC-000110,CGS-000068,b9d0ecdbad264ff4a301649e05fdf09f,Socket Head Cap Screws,b9d0ecdbad264ff4a301649e05fdf09f_5.bin,GSTMT-000110,2026-06-26 00:11:35
SRC-000111,CGS-000069,b9d0ecdbad264ff4a301649e05fdf09f,Socket Head Cap Screws,b9d0ecdbad264ff4a301649e05fdf09f_5.bin,GSTMT-000111,2026-06-26 00:11:35
SRC-000112,CGS-000070,b9d0ecdbad264ff4a301649e05fdf09f,Socket Head Cap Screws,b9d0ecdbad264ff4a301649e05fdf09f_5.bin,GSTMT-000112,2026-06-26 00:11:35
SRC-000113,CGS-000070,b9d0ecdbad264ff4a301649e05fdf09f,Socket Head Cap Screws,b9d0ecdbad264ff4a301649e05fdf09f_5.bin,GSTMT-000113,2026-06-26 00:11:35
SRC-000114,CGS-000071,b9d0ecdbad264ff4a301649e05fdf09f,Socket Head Cap Screws,b9d0ecdbad264ff4a301649e05fdf09f_5.bin,GSTMT-000114,2026-06-26 00:11:35
SRC-000115,CGS-000072,b9d0ecdbad264ff4a301649e05fdf09f,Socket Head Cap Screws,b9d0ecdbad264ff4a301649e05fdf09f_5.bin,GSTMT-000115,2026-06-26 00:11:35
SRC-000116,CGS-000074,71ca1faee86e4a5e9cbbaf154af5bd47,7195--Solar Shades - B3 PACT,71ca1faee86e4a5e9cbbaf154af5bd47_1.bin,GSTMT-000116,2026-06-26 00:11:35
SRC-000117,CGS-000075,6b408e7c185a4f70a8ed51e4fb0b3c2b,7195--Solar Shades - B3 PACT,6b408e7c185a4f70a8ed51e4fb0b3c2b_1.bin,GSTMT-000117,2026-06-26 00:11:35
SRC-000118,CGS-000076,6b408e7c185a4f70a8ed51e4fb0b3c2b,7195--Solar Shades - B3 PACT,6b408e7c185a4f70a8ed51e4fb0b3c2b_1.bin,GSTMT-000118,2026-06-26 00:11:35
SRC-000119,CGS-000077,6b408e7c185a4f70a8ed51e4fb0b3c2b,7195--Solar Shades - B3 PACT,6b408e7c185a4f70a8ed51e4fb0b3c2b_1.bin,GSTMT-000119,2026-06-26 00:11:35
SRC-000120,CGS-000078,6934753cfbdf45f1b93928b67e93355a,Non-Research Long-Term Care facility needed for the enrichment and socialization of Non-Human Primate colony,6934753cfbdf45f1b93928b67e93355a_1.bin,GSTMT-000120,2026-06-26 00:11:35
SRC-000121,CGS-000079,5f4071db397f4714a047d288a033de87,6515--Dental Panoramic Machine,5f4071db397f4714a047d288a033de87_1.bin,GSTMT-000121,2026-06-26 00:11:35
SRC-000122,CGS-000080,5f4071db397f4714a047d288a033de87,6515--Dental Panoramic Machine,5f4071db397f4714a047d288a033de87_1.bin,GSTMT-000122,2026-06-26 00:11:35
SRC-000123,CGS-000081,5f4071db397f4714a047d288a033de87,6515--Dental Panoramic Machine,5f4071db397f4714a047d288a033de87_1.bin,GSTMT-000123,2026-06-26 00:11:35
SRC-000124,CGS-000082,5f4071db397f4714a047d288a033de87,6515--Dental Panoramic Machine,5f4071db397f4714a047d288a033de87_1.bin,GSTMT-000124,2026-06-26 00:11:35
SRC-000125,CGS-000083,5f4071db397f4714a047d288a033de87,6515--Dental Panoramic Machine,5f4071db397f4714a047d288a033de87_1.bin,GSTMT-000125,2026-06-26 00:11:35
SRC-000126,CGS-000084,441459c8d2a34c49a903966dc6678ca5,Consolidated Synopsis Aggregate Materials Black Hills National Cemetery,441459c8d2a34c49a903966dc6678ca5_1.bin,GSTMT-000126,2026-06-26 00:11:35
SRC-000127,CGS-000085,441459c8d2a34c49a903966dc6678ca5,Consolidated Synopsis Aggregate Materials Black Hills National Cemetery,441459c8d2a34c49a903966dc6678ca5_1.bin,GSTMT-000127,2026-06-26 00:11:35
SRC-000128,CGS-000086,441459c8d2a34c49a903966dc6678ca5,Consolidated Synopsis Aggregate Materials Black Hills National Cemetery,441459c8d2a34c49a903966dc6678ca5_1.bin,GSTMT-000128,2026-06-26 00:11:35
SRC-000129,CGS-000087,441459c8d2a34c49a903966dc6678ca5,Consolidated Synopsis Aggregate Materials Black Hills National Cemetery,441459c8d2a34c49a903966dc6678ca5_1.bin,GSTMT-000129,2026-06-26 00:11:35
SRC-000130,CGS-000088,441459c8d2a34c49a903966dc6678ca5,Consolidated Synopsis Aggregate Materials Black Hills National Cemetery,441459c8d2a34c49a903966dc6678ca5_1.bin,GSTMT-000130,2026-06-26 00:11:35
SRC-000131,CGS-000088,441459c8d2a34c49a903966dc6678ca5,Consolidated Synopsis Aggregate Materials Black Hills National Cemetery,441459c8d2a34c49a903966dc6678ca5_1.bin,GSTMT-000131,2026-06-26 00:11:35
SRC-000132,CGS-000089,441459c8d2a34c49a903966dc6678ca5,Consolidated Synopsis Aggregate Materials Black Hills National Cemetery,441459c8d2a34c49a903966dc6678ca5_1.bin,GSTMT-000132,2026-06-26 00:11:35
SRC-000133,CGS-000090,441459c8d2a34c49a903966dc6678ca5,Consolidated Synopsis Aggregate Materials Black Hills National Cemetery,441459c8d2a34c49a903966dc6678ca5_1.bin,GSTMT-000133,2026-06-26 00:11:35
SRC-000134,CGS-000091,441459c8d2a34c49a903966dc6678ca5,Consolidated Synopsis Aggregate Materials Black Hills National Cemetery,441459c8d2a34c49a903966dc6678ca5_1.bin,GSTMT-000134,2026-06-26 00:11:35
SRC-000135,CGS-000092,441459c8d2a34c49a903966dc6678ca5,Consolidated Synopsis Aggregate Materials Black Hills National Cemetery,441459c8d2a34c49a903966dc6678ca5_4.bin,GSTMT-000135,2026-06-26 00:11:35
SRC-000136,CGS-000093,441459c8d2a34c49a903966dc6678ca5,Consolidated Synopsis Aggregate Materials Black Hills National Cemetery,441459c8d2a34c49a903966dc6678ca5_4.bin,GSTMT-000136,2026-06-26 00:11:35
SRC-000137,CGS-000094,441459c8d2a34c49a903966dc6678ca5,Consolidated Synopsis Aggregate Materials Black Hills National Cemetery,441459c8d2a34c49a903966dc6678ca5_4.bin,GSTMT-000137,2026-06-26 00:11:35
SRC-000138,CGS-000095,441459c8d2a34c49a903966dc6678ca5,Consolidated Synopsis Aggregate Materials Black Hills National Cemetery,441459c8d2a34c49a903966dc6678ca5_4.bin,GSTMT-000138,2026-06-26 00:11:35
SRC-000139,CGS-000095,441459c8d2a34c49a903966dc6678ca5,Consolidated Synopsis Aggregate Materials Black Hills National Cemetery,441459c8d2a34c49a903966dc6678ca5_4.bin,GSTMT-000139,2026-06-26 00:11:35
SRC-000140,CGS-000096,441459c8d2a34c49a903966dc6678ca5,Consolidated Synopsis Aggregate Materials Black Hills National Cemetery,441459c8d2a34c49a903966dc6678ca5_5.bin,GSTMT-000140,2026-06-26 00:11:35
SRC-000141,CGS-000097,441459c8d2a34c49a903966dc6678ca5,Consolidated Synopsis Aggregate Materials Black Hills National Cemetery,441459c8d2a34c49a903966dc6678ca5_5.bin,GSTMT-000141,2026-06-26 00:11:35
SRC-000142,CGS-000098,441459c8d2a34c49a903966dc6678ca5,Consolidated Synopsis Aggregate Materials Black Hills National Cemetery,441459c8d2a34c49a903966dc6678ca5_5.bin,GSTMT-000142,2026-06-26 00:11:35
SRC-000143,CGS-000099,441459c8d2a34c49a903966dc6678ca5,Consolidated Synopsis Aggregate Materials Black Hills National Cemetery,441459c8d2a34c49a903966dc6678ca5_5.bin,GSTMT-000143,2026-06-26 00:11:35
SRC-000144,CGS-000100,441459c8d2a34c49a903966dc6678ca5,Consolidated Synopsis Aggregate Materials Black Hills National Cemetery,441459c8d2a34c49a903966dc6678ca5_5.bin,GSTMT-000144,2026-06-26 00:11:35
SRC-000145,CGS-000101,441459c8d2a34c49a903966dc6678ca5,Consolidated Synopsis Aggregate Materials Black Hills National Cemetery,441459c8d2a34c49a903966dc6678ca5_5.bin,GSTMT-000145,2026-06-26 00:11:35
SRC-000146,CGS-000102,441459c8d2a34c49a903966dc6678ca5,Consolidated Synopsis Aggregate Materials Black Hills National Cemetery,441459c8d2a34c49a903966dc6678ca5_6.bin,GSTMT-000146,2026-06-26 00:11:35
SRC-000147,CGS-000103,441459c8d2a34c49a903966dc6678ca5,Consolidated Synopsis Aggregate Materials Black Hills National Cemetery,441459c8d2a34c49a903966dc6678ca5_6.bin,GSTMT-000147,2026-06-26 00:11:35
SRC-000148,CGS-000104,441459c8d2a34c49a903966dc6678ca5,Consolidated Synopsis Aggregate Materials Black Hills National Cemetery,441459c8d2a34c49a903966dc6678ca5_6.bin,GSTMT-000148,2026-06-26 00:11:35
SRC-000149,CGS-000104,441459c8d2a34c49a903966dc6678ca5,Consolidated Synopsis Aggregate Materials Black Hills National Cemetery,441459c8d2a34c49a903966dc6678ca5_6.bin,GSTMT-000149,2026-06-26 00:11:35
SRC-000150,CGS-000104,441459c8d2a34c49a903966dc6678ca5,Consolidated Synopsis Aggregate Materials Black Hills National Cemetery,441459c8d2a34c49a903966dc6678ca5_6.bin,GSTMT-000150,2026-06-26 00:11:35
SRC-000151,CGS-000105,441459c8d2a34c49a903966dc6678ca5,Consolidated Synopsis Aggregate Materials Black Hills National Cemetery,441459c8d2a34c49a903966dc6678ca5_6.bin,GSTMT-000151,2026-06-26 00:11:35
SRC-000152,CGS-000106,441459c8d2a34c49a903966dc6678ca5,Consolidated Synopsis Aggregate Materials Black Hills National Cemetery,441459c8d2a34c49a903966dc6678ca5_6.bin,GSTMT-000152,2026-06-26 00:11:35
SRC-000153,CGS-000107,441459c8d2a34c49a903966dc6678ca5,Consolidated Synopsis Aggregate Materials Black Hills National Cemetery,441459c8d2a34c49a903966dc6678ca5_6.bin,GSTMT-000153,2026-06-26 00:11:35
SRC-000154,CGS-000108,3b8ae850899e4ab298f3c2bff29ef889,Notice of Intent to Sole Source- Investigative Services  Houston Police Deparment,3b8ae850899e4ab298f3c2bff29ef889_1.bin,GSTMT-000154,2026-06-26 00:11:35
SRC-000155,CGS-000109,3b8ae850899e4ab298f3c2bff29ef889,Notice of Intent to Sole Source- Investigative Services  Houston Police Deparment,3b8ae850899e4ab298f3c2bff29ef889_1.bin,GSTMT-000155,2026-06-26 00:11:35
SRC-000156,CGS-000110,3b8ae850899e4ab298f3c2bff29ef889,Notice of Intent to Sole Source- Investigative Services  Houston Police Deparment,3b8ae850899e4ab298f3c2bff29ef889_1.bin,GSTMT-000156,2026-06-26 00:11:35
SRC-000157,CGS-000111,3b8ae850899e4ab298f3c2bff29ef889,Notice of Intent to Sole Source- Investigative Services  Houston Police Deparment,3b8ae850899e4ab298f3c2bff29ef889_1.bin,GSTMT-000157,2026-06-26 00:11:35
SRC-000158,CGS-000112,3986c6c299c04c119ed7d79cb2b5cef5,Request for Information: FDA IT Infrastructure Services,3986c6c299c04c119ed7d79cb2b5cef5_1.bin,GSTMT-000158,2026-06-26 00:11:35
SRC-000159,CGS-000113,3986c6c299c04c119ed7d79cb2b5cef5,Request for Information: FDA IT Infrastructure Services,3986c6c299c04c119ed7d79cb2b5cef5_1.bin,GSTMT-000159,2026-06-26 00:11:35
SRC-000160,CGS-000114,3986c6c299c04c119ed7d79cb2b5cef5,Request for Information: FDA IT Infrastructure Services,3986c6c299c04c119ed7d79cb2b5cef5_1.bin,GSTMT-000160,2026-06-26 00:11:35
SRC-000161,CGS-000115,3986c6c299c04c119ed7d79cb2b5cef5,Request for Information: FDA IT Infrastructure Services,3986c6c299c04c119ed7d79cb2b5cef5_1.bin,GSTMT-000161,2026-06-26 00:11:35
SRC-000162,CGS-000116,3986c6c299c04c119ed7d79cb2b5cef5,Request for Information: FDA IT Infrastructure Services,3986c6c299c04c119ed7d79cb2b5cef5_1.bin,GSTMT-000162,2026-06-26 00:11:35
SRC-000163,CGS-000117,3986c6c299c04c119ed7d79cb2b5cef5,Request for Information: FDA IT Infrastructure Services,3986c6c299c04c119ed7d79cb2b5cef5_1.bin,GSTMT-000163,2026-06-26 00:11:35
SRC-000164,CGS-000118,38811fa6a48a41e0979b84f46b44b030,Cape Canaveral National Cemetery Ornamental Grass Renovation and Irrigation National Shrine Project,38811fa6a48a41e0979b84f46b44b030_1.bin,GSTMT-000164,2026-06-26 00:11:35
SRC-000165,CGS-000118,38811fa6a48a41e0979b84f46b44b030,Cape Canaveral National Cemetery Ornamental Grass Renovation and Irrigation National Shrine Project,38811fa6a48a41e0979b84f46b44b030_1.bin,GSTMT-000165,2026-06-26 00:11:35
SRC-000166,CGS-000119,38811fa6a48a41e0979b84f46b44b030,Cape Canaveral National Cemetery Ornamental Grass Renovation and Irrigation National Shrine Project,38811fa6a48a41e0979b84f46b44b030_2.bin,GSTMT-000166,2026-06-26 00:11:35
SRC-000167,CGS-000120,38811fa6a48a41e0979b84f46b44b030,Cape Canaveral National Cemetery Ornamental Grass Renovation and Irrigation National Shrine Project,38811fa6a48a41e0979b84f46b44b030_2.bin,GSTMT-000167,2026-06-26 00:11:35
SRC-000168,CGS-000121,38811fa6a48a41e0979b84f46b44b030,Cape Canaveral National Cemetery Ornamental Grass Renovation and Irrigation National Shrine Project,38811fa6a48a41e0979b84f46b44b030_2.bin,GSTMT-000168,2026-06-26 00:11:35
SRC-000169,CGS-000122,38811fa6a48a41e0979b84f46b44b030,Cape Canaveral National Cemetery Ornamental Grass Renovation and Irrigation National Shrine Project,38811fa6a48a41e0979b84f46b44b030_2.bin,GSTMT-000169,2026-06-26 00:11:35
SRC-000170,CGS-000123,38811fa6a48a41e0979b84f46b44b030,Cape Canaveral National Cemetery Ornamental Grass Renovation and Irrigation National Shrine Project,38811fa6a48a41e0979b84f46b44b030_4.bin,GSTMT-000170,2026-06-26 00:11:35
SRC-000171,CGS-000124,38811fa6a48a41e0979b84f46b44b030,Cape Canaveral National Cemetery Ornamental Grass Renovation and Irrigation National Shrine Project,38811fa6a48a41e0979b84f46b44b030_4.bin,GSTMT-000171,2026-06-26 00:11:35
SRC-000172,CGS-000125,38811fa6a48a41e0979b84f46b44b030,Cape Canaveral National Cemetery Ornamental Grass Renovation and Irrigation National Shrine Project,38811fa6a48a41e0979b84f46b44b030_5.bin,GSTMT-000172,2026-06-26 00:11:35
SRC-000173,CGS-000126,38811fa6a48a41e0979b84f46b44b030,Cape Canaveral National Cemetery Ornamental Grass Renovation and Irrigation National Shrine Project,38811fa6a48a41e0979b84f46b44b030_5.bin,GSTMT-000173,2026-06-26 00:11:35
SRC-000174,CGS-000127,38811fa6a48a41e0979b84f46b44b030,Cape Canaveral National Cemetery Ornamental Grass Renovation and Irrigation National Shrine Project,38811fa6a48a41e0979b84f46b44b030_6.bin,GSTMT-000174,2026-06-26 00:11:35
SRC-000175,CGS-000128,38811fa6a48a41e0979b84f46b44b030,Cape Canaveral National Cemetery Ornamental Grass Renovation and Irrigation National Shrine Project,38811fa6a48a41e0979b84f46b44b030_6.bin,GSTMT-000175,2026-06-26 00:11:35
SRC-000176,CGS-000129,38811fa6a48a41e0979b84f46b44b030,Cape Canaveral National Cemetery Ornamental Grass Renovation and Irrigation National Shrine Project,38811fa6a48a41e0979b84f46b44b030_6.bin,GSTMT-000176,2026-06-26 00:11:35
SRC-000177,CGS-000130,38811fa6a48a41e0979b84f46b44b030,Cape Canaveral National Cemetery Ornamental Grass Renovation and Irrigation National Shrine Project,38811fa6a48a41e0979b84f46b44b030_6.bin,GSTMT-000177,2026-06-26 00:11:35
SRC-000178,CGS-000131,38811fa6a48a41e0979b84f46b44b030,Cape Canaveral National Cemetery Ornamental Grass Renovation and Irrigation National Shrine Project,38811fa6a48a41e0979b84f46b44b030_6.bin,GSTMT-000178,2026-06-26 00:11:35
SRC-000179,CGS-000132,38811fa6a48a41e0979b84f46b44b030,Cape Canaveral National Cemetery Ornamental Grass Renovation and Irrigation National Shrine Project,38811fa6a48a41e0979b84f46b44b030_6.bin,GSTMT-000179,2026-06-26 00:11:35
SRC-000180,CGS-000133,38811fa6a48a41e0979b84f46b44b030,Cape Canaveral National Cemetery Ornamental Grass Renovation and Irrigation National Shrine Project,38811fa6a48a41e0979b84f46b44b030_6.bin,GSTMT-000180,2026-06-26 00:11:35
SRC-000181,CGS-000134,38811fa6a48a41e0979b84f46b44b030,Cape Canaveral National Cemetery Ornamental Grass Renovation and Irrigation National Shrine Project,38811fa6a48a41e0979b84f46b44b030_8.bin,GSTMT-000181,2026-06-26 00:11:35
SRC-000182,CGS-000135,38811fa6a48a41e0979b84f46b44b030,Cape Canaveral National Cemetery Ornamental Grass Renovation and Irrigation National Shrine Project,38811fa6a48a41e0979b84f46b44b030_10.bin,GSTMT-000182,2026-06-26 00:11:35
SRC-000183,CGS-000136,38811fa6a48a41e0979b84f46b44b030,Cape Canaveral National Cemetery Ornamental Grass Renovation and Irrigation National Shrine Project,38811fa6a48a41e0979b84f46b44b030_10.bin,GSTMT-000183,2026-06-26 00:11:35
SRC-000184,CGS-000137,38811fa6a48a41e0979b84f46b44b030,Cape Canaveral National Cemetery Ornamental Grass Renovation and Irrigation National Shrine Project,38811fa6a48a41e0979b84f46b44b030_10.bin,GSTMT-000184,2026-06-26 00:11:35
SRC-000185,CGS-000138,38811fa6a48a41e0979b84f46b44b030,Cape Canaveral National Cemetery Ornamental Grass Renovation and Irrigation National Shrine Project,38811fa6a48a41e0979b84f46b44b030_10.bin,GSTMT-000185,2026-06-26 00:11:35
SRC-000186,CGS-000139,38811fa6a48a41e0979b84f46b44b030,Cape Canaveral National Cemetery Ornamental Grass Renovation and Irrigation National Shrine Project,38811fa6a48a41e0979b84f46b44b030_10.bin,GSTMT-000186,2026-06-26 00:11:35
SRC-000187,CGS-000140,38811fa6a48a41e0979b84f46b44b030,Cape Canaveral National Cemetery Ornamental Grass Renovation and Irrigation National Shrine Project,38811fa6a48a41e0979b84f46b44b030_11.bin,GSTMT-000187,2026-06-26 00:11:35
SRC-000188,CGS-000141,38811fa6a48a41e0979b84f46b44b030,Cape Canaveral National Cemetery Ornamental Grass Renovation and Irrigation National Shrine Project,38811fa6a48a41e0979b84f46b44b030_11.bin,GSTMT-000188,2026-06-26 00:11:35
SRC-000189,CGS-000142,38811fa6a48a41e0979b84f46b44b030,Cape Canaveral National Cemetery Ornamental Grass Renovation and Irrigation National Shrine Project,38811fa6a48a41e0979b84f46b44b030_11.bin,GSTMT-000189,2026-06-26 00:11:35
SRC-000190,CGS-000143,38811fa6a48a41e0979b84f46b44b030,Cape Canaveral National Cemetery Ornamental Grass Renovation and Irrigation National Shrine Project,38811fa6a48a41e0979b84f46b44b030_11.bin,GSTMT-000190,2026-06-26 00:11:35
SRC-000191,CGS-000144,38811fa6a48a41e0979b84f46b44b030,Cape Canaveral National Cemetery Ornamental Grass Renovation and Irrigation National Shrine Project,38811fa6a48a41e0979b84f46b44b030_11.bin,GSTMT-000191,2026-06-26 00:11:35
SRC-000192,CGS-000145,38811fa6a48a41e0979b84f46b44b030,Cape Canaveral National Cemetery Ornamental Grass Renovation and Irrigation National Shrine Project,38811fa6a48a41e0979b84f46b44b030_11.bin,GSTMT-000192,2026-06-26 00:11:35
SRC-000193,CGS-000146,38811fa6a48a41e0979b84f46b44b030,Cape Canaveral National Cemetery Ornamental Grass Renovation and Irrigation National Shrine Project,38811fa6a48a41e0979b84f46b44b030_11.bin,GSTMT-000193,2026-06-26 00:11:35
SRC-000194,CGS-000147,38811fa6a48a41e0979b84f46b44b030,Cape Canaveral National Cemetery Ornamental Grass Renovation and Irrigation National Shrine Project,38811fa6a48a41e0979b84f46b44b030_11.bin,GSTMT-000194,2026-06-26 00:11:35
SRC-000195,CGS-000148,38811fa6a48a41e0979b84f46b44b030,Cape Canaveral National Cemetery Ornamental Grass Renovation and Irrigation National Shrine Project,38811fa6a48a41e0979b84f46b44b030_13.bin,GSTMT-000195,2026-06-26 00:11:35
SRC-000196,CGS-000149,38811fa6a48a41e0979b84f46b44b030,Cape Canaveral National Cemetery Ornamental Grass Renovation and Irrigation National Shrine Project,38811fa6a48a41e0979b84f46b44b030_13.bin,GSTMT-000196,2026-06-26 00:11:35
SRC-000197,CGS-000150,38811fa6a48a41e0979b84f46b44b030,Cape Canaveral National Cemetery Ornamental Grass Renovation and Irrigation National Shrine Project,38811fa6a48a41e0979b84f46b44b030_13.bin,GSTMT-000197,2026-06-26 00:11:35
SRC-000198,CGS-000151,38811fa6a48a41e0979b84f46b44b030,Cape Canaveral National Cemetery Ornamental Grass Renovation and Irrigation National Shrine Project,38811fa6a48a41e0979b84f46b44b030_13.bin,GSTMT-000198,2026-06-26 00:11:35
SRC-000199,CGS-000016,38811fa6a48a41e0979b84f46b44b030,Cape Canaveral National Cemetery Ornamental Grass Renovation and Irrigation National Shrine Project,38811fa6a48a41e0979b84f46b44b030_13.bin,GSTMT-000199,2026-06-26 00:11:35
SRC-000200,CGS-000152,38811fa6a48a41e0979b84f46b44b030,Cape Canaveral National Cemetery Ornamental Grass Renovation and Irrigation National Shrine Project,38811fa6a48a41e0979b84f46b44b030_13.bin,GSTMT-000200,2026-06-26 00:11:35
SRC-000201,CGS-000018,38811fa6a48a41e0979b84f46b44b030,Cape Canaveral National Cemetery Ornamental Grass Renovation and Irrigation National Shrine Project,38811fa6a48a41e0979b84f46b44b030_13.bin,GSTMT-000201,2026-06-26 00:11:35
SRC-000202,CGS-000153,38811fa6a48a41e0979b84f46b44b030,Cape Canaveral National Cemetery Ornamental Grass Renovation and Irrigation National Shrine Project,38811fa6a48a41e0979b84f46b44b030_13.bin,GSTMT-000202,2026-06-26 00:11:35
SRC-000203,CGS-000154,38811fa6a48a41e0979b84f46b44b030,Cape Canaveral National Cemetery Ornamental Grass Renovation and Irrigation National Shrine Project,38811fa6a48a41e0979b84f46b44b030_14.bin,GSTMT-000203,2026-06-26 00:11:35
SRC-000204,CGS-000155,38811fa6a48a41e0979b84f46b44b030,Cape Canaveral National Cemetery Ornamental Grass Renovation and Irrigation National Shrine Project,38811fa6a48a41e0979b84f46b44b030_14.bin,GSTMT-000204,2026-06-26 00:11:35
SRC-000205,CGS-000156,38811fa6a48a41e0979b84f46b44b030,Cape Canaveral National Cemetery Ornamental Grass Renovation and Irrigation National Shrine Project,38811fa6a48a41e0979b84f46b44b030_15.bin,GSTMT-000205,2026-06-26 00:11:35
SRC-000206,CGS-000157,38811fa6a48a41e0979b84f46b44b030,Cape Canaveral National Cemetery Ornamental Grass Renovation and Irrigation National Shrine Project,38811fa6a48a41e0979b84f46b44b030_15.bin,GSTMT-000206,2026-06-26 00:11:35
SRC-000207,CGS-000158,38811fa6a48a41e0979b84f46b44b030,Cape Canaveral National Cemetery Ornamental Grass Renovation and Irrigation National Shrine Project,38811fa6a48a41e0979b84f46b44b030_15.bin,GSTMT-000207,2026-06-26 00:11:35
SRC-000208,CGS-000159,38811fa6a48a41e0979b84f46b44b030,Cape Canaveral National Cemetery Ornamental Grass Renovation and Irrigation National Shrine Project,38811fa6a48a41e0979b84f46b44b030_15.bin,GSTMT-000208,2026-06-26 00:11:35
SRC-000209,CGS-000160,38811fa6a48a41e0979b84f46b44b030,Cape Canaveral National Cemetery Ornamental Grass Renovation and Irrigation National Shrine Project,38811fa6a48a41e0979b84f46b44b030_15.bin,GSTMT-000209,2026-06-26 00:11:35
SRC-000210,CGS-000161,38811fa6a48a41e0979b84f46b44b030,Cape Canaveral National Cemetery Ornamental Grass Renovation and Irrigation National Shrine Project,38811fa6a48a41e0979b84f46b44b030_16.bin,GSTMT-000210,2026-06-26 00:11:35
SRC-000211,CGS-000162,38811fa6a48a41e0979b84f46b44b030,Cape Canaveral National Cemetery Ornamental Grass Renovation and Irrigation National Shrine Project,38811fa6a48a41e0979b84f46b44b030_16.bin,GSTMT-000211,2026-06-26 00:11:35
SRC-000212,CGS-000163,38811fa6a48a41e0979b84f46b44b030,Cape Canaveral National Cemetery Ornamental Grass Renovation and Irrigation National Shrine Project,38811fa6a48a41e0979b84f46b44b030_16.bin,GSTMT-000212,2026-06-26 00:11:35
SRC-000213,CGS-000164,38811fa6a48a41e0979b84f46b44b030,Cape Canaveral National Cemetery Ornamental Grass Renovation and Irrigation National Shrine Project,38811fa6a48a41e0979b84f46b44b030_16.bin,GSTMT-000213,2026-06-26 00:11:35
SRC-000214,CGS-000165,38811fa6a48a41e0979b84f46b44b030,Cape Canaveral National Cemetery Ornamental Grass Renovation and Irrigation National Shrine Project,38811fa6a48a41e0979b84f46b44b030_16.bin,GSTMT-000214,2026-06-26 00:11:35
SRC-000215,CGS-000166,3164fcc003e84650b53a7bdb56485b05,"USAG DHR, Fort Bragg ID Card Services",3164fcc003e84650b53a7bdb56485b05_1.bin,GSTMT-000215,2026-06-26 00:11:35
SRC-000216,CGS-000166,3164fcc003e84650b53a7bdb56485b05,"USAG DHR, Fort Bragg ID Card Services",3164fcc003e84650b53a7bdb56485b05_1.bin,GSTMT-000216,2026-06-26 00:11:35
SRC-000217,CGS-000167,3164fcc003e84650b53a7bdb56485b05,"USAG DHR, Fort Bragg ID Card Services",3164fcc003e84650b53a7bdb56485b05_1.bin,GSTMT-000217,2026-06-26 00:11:35
SRC-000218,CGS-000168,3164fcc003e84650b53a7bdb56485b05,"USAG DHR, Fort Bragg ID Card Services",3164fcc003e84650b53a7bdb56485b05_1.bin,GSTMT-000218,2026-06-26 00:11:35
SRC-000219,CGS-000169,3164fcc003e84650b53a7bdb56485b05,"USAG DHR, Fort Bragg ID Card Services",3164fcc003e84650b53a7bdb56485b05_1.bin,GSTMT-000219,2026-06-26 00:11:35
SRC-000220,CGS-000041,3164fcc003e84650b53a7bdb56485b05,"USAG DHR, Fort Bragg ID Card Services",3164fcc003e84650b53a7bdb56485b05_3.bin,GSTMT-000220,2026-06-26 00:11:35
SRC-000221,CGS-000042,3164fcc003e84650b53a7bdb56485b05,"USAG DHR, Fort Bragg ID Card Services",3164fcc003e84650b53a7bdb56485b05_3.bin,GSTMT-000221,2026-06-26 00:11:35
SRC-000222,CGS-000043,3164fcc003e84650b53a7bdb56485b05,"USAG DHR, Fort Bragg ID Card Services",3164fcc003e84650b53a7bdb56485b05_3.bin,GSTMT-000222,2026-06-26 00:11:35
SRC-000223,CGS-000043,3164fcc003e84650b53a7bdb56485b05,"USAG DHR, Fort Bragg ID Card Services",3164fcc003e84650b53a7bdb56485b05_3.bin,GSTMT-000223,2026-06-26 00:11:35
SRC-000224,CGS-000024,3164fcc003e84650b53a7bdb56485b05,"USAG DHR, Fort Bragg ID Card Services",3164fcc003e84650b53a7bdb56485b05_4.bin,GSTMT-000224,2026-06-26 00:11:35
SRC-000225,CGS-000025,3164fcc003e84650b53a7bdb56485b05,"USAG DHR, Fort Bragg ID Card Services",3164fcc003e84650b53a7bdb56485b05_4.bin,GSTMT-000225,2026-06-26 00:11:35
SRC-000226,CGS-000026,3164fcc003e84650b53a7bdb56485b05,"USAG DHR, Fort Bragg ID Card Services",3164fcc003e84650b53a7bdb56485b05_4.bin,GSTMT-000226,2026-06-26 00:11:35
SRC-000227,CGS-000027,3164fcc003e84650b53a7bdb56485b05,"USAG DHR, Fort Bragg ID Card Services",3164fcc003e84650b53a7bdb56485b05_4.bin,GSTMT-000227,2026-06-26 00:11:35
SRC-000228,CGS-000016,3164fcc003e84650b53a7bdb56485b05,"USAG DHR, Fort Bragg ID Card Services",3164fcc003e84650b53a7bdb56485b05_4.bin,GSTMT-000228,2026-06-26 00:11:35
SRC-000229,CGS-000017,3164fcc003e84650b53a7bdb56485b05,"USAG DHR, Fort Bragg ID Card Services",3164fcc003e84650b53a7bdb56485b05_4.bin,GSTMT-000229,2026-06-26 00:11:35
SRC-000230,CGS-000018,3164fcc003e84650b53a7bdb56485b05,"USAG DHR, Fort Bragg ID Card Services",3164fcc003e84650b53a7bdb56485b05_4.bin,GSTMT-000230,2026-06-26 00:11:35
SRC-000231,CGS-000019,3164fcc003e84650b53a7bdb56485b05,"USAG DHR, Fort Bragg ID Card Services",3164fcc003e84650b53a7bdb56485b05_4.bin,GSTMT-000231,2026-06-26 00:11:35
SRC-000232,CGS-000054,3164fcc003e84650b53a7bdb56485b05,"USAG DHR, Fort Bragg ID Card Services",3164fcc003e84650b53a7bdb56485b05_4.bin,GSTMT-000232,2026-06-26 00:11:35
SRC-000233,CGS-000170,09ce44adca35468fb46ab77206c9afb7,6515--NetApp,09ce44adca35468fb46ab77206c9afb7_1.bin,GSTMT-000233,2026-06-26 00:11:35
SRC-000234,CGS-000171,09ce44adca35468fb46ab77206c9afb7,6515--NetApp,09ce44adca35468fb46ab77206c9afb7_2.bin,GSTMT-000234,2026-06-26 00:11:35
SRC-000235,CGS-000172,09ce44adca35468fb46ab77206c9afb7,6515--NetApp,09ce44adca35468fb46ab77206c9afb7_2.bin,GSTMT-000235,2026-06-26 00:11:35
SRC-000236,CGS-000172,09ce44adca35468fb46ab77206c9afb7,6515--NetApp,09ce44adca35468fb46ab77206c9afb7_2.bin,GSTMT-000236,2026-06-26 00:11:35
SRC-000237,CGS-000173,09ce44adca35468fb46ab77206c9afb7,6515--NetApp,09ce44adca35468fb46ab77206c9afb7_2.bin,GSTMT-000237,2026-06-26 00:11:35
SRC-000238,CGS-000174,09ce44adca35468fb46ab77206c9afb7,6515--NetApp,09ce44adca35468fb46ab77206c9afb7_2.bin,GSTMT-000238,2026-06-26 00:11:35
SRC-000239,CGS-000174,09ce44adca35468fb46ab77206c9afb7,6515--NetApp,09ce44adca35468fb46ab77206c9afb7_2.bin,GSTMT-000239,2026-06-26 00:11:35
SRC-000240,CGS-000175,09ce44adca35468fb46ab77206c9afb7,6515--NetApp,09ce44adca35468fb46ab77206c9afb7_2.bin,GSTMT-000240,2026-06-26 00:11:35
SRC-000241,CGS-000176,09ce44adca35468fb46ab77206c9afb7,6515--NetApp,09ce44adca35468fb46ab77206c9afb7_2.bin,GSTMT-000241,2026-06-26 00:11:35
SRC-000242,CGS-000177,09ce44adca35468fb46ab77206c9afb7,6515--NetApp,09ce44adca35468fb46ab77206c9afb7_2.bin,GSTMT-000242,2026-06-26 00:11:35
SRC-000243,CGS-000178,09ce44adca35468fb46ab77206c9afb7,6515--NetApp,09ce44adca35468fb46ab77206c9afb7_2.bin,GSTMT-000243,2026-06-26 00:11:35
SRC-000244,CGS-000170,09ce44adca35468fb46ab77206c9afb7,6515--NetApp,09ce44adca35468fb46ab77206c9afb7_3.bin,GSTMT-000244,2026-06-26 00:11:35
SRC-000245,CGS-000179,09ce44adca35468fb46ab77206c9afb7,6515--NetApp,09ce44adca35468fb46ab77206c9afb7_4.bin,GSTMT-000245,2026-06-26 00:11:35
SRC-000246,CGS-000179,09ce44adca35468fb46ab77206c9afb7,6515--NetApp,09ce44adca35468fb46ab77206c9afb7_4.bin,GSTMT-000246,2026-06-26 00:11:35
SRC-000247,CGS-000180,09ce44adca35468fb46ab77206c9afb7,6515--NetApp,09ce44adca35468fb46ab77206c9afb7_4.bin,GSTMT-000247,2026-06-26 00:11:35
SRC-000248,CGS-000181,09ce44adca35468fb46ab77206c9afb7,6515--NetApp,09ce44adca35468fb46ab77206c9afb7_4.bin,GSTMT-000248,2026-06-26 00:11:35
SRC-000249,CGS-000182,09ce44adca35468fb46ab77206c9afb7,6515--NetApp,09ce44adca35468fb46ab77206c9afb7_4.bin,GSTMT-000249,2026-06-26 00:11:35
SRC-000250,CGS-000183,09ce44adca35468fb46ab77206c9afb7,6515--NetApp,09ce44adca35468fb46ab77206c9afb7_4.bin,GSTMT-000250,2026-06-26 00:11:35
SRC-000251,CGS-000184,09ce44adca35468fb46ab77206c9afb7,6515--NetApp,09ce44adca35468fb46ab77206c9afb7_4.bin,GSTMT-000251,2026-06-26 00:11:35
SRC-000252,CGS-000185,f33e54c1c9644aa8bb2eb283b82a85ad,31 CES n. 25 military gear lockers.,f33e54c1c9644aa8bb2eb283b82a85ad_1.bin,GSTMT-000252,2026-06-26 00:11:35
SRC-000253,CGS-000186,f33e54c1c9644aa8bb2eb283b82a85ad,31 CES n. 25 military gear lockers.,f33e54c1c9644aa8bb2eb283b82a85ad_1.bin,GSTMT-000253,2026-06-26 00:11:35
SRC-000254,CGS-000187,f33e54c1c9644aa8bb2eb283b82a85ad,31 CES n. 25 military gear lockers.,f33e54c1c9644aa8bb2eb283b82a85ad_1.bin,GSTMT-000254,2026-06-26 00:11:35
SRC-000255,CGS-000027,f33e54c1c9644aa8bb2eb283b82a85ad,31 CES n. 25 military gear lockers.,f33e54c1c9644aa8bb2eb283b82a85ad_1.bin,GSTMT-000255,2026-06-26 00:11:35
SRC-000256,CGS-000016,f33e54c1c9644aa8bb2eb283b82a85ad,31 CES n. 25 military gear lockers.,f33e54c1c9644aa8bb2eb283b82a85ad_1.bin,GSTMT-000256,2026-06-26 00:11:35
SRC-000257,CGS-000152,f33e54c1c9644aa8bb2eb283b82a85ad,31 CES n. 25 military gear lockers.,f33e54c1c9644aa8bb2eb283b82a85ad_1.bin,GSTMT-000257,2026-06-26 00:11:35
SRC-000258,CGS-000018,f33e54c1c9644aa8bb2eb283b82a85ad,31 CES n. 25 military gear lockers.,f33e54c1c9644aa8bb2eb283b82a85ad_1.bin,GSTMT-000258,2026-06-26 00:11:35
SRC-000259,CGS-000019,f33e54c1c9644aa8bb2eb283b82a85ad,31 CES n. 25 military gear lockers.,f33e54c1c9644aa8bb2eb283b82a85ad_1.bin,GSTMT-000259,2026-06-26 00:11:35
SRC-000260,CGS-000188,f33e54c1c9644aa8bb2eb283b82a85ad,31 CES n. 25 military gear lockers.,f33e54c1c9644aa8bb2eb283b82a85ad_2.bin,GSTMT-000260,2026-06-26 00:11:35
SRC-000261,CGS-000185,f33e54c1c9644aa8bb2eb283b82a85ad,31 CES n. 25 military gear lockers.,f33e54c1c9644aa8bb2eb283b82a85ad_3.bin,GSTMT-000261,2026-06-26 00:11:35
SRC-000262,CGS-000186,f33e54c1c9644aa8bb2eb283b82a85ad,31 CES n. 25 military gear lockers.,f33e54c1c9644aa8bb2eb283b82a85ad_3.bin,GSTMT-000262,2026-06-26 00:11:35
SRC-000263,CGS-000187,f33e54c1c9644aa8bb2eb283b82a85ad,31 CES n. 25 military gear lockers.,f33e54c1c9644aa8bb2eb283b82a85ad_3.bin,GSTMT-000263,2026-06-26 00:11:35
SRC-000264,CGS-000027,f33e54c1c9644aa8bb2eb283b82a85ad,31 CES n. 25 military gear lockers.,f33e54c1c9644aa8bb2eb283b82a85ad_3.bin,GSTMT-000264,2026-06-26 00:11:35
SRC-000265,CGS-000016,f33e54c1c9644aa8bb2eb283b82a85ad,31 CES n. 25 military gear lockers.,f33e54c1c9644aa8bb2eb283b82a85ad_3.bin,GSTMT-000265,2026-06-26 00:11:35
SRC-000266,CGS-000152,f33e54c1c9644aa8bb2eb283b82a85ad,31 CES n. 25 military gear lockers.,f33e54c1c9644aa8bb2eb283b82a85ad_3.bin,GSTMT-000266,2026-06-26 00:11:35
SRC-000267,CGS-000018,f33e54c1c9644aa8bb2eb283b82a85ad,31 CES n. 25 military gear lockers.,f33e54c1c9644aa8bb2eb283b82a85ad_3.bin,GSTMT-000267,2026-06-26 00:11:35
SRC-000268,CGS-000019,f33e54c1c9644aa8bb2eb283b82a85ad,31 CES n. 25 military gear lockers.,f33e54c1c9644aa8bb2eb283b82a85ad_3.bin,GSTMT-000268,2026-06-26 00:11:35
SRC-000269,CGS-000189,f33e54c1c9644aa8bb2eb283b82a85ad,31 CES n. 25 military gear lockers.,f33e54c1c9644aa8bb2eb283b82a85ad_4.bin,GSTMT-000269,2026-06-26 00:11:35
SRC-000270,CGS-000190,f33e54c1c9644aa8bb2eb283b82a85ad,31 CES n. 25 military gear lockers.,f33e54c1c9644aa8bb2eb283b82a85ad_4.bin,GSTMT-000270,2026-06-26 00:11:35
SRC-000271,CGS-000191,f33e54c1c9644aa8bb2eb283b82a85ad,31 CES n. 25 military gear lockers.,f33e54c1c9644aa8bb2eb283b82a85ad_5.bin,GSTMT-000271,2026-06-26 00:11:35
SRC-000272,CGS-000192,f33e54c1c9644aa8bb2eb283b82a85ad,31 CES n. 25 military gear lockers.,f33e54c1c9644aa8bb2eb283b82a85ad_6.bin,GSTMT-000272,2026-06-26 00:11:35
SRC-000273,CGS-000193,f33e54c1c9644aa8bb2eb283b82a85ad,31 CES n. 25 military gear lockers.,f33e54c1c9644aa8bb2eb283b82a85ad_6.bin,GSTMT-000273,2026-06-26 00:11:35
SRC-000274,CGS-000194,f33e54c1c9644aa8bb2eb283b82a85ad,31 CES n. 25 military gear lockers.,f33e54c1c9644aa8bb2eb283b82a85ad_6.bin,GSTMT-000274,2026-06-26 00:11:35
SRC-000275,CGS-000195,f33e54c1c9644aa8bb2eb283b82a85ad,31 CES n. 25 military gear lockers.,f33e54c1c9644aa8bb2eb283b82a85ad_6.bin,GSTMT-000275,2026-06-26 00:11:35
SRC-000276,CGS-000196,f33e54c1c9644aa8bb2eb283b82a85ad,31 CES n. 25 military gear lockers.,f33e54c1c9644aa8bb2eb283b82a85ad_6.bin,GSTMT-000276,2026-06-26 00:11:35
SRC-000277,CGS-000197,f33e54c1c9644aa8bb2eb283b82a85ad,31 CES n. 25 military gear lockers.,f33e54c1c9644aa8bb2eb283b82a85ad_6.bin,GSTMT-000277,2026-06-26 00:11:35
SRC-000278,CGS-000198,f33e54c1c9644aa8bb2eb283b82a85ad,31 CES n. 25 military gear lockers.,f33e54c1c9644aa8bb2eb283b82a85ad_7.bin,GSTMT-000278,2026-06-26 00:11:35
SRC-000279,CGS-000199,f33e54c1c9644aa8bb2eb283b82a85ad,31 CES n. 25 military gear lockers.,f33e54c1c9644aa8bb2eb283b82a85ad_7.bin,GSTMT-000279,2026-06-26 00:11:35
SRC-000280,CGS-000200,f33e54c1c9644aa8bb2eb283b82a85ad,31 CES n. 25 military gear lockers.,f33e54c1c9644aa8bb2eb283b82a85ad_7.bin,GSTMT-000280,2026-06-26 00:11:35
SRC-000281,CGS-000201,f29a122869e64fa19982e9655482f397,Hex Jam Nuts,f29a122869e64fa19982e9655482f397_1.bin,GSTMT-000281,2026-06-26 00:11:35
SRC-000282,CGS-000202,f29a122869e64fa19982e9655482f397,Hex Jam Nuts,f29a122869e64fa19982e9655482f397_1.bin,GSTMT-000282,2026-06-26 00:11:35
SRC-000283,CGS-000203,f29a122869e64fa19982e9655482f397,Hex Jam Nuts,f29a122869e64fa19982e9655482f397_1.bin,GSTMT-000283,2026-06-26 00:11:35
SRC-000284,CGS-000204,f29a122869e64fa19982e9655482f397,Hex Jam Nuts,f29a122869e64fa19982e9655482f397_1.bin,GSTMT-000284,2026-06-26 00:11:35
SRC-000285,CGS-000205,f29a122869e64fa19982e9655482f397,Hex Jam Nuts,f29a122869e64fa19982e9655482f397_2.bin,GSTMT-000285,2026-06-26 00:11:35
SRC-000286,CGS-000056,f29a122869e64fa19982e9655482f397,Hex Jam Nuts,f29a122869e64fa19982e9655482f397_2.bin,GSTMT-000286,2026-06-26 00:11:35
SRC-000287,CGS-000057,f29a122869e64fa19982e9655482f397,Hex Jam Nuts,f29a122869e64fa19982e9655482f397_2.bin,GSTMT-000287,2026-06-26 00:11:35
SRC-000288,CGS-000058,f29a122869e64fa19982e9655482f397,Hex Jam Nuts,f29a122869e64fa19982e9655482f397_2.bin,GSTMT-000288,2026-06-26 00:11:35
SRC-000289,CGS-000059,f29a122869e64fa19982e9655482f397,Hex Jam Nuts,f29a122869e64fa19982e9655482f397_2.bin,GSTMT-000289,2026-06-26 00:11:35
SRC-000290,CGS-000060,f29a122869e64fa19982e9655482f397,Hex Jam Nuts,f29a122869e64fa19982e9655482f397_2.bin,GSTMT-000290,2026-06-26 00:11:35
SRC-000291,CGS-000061,f29a122869e64fa19982e9655482f397,Hex Jam Nuts,f29a122869e64fa19982e9655482f397_2.bin,GSTMT-000291,2026-06-26 00:11:35
SRC-000292,CGS-000061,f29a122869e64fa19982e9655482f397,Hex Jam Nuts,f29a122869e64fa19982e9655482f397_2.bin,GSTMT-000292,2026-06-26 00:11:35
SRC-000293,CGS-000062,f29a122869e64fa19982e9655482f397,Hex Jam Nuts,f29a122869e64fa19982e9655482f397_2.bin,GSTMT-000293,2026-06-26 00:11:35
SRC-000294,CGS-000206,f29a122869e64fa19982e9655482f397,Hex Jam Nuts,f29a122869e64fa19982e9655482f397_3.bin,GSTMT-000294,2026-06-26 00:11:35
SRC-000295,CGS-000207,f29a122869e64fa19982e9655482f397,Hex Jam Nuts,f29a122869e64fa19982e9655482f397_3.bin,GSTMT-000295,2026-06-26 00:11:35
SRC-000296,CGS-000208,f29a122869e64fa19982e9655482f397,Hex Jam Nuts,f29a122869e64fa19982e9655482f397_3.bin,GSTMT-000296,2026-06-26 00:11:35
SRC-000297,CGS-000209,f29a122869e64fa19982e9655482f397,Hex Jam Nuts,f29a122869e64fa19982e9655482f397_3.bin,GSTMT-000297,2026-06-26 00:11:35
SRC-000298,CGS-000210,f29a122869e64fa19982e9655482f397,Hex Jam Nuts,f29a122869e64fa19982e9655482f397_3.bin,GSTMT-000298,2026-06-26 00:11:35
SRC-000299,CGS-000211,dedd02b3424a4149b2823ccee9a76082,Patient Ceiling Lift Slings Replacement,dedd02b3424a4149b2823ccee9a76082_1.bin,GSTMT-000299,2026-06-26 00:11:35
SRC-000300,CGS-000212,dedd02b3424a4149b2823ccee9a76082,Patient Ceiling Lift Slings Replacement,dedd02b3424a4149b2823ccee9a76082_1.bin,GSTMT-000300,2026-06-26 00:11:35
SRC-000301,CGS-000213,dedd02b3424a4149b2823ccee9a76082,Patient Ceiling Lift Slings Replacement,dedd02b3424a4149b2823ccee9a76082_1.bin,GSTMT-000301,2026-06-26 00:11:35
SRC-000302,CGS-000214,dedd02b3424a4149b2823ccee9a76082,Patient Ceiling Lift Slings Replacement,dedd02b3424a4149b2823ccee9a76082_1.bin,GSTMT-000302,2026-06-26 00:11:35
SRC-000303,CGS-000215,dd067ed7e23d469dab6e5a622c30460b,Marketplace for Acquisition of Professional Services (MAPS),dd067ed7e23d469dab6e5a622c30460b_2.bin,GSTMT-000303,2026-06-26 00:11:35
SRC-000304,CGS-000216,dd067ed7e23d469dab6e5a622c30460b,Marketplace for Acquisition of Professional Services (MAPS),dd067ed7e23d469dab6e5a622c30460b_2.bin,GSTMT-000304,2026-06-26 00:11:35
SRC-000305,CGS-000217,dd067ed7e23d469dab6e5a622c30460b,Marketplace for Acquisition of Professional Services (MAPS),dd067ed7e23d469dab6e5a622c30460b_2.bin,GSTMT-000305,2026-06-26 00:11:35
SRC-000306,CGS-000217,dd067ed7e23d469dab6e5a622c30460b,Marketplace for Acquisition of Professional Services (MAPS),dd067ed7e23d469dab6e5a622c30460b_2.bin,GSTMT-000306,2026-06-26 00:11:35
SRC-000307,CGS-000215,dd067ed7e23d469dab6e5a622c30460b,Marketplace for Acquisition of Professional Services (MAPS),dd067ed7e23d469dab6e5a622c30460b_5.bin,GSTMT-000307,2026-06-26 00:11:35
SRC-000308,CGS-000216,dd067ed7e23d469dab6e5a622c30460b,Marketplace for Acquisition of Professional Services (MAPS),dd067ed7e23d469dab6e5a622c30460b_5.bin,GSTMT-000308,2026-06-26 00:11:35
SRC-000309,CGS-000217,dd067ed7e23d469dab6e5a622c30460b,Marketplace for Acquisition of Professional Services (MAPS),dd067ed7e23d469dab6e5a622c30460b_5.bin,GSTMT-000309,2026-06-26 00:11:35
SRC-000310,CGS-000217,dd067ed7e23d469dab6e5a622c30460b,Marketplace for Acquisition of Professional Services (MAPS),dd067ed7e23d469dab6e5a622c30460b_5.bin,GSTMT-000310,2026-06-26 00:11:35
SRC-000311,CGS-000215,dd067ed7e23d469dab6e5a622c30460b,Marketplace for Acquisition of Professional Services (MAPS),dd067ed7e23d469dab6e5a622c30460b_6.bin,GSTMT-000311,2026-06-26 00:11:35
SRC-000312,CGS-000216,dd067ed7e23d469dab6e5a622c30460b,Marketplace for Acquisition of Professional Services (MAPS),dd067ed7e23d469dab6e5a622c30460b_6.bin,GSTMT-000312,2026-06-26 00:11:35
SRC-000313,CGS-000217,dd067ed7e23d469dab6e5a622c30460b,Marketplace for Acquisition of Professional Services (MAPS),dd067ed7e23d469dab6e5a622c30460b_6.bin,GSTMT-000313,2026-06-26 00:11:35
SRC-000314,CGS-000217,dd067ed7e23d469dab6e5a622c30460b,Marketplace for Acquisition of Professional Services (MAPS),dd067ed7e23d469dab6e5a622c30460b_6.bin,GSTMT-000314,2026-06-26 00:11:35
SRC-000315,CGS-000215,dd067ed7e23d469dab6e5a622c30460b,Marketplace for Acquisition of Professional Services (MAPS),dd067ed7e23d469dab6e5a622c30460b_9.bin,GSTMT-000315,2026-06-26 00:11:35
SRC-000316,CGS-000216,dd067ed7e23d469dab6e5a622c30460b,Marketplace for Acquisition of Professional Services (MAPS),dd067ed7e23d469dab6e5a622c30460b_9.bin,GSTMT-000316,2026-06-26 00:11:35
SRC-000317,CGS-000217,dd067ed7e23d469dab6e5a622c30460b,Marketplace for Acquisition of Professional Services (MAPS),dd067ed7e23d469dab6e5a622c30460b_9.bin,GSTMT-000317,2026-06-26 00:11:35
SRC-000318,CGS-000217,dd067ed7e23d469dab6e5a622c30460b,Marketplace for Acquisition of Professional Services (MAPS),dd067ed7e23d469dab6e5a622c30460b_9.bin,GSTMT-000318,2026-06-26 00:11:35
SRC-000319,CGS-000218,dd067ed7e23d469dab6e5a622c30460b,Marketplace for Acquisition of Professional Services (MAPS),dd067ed7e23d469dab6e5a622c30460b_10.bin,GSTMT-000319,2026-06-26 00:11:35
SRC-000320,CGS-000218,dd067ed7e23d469dab6e5a622c30460b,Marketplace for Acquisition of Professional Services (MAPS),dd067ed7e23d469dab6e5a622c30460b_10.bin,GSTMT-000320,2026-06-26 00:11:35
SRC-000321,CGS-000219,dd067ed7e23d469dab6e5a622c30460b,Marketplace for Acquisition of Professional Services (MAPS),dd067ed7e23d469dab6e5a622c30460b_10.bin,GSTMT-000321,2026-06-26 00:11:35
SRC-000322,CGS-000220,dd067ed7e23d469dab6e5a622c30460b,Marketplace for Acquisition of Professional Services (MAPS),dd067ed7e23d469dab6e5a622c30460b_10.bin,GSTMT-000322,2026-06-26 00:11:35
SRC-000323,CGS-000221,dd067ed7e23d469dab6e5a622c30460b,Marketplace for Acquisition of Professional Services (MAPS),dd067ed7e23d469dab6e5a622c30460b_10.bin,GSTMT-000323,2026-06-26 00:11:35
SRC-000324,CGS-000215,dd067ed7e23d469dab6e5a622c30460b,Marketplace for Acquisition of Professional Services (MAPS),dd067ed7e23d469dab6e5a622c30460b_14.bin,GSTMT-000324,2026-06-26 00:11:35
SRC-000325,CGS-000216,dd067ed7e23d469dab6e5a622c30460b,Marketplace for Acquisition of Professional Services (MAPS),dd067ed7e23d469dab6e5a622c30460b_14.bin,GSTMT-000325,2026-06-26 00:11:35
SRC-000326,CGS-000217,dd067ed7e23d469dab6e5a622c30460b,Marketplace for Acquisition of Professional Services (MAPS),dd067ed7e23d469dab6e5a622c30460b_14.bin,GSTMT-000326,2026-06-26 00:11:35
SRC-000327,CGS-000217,dd067ed7e23d469dab6e5a622c30460b,Marketplace for Acquisition of Professional Services (MAPS),dd067ed7e23d469dab6e5a622c30460b_14.bin,GSTMT-000327,2026-06-26 00:11:35
SRC-000328,CGS-000215,dd067ed7e23d469dab6e5a622c30460b,Marketplace for Acquisition of Professional Services (MAPS),dd067ed7e23d469dab6e5a622c30460b_15.bin,GSTMT-000328,2026-06-26 00:11:35
SRC-000329,CGS-000216,dd067ed7e23d469dab6e5a622c30460b,Marketplace for Acquisition of Professional Services (MAPS),dd067ed7e23d469dab6e5a622c30460b_15.bin,GSTMT-000329,2026-06-26 00:11:35
SRC-000330,CGS-000217,dd067ed7e23d469dab6e5a622c30460b,Marketplace for Acquisition of Professional Services (MAPS),dd067ed7e23d469dab6e5a622c30460b_15.bin,GSTMT-000330,2026-06-26 00:11:35
SRC-000331,CGS-000217,dd067ed7e23d469dab6e5a622c30460b,Marketplace for Acquisition of Professional Services (MAPS),dd067ed7e23d469dab6e5a622c30460b_15.bin,GSTMT-000331,2026-06-26 00:11:35
SRC-000332,CGS-000215,dd067ed7e23d469dab6e5a622c30460b,Marketplace for Acquisition of Professional Services (MAPS),dd067ed7e23d469dab6e5a622c30460b_17.bin,GSTMT-000332,2026-06-26 00:11:35
SRC-000333,CGS-000216,dd067ed7e23d469dab6e5a622c30460b,Marketplace for Acquisition of Professional Services (MAPS),dd067ed7e23d469dab6e5a622c30460b_17.bin,GSTMT-000333,2026-06-26 00:11:35
SRC-000334,CGS-000217,dd067ed7e23d469dab6e5a622c30460b,Marketplace for Acquisition of Professional Services (MAPS),dd067ed7e23d469dab6e5a622c30460b_17.bin,GSTMT-000334,2026-06-26 00:11:35
SRC-000335,CGS-000217,dd067ed7e23d469dab6e5a622c30460b,Marketplace for Acquisition of Professional Services (MAPS),dd067ed7e23d469dab6e5a622c30460b_17.bin,GSTMT-000335,2026-06-26 00:11:35
SRC-000336,CGS-000222,dd067ed7e23d469dab6e5a622c30460b,Marketplace for Acquisition of Professional Services (MAPS),dd067ed7e23d469dab6e5a622c30460b_18.bin,GSTMT-000336,2026-06-26 00:11:35
SRC-000337,CGS-000222,dd067ed7e23d469dab6e5a622c30460b,Marketplace for Acquisition of Professional Services (MAPS),dd067ed7e23d469dab6e5a622c30460b_18.bin,GSTMT-000337,2026-06-26 00:11:35
SRC-000338,CGS-000223,dd067ed7e23d469dab6e5a622c30460b,Marketplace for Acquisition of Professional Services (MAPS),dd067ed7e23d469dab6e5a622c30460b_18.bin,GSTMT-000338,2026-06-26 00:11:35
SRC-000339,CGS-000224,dd067ed7e23d469dab6e5a622c30460b,Marketplace for Acquisition of Professional Services (MAPS),dd067ed7e23d469dab6e5a622c30460b_18.bin,GSTMT-000339,2026-06-26 00:11:35
SRC-000340,CGS-000225,dd067ed7e23d469dab6e5a622c30460b,Marketplace for Acquisition of Professional Services (MAPS),dd067ed7e23d469dab6e5a622c30460b_18.bin,GSTMT-000340,2026-06-26 00:11:35
SRC-000341,CGS-000226,dd067ed7e23d469dab6e5a622c30460b,Marketplace for Acquisition of Professional Services (MAPS),dd067ed7e23d469dab6e5a622c30460b_18.bin,GSTMT-000341,2026-06-26 00:11:35
SRC-000342,CGS-000227,dd067ed7e23d469dab6e5a622c30460b,Marketplace for Acquisition of Professional Services (MAPS),dd067ed7e23d469dab6e5a622c30460b_18.bin,GSTMT-000342,2026-06-26 00:11:35
SRC-000343,CGS-000228,dd067ed7e23d469dab6e5a622c30460b,Marketplace for Acquisition of Professional Services (MAPS),dd067ed7e23d469dab6e5a622c30460b_18.bin,GSTMT-000343,2026-06-26 00:11:35
SRC-000344,CGS-000229,dd067ed7e23d469dab6e5a622c30460b,Marketplace for Acquisition of Professional Services (MAPS),dd067ed7e23d469dab6e5a622c30460b_18.bin,GSTMT-000344,2026-06-26 00:11:35
SRC-000345,CGS-000230,dd067ed7e23d469dab6e5a622c30460b,Marketplace for Acquisition of Professional Services (MAPS),dd067ed7e23d469dab6e5a622c30460b_18.bin,GSTMT-000345,2026-06-26 00:11:35
SRC-000346,CGS-000231,dd067ed7e23d469dab6e5a622c30460b,Marketplace for Acquisition of Professional Services (MAPS),dd067ed7e23d469dab6e5a622c30460b_19.bin,GSTMT-000346,2026-06-26 00:11:35
SRC-000347,CGS-000232,dd067ed7e23d469dab6e5a622c30460b,Marketplace for Acquisition of Professional Services (MAPS),dd067ed7e23d469dab6e5a622c30460b_19.bin,GSTMT-000347,2026-06-26 00:11:35
SRC-000348,CGS-000233,dd067ed7e23d469dab6e5a622c30460b,Marketplace for Acquisition of Professional Services (MAPS),dd067ed7e23d469dab6e5a622c30460b_19.bin,GSTMT-000348,2026-06-26 00:11:35
SRC-000349,CGS-000234,dd067ed7e23d469dab6e5a622c30460b,Marketplace for Acquisition of Professional Services (MAPS),dd067ed7e23d469dab6e5a622c30460b_19.bin,GSTMT-000349,2026-06-26 00:11:35
SRC-000350,CGS-000215,dd067ed7e23d469dab6e5a622c30460b,Marketplace for Acquisition of Professional Services (MAPS),dd067ed7e23d469dab6e5a622c30460b_22.bin,GSTMT-000350,2026-06-26 00:11:35
SRC-000351,CGS-000216,dd067ed7e23d469dab6e5a622c30460b,Marketplace for Acquisition of Professional Services (MAPS),dd067ed7e23d469dab6e5a622c30460b_22.bin,GSTMT-000351,2026-06-26 00:11:35
SRC-000352,CGS-000217,dd067ed7e23d469dab6e5a622c30460b,Marketplace for Acquisition of Professional Services (MAPS),dd067ed7e23d469dab6e5a622c30460b_22.bin,GSTMT-000352,2026-06-26 00:11:35
SRC-000353,CGS-000217,dd067ed7e23d469dab6e5a622c30460b,Marketplace for Acquisition of Professional Services (MAPS),dd067ed7e23d469dab6e5a622c30460b_22.bin,GSTMT-000353,2026-06-26 00:11:35
SRC-000354,CGS-000215,dd067ed7e23d469dab6e5a622c30460b,Marketplace for Acquisition of Professional Services (MAPS),dd067ed7e23d469dab6e5a622c30460b_23.bin,GSTMT-000354,2026-06-26 00:11:35
SRC-000355,CGS-000216,dd067ed7e23d469dab6e5a622c30460b,Marketplace for Acquisition of Professional Services (MAPS),dd067ed7e23d469dab6e5a622c30460b_23.bin,GSTMT-000355,2026-06-26 00:11:35
SRC-000356,CGS-000217,dd067ed7e23d469dab6e5a622c30460b,Marketplace for Acquisition of Professional Services (MAPS),dd067ed7e23d469dab6e5a622c30460b_23.bin,GSTMT-000356,2026-06-26 00:11:35
SRC-000357,CGS-000217,dd067ed7e23d469dab6e5a622c30460b,Marketplace for Acquisition of Professional Services (MAPS),dd067ed7e23d469dab6e5a622c30460b_23.bin,GSTMT-000357,2026-06-26 00:11:35
SRC-000358,CGS-000215,dd067ed7e23d469dab6e5a622c30460b,Marketplace for Acquisition of Professional Services (MAPS),dd067ed7e23d469dab6e5a622c30460b_24.bin,GSTMT-000358,2026-06-26 00:11:35
SRC-000359,CGS-000216,dd067ed7e23d469dab6e5a622c30460b,Marketplace for Acquisition of Professional Services (MAPS),dd067ed7e23d469dab6e5a622c30460b_24.bin,GSTMT-000359,2026-06-26 00:11:35
SRC-000360,CGS-000217,dd067ed7e23d469dab6e5a622c30460b,Marketplace for Acquisition of Professional Services (MAPS),dd067ed7e23d469dab6e5a622c30460b_24.bin,GSTMT-000360,2026-06-26 00:11:35
SRC-000361,CGS-000217,dd067ed7e23d469dab6e5a622c30460b,Marketplace for Acquisition of Professional Services (MAPS),dd067ed7e23d469dab6e5a622c30460b_24.bin,GSTMT-000361,2026-06-26 00:11:35
SRC-000362,CGS-000235,d4b0cdaa6b81462db03813b232d2f491,NPSC Physician Services at the NNMC,d4b0cdaa6b81462db03813b232d2f491_1.bin,GSTMT-000362,2026-06-26 00:11:35
SRC-000363,CGS-000236,d4b0cdaa6b81462db03813b232d2f491,NPSC Physician Services at the NNMC,d4b0cdaa6b81462db03813b232d2f491_1.bin,GSTMT-000363,2026-06-26 00:11:35
SRC-000364,CGS-000237,d4b0cdaa6b81462db03813b232d2f491,NPSC Physician Services at the NNMC,d4b0cdaa6b81462db03813b232d2f491_1.bin,GSTMT-000364,2026-06-26 00:11:35
SRC-000365,CGS-000238,d4b0cdaa6b81462db03813b232d2f491,NPSC Physician Services at the NNMC,d4b0cdaa6b81462db03813b232d2f491_2.bin,GSTMT-000365,2026-06-26 00:11:35
SRC-000366,CGS-000239,d4b0cdaa6b81462db03813b232d2f491,NPSC Physician Services at the NNMC,d4b0cdaa6b81462db03813b232d2f491_2.bin,GSTMT-000366,2026-06-26 00:11:35
SRC-000367,CGS-000240,d4b0cdaa6b81462db03813b232d2f491,NPSC Physician Services at the NNMC,d4b0cdaa6b81462db03813b232d2f491_2.bin,GSTMT-000367,2026-06-26 00:11:35
SRC-000368,CGS-000241,d4b0cdaa6b81462db03813b232d2f491,NPSC Physician Services at the NNMC,d4b0cdaa6b81462db03813b232d2f491_2.bin,GSTMT-000368,2026-06-26 00:11:35
SRC-000369,CGS-000242,d4b0cdaa6b81462db03813b232d2f491,NPSC Physician Services at the NNMC,d4b0cdaa6b81462db03813b232d2f491_2.bin,GSTMT-000369,2026-06-26 00:11:35
SRC-000370,CGS-000243,d4b0cdaa6b81462db03813b232d2f491,NPSC Physician Services at the NNMC,d4b0cdaa6b81462db03813b232d2f491_2.bin,GSTMT-000370,2026-06-26 00:11:35
SRC-000371,CGS-000244,d4b0cdaa6b81462db03813b232d2f491,NPSC Physician Services at the NNMC,d4b0cdaa6b81462db03813b232d2f491_4.bin,GSTMT-000371,2026-06-26 00:11:35
SRC-000372,CGS-000245,d4b0cdaa6b81462db03813b232d2f491,NPSC Physician Services at the NNMC,d4b0cdaa6b81462db03813b232d2f491_4.bin,GSTMT-000372,2026-06-26 00:11:35
SRC-000373,CGS-000246,d4b0cdaa6b81462db03813b232d2f491,NPSC Physician Services at the NNMC,d4b0cdaa6b81462db03813b232d2f491_4.bin,GSTMT-000373,2026-06-26 00:11:35
SRC-000374,CGS-000247,d4b0cdaa6b81462db03813b232d2f491,NPSC Physician Services at the NNMC,d4b0cdaa6b81462db03813b232d2f491_4.bin,GSTMT-000374,2026-06-26 00:11:35
SRC-000375,CGS-000248,d4b0cdaa6b81462db03813b232d2f491,NPSC Physician Services at the NNMC,d4b0cdaa6b81462db03813b232d2f491_4.bin,GSTMT-000375,2026-06-26 00:11:35
SRC-000376,CGS-000249,d4b0cdaa6b81462db03813b232d2f491,NPSC Physician Services at the NNMC,d4b0cdaa6b81462db03813b232d2f491_5.bin,GSTMT-000376,2026-06-26 00:11:35
SRC-000377,CGS-000250,d4b0cdaa6b81462db03813b232d2f491,NPSC Physician Services at the NNMC,d4b0cdaa6b81462db03813b232d2f491_5.bin,GSTMT-000377,2026-06-26 00:11:35
SRC-000378,CGS-000250,d4b0cdaa6b81462db03813b232d2f491,NPSC Physician Services at the NNMC,d4b0cdaa6b81462db03813b232d2f491_5.bin,GSTMT-000378,2026-06-26 00:11:35
SRC-000379,CGS-000251,d4b0cdaa6b81462db03813b232d2f491,NPSC Physician Services at the NNMC,d4b0cdaa6b81462db03813b232d2f491_5.bin,GSTMT-000379,2026-06-26 00:11:35
SRC-000380,CGS-000252,d4b0cdaa6b81462db03813b232d2f491,NPSC Physician Services at the NNMC,d4b0cdaa6b81462db03813b232d2f491_5.bin,GSTMT-000380,2026-06-26 00:11:35
SRC-000381,CGS-000253,d4b0cdaa6b81462db03813b232d2f491,NPSC Physician Services at the NNMC,d4b0cdaa6b81462db03813b232d2f491_5.bin,GSTMT-000381,2026-06-26 00:11:35
SRC-000382,CGS-000254,cbb1a9af3c004dc68e36a311cbef0ff9,Preventive Maintenance Services for Anti-Climb Bi-folding Gates,cbb1a9af3c004dc68e36a311cbef0ff9_1.bin,GSTMT-000382,2026-06-26 00:11:35
SRC-000383,CGS-000255,cbb1a9af3c004dc68e36a311cbef0ff9,Preventive Maintenance Services for Anti-Climb Bi-folding Gates,cbb1a9af3c004dc68e36a311cbef0ff9_1.bin,GSTMT-000383,2026-06-26 00:11:35
SRC-000384,CGS-000256,cbb1a9af3c004dc68e36a311cbef0ff9,Preventive Maintenance Services for Anti-Climb Bi-folding Gates,cbb1a9af3c004dc68e36a311cbef0ff9_1.bin,GSTMT-000384,2026-06-26 00:11:35
SRC-000385,CGS-000257,cbb1a9af3c004dc68e36a311cbef0ff9,Preventive Maintenance Services for Anti-Climb Bi-folding Gates,cbb1a9af3c004dc68e36a311cbef0ff9_1.bin,GSTMT-000385,2026-06-26 00:11:35
SRC-000386,CGS-000258,cbb1a9af3c004dc68e36a311cbef0ff9,Preventive Maintenance Services for Anti-Climb Bi-folding Gates,cbb1a9af3c004dc68e36a311cbef0ff9_1.bin,GSTMT-000386,2026-06-26 00:11:35
SRC-000387,CGS-000259,cbb1a9af3c004dc68e36a311cbef0ff9,Preventive Maintenance Services for Anti-Climb Bi-folding Gates,cbb1a9af3c004dc68e36a311cbef0ff9_1.bin,GSTMT-000387,2026-06-26 00:11:35
SRC-000388,CGS-000260,cbb1a9af3c004dc68e36a311cbef0ff9,Preventive Maintenance Services for Anti-Climb Bi-folding Gates,cbb1a9af3c004dc68e36a311cbef0ff9_1.bin,GSTMT-000388,2026-06-26 00:11:35
SRC-000389,CGS-000261,cbb1a9af3c004dc68e36a311cbef0ff9,Preventive Maintenance Services for Anti-Climb Bi-folding Gates,cbb1a9af3c004dc68e36a311cbef0ff9_2.bin,GSTMT-000389,2026-06-26 00:11:35
SRC-000390,CGS-000262,cbb1a9af3c004dc68e36a311cbef0ff9,Preventive Maintenance Services for Anti-Climb Bi-folding Gates,cbb1a9af3c004dc68e36a311cbef0ff9_2.bin,GSTMT-000390,2026-06-26 00:11:35
SRC-000391,CGS-000263,cbb1a9af3c004dc68e36a311cbef0ff9,Preventive Maintenance Services for Anti-Climb Bi-folding Gates,cbb1a9af3c004dc68e36a311cbef0ff9_2.bin,GSTMT-000391,2026-06-26 00:11:35
SRC-000392,CGS-000263,cbb1a9af3c004dc68e36a311cbef0ff9,Preventive Maintenance Services for Anti-Climb Bi-folding Gates,cbb1a9af3c004dc68e36a311cbef0ff9_2.bin,GSTMT-000392,2026-06-26 00:11:35
SRC-000393,CGS-000264,cbb1a9af3c004dc68e36a311cbef0ff9,Preventive Maintenance Services for Anti-Climb Bi-folding Gates,cbb1a9af3c004dc68e36a311cbef0ff9_2.bin,GSTMT-000393,2026-06-26 00:11:35
SRC-000394,CGS-000265,cbb1a9af3c004dc68e36a311cbef0ff9,Preventive Maintenance Services for Anti-Climb Bi-folding Gates,cbb1a9af3c004dc68e36a311cbef0ff9_2.bin,GSTMT-000394,2026-06-26 00:11:35
SRC-000395,CGS-000266,cbb1a9af3c004dc68e36a311cbef0ff9,Preventive Maintenance Services for Anti-Climb Bi-folding Gates,cbb1a9af3c004dc68e36a311cbef0ff9_2.bin,GSTMT-000395,2026-06-26 00:11:35
SRC-000396,CGS-000267,cbb1a9af3c004dc68e36a311cbef0ff9,Preventive Maintenance Services for Anti-Climb Bi-folding Gates,cbb1a9af3c004dc68e36a311cbef0ff9_3.bin,GSTMT-000396,2026-06-26 00:11:35
SRC-000397,CGS-000267,cbb1a9af3c004dc68e36a311cbef0ff9,Preventive Maintenance Services for Anti-Climb Bi-folding Gates,cbb1a9af3c004dc68e36a311cbef0ff9_3.bin,GSTMT-000397,2026-06-26 00:11:35
SRC-000398,CGS-000267,cbb1a9af3c004dc68e36a311cbef0ff9,Preventive Maintenance Services for Anti-Climb Bi-folding Gates,cbb1a9af3c004dc68e36a311cbef0ff9_3.bin,GSTMT-000398,2026-06-26 00:11:35
SRC-000399,CGS-000267,cbb1a9af3c004dc68e36a311cbef0ff9,Preventive Maintenance Services for Anti-Climb Bi-folding Gates,cbb1a9af3c004dc68e36a311cbef0ff9_3.bin,GSTMT-000399,2026-06-26 00:11:35
SRC-000400,CGS-000267,cbb1a9af3c004dc68e36a311cbef0ff9,Preventive Maintenance Services for Anti-Climb Bi-folding Gates,cbb1a9af3c004dc68e36a311cbef0ff9_3.bin,GSTMT-000400,2026-06-26 00:11:35
SRC-000401,CGS-000268,cbb1a9af3c004dc68e36a311cbef0ff9,Preventive Maintenance Services for Anti-Climb Bi-folding Gates,cbb1a9af3c004dc68e36a311cbef0ff9_3.bin,GSTMT-000401,2026-06-26 00:11:35
SRC-000402,CGS-000269,cbb1a9af3c004dc68e36a311cbef0ff9,Preventive Maintenance Services for Anti-Climb Bi-folding Gates,cbb1a9af3c004dc68e36a311cbef0ff9_3.bin,GSTMT-000402,2026-06-26 00:11:35
SRC-000403,CGS-000270,cbb1a9af3c004dc68e36a311cbef0ff9,Preventive Maintenance Services for Anti-Climb Bi-folding Gates,cbb1a9af3c004dc68e36a311cbef0ff9_4.bin,GSTMT-000403,2026-06-26 00:11:35
SRC-000404,CGS-000271,cbb1a9af3c004dc68e36a311cbef0ff9,Preventive Maintenance Services for Anti-Climb Bi-folding Gates,cbb1a9af3c004dc68e36a311cbef0ff9_5.bin,GSTMT-000404,2026-06-26 00:11:35
SRC-000405,CGS-000272,cbb1a9af3c004dc68e36a311cbef0ff9,Preventive Maintenance Services for Anti-Climb Bi-folding Gates,cbb1a9af3c004dc68e36a311cbef0ff9_5.bin,GSTMT-000405,2026-06-26 00:11:35
SRC-000406,CGS-000273,cbb1a9af3c004dc68e36a311cbef0ff9,Preventive Maintenance Services for Anti-Climb Bi-folding Gates,cbb1a9af3c004dc68e36a311cbef0ff9_5.bin,GSTMT-000406,2026-06-26 00:11:35
SRC-000407,CGS-000274,cbb1a9af3c004dc68e36a311cbef0ff9,Preventive Maintenance Services for Anti-Climb Bi-folding Gates,cbb1a9af3c004dc68e36a311cbef0ff9_5.bin,GSTMT-000407,2026-06-26 00:11:35
SRC-000408,CGS-000275,cbb1a9af3c004dc68e36a311cbef0ff9,Preventive Maintenance Services for Anti-Climb Bi-folding Gates,cbb1a9af3c004dc68e36a311cbef0ff9_5.bin,GSTMT-000408,2026-06-26 00:11:35
SRC-000409,CGS-000275,cbb1a9af3c004dc68e36a311cbef0ff9,Preventive Maintenance Services for Anti-Climb Bi-folding Gates,cbb1a9af3c004dc68e36a311cbef0ff9_5.bin,GSTMT-000409,2026-06-26 00:11:35
SRC-000410,CGS-000275,cbb1a9af3c004dc68e36a311cbef0ff9,Preventive Maintenance Services for Anti-Climb Bi-folding Gates,cbb1a9af3c004dc68e36a311cbef0ff9_5.bin,GSTMT-000410,2026-06-26 00:11:35
SRC-000411,CGS-000275,cbb1a9af3c004dc68e36a311cbef0ff9,Preventive Maintenance Services for Anti-Climb Bi-folding Gates,cbb1a9af3c004dc68e36a311cbef0ff9_5.bin,GSTMT-000411,2026-06-26 00:11:35
SRC-000412,CGS-000275,cbb1a9af3c004dc68e36a311cbef0ff9,Preventive Maintenance Services for Anti-Climb Bi-folding Gates,cbb1a9af3c004dc68e36a311cbef0ff9_5.bin,GSTMT-000412,2026-06-26 00:11:35
SRC-000413,CGS-000276,cbb1a9af3c004dc68e36a311cbef0ff9,Preventive Maintenance Services for Anti-Climb Bi-folding Gates,cbb1a9af3c004dc68e36a311cbef0ff9_5.bin,GSTMT-000413,2026-06-26 00:11:35
SRC-000414,CGS-000277,cbb1a9af3c004dc68e36a311cbef0ff9,Preventive Maintenance Services for Anti-Climb Bi-folding Gates,cbb1a9af3c004dc68e36a311cbef0ff9_6.bin,GSTMT-000414,2026-06-26 00:11:35
SRC-000415,CGS-000278,cbb1a9af3c004dc68e36a311cbef0ff9,Preventive Maintenance Services for Anti-Climb Bi-folding Gates,cbb1a9af3c004dc68e36a311cbef0ff9_6.bin,GSTMT-000415,2026-06-26 00:11:35
SRC-000416,CGS-000279,cbb1a9af3c004dc68e36a311cbef0ff9,Preventive Maintenance Services for Anti-Climb Bi-folding Gates,cbb1a9af3c004dc68e36a311cbef0ff9_6.bin,GSTMT-000416,2026-06-26 00:11:35
SRC-000417,CGS-000027,cbb1a9af3c004dc68e36a311cbef0ff9,Preventive Maintenance Services for Anti-Climb Bi-folding Gates,cbb1a9af3c004dc68e36a311cbef0ff9_6.bin,GSTMT-000417,2026-06-26 00:11:35
SRC-000418,CGS-000016,cbb1a9af3c004dc68e36a311cbef0ff9,Preventive Maintenance Services for Anti-Climb Bi-folding Gates,cbb1a9af3c004dc68e36a311cbef0ff9_6.bin,GSTMT-000418,2026-06-26 00:11:35
SRC-000419,CGS-000280,cbb1a9af3c004dc68e36a311cbef0ff9,Preventive Maintenance Services for Anti-Climb Bi-folding Gates,cbb1a9af3c004dc68e36a311cbef0ff9_6.bin,GSTMT-000419,2026-06-26 00:11:35
SRC-000420,CGS-000018,cbb1a9af3c004dc68e36a311cbef0ff9,Preventive Maintenance Services for Anti-Climb Bi-folding Gates,cbb1a9af3c004dc68e36a311cbef0ff9_6.bin,GSTMT-000420,2026-06-26 00:11:35
SRC-000421,CGS-000019,cbb1a9af3c004dc68e36a311cbef0ff9,Preventive Maintenance Services for Anti-Climb Bi-folding Gates,cbb1a9af3c004dc68e36a311cbef0ff9_6.bin,GSTMT-000421,2026-06-26 00:11:35
SRC-000422,CGS-000281,cb68614c729145b3835e8326258f5ea2,Shade Structure Canopy,cb68614c729145b3835e8326258f5ea2_1.bin,GSTMT-000422,2026-06-26 00:11:35
SRC-000423,CGS-000282,cb68614c729145b3835e8326258f5ea2,Shade Structure Canopy,cb68614c729145b3835e8326258f5ea2_1.bin,GSTMT-000423,2026-06-26 00:11:35
SRC-000424,CGS-000283,cb68614c729145b3835e8326258f5ea2,Shade Structure Canopy,cb68614c729145b3835e8326258f5ea2_1.bin,GSTMT-000424,2026-06-26 00:11:35
SRC-000425,CGS-000284,cb68614c729145b3835e8326258f5ea2,Shade Structure Canopy,cb68614c729145b3835e8326258f5ea2_1.bin,GSTMT-000425,2026-06-26 00:11:35
SRC-000426,CGS-000285,cb68614c729145b3835e8326258f5ea2,Shade Structure Canopy,cb68614c729145b3835e8326258f5ea2_1.bin,GSTMT-000426,2026-06-26 00:11:35
SRC-000427,CGS-000286,cb68614c729145b3835e8326258f5ea2,Shade Structure Canopy,cb68614c729145b3835e8326258f5ea2_1.bin,GSTMT-000427,2026-06-26 00:11:35
SRC-000428,CGS-000287,cb68614c729145b3835e8326258f5ea2,Shade Structure Canopy,cb68614c729145b3835e8326258f5ea2_1.bin,GSTMT-000428,2026-06-26 00:11:35
SRC-000429,CGS-000288,cb68614c729145b3835e8326258f5ea2,Shade Structure Canopy,cb68614c729145b3835e8326258f5ea2_1.bin,GSTMT-000429,2026-06-26 00:11:35
SRC-000430,CGS-000289,cb68614c729145b3835e8326258f5ea2,Shade Structure Canopy,cb68614c729145b3835e8326258f5ea2_1.bin,GSTMT-000430,2026-06-26 00:11:35
SRC-000431,CGS-000290,cb68614c729145b3835e8326258f5ea2,Shade Structure Canopy,cb68614c729145b3835e8326258f5ea2_1.bin,GSTMT-000431,2026-06-26 00:11:35
SRC-000432,CGS-000291,cb68614c729145b3835e8326258f5ea2,Shade Structure Canopy,cb68614c729145b3835e8326258f5ea2_1.bin,GSTMT-000432,2026-06-26 00:11:35
SRC-000433,CGS-000292,cb68614c729145b3835e8326258f5ea2,Shade Structure Canopy,cb68614c729145b3835e8326258f5ea2_2.bin,GSTMT-000433,2026-06-26 00:11:35
SRC-000434,CGS-000293,cb68614c729145b3835e8326258f5ea2,Shade Structure Canopy,cb68614c729145b3835e8326258f5ea2_2.bin,GSTMT-000434,2026-06-26 00:11:35
SRC-000435,CGS-000294,cb68614c729145b3835e8326258f5ea2,Shade Structure Canopy,cb68614c729145b3835e8326258f5ea2_2.bin,GSTMT-000435,2026-06-26 00:11:35
SRC-000436,CGS-000295,cb68614c729145b3835e8326258f5ea2,Shade Structure Canopy,cb68614c729145b3835e8326258f5ea2_2.bin,GSTMT-000436,2026-06-26 00:11:35
SRC-000437,CGS-000296,cb68614c729145b3835e8326258f5ea2,Shade Structure Canopy,cb68614c729145b3835e8326258f5ea2_2.bin,GSTMT-000437,2026-06-26 00:11:35
SRC-000438,CGS-000297,cb68614c729145b3835e8326258f5ea2,Shade Structure Canopy,cb68614c729145b3835e8326258f5ea2_3.bin,GSTMT-000438,2026-06-26 00:11:35
SRC-000439,CGS-000105,cb68614c729145b3835e8326258f5ea2,Shade Structure Canopy,cb68614c729145b3835e8326258f5ea2_3.bin,GSTMT-000439,2026-06-26 00:11:35
SRC-000440,CGS-000298,cb68614c729145b3835e8326258f5ea2,Shade Structure Canopy,cb68614c729145b3835e8326258f5ea2_3.bin,GSTMT-000440,2026-06-26 00:11:35
SRC-000441,CGS-000299,cb68614c729145b3835e8326258f5ea2,Shade Structure Canopy,cb68614c729145b3835e8326258f5ea2_3.bin,GSTMT-000441,2026-06-26 00:11:35
SRC-000442,CGS-000300,cb68614c729145b3835e8326258f5ea2,Shade Structure Canopy,cb68614c729145b3835e8326258f5ea2_3.bin,GSTMT-000442,2026-06-26 00:11:35
SRC-000443,CGS-000301,cb68614c729145b3835e8326258f5ea2,Shade Structure Canopy,cb68614c729145b3835e8326258f5ea2_3.bin,GSTMT-000443,2026-06-26 00:11:35
SRC-000444,CGS-000302,cb68614c729145b3835e8326258f5ea2,Shade Structure Canopy,cb68614c729145b3835e8326258f5ea2_3.bin,GSTMT-000444,2026-06-26 00:11:35
SRC-000445,CGS-000303,cb68614c729145b3835e8326258f5ea2,Shade Structure Canopy,cb68614c729145b3835e8326258f5ea2_3.bin,GSTMT-000445,2026-06-26 00:11:35
SRC-000446,CGS-000304,cb68614c729145b3835e8326258f5ea2,Shade Structure Canopy,cb68614c729145b3835e8326258f5ea2_3.bin,GSTMT-000446,2026-06-26 00:11:35
SRC-000447,CGS-000305,c502adb5aeb8463f88d90c9be98eed6e,N--George Washington Birthplace National Monument- RE,c502adb5aeb8463f88d90c9be98eed6e_1.bin,GSTMT-000447,2026-06-26 00:11:35
SRC-000448,CGS-000306,c502adb5aeb8463f88d90c9be98eed6e,N--George Washington Birthplace National Monument- RE,c502adb5aeb8463f88d90c9be98eed6e_2.bin,GSTMT-000448,2026-06-26 00:11:35
SRC-000449,CGS-000306,c502adb5aeb8463f88d90c9be98eed6e,N--George Washington Birthplace National Monument- RE,c502adb5aeb8463f88d90c9be98eed6e_2.bin,GSTMT-000449,2026-06-26 00:11:35
SRC-000450,CGS-000307,c502adb5aeb8463f88d90c9be98eed6e,N--George Washington Birthplace National Monument- RE,c502adb5aeb8463f88d90c9be98eed6e_2.bin,GSTMT-000450,2026-06-26 00:11:35
SRC-000451,CGS-000308,c502adb5aeb8463f88d90c9be98eed6e,N--George Washington Birthplace National Monument- RE,c502adb5aeb8463f88d90c9be98eed6e_2.bin,GSTMT-000451,2026-06-26 00:11:35
SRC-000452,CGS-000309,c502adb5aeb8463f88d90c9be98eed6e,N--George Washington Birthplace National Monument- RE,c502adb5aeb8463f88d90c9be98eed6e_2.bin,GSTMT-000452,2026-06-26 00:11:35
SRC-000453,CGS-000310,c502adb5aeb8463f88d90c9be98eed6e,N--George Washington Birthplace National Monument- RE,c502adb5aeb8463f88d90c9be98eed6e_2.bin,GSTMT-000453,2026-06-26 00:11:35
SRC-000454,CGS-000277,c502adb5aeb8463f88d90c9be98eed6e,N--George Washington Birthplace National Monument- RE,c502adb5aeb8463f88d90c9be98eed6e_3.bin,GSTMT-000454,2026-06-26 00:11:35
SRC-000455,CGS-000311,c502adb5aeb8463f88d90c9be98eed6e,N--George Washington Birthplace National Monument- RE,c502adb5aeb8463f88d90c9be98eed6e_3.bin,GSTMT-000455,2026-06-26 00:11:35
SRC-000456,CGS-000312,c502adb5aeb8463f88d90c9be98eed6e,N--George Washington Birthplace National Monument- RE,c502adb5aeb8463f88d90c9be98eed6e_3.bin,GSTMT-000456,2026-06-26 00:11:35
SRC-000457,CGS-000313,c502adb5aeb8463f88d90c9be98eed6e,N--George Washington Birthplace National Monument- RE,c502adb5aeb8463f88d90c9be98eed6e_3.bin,GSTMT-000457,2026-06-26 00:11:35
SRC-000458,CGS-000016,c502adb5aeb8463f88d90c9be98eed6e,N--George Washington Birthplace National Monument- RE,c502adb5aeb8463f88d90c9be98eed6e_3.bin,GSTMT-000458,2026-06-26 00:11:35
SRC-000459,CGS-000152,c502adb5aeb8463f88d90c9be98eed6e,N--George Washington Birthplace National Monument- RE,c502adb5aeb8463f88d90c9be98eed6e_3.bin,GSTMT-000459,2026-06-26 00:11:35
SRC-000460,CGS-000018,c502adb5aeb8463f88d90c9be98eed6e,N--George Washington Birthplace National Monument- RE,c502adb5aeb8463f88d90c9be98eed6e_3.bin,GSTMT-000460,2026-06-26 00:11:35
SRC-000461,CGS-000019,c502adb5aeb8463f88d90c9be98eed6e,N--George Washington Birthplace National Monument- RE,c502adb5aeb8463f88d90c9be98eed6e_3.bin,GSTMT-000461,2026-06-26 00:11:35
SRC-000462,CGS-000314,c502adb5aeb8463f88d90c9be98eed6e,N--George Washington Birthplace National Monument- RE,c502adb5aeb8463f88d90c9be98eed6e_4.bin,GSTMT-000462,2026-06-26 00:11:35
SRC-000463,CGS-000315,c502adb5aeb8463f88d90c9be98eed6e,N--George Washington Birthplace National Monument- RE,c502adb5aeb8463f88d90c9be98eed6e_6.bin,GSTMT-000463,2026-06-26 00:11:35
SRC-000464,CGS-000316,c502adb5aeb8463f88d90c9be98eed6e,N--George Washington Birthplace National Monument- RE,c502adb5aeb8463f88d90c9be98eed6e_6.bin,GSTMT-000464,2026-06-26 00:11:35
SRC-000465,CGS-000317,c502adb5aeb8463f88d90c9be98eed6e,N--George Washington Birthplace National Monument- RE,c502adb5aeb8463f88d90c9be98eed6e_6.bin,GSTMT-000465,2026-06-26 00:11:35
SRC-000466,CGS-000318,c502adb5aeb8463f88d90c9be98eed6e,N--George Washington Birthplace National Monument- RE,c502adb5aeb8463f88d90c9be98eed6e_6.bin,GSTMT-000466,2026-06-26 00:11:35
SRC-000467,CGS-000319,c502adb5aeb8463f88d90c9be98eed6e,N--George Washington Birthplace National Monument- RE,c502adb5aeb8463f88d90c9be98eed6e_6.bin,GSTMT-000467,2026-06-26 00:11:35
SRC-000468,CGS-000320,c502adb5aeb8463f88d90c9be98eed6e,N--George Washington Birthplace National Monument- RE,c502adb5aeb8463f88d90c9be98eed6e_8.bin,GSTMT-000468,2026-06-26 00:11:35
SRC-000469,CGS-000321,c502adb5aeb8463f88d90c9be98eed6e,N--George Washington Birthplace National Monument- RE,c502adb5aeb8463f88d90c9be98eed6e_8.bin,GSTMT-000469,2026-06-26 00:11:35
SRC-000470,CGS-000322,c502adb5aeb8463f88d90c9be98eed6e,N--George Washington Birthplace National Monument- RE,c502adb5aeb8463f88d90c9be98eed6e_9.bin,GSTMT-000470,2026-06-26 00:11:35
SRC-000471,CGS-000323,b80dc335dcbb4f6abbff52eb54415e9a,EcoStruxure Panel Server Advanced (EnerlinX Series),b80dc335dcbb4f6abbff52eb54415e9a_1.bin,GSTMT-000471,2026-06-26 00:11:35
SRC-000472,CGS-000323,b80dc335dcbb4f6abbff52eb54415e9a,EcoStruxure Panel Server Advanced (EnerlinX Series),b80dc335dcbb4f6abbff52eb54415e9a_1.bin,GSTMT-000472,2026-06-26 00:11:35
SRC-000473,CGS-000323,b80dc335dcbb4f6abbff52eb54415e9a,EcoStruxure Panel Server Advanced (EnerlinX Series),b80dc335dcbb4f6abbff52eb54415e9a_1.bin,GSTMT-000473,2026-06-26 00:11:35
SRC-000474,CGS-000324,b80dc335dcbb4f6abbff52eb54415e9a,EcoStruxure Panel Server Advanced (EnerlinX Series),b80dc335dcbb4f6abbff52eb54415e9a_1.bin,GSTMT-000474,2026-06-26 00:11:35
SRC-000475,CGS-000324,b80dc335dcbb4f6abbff52eb54415e9a,EcoStruxure Panel Server Advanced (EnerlinX Series),b80dc335dcbb4f6abbff52eb54415e9a_1.bin,GSTMT-000475,2026-06-26 00:11:35
SRC-000476,CGS-000325,b80dc335dcbb4f6abbff52eb54415e9a,EcoStruxure Panel Server Advanced (EnerlinX Series),b80dc335dcbb4f6abbff52eb54415e9a_1.bin,GSTMT-000476,2026-06-26 00:11:35
SRC-000477,CGS-000325,b80dc335dcbb4f6abbff52eb54415e9a,EcoStruxure Panel Server Advanced (EnerlinX Series),b80dc335dcbb4f6abbff52eb54415e9a_1.bin,GSTMT-000477,2026-06-26 00:11:35
SRC-000478,CGS-000326,b80dc335dcbb4f6abbff52eb54415e9a,EcoStruxure Panel Server Advanced (EnerlinX Series),b80dc335dcbb4f6abbff52eb54415e9a_1.bin,GSTMT-000478,2026-06-26 00:11:35
SRC-000479,CGS-000327,b80dc335dcbb4f6abbff52eb54415e9a,EcoStruxure Panel Server Advanced (EnerlinX Series),b80dc335dcbb4f6abbff52eb54415e9a_1.bin,GSTMT-000479,2026-06-26 00:11:35
SRC-000480,CGS-000328,b80dc335dcbb4f6abbff52eb54415e9a,EcoStruxure Panel Server Advanced (EnerlinX Series),b80dc335dcbb4f6abbff52eb54415e9a_1.bin,GSTMT-000480,2026-06-26 00:11:35
SRC-000481,CGS-000328,b80dc335dcbb4f6abbff52eb54415e9a,EcoStruxure Panel Server Advanced (EnerlinX Series),b80dc335dcbb4f6abbff52eb54415e9a_1.bin,GSTMT-000481,2026-06-26 00:11:35
SRC-000482,CGS-000328,b80dc335dcbb4f6abbff52eb54415e9a,EcoStruxure Panel Server Advanced (EnerlinX Series),b80dc335dcbb4f6abbff52eb54415e9a_1.bin,GSTMT-000482,2026-06-26 00:11:35
SRC-000483,CGS-000329,b80dc335dcbb4f6abbff52eb54415e9a,EcoStruxure Panel Server Advanced (EnerlinX Series),b80dc335dcbb4f6abbff52eb54415e9a_1.bin,GSTMT-000483,2026-06-26 00:11:35
SRC-000484,CGS-000330,b80dc335dcbb4f6abbff52eb54415e9a,EcoStruxure Panel Server Advanced (EnerlinX Series),b80dc335dcbb4f6abbff52eb54415e9a_2.bin,GSTMT-000484,2026-06-26 00:11:35
SRC-000485,CGS-000330,b80dc335dcbb4f6abbff52eb54415e9a,EcoStruxure Panel Server Advanced (EnerlinX Series),b80dc335dcbb4f6abbff52eb54415e9a_2.bin,GSTMT-000485,2026-06-26 00:11:35
SRC-000486,CGS-000330,b80dc335dcbb4f6abbff52eb54415e9a,EcoStruxure Panel Server Advanced (EnerlinX Series),b80dc335dcbb4f6abbff52eb54415e9a_2.bin,GSTMT-000486,2026-06-26 00:11:35
SRC-000487,CGS-000330,b80dc335dcbb4f6abbff52eb54415e9a,EcoStruxure Panel Server Advanced (EnerlinX Series),b80dc335dcbb4f6abbff52eb54415e9a_2.bin,GSTMT-000487,2026-06-26 00:11:35
SRC-000488,CGS-000331,b80dc335dcbb4f6abbff52eb54415e9a,EcoStruxure Panel Server Advanced (EnerlinX Series),b80dc335dcbb4f6abbff52eb54415e9a_3.bin,GSTMT-000488,2026-06-26 00:11:35
SRC-000489,CGS-000332,b80dc335dcbb4f6abbff52eb54415e9a,EcoStruxure Panel Server Advanced (EnerlinX Series),b80dc335dcbb4f6abbff52eb54415e9a_3.bin,GSTMT-000489,2026-06-26 00:11:35
SRC-000490,CGS-000333,b80dc335dcbb4f6abbff52eb54415e9a,EcoStruxure Panel Server Advanced (EnerlinX Series),b80dc335dcbb4f6abbff52eb54415e9a_3.bin,GSTMT-000490,2026-06-26 00:11:35
SRC-000491,CGS-000334,b80dc335dcbb4f6abbff52eb54415e9a,EcoStruxure Panel Server Advanced (EnerlinX Series),b80dc335dcbb4f6abbff52eb54415e9a_4.bin,GSTMT-000491,2026-06-26 00:11:35
SRC-000492,CGS-000335,b80dc335dcbb4f6abbff52eb54415e9a,EcoStruxure Panel Server Advanced (EnerlinX Series),b80dc335dcbb4f6abbff52eb54415e9a_4.bin,GSTMT-000492,2026-06-26 00:11:35
SRC-000493,CGS-000336,b80dc335dcbb4f6abbff52eb54415e9a,EcoStruxure Panel Server Advanced (EnerlinX Series),b80dc335dcbb4f6abbff52eb54415e9a_4.bin,GSTMT-000493,2026-06-26 00:11:35
SRC-000494,CGS-000337,b80dc335dcbb4f6abbff52eb54415e9a,EcoStruxure Panel Server Advanced (EnerlinX Series),b80dc335dcbb4f6abbff52eb54415e9a_4.bin,GSTMT-000494,2026-06-26 00:11:35
SRC-000495,CGS-000338,b80dc335dcbb4f6abbff52eb54415e9a,EcoStruxure Panel Server Advanced (EnerlinX Series),b80dc335dcbb4f6abbff52eb54415e9a_4.bin,GSTMT-000495,2026-06-26 00:11:35
SRC-000496,CGS-000339,b80dc335dcbb4f6abbff52eb54415e9a,EcoStruxure Panel Server Advanced (EnerlinX Series),b80dc335dcbb4f6abbff52eb54415e9a_5.bin,GSTMT-000496,2026-06-26 00:11:35
SRC-000497,CGS-000340,b80dc335dcbb4f6abbff52eb54415e9a,EcoStruxure Panel Server Advanced (EnerlinX Series),b80dc335dcbb4f6abbff52eb54415e9a_5.bin,GSTMT-000497,2026-06-26 00:11:35
SRC-000498,CGS-000341,b80dc335dcbb4f6abbff52eb54415e9a,EcoStruxure Panel Server Advanced (EnerlinX Series),b80dc335dcbb4f6abbff52eb54415e9a_5.bin,GSTMT-000498,2026-06-26 00:11:35
SRC-000499,CGS-000342,b80dc335dcbb4f6abbff52eb54415e9a,EcoStruxure Panel Server Advanced (EnerlinX Series),b80dc335dcbb4f6abbff52eb54415e9a_5.bin,GSTMT-000499,2026-06-26 00:11:35
SRC-000500,CGS-000343,b80dc335dcbb4f6abbff52eb54415e9a,EcoStruxure Panel Server Advanced (EnerlinX Series),b80dc335dcbb4f6abbff52eb54415e9a_5.bin,GSTMT-000500,2026-06-26 00:11:35
SRC-000501,CGS-000344,b80dc335dcbb4f6abbff52eb54415e9a,EcoStruxure Panel Server Advanced (EnerlinX Series),b80dc335dcbb4f6abbff52eb54415e9a_5.bin,GSTMT-000501,2026-06-26 00:11:35
SRC-000502,CGS-000345,b80dc335dcbb4f6abbff52eb54415e9a,EcoStruxure Panel Server Advanced (EnerlinX Series),b80dc335dcbb4f6abbff52eb54415e9a_5.bin,GSTMT-000502,2026-06-26 00:11:35
SRC-000503,CGS-000346,b1c5dab7c7e14227b62fa4e78e478d2a,Repair BEQ HP135,b1c5dab7c7e14227b62fa4e78e478d2a_1.bin,GSTMT-000503,2026-06-26 00:11:35
SRC-000504,CGS-000347,b1c5dab7c7e14227b62fa4e78e478d2a,Repair BEQ HP135,b1c5dab7c7e14227b62fa4e78e478d2a_1.bin,GSTMT-000504,2026-06-26 00:11:35
SRC-000505,CGS-000348,b1c5dab7c7e14227b62fa4e78e478d2a,Repair BEQ HP135,b1c5dab7c7e14227b62fa4e78e478d2a_1.bin,GSTMT-000505,2026-06-26 00:11:35
SRC-000506,CGS-000349,b1c5dab7c7e14227b62fa4e78e478d2a,Repair BEQ HP135,b1c5dab7c7e14227b62fa4e78e478d2a_2.bin,GSTMT-000506,2026-06-26 00:11:35
SRC-000507,CGS-000350,b1c5dab7c7e14227b62fa4e78e478d2a,Repair BEQ HP135,b1c5dab7c7e14227b62fa4e78e478d2a_2.bin,GSTMT-000507,2026-06-26 00:11:35
SRC-000508,CGS-000351,b1c5dab7c7e14227b62fa4e78e478d2a,Repair BEQ HP135,b1c5dab7c7e14227b62fa4e78e478d2a_3.bin,GSTMT-000508,2026-06-26 00:11:35
SRC-000509,CGS-000352,b1c5dab7c7e14227b62fa4e78e478d2a,Repair BEQ HP135,b1c5dab7c7e14227b62fa4e78e478d2a_3.bin,GSTMT-000509,2026-06-26 00:11:35
SRC-000510,CGS-000353,b1c5dab7c7e14227b62fa4e78e478d2a,Repair BEQ HP135,b1c5dab7c7e14227b62fa4e78e478d2a_4.bin,GSTMT-000510,2026-06-26 00:11:35
SRC-000511,CGS-000354,b1c5dab7c7e14227b62fa4e78e478d2a,Repair BEQ HP135,b1c5dab7c7e14227b62fa4e78e478d2a_4.bin,GSTMT-000511,2026-06-26 00:11:35
SRC-000512,CGS-000355,b1c5dab7c7e14227b62fa4e78e478d2a,Repair BEQ HP135,b1c5dab7c7e14227b62fa4e78e478d2a_4.bin,GSTMT-000512,2026-06-26 00:11:35
SRC-000513,CGS-000356,b1c5dab7c7e14227b62fa4e78e478d2a,Repair BEQ HP135,b1c5dab7c7e14227b62fa4e78e478d2a_4.bin,GSTMT-000513,2026-06-26 00:11:35
SRC-000514,CGS-000357,b1c5dab7c7e14227b62fa4e78e478d2a,Repair BEQ HP135,b1c5dab7c7e14227b62fa4e78e478d2a_5.bin,GSTMT-000514,2026-06-26 00:11:35
SRC-000515,CGS-000358,b1c5dab7c7e14227b62fa4e78e478d2a,Repair BEQ HP135,b1c5dab7c7e14227b62fa4e78e478d2a_5.bin,GSTMT-000515,2026-06-26 00:11:35
SRC-000516,CGS-000359,b1c5dab7c7e14227b62fa4e78e478d2a,Repair BEQ HP135,b1c5dab7c7e14227b62fa4e78e478d2a_5.bin,GSTMT-000516,2026-06-26 00:11:35
SRC-000517,CGS-000360,b1c5dab7c7e14227b62fa4e78e478d2a,Repair BEQ HP135,b1c5dab7c7e14227b62fa4e78e478d2a_5.bin,GSTMT-000517,2026-06-26 00:11:35
SRC-000518,CGS-000361,b1c5dab7c7e14227b62fa4e78e478d2a,Repair BEQ HP135,b1c5dab7c7e14227b62fa4e78e478d2a_7.bin,GSTMT-000518,2026-06-26 00:11:35
SRC-000519,CGS-000362,b1c5dab7c7e14227b62fa4e78e478d2a,Repair BEQ HP135,b1c5dab7c7e14227b62fa4e78e478d2a_7.bin,GSTMT-000519,2026-06-26 00:11:35
SRC-000520,CGS-000363,b1c5dab7c7e14227b62fa4e78e478d2a,Repair BEQ HP135,b1c5dab7c7e14227b62fa4e78e478d2a_7.bin,GSTMT-000520,2026-06-26 00:11:35
SRC-000521,CGS-000364,b1c5dab7c7e14227b62fa4e78e478d2a,Repair BEQ HP135,b1c5dab7c7e14227b62fa4e78e478d2a_8.bin,GSTMT-000521,2026-06-26 00:11:35
SRC-000522,CGS-000365,b1c5dab7c7e14227b62fa4e78e478d2a,Repair BEQ HP135,b1c5dab7c7e14227b62fa4e78e478d2a_8.bin,GSTMT-000522,2026-06-26 00:11:35
SRC-000523,CGS-000365,b1c5dab7c7e14227b62fa4e78e478d2a,Repair BEQ HP135,b1c5dab7c7e14227b62fa4e78e478d2a_8.bin,GSTMT-000523,2026-06-26 00:11:35
SRC-000524,CGS-000366,b1c5dab7c7e14227b62fa4e78e478d2a,Repair BEQ HP135,b1c5dab7c7e14227b62fa4e78e478d2a_8.bin,GSTMT-000524,2026-06-26 00:11:35
SRC-000525,CGS-000367,b1c5dab7c7e14227b62fa4e78e478d2a,Repair BEQ HP135,b1c5dab7c7e14227b62fa4e78e478d2a_8.bin,GSTMT-000525,2026-06-26 00:11:35
SRC-000526,CGS-000368,b1c5dab7c7e14227b62fa4e78e478d2a,Repair BEQ HP135,b1c5dab7c7e14227b62fa4e78e478d2a_9.bin,GSTMT-000526,2026-06-26 00:11:35
SRC-000527,CGS-000369,b1c5dab7c7e14227b62fa4e78e478d2a,Repair BEQ HP135,b1c5dab7c7e14227b62fa4e78e478d2a_9.bin,GSTMT-000527,2026-06-26 00:11:35
SRC-000528,CGS-000370,b1c5dab7c7e14227b62fa4e78e478d2a,Repair BEQ HP135,b1c5dab7c7e14227b62fa4e78e478d2a_9.bin,GSTMT-000528,2026-06-26 00:11:35
SRC-000529,CGS-000370,b1c5dab7c7e14227b62fa4e78e478d2a,Repair BEQ HP135,b1c5dab7c7e14227b62fa4e78e478d2a_9.bin,GSTMT-000529,2026-06-26 00:11:35
SRC-000530,CGS-000371,b1c5dab7c7e14227b62fa4e78e478d2a,Repair BEQ HP135,b1c5dab7c7e14227b62fa4e78e478d2a_9.bin,GSTMT-000530,2026-06-26 00:11:35
SRC-000531,CGS-000372,b1c5dab7c7e14227b62fa4e78e478d2a,Repair BEQ HP135,b1c5dab7c7e14227b62fa4e78e478d2a_9.bin,GSTMT-000531,2026-06-26 00:11:35
SRC-000532,CGS-000373,a466be2cf94e451f8b4b88177dd2f9dc,Secure Document Destruction - No Cost,a466be2cf94e451f8b4b88177dd2f9dc_1.bin,GSTMT-000532,2026-06-26 00:11:35
SRC-000533,CGS-000374,a466be2cf94e451f8b4b88177dd2f9dc,Secure Document Destruction - No Cost,a466be2cf94e451f8b4b88177dd2f9dc_1.bin,GSTMT-000533,2026-06-26 00:11:35
SRC-000534,CGS-000375,a466be2cf94e451f8b4b88177dd2f9dc,Secure Document Destruction - No Cost,a466be2cf94e451f8b4b88177dd2f9dc_1.bin,GSTMT-000534,2026-06-26 00:11:35
SRC-000535,CGS-000375,a466be2cf94e451f8b4b88177dd2f9dc,Secure Document Destruction - No Cost,a466be2cf94e451f8b4b88177dd2f9dc_1.bin,GSTMT-000535,2026-06-26 00:11:35
SRC-000536,CGS-000376,a466be2cf94e451f8b4b88177dd2f9dc,Secure Document Destruction - No Cost,a466be2cf94e451f8b4b88177dd2f9dc_1.bin,GSTMT-000536,2026-06-26 00:11:35
SRC-000537,CGS-000376,a466be2cf94e451f8b4b88177dd2f9dc,Secure Document Destruction - No Cost,a466be2cf94e451f8b4b88177dd2f9dc_1.bin,GSTMT-000537,2026-06-26 00:11:35
SRC-000538,CGS-000377,a466be2cf94e451f8b4b88177dd2f9dc,Secure Document Destruction - No Cost,a466be2cf94e451f8b4b88177dd2f9dc_1.bin,GSTMT-000538,2026-06-26 00:11:35
SRC-000539,CGS-000378,a466be2cf94e451f8b4b88177dd2f9dc,Secure Document Destruction - No Cost,a466be2cf94e451f8b4b88177dd2f9dc_3.bin,GSTMT-000539,2026-06-26 00:11:35
SRC-000540,CGS-000378,a466be2cf94e451f8b4b88177dd2f9dc,Secure Document Destruction - No Cost,a466be2cf94e451f8b4b88177dd2f9dc_3.bin,GSTMT-000540,2026-06-26 00:11:35
SRC-000541,CGS-000379,a466be2cf94e451f8b4b88177dd2f9dc,Secure Document Destruction - No Cost,a466be2cf94e451f8b4b88177dd2f9dc_3.bin,GSTMT-000541,2026-06-26 00:11:35
SRC-000542,CGS-000379,a466be2cf94e451f8b4b88177dd2f9dc,Secure Document Destruction - No Cost,a466be2cf94e451f8b4b88177dd2f9dc_3.bin,GSTMT-000542,2026-06-26 00:11:35
SRC-000543,CGS-000378,a466be2cf94e451f8b4b88177dd2f9dc,Secure Document Destruction - No Cost,a466be2cf94e451f8b4b88177dd2f9dc_4.bin,GSTMT-000543,2026-06-26 00:11:35
SRC-000544,CGS-000378,a466be2cf94e451f8b4b88177dd2f9dc,Secure Document Destruction - No Cost,a466be2cf94e451f8b4b88177dd2f9dc_4.bin,GSTMT-000544,2026-06-26 00:11:35
SRC-000545,CGS-000380,a466be2cf94e451f8b4b88177dd2f9dc,Secure Document Destruction - No Cost,a466be2cf94e451f8b4b88177dd2f9dc_4.bin,GSTMT-000545,2026-06-26 00:11:35
SRC-000546,CGS-000380,a466be2cf94e451f8b4b88177dd2f9dc,Secure Document Destruction - No Cost,a466be2cf94e451f8b4b88177dd2f9dc_4.bin,GSTMT-000546,2026-06-26 00:11:35
SRC-000547,CGS-000378,a466be2cf94e451f8b4b88177dd2f9dc,Secure Document Destruction - No Cost,a466be2cf94e451f8b4b88177dd2f9dc_5.bin,GSTMT-000547,2026-06-26 00:11:35
SRC-000548,CGS-000378,a466be2cf94e451f8b4b88177dd2f9dc,Secure Document Destruction - No Cost,a466be2cf94e451f8b4b88177dd2f9dc_5.bin,GSTMT-000548,2026-06-26 00:11:35
SRC-000549,CGS-000381,a466be2cf94e451f8b4b88177dd2f9dc,Secure Document Destruction - No Cost,a466be2cf94e451f8b4b88177dd2f9dc_5.bin,GSTMT-000549,2026-06-26 00:11:35
SRC-000550,CGS-000381,a466be2cf94e451f8b4b88177dd2f9dc,Secure Document Destruction - No Cost,a466be2cf94e451f8b4b88177dd2f9dc_5.bin,GSTMT-000550,2026-06-26 00:11:35
SRC-000551,CGS-000378,a466be2cf94e451f8b4b88177dd2f9dc,Secure Document Destruction - No Cost,a466be2cf94e451f8b4b88177dd2f9dc_6.bin,GSTMT-000551,2026-06-26 00:11:35
SRC-000552,CGS-000378,a466be2cf94e451f8b4b88177dd2f9dc,Secure Document Destruction - No Cost,a466be2cf94e451f8b4b88177dd2f9dc_6.bin,GSTMT-000552,2026-06-26 00:11:35
SRC-000553,CGS-000382,a466be2cf94e451f8b4b88177dd2f9dc,Secure Document Destruction - No Cost,a466be2cf94e451f8b4b88177dd2f9dc_6.bin,GSTMT-000553,2026-06-26 00:11:35
SRC-000554,CGS-000382,a466be2cf94e451f8b4b88177dd2f9dc,Secure Document Destruction - No Cost,a466be2cf94e451f8b4b88177dd2f9dc_6.bin,GSTMT-000554,2026-06-26 00:11:35
SRC-000555,CGS-000378,a466be2cf94e451f8b4b88177dd2f9dc,Secure Document Destruction - No Cost,a466be2cf94e451f8b4b88177dd2f9dc_7.bin,GSTMT-000555,2026-06-26 00:11:35
SRC-000556,CGS-000378,a466be2cf94e451f8b4b88177dd2f9dc,Secure Document Destruction - No Cost,a466be2cf94e451f8b4b88177dd2f9dc_7.bin,GSTMT-000556,2026-06-26 00:11:35
SRC-000557,CGS-000380,a466be2cf94e451f8b4b88177dd2f9dc,Secure Document Destruction - No Cost,a466be2cf94e451f8b4b88177dd2f9dc_7.bin,GSTMT-000557,2026-06-26 00:11:35
SRC-000558,CGS-000380,a466be2cf94e451f8b4b88177dd2f9dc,Secure Document Destruction - No Cost,a466be2cf94e451f8b4b88177dd2f9dc_7.bin,GSTMT-000558,2026-06-26 00:11:35
SRC-000559,CGS-000378,a466be2cf94e451f8b4b88177dd2f9dc,Secure Document Destruction - No Cost,a466be2cf94e451f8b4b88177dd2f9dc_8.bin,GSTMT-000559,2026-06-26 00:11:35
SRC-000560,CGS-000378,a466be2cf94e451f8b4b88177dd2f9dc,Secure Document Destruction - No Cost,a466be2cf94e451f8b4b88177dd2f9dc_8.bin,GSTMT-000560,2026-06-26 00:11:35
SRC-000561,CGS-000383,a466be2cf94e451f8b4b88177dd2f9dc,Secure Document Destruction - No Cost,a466be2cf94e451f8b4b88177dd2f9dc_8.bin,GSTMT-000561,2026-06-26 00:11:35
SRC-000562,CGS-000384,a3e0948c660849a5815153897d456f7d,EcoStruxure Panel Server Wired by Design (a universal concentrator Modbus gateway),a3e0948c660849a5815153897d456f7d_1.bin,GSTMT-000562,2026-06-26 00:11:35
SRC-000563,CGS-000384,a3e0948c660849a5815153897d456f7d,EcoStruxure Panel Server Wired by Design (a universal concentrator Modbus gateway),a3e0948c660849a5815153897d456f7d_1.bin,GSTMT-000563,2026-06-26 00:11:35
SRC-000564,CGS-000384,a3e0948c660849a5815153897d456f7d,EcoStruxure Panel Server Wired by Design (a universal concentrator Modbus gateway),a3e0948c660849a5815153897d456f7d_1.bin,GSTMT-000564,2026-06-26 00:11:35
SRC-000565,CGS-000384,a3e0948c660849a5815153897d456f7d,EcoStruxure Panel Server Wired by Design (a universal concentrator Modbus gateway),a3e0948c660849a5815153897d456f7d_1.bin,GSTMT-000565,2026-06-26 00:11:35
SRC-000566,CGS-000339,a3e0948c660849a5815153897d456f7d,EcoStruxure Panel Server Wired by Design (a universal concentrator Modbus gateway),a3e0948c660849a5815153897d456f7d_2.bin,GSTMT-000566,2026-06-26 00:11:35
SRC-000567,CGS-000340,a3e0948c660849a5815153897d456f7d,EcoStruxure Panel Server Wired by Design (a universal concentrator Modbus gateway),a3e0948c660849a5815153897d456f7d_2.bin,GSTMT-000567,2026-06-26 00:11:35
SRC-000568,CGS-000341,a3e0948c660849a5815153897d456f7d,EcoStruxure Panel Server Wired by Design (a universal concentrator Modbus gateway),a3e0948c660849a5815153897d456f7d_2.bin,GSTMT-000568,2026-06-26 00:11:35
SRC-000569,CGS-000342,a3e0948c660849a5815153897d456f7d,EcoStruxure Panel Server Wired by Design (a universal concentrator Modbus gateway),a3e0948c660849a5815153897d456f7d_2.bin,GSTMT-000569,2026-06-26 00:11:35
SRC-000570,CGS-000343,a3e0948c660849a5815153897d456f7d,EcoStruxure Panel Server Wired by Design (a universal concentrator Modbus gateway),a3e0948c660849a5815153897d456f7d_2.bin,GSTMT-000570,2026-06-26 00:11:35
SRC-000571,CGS-000344,a3e0948c660849a5815153897d456f7d,EcoStruxure Panel Server Wired by Design (a universal concentrator Modbus gateway),a3e0948c660849a5815153897d456f7d_2.bin,GSTMT-000571,2026-06-26 00:11:35
SRC-000572,CGS-000345,a3e0948c660849a5815153897d456f7d,EcoStruxure Panel Server Wired by Design (a universal concentrator Modbus gateway),a3e0948c660849a5815153897d456f7d_2.bin,GSTMT-000572,2026-06-26 00:11:35
SRC-000573,CGS-000385,a3e0948c660849a5815153897d456f7d,EcoStruxure Panel Server Wired by Design (a universal concentrator Modbus gateway),a3e0948c660849a5815153897d456f7d_3.bin,GSTMT-000573,2026-06-26 00:11:35
SRC-000574,CGS-000385,a3e0948c660849a5815153897d456f7d,EcoStruxure Panel Server Wired by Design (a universal concentrator Modbus gateway),a3e0948c660849a5815153897d456f7d_3.bin,GSTMT-000574,2026-06-26 00:11:35
SRC-000575,CGS-000385,a3e0948c660849a5815153897d456f7d,EcoStruxure Panel Server Wired by Design (a universal concentrator Modbus gateway),a3e0948c660849a5815153897d456f7d_3.bin,GSTMT-000575,2026-06-26 00:11:35
SRC-000576,CGS-000324,a3e0948c660849a5815153897d456f7d,EcoStruxure Panel Server Wired by Design (a universal concentrator Modbus gateway),a3e0948c660849a5815153897d456f7d_3.bin,GSTMT-000576,2026-06-26 00:11:35
SRC-000577,CGS-000324,a3e0948c660849a5815153897d456f7d,EcoStruxure Panel Server Wired by Design (a universal concentrator Modbus gateway),a3e0948c660849a5815153897d456f7d_3.bin,GSTMT-000577,2026-06-26 00:11:35
SRC-000578,CGS-000325,a3e0948c660849a5815153897d456f7d,EcoStruxure Panel Server Wired by Design (a universal concentrator Modbus gateway),a3e0948c660849a5815153897d456f7d_3.bin,GSTMT-000578,2026-06-26 00:11:35
SRC-000579,CGS-000325,a3e0948c660849a5815153897d456f7d,EcoStruxure Panel Server Wired by Design (a universal concentrator Modbus gateway),a3e0948c660849a5815153897d456f7d_3.bin,GSTMT-000579,2026-06-26 00:11:35
SRC-000580,CGS-000386,a3e0948c660849a5815153897d456f7d,EcoStruxure Panel Server Wired by Design (a universal concentrator Modbus gateway),a3e0948c660849a5815153897d456f7d_3.bin,GSTMT-000580,2026-06-26 00:11:35
SRC-000581,CGS-000327,a3e0948c660849a5815153897d456f7d,EcoStruxure Panel Server Wired by Design (a universal concentrator Modbus gateway),a3e0948c660849a5815153897d456f7d_3.bin,GSTMT-000581,2026-06-26 00:11:35
SRC-000582,CGS-000328,a3e0948c660849a5815153897d456f7d,EcoStruxure Panel Server Wired by Design (a universal concentrator Modbus gateway),a3e0948c660849a5815153897d456f7d_3.bin,GSTMT-000582,2026-06-26 00:11:35
SRC-000583,CGS-000328,a3e0948c660849a5815153897d456f7d,EcoStruxure Panel Server Wired by Design (a universal concentrator Modbus gateway),a3e0948c660849a5815153897d456f7d_3.bin,GSTMT-000583,2026-06-26 00:11:35
SRC-000584,CGS-000328,a3e0948c660849a5815153897d456f7d,EcoStruxure Panel Server Wired by Design (a universal concentrator Modbus gateway),a3e0948c660849a5815153897d456f7d_3.bin,GSTMT-000584,2026-06-26 00:11:35
SRC-000585,CGS-000387,a3e0948c660849a5815153897d456f7d,EcoStruxure Panel Server Wired by Design (a universal concentrator Modbus gateway),a3e0948c660849a5815153897d456f7d_3.bin,GSTMT-000585,2026-06-26 00:11:35
SRC-000586,CGS-000331,a3e0948c660849a5815153897d456f7d,EcoStruxure Panel Server Wired by Design (a universal concentrator Modbus gateway),a3e0948c660849a5815153897d456f7d_4.bin,GSTMT-000586,2026-06-26 00:11:35
SRC-000587,CGS-000332,a3e0948c660849a5815153897d456f7d,EcoStruxure Panel Server Wired by Design (a universal concentrator Modbus gateway),a3e0948c660849a5815153897d456f7d_4.bin,GSTMT-000587,2026-06-26 00:11:35
SRC-000588,CGS-000333,a3e0948c660849a5815153897d456f7d,EcoStruxure Panel Server Wired by Design (a universal concentrator Modbus gateway),a3e0948c660849a5815153897d456f7d_4.bin,GSTMT-000588,2026-06-26 00:11:35
SRC-000589,CGS-000334,a3e0948c660849a5815153897d456f7d,EcoStruxure Panel Server Wired by Design (a universal concentrator Modbus gateway),a3e0948c660849a5815153897d456f7d_5.bin,GSTMT-000589,2026-06-26 00:11:35
SRC-000590,CGS-000335,a3e0948c660849a5815153897d456f7d,EcoStruxure Panel Server Wired by Design (a universal concentrator Modbus gateway),a3e0948c660849a5815153897d456f7d_5.bin,GSTMT-000590,2026-06-26 00:11:35
SRC-000591,CGS-000336,a3e0948c660849a5815153897d456f7d,EcoStruxure Panel Server Wired by Design (a universal concentrator Modbus gateway),a3e0948c660849a5815153897d456f7d_5.bin,GSTMT-000591,2026-06-26 00:11:35
SRC-000592,CGS-000337,a3e0948c660849a5815153897d456f7d,EcoStruxure Panel Server Wired by Design (a universal concentrator Modbus gateway),a3e0948c660849a5815153897d456f7d_5.bin,GSTMT-000592,2026-06-26 00:11:35
SRC-000593,CGS-000338,a3e0948c660849a5815153897d456f7d,EcoStruxure Panel Server Wired by Design (a universal concentrator Modbus gateway),a3e0948c660849a5815153897d456f7d_5.bin,GSTMT-000593,2026-06-26 00:11:35
SRC-000594,CGS-000277,9bca2be24fb64fbe833ab48ae2b41b2a,Atlanta Job Corps Center Caretaker and Security Services,9bca2be24fb64fbe833ab48ae2b41b2a_1.bin,GSTMT-000594,2026-06-26 00:11:35
SRC-000595,CGS-000388,9bca2be24fb64fbe833ab48ae2b41b2a,Atlanta Job Corps Center Caretaker and Security Services,9bca2be24fb64fbe833ab48ae2b41b2a_1.bin,GSTMT-000595,2026-06-26 00:11:35
SRC-000596,CGS-000389,9bca2be24fb64fbe833ab48ae2b41b2a,Atlanta Job Corps Center Caretaker and Security Services,9bca2be24fb64fbe833ab48ae2b41b2a_1.bin,GSTMT-000596,2026-06-26 00:11:35
SRC-000597,CGS-000313,9bca2be24fb64fbe833ab48ae2b41b2a,Atlanta Job Corps Center Caretaker and Security Services,9bca2be24fb64fbe833ab48ae2b41b2a_1.bin,GSTMT-000597,2026-06-26 00:11:35
SRC-000598,CGS-000016,9bca2be24fb64fbe833ab48ae2b41b2a,Atlanta Job Corps Center Caretaker and Security Services,9bca2be24fb64fbe833ab48ae2b41b2a_1.bin,GSTMT-000598,2026-06-26 00:11:35
SRC-000599,CGS-000017,9bca2be24fb64fbe833ab48ae2b41b2a,Atlanta Job Corps Center Caretaker and Security Services,9bca2be24fb64fbe833ab48ae2b41b2a_1.bin,GSTMT-000599,2026-06-26 00:11:35
SRC-000600,CGS-000018,9bca2be24fb64fbe833ab48ae2b41b2a,Atlanta Job Corps Center Caretaker and Security Services,9bca2be24fb64fbe833ab48ae2b41b2a_1.bin,GSTMT-000600,2026-06-26 00:11:35
SRC-000601,CGS-000019,9bca2be24fb64fbe833ab48ae2b41b2a,Atlanta Job Corps Center Caretaker and Security Services,9bca2be24fb64fbe833ab48ae2b41b2a_1.bin,GSTMT-000601,2026-06-26 00:11:35
SRC-000602,CGS-000390,9bca2be24fb64fbe833ab48ae2b41b2a,Atlanta Job Corps Center Caretaker and Security Services,9bca2be24fb64fbe833ab48ae2b41b2a_2.bin,GSTMT-000602,2026-06-26 00:11:35
SRC-000603,CGS-000391,9bca2be24fb64fbe833ab48ae2b41b2a,Atlanta Job Corps Center Caretaker and Security Services,9bca2be24fb64fbe833ab48ae2b41b2a_2.bin,GSTMT-000603,2026-06-26 00:11:35
SRC-000604,CGS-000392,9bca2be24fb64fbe833ab48ae2b41b2a,Atlanta Job Corps Center Caretaker and Security Services,9bca2be24fb64fbe833ab48ae2b41b2a_2.bin,GSTMT-000604,2026-06-26 00:11:35
SRC-000605,CGS-000393,9bca2be24fb64fbe833ab48ae2b41b2a,Atlanta Job Corps Center Caretaker and Security Services,9bca2be24fb64fbe833ab48ae2b41b2a_2.bin,GSTMT-000605,2026-06-26 00:11:35
SRC-000606,CGS-000394,9bca2be24fb64fbe833ab48ae2b41b2a,Atlanta Job Corps Center Caretaker and Security Services,9bca2be24fb64fbe833ab48ae2b41b2a_2.bin,GSTMT-000606,2026-06-26 00:11:35
SRC-000607,CGS-000395,9bca2be24fb64fbe833ab48ae2b41b2a,Atlanta Job Corps Center Caretaker and Security Services,9bca2be24fb64fbe833ab48ae2b41b2a_2.bin,GSTMT-000607,2026-06-26 00:11:35
SRC-000608,CGS-000396,9bca2be24fb64fbe833ab48ae2b41b2a,Atlanta Job Corps Center Caretaker and Security Services,9bca2be24fb64fbe833ab48ae2b41b2a_2.bin,GSTMT-000608,2026-06-26 00:11:35
SRC-000609,CGS-000397,9bca2be24fb64fbe833ab48ae2b41b2a,Atlanta Job Corps Center Caretaker and Security Services,9bca2be24fb64fbe833ab48ae2b41b2a_2.bin,GSTMT-000609,2026-06-26 00:11:35
SRC-000610,CGS-000398,9bca2be24fb64fbe833ab48ae2b41b2a,Atlanta Job Corps Center Caretaker and Security Services,9bca2be24fb64fbe833ab48ae2b41b2a_3.bin,GSTMT-000610,2026-06-26 00:11:35
SRC-000611,CGS-000399,9bca2be24fb64fbe833ab48ae2b41b2a,Atlanta Job Corps Center Caretaker and Security Services,9bca2be24fb64fbe833ab48ae2b41b2a_3.bin,GSTMT-000611,2026-06-26 00:11:35
SRC-000612,CGS-000400,9bca2be24fb64fbe833ab48ae2b41b2a,Atlanta Job Corps Center Caretaker and Security Services,9bca2be24fb64fbe833ab48ae2b41b2a_3.bin,GSTMT-000612,2026-06-26 00:11:35
SRC-000613,CGS-000401,9bca2be24fb64fbe833ab48ae2b41b2a,Atlanta Job Corps Center Caretaker and Security Services,9bca2be24fb64fbe833ab48ae2b41b2a_3.bin,GSTMT-000613,2026-06-26 00:11:35
SRC-000614,CGS-000402,9bca2be24fb64fbe833ab48ae2b41b2a,Atlanta Job Corps Center Caretaker and Security Services,9bca2be24fb64fbe833ab48ae2b41b2a_5.bin,GSTMT-000614,2026-06-26 00:11:35
SRC-000615,CGS-000403,9bca2be24fb64fbe833ab48ae2b41b2a,Atlanta Job Corps Center Caretaker and Security Services,9bca2be24fb64fbe833ab48ae2b41b2a_5.bin,GSTMT-000615,2026-06-26 00:11:35
SRC-000616,CGS-000378,9bca2be24fb64fbe833ab48ae2b41b2a,Atlanta Job Corps Center Caretaker and Security Services,9bca2be24fb64fbe833ab48ae2b41b2a_6.bin,GSTMT-000616,2026-06-26 00:11:35
SRC-000617,CGS-000378,9bca2be24fb64fbe833ab48ae2b41b2a,Atlanta Job Corps Center Caretaker and Security Services,9bca2be24fb64fbe833ab48ae2b41b2a_6.bin,GSTMT-000617,2026-06-26 00:11:35
SRC-000618,CGS-000404,9bca2be24fb64fbe833ab48ae2b41b2a,Atlanta Job Corps Center Caretaker and Security Services,9bca2be24fb64fbe833ab48ae2b41b2a_6.bin,GSTMT-000618,2026-06-26 00:11:35
SRC-000619,CGS-000404,9bca2be24fb64fbe833ab48ae2b41b2a,Atlanta Job Corps Center Caretaker and Security Services,9bca2be24fb64fbe833ab48ae2b41b2a_6.bin,GSTMT-000619,2026-06-26 00:11:35
SRC-000620,CGS-000405,9bca2be24fb64fbe833ab48ae2b41b2a,Atlanta Job Corps Center Caretaker and Security Services,9bca2be24fb64fbe833ab48ae2b41b2a_7.bin,GSTMT-000620,2026-06-26 00:11:35
SRC-000621,CGS-000388,9bca2be24fb64fbe833ab48ae2b41b2a,Atlanta Job Corps Center Caretaker and Security Services,9bca2be24fb64fbe833ab48ae2b41b2a_7.bin,GSTMT-000621,2026-06-26 00:11:35
SRC-000622,CGS-000389,9bca2be24fb64fbe833ab48ae2b41b2a,Atlanta Job Corps Center Caretaker and Security Services,9bca2be24fb64fbe833ab48ae2b41b2a_7.bin,GSTMT-000622,2026-06-26 00:11:35
SRC-000623,CGS-000313,9bca2be24fb64fbe833ab48ae2b41b2a,Atlanta Job Corps Center Caretaker and Security Services,9bca2be24fb64fbe833ab48ae2b41b2a_7.bin,GSTMT-000623,2026-06-26 00:11:35
SRC-000624,CGS-000016,9bca2be24fb64fbe833ab48ae2b41b2a,Atlanta Job Corps Center Caretaker and Security Services,9bca2be24fb64fbe833ab48ae2b41b2a_7.bin,GSTMT-000624,2026-06-26 00:11:35
SRC-000625,CGS-000152,9bca2be24fb64fbe833ab48ae2b41b2a,Atlanta Job Corps Center Caretaker and Security Services,9bca2be24fb64fbe833ab48ae2b41b2a_7.bin,GSTMT-000625,2026-06-26 00:11:35
SRC-000626,CGS-000018,9bca2be24fb64fbe833ab48ae2b41b2a,Atlanta Job Corps Center Caretaker and Security Services,9bca2be24fb64fbe833ab48ae2b41b2a_7.bin,GSTMT-000626,2026-06-26 00:11:35
SRC-000627,CGS-000019,9bca2be24fb64fbe833ab48ae2b41b2a,Atlanta Job Corps Center Caretaker and Security Services,9bca2be24fb64fbe833ab48ae2b41b2a_7.bin,GSTMT-000627,2026-06-26 00:11:35
