named_requirement_id,taxonomy_id,family,category,canonical_name,matched_term,requirement_id,notice_id,opportunity_title,source_file,confidence
NREQ-000001,TAX-000037,evaluation_factor,source_selection,Past Performance,past performance,REQ-000004,4238a30a23b544cf94743e18c87feccb,Selective Service System Website Modernization,4238a30a23b544cf94743e18c87feccb_1.bin,0.8
NREQ-000002,TAX-000038,evaluation_factor,source_selection,Price,price,REQ-000004,4238a30a23b544cf94743e18c87feccb,Selective Service System Website Modernization,4238a30a23b544cf94743e18c87feccb_1.bin,0.8
NREQ-000003,TAX-000046,proposal_component,proposal_structure,Administrative Proposal,administrative proposal,REQ-000004,4238a30a23b544cf94743e18c87feccb,Selective Service System Website Modernization,4238a30a23b544cf94743e18c87feccb_1.bin,0.8
NREQ-000004,TAX-000047,proposal_component,proposal_structure,Technical Proposal,technical proposal,REQ-000004,4238a30a23b544cf94743e18c87feccb,Selective Service System Website Modernization,4238a30a23b544cf94743e18c87feccb_1.bin,0.8
NREQ-000005,TAX-000049,proposal_component,proposal_structure,Price Proposal,price proposal,REQ-000004,4238a30a23b544cf94743e18c87feccb,Selective Service System Website Modernization,4238a30a23b544cf94743e18c87feccb_1.bin,0.8
NREQ-000006,TAX-000050,proposal_component,proposal_structure,Contract Documentation,contract documentation,REQ-000004,4238a30a23b544cf94743e18c87feccb,Selective Service System Website Modernization,4238a30a23b544cf94743e18c87feccb_1.bin,0.8
NREQ-000007,TAX-000037,evaluation_factor,source_selection,Past Performance,past performance,REQ-000005,4238a30a23b544cf94743e18c87feccb,Selective Service System Website Modernization,4238a30a23b544cf94743e18c87feccb_1.bin,0.8
NREQ-000008,TAX-000038,evaluation_factor,source_selection,Price,price,REQ-000005,4238a30a23b544cf94743e18c87feccb,Selective Service System Website Modernization,4238a30a23b544cf94743e18c87feccb_1.bin,0.8
NREQ-000009,TAX-000046,proposal_component,proposal_structure,Administrative Proposal,administrative proposal,REQ-000005,4238a30a23b544cf94743e18c87feccb,Selective Service System Website Modernization,4238a30a23b544cf94743e18c87feccb_1.bin,0.8
NREQ-000010,TAX-000047,proposal_component,proposal_structure,Technical Proposal,technical proposal,REQ-000005,4238a30a23b544cf94743e18c87feccb,Selective Service System Website Modernization,4238a30a23b544cf94743e18c87feccb_1.bin,0.8
NREQ-000011,TAX-000049,proposal_component,proposal_structure,Price Proposal,price proposal,REQ-000005,4238a30a23b544cf94743e18c87feccb,Selective Service System Website Modernization,4238a30a23b544cf94743e18c87feccb_1.bin,0.8
NREQ-000012,TAX-000050,proposal_component,proposal_structure,Contract Documentation,contract documentation,REQ-000005,4238a30a23b544cf94743e18c87feccb,Selective Service System Website Modernization,4238a30a23b544cf94743e18c87feccb_1.bin,0.8
NREQ-000013,TAX-000037,evaluation_factor,source_selection,Past Performance,past performance,REQ-000006,4238a30a23b544cf94743e18c87feccb,Selective Service System Website Modernization,4238a30a23b544cf94743e18c87feccb_1.bin,0.8
NREQ-000014,TAX-000038,evaluation_factor,source_selection,Price,price,REQ-000006,4238a30a23b544cf94743e18c87feccb,Selective Service System Website Modernization,4238a30a23b544cf94743e18c87feccb_1.bin,0.8
NREQ-000015,TAX-000046,proposal_component,proposal_structure,Administrative Proposal,administrative proposal,REQ-000006,4238a30a23b544cf94743e18c87feccb,Selective Service System Website Modernization,4238a30a23b544cf94743e18c87feccb_1.bin,0.8
NREQ-000016,TAX-000047,proposal_component,proposal_structure,Technical Proposal,technical proposal,REQ-000006,4238a30a23b544cf94743e18c87feccb,Selective Service System Website Modernization,4238a30a23b544cf94743e18c87feccb_1.bin,0.8
NREQ-000017,TAX-000049,proposal_component,proposal_structure,Price Proposal,price proposal,REQ-000006,4238a30a23b544cf94743e18c87feccb,Selective Service System Website Modernization,4238a30a23b544cf94743e18c87feccb_1.bin,0.8
NREQ-000018,TAX-000050,proposal_component,proposal_structure,Contract Documentation,contract documentation,REQ-000006,4238a30a23b544cf94743e18c87feccb,Selective Service System Website Modernization,4238a30a23b544cf94743e18c87feccb_1.bin,0.8
NREQ-000019,TAX-000037,evaluation_factor,source_selection,Past Performance,past performance,REQ-000007,4238a30a23b544cf94743e18c87feccb,Selective Service System Website Modernization,4238a30a23b544cf94743e18c87feccb_1.bin,0.8
NREQ-000020,TAX-000038,evaluation_factor,source_selection,Price,price,REQ-000007,4238a30a23b544cf94743e18c87feccb,Selective Service System Website Modernization,4238a30a23b544cf94743e18c87feccb_1.bin,0.8
NREQ-000021,TAX-000046,proposal_component,proposal_structure,Administrative Proposal,administrative proposal,REQ-000007,4238a30a23b544cf94743e18c87feccb,Selective Service System Website Modernization,4238a30a23b544cf94743e18c87feccb_1.bin,0.8
NREQ-000022,TAX-000047,proposal_component,proposal_structure,Technical Proposal,technical proposal,REQ-000007,4238a30a23b544cf94743e18c87feccb,Selective Service System Website Modernization,4238a30a23b544cf94743e18c87feccb_1.bin,0.8
NREQ-000023,TAX-000049,proposal_component,proposal_structure,Price Proposal,price proposal,REQ-000007,4238a30a23b544cf94743e18c87feccb,Selective Service System Website Modernization,4238a30a23b544cf94743e18c87feccb_1.bin,0.8
NREQ-000024,TAX-000050,proposal_component,proposal_structure,Contract Documentation,contract documentation,REQ-000007,4238a30a23b544cf94743e18c87feccb,Selective Service System Website Modernization,4238a30a23b544cf94743e18c87feccb_1.bin,0.8
NREQ-000025,TAX-000050,proposal_component,proposal_structure,Contract Documentation,contract documentation,REQ-000008,4238a30a23b544cf94743e18c87feccb,Selective Service System Website Modernization,4238a30a23b544cf94743e18c87feccb_1.bin,0.85
NREQ-000026,TAX-000043,evaluation_factor,source_selection,Compliance,compliance,REQ-000009,4238a30a23b544cf94743e18c87feccb,Selective Service System Website Modernization,4238a30a23b544cf94743e18c87feccb_1.bin,0.7
NREQ-000027,TAX-000037,evaluation_factor,source_selection,Past Performance,past performance,REQ-000017,4238a30a23b544cf94743e18c87feccb,Selective Service System Website Modernization,4238a30a23b544cf94743e18c87feccb_1.bin,0.75
NREQ-000028,TAX-000037,evaluation_factor,source_selection,Past Performance,past performance,REQ-000018,4238a30a23b544cf94743e18c87feccb,Selective Service System Website Modernization,4238a30a23b544cf94743e18c87feccb_1.bin,0.75
NREQ-000029,TAX-000037,evaluation_factor,source_selection,Past Performance,past performance,REQ-000019,4238a30a23b544cf94743e18c87feccb,Selective Service System Website Modernization,4238a30a23b544cf94743e18c87feccb_1.bin,0.75
NREQ-000030,TAX-000006,certification,federal_cloud,FedRAMP,fedramp,REQ-000022,4238a30a23b544cf94743e18c87feccb,Selective Service System Website Modernization,4238a30a23b544cf94743e18c87feccb_1.bin,0.65
NREQ-000031,TAX-000038,evaluation_factor,source_selection,Price,price,REQ-000023,4238a30a23b544cf94743e18c87feccb,Selective Service System Website Modernization,4238a30a23b544cf94743e18c87feccb_2.bin,0.7
NREQ-000032,TAX-000042,evaluation_factor,source_selection,Risk,risk,REQ-000023,4238a30a23b544cf94743e18c87feccb,Selective Service System Website Modernization,4238a30a23b544cf94743e18c87feccb_2.bin,0.7
NREQ-000033,TAX-000046,proposal_component,proposal_structure,Administrative Proposal,administrative proposal,REQ-000023,4238a30a23b544cf94743e18c87feccb,Selective Service System Website Modernization,4238a30a23b544cf94743e18c87feccb_2.bin,0.7
NREQ-000034,TAX-000047,proposal_component,proposal_structure,Technical Proposal,technical proposal,REQ-000023,4238a30a23b544cf94743e18c87feccb,Selective Service System Website Modernization,4238a30a23b544cf94743e18c87feccb_2.bin,0.7
NREQ-000035,TAX-000089,compliance_clause,regulatory,Section 889,section 889,REQ-000023,4238a30a23b544cf94743e18c87feccb,Selective Service System Website Modernization,4238a30a23b544cf94743e18c87feccb_2.bin,0.7
NREQ-000036,TAX-000038,evaluation_factor,source_selection,Price,price,REQ-000024,4238a30a23b544cf94743e18c87feccb,Selective Service System Website Modernization,4238a30a23b544cf94743e18c87feccb_2.bin,0.7
NREQ-000037,TAX-000042,evaluation_factor,source_selection,Risk,risk,REQ-000024,4238a30a23b544cf94743e18c87feccb,Selective Service System Website Modernization,4238a30a23b544cf94743e18c87feccb_2.bin,0.7
NREQ-000038,TAX-000046,proposal_component,proposal_structure,Administrative Proposal,administrative proposal,REQ-000024,4238a30a23b544cf94743e18c87feccb,Selective Service System Website Modernization,4238a30a23b544cf94743e18c87feccb_2.bin,0.7
NREQ-000039,TAX-000047,proposal_component,proposal_structure,Technical Proposal,technical proposal,REQ-000024,4238a30a23b544cf94743e18c87feccb,Selective Service System Website Modernization,4238a30a23b544cf94743e18c87feccb_2.bin,0.7
NREQ-000040,TAX-000089,compliance_clause,regulatory,Section 889,section 889,REQ-000024,4238a30a23b544cf94743e18c87feccb,Selective Service System Website Modernization,4238a30a23b544cf94743e18c87feccb_2.bin,0.7
NREQ-000041,TAX-000038,evaluation_factor,source_selection,Price,price,REQ-000025,4238a30a23b544cf94743e18c87feccb,Selective Service System Website Modernization,4238a30a23b544cf94743e18c87feccb_2.bin,0.7
NREQ-000042,TAX-000042,evaluation_factor,source_selection,Risk,risk,REQ-000025,4238a30a23b544cf94743e18c87feccb,Selective Service System Website Modernization,4238a30a23b544cf94743e18c87feccb_2.bin,0.7
NREQ-000043,TAX-000046,proposal_component,proposal_structure,Administrative Proposal,administrative proposal,REQ-000025,4238a30a23b544cf94743e18c87feccb,Selective Service System Website Modernization,4238a30a23b544cf94743e18c87feccb_2.bin,0.7
NREQ-000044,TAX-000047,proposal_component,proposal_structure,Technical Proposal,technical proposal,REQ-000025,4238a30a23b544cf94743e18c87feccb,Selective Service System Website Modernization,4238a30a23b544cf94743e18c87feccb_2.bin,0.7
NREQ-000045,TAX-000089,compliance_clause,regulatory,Section 889,section 889,REQ-000025,4238a30a23b544cf94743e18c87feccb,Selective Service System Website Modernization,4238a30a23b544cf94743e18c87feccb_2.bin,0.7
NREQ-000046,TAX-000038,evaluation_factor,source_selection,Price,price,REQ-000026,4238a30a23b544cf94743e18c87feccb,Selective Service System Website Modernization,4238a30a23b544cf94743e18c87feccb_2.bin,0.75
NREQ-000047,TAX-000042,evaluation_factor,source_selection,Risk,risk,REQ-000026,4238a30a23b544cf94743e18c87feccb,Selective Service System Website Modernization,4238a30a23b544cf94743e18c87feccb_2.bin,0.75
NREQ-000048,TAX-000046,proposal_component,proposal_structure,Administrative Proposal,administrative proposal,REQ-000026,4238a30a23b544cf94743e18c87feccb,Selective Service System Website Modernization,4238a30a23b544cf94743e18c87feccb_2.bin,0.75
NREQ-000049,TAX-000047,proposal_component,proposal_structure,Technical Proposal,technical proposal,REQ-000026,4238a30a23b544cf94743e18c87feccb,Selective Service System Website Modernization,4238a30a23b544cf94743e18c87feccb_2.bin,0.75
NREQ-000050,TAX-000089,compliance_clause,regulatory,Section 889,section 889,REQ-000026,4238a30a23b544cf94743e18c87feccb,Selective Service System Website Modernization,4238a30a23b544cf94743e18c87feccb_2.bin,0.75
NREQ-000051,TAX-000038,evaluation_factor,source_selection,Price,price,REQ-000027,4238a30a23b544cf94743e18c87feccb,Selective Service System Website Modernization,4238a30a23b544cf94743e18c87feccb_2.bin,0.7
NREQ-000052,TAX-000042,evaluation_factor,source_selection,Risk,risk,REQ-000027,4238a30a23b544cf94743e18c87feccb,Selective Service System Website Modernization,4238a30a23b544cf94743e18c87feccb_2.bin,0.7
NREQ-000053,TAX-000046,proposal_component,proposal_structure,Administrative Proposal,administrative proposal,REQ-000027,4238a30a23b544cf94743e18c87feccb,Selective Service System Website Modernization,4238a30a23b544cf94743e18c87feccb_2.bin,0.7
NREQ-000054,TAX-000047,proposal_component,proposal_structure,Technical Proposal,technical proposal,REQ-000027,4238a30a23b544cf94743e18c87feccb,Selective Service System Website Modernization,4238a30a23b544cf94743e18c87feccb_2.bin,0.7
NREQ-000055,TAX-000089,compliance_clause,regulatory,Section 889,section 889,REQ-000027,4238a30a23b544cf94743e18c87feccb,Selective Service System Website Modernization,4238a30a23b544cf94743e18c87feccb_2.bin,0.7
NREQ-000056,TAX-000038,evaluation_factor,source_selection,Price,price,REQ-000028,4238a30a23b544cf94743e18c87feccb,Selective Service System Website Modernization,4238a30a23b544cf94743e18c87feccb_2.bin,0.85
NREQ-000057,TAX-000042,evaluation_factor,source_selection,Risk,risk,REQ-000028,4238a30a23b544cf94743e18c87feccb,Selective Service System Website Modernization,4238a30a23b544cf94743e18c87feccb_2.bin,0.85
NREQ-000058,TAX-000044,evaluation_factor,source_selection,Best Value,best value,REQ-000028,4238a30a23b544cf94743e18c87feccb,Selective Service System Website Modernization,4238a30a23b544cf94743e18c87feccb_2.bin,0.85
NREQ-000059,TAX-000046,proposal_component,proposal_structure,Administrative Proposal,administrative proposal,REQ-000028,4238a30a23b544cf94743e18c87feccb,Selective Service System Website Modernization,4238a30a23b544cf94743e18c87feccb_2.bin,0.85
NREQ-000060,TAX-000047,proposal_component,proposal_structure,Technical Proposal,technical proposal,REQ-000028,4238a30a23b544cf94743e18c87feccb,Selective Service System Website Modernization,4238a30a23b544cf94743e18c87feccb_2.bin,0.85
NREQ-000061,TAX-000085,procurement_method,acquisition_strategy,Best Value,best value,REQ-000028,4238a30a23b544cf94743e18c87feccb,Selective Service System Website Modernization,4238a30a23b544cf94743e18c87feccb_2.bin,0.85
NREQ-000062,TAX-000089,compliance_clause,regulatory,Section 889,section 889,REQ-000028,4238a30a23b544cf94743e18c87feccb,Selective Service System Website Modernization,4238a30a23b544cf94743e18c87feccb_2.bin,0.85
NREQ-000063,TAX-000038,evaluation_factor,source_selection,Price,price,REQ-000029,4238a30a23b544cf94743e18c87feccb,Selective Service System Website Modernization,4238a30a23b544cf94743e18c87feccb_2.bin,0.7
NREQ-000064,TAX-000042,evaluation_factor,source_selection,Risk,risk,REQ-000029,4238a30a23b544cf94743e18c87feccb,Selective Service System Website Modernization,4238a30a23b544cf94743e18c87feccb_2.bin,0.7
NREQ-000065,TAX-000046,proposal_component,proposal_structure,Administrative Proposal,administrative proposal,REQ-000029,4238a30a23b544cf94743e18c87feccb,Selective Service System Website Modernization,4238a30a23b544cf94743e18c87feccb_2.bin,0.7
NREQ-000066,TAX-000047,proposal_component,proposal_structure,Technical Proposal,technical proposal,REQ-000029,4238a30a23b544cf94743e18c87feccb,Selective Service System Website Modernization,4238a30a23b544cf94743e18c87feccb_2.bin,0.7
NREQ-000067,TAX-000089,compliance_clause,regulatory,Section 889,section 889,REQ-000029,4238a30a23b544cf94743e18c87feccb,Selective Service System Website Modernization,4238a30a23b544cf94743e18c87feccb_2.bin,0.7
NREQ-000068,TAX-000038,evaluation_factor,source_selection,Price,price,REQ-000030,4238a30a23b544cf94743e18c87feccb,Selective Service System Website Modernization,4238a30a23b544cf94743e18c87feccb_2.bin,0.7
NREQ-000069,TAX-000042,evaluation_factor,source_selection,Risk,risk,REQ-000030,4238a30a23b544cf94743e18c87feccb,Selective Service System Website Modernization,4238a30a23b544cf94743e18c87feccb_2.bin,0.7
NREQ-000070,TAX-000046,proposal_component,proposal_structure,Administrative Proposal,administrative proposal,REQ-000030,4238a30a23b544cf94743e18c87feccb,Selective Service System Website Modernization,4238a30a23b544cf94743e18c87feccb_2.bin,0.7
NREQ-000071,TAX-000047,proposal_component,proposal_structure,Technical Proposal,technical proposal,REQ-000030,4238a30a23b544cf94743e18c87feccb,Selective Service System Website Modernization,4238a30a23b544cf94743e18c87feccb_2.bin,0.7
NREQ-000072,TAX-000089,compliance_clause,regulatory,Section 889,section 889,REQ-000030,4238a30a23b544cf94743e18c87feccb,Selective Service System Website Modernization,4238a30a23b544cf94743e18c87feccb_2.bin,0.7
NREQ-000073,TAX-000038,evaluation_factor,source_selection,Price,price,REQ-000031,4238a30a23b544cf94743e18c87feccb,Selective Service System Website Modernization,4238a30a23b544cf94743e18c87feccb_2.bin,0.8
NREQ-000074,TAX-000042,evaluation_factor,source_selection,Risk,risk,REQ-000031,4238a30a23b544cf94743e18c87feccb,Selective Service System Website Modernization,4238a30a23b544cf94743e18c87feccb_2.bin,0.8
NREQ-000075,TAX-000046,proposal_component,proposal_structure,Administrative Proposal,administrative proposal,REQ-000031,4238a30a23b544cf94743e18c87feccb,Selective Service System Website Modernization,4238a30a23b544cf94743e18c87feccb_2.bin,0.8
NREQ-000076,TAX-000047,proposal_component,proposal_structure,Technical Proposal,technical proposal,REQ-000031,4238a30a23b544cf94743e18c87feccb,Selective Service System Website Modernization,4238a30a23b544cf94743e18c87feccb_2.bin,0.8
NREQ-000077,TAX-000089,compliance_clause,regulatory,Section 889,section 889,REQ-000031,4238a30a23b544cf94743e18c87feccb,Selective Service System Website Modernization,4238a30a23b544cf94743e18c87feccb_2.bin,0.8
NREQ-000078,TAX-000038,evaluation_factor,source_selection,Price,price,REQ-000032,4238a30a23b544cf94743e18c87feccb,Selective Service System Website Modernization,4238a30a23b544cf94743e18c87feccb_2.bin,0.8
NREQ-000079,TAX-000042,evaluation_factor,source_selection,Risk,risk,REQ-000032,4238a30a23b544cf94743e18c87feccb,Selective Service System Website Modernization,4238a30a23b544cf94743e18c87feccb_2.bin,0.8
NREQ-000080,TAX-000046,proposal_component,proposal_structure,Administrative Proposal,administrative proposal,REQ-000032,4238a30a23b544cf94743e18c87feccb,Selective Service System Website Modernization,4238a30a23b544cf94743e18c87feccb_2.bin,0.8
NREQ-000081,TAX-000047,proposal_component,proposal_structure,Technical Proposal,technical proposal,REQ-000032,4238a30a23b544cf94743e18c87feccb,Selective Service System Website Modernization,4238a30a23b544cf94743e18c87feccb_2.bin,0.8
NREQ-000082,TAX-000089,compliance_clause,regulatory,Section 889,section 889,REQ-000032,4238a30a23b544cf94743e18c87feccb,Selective Service System Website Modernization,4238a30a23b544cf94743e18c87feccb_2.bin,0.8
NREQ-000083,TAX-000037,evaluation_factor,source_selection,Past Performance,past performance,REQ-000033,4238a30a23b544cf94743e18c87feccb,Selective Service System Website Modernization,4238a30a23b544cf94743e18c87feccb_2.bin,0.75
NREQ-000084,TAX-000038,evaluation_factor,source_selection,Price,price,REQ-000033,4238a30a23b544cf94743e18c87feccb,Selective Service System Website Modernization,4238a30a23b544cf94743e18c87feccb_2.bin,0.75
NREQ-000085,TAX-000042,evaluation_factor,source_selection,Risk,risk,REQ-000033,4238a30a23b544cf94743e18c87feccb,Selective Service System Website Modernization,4238a30a23b544cf94743e18c87feccb_2.bin,0.75
NREQ-000086,TAX-000046,proposal_component,proposal_structure,Administrative Proposal,administrative proposal,REQ-000033,4238a30a23b544cf94743e18c87feccb,Selective Service System Website Modernization,4238a30a23b544cf94743e18c87feccb_2.bin,0.75
NREQ-000087,TAX-000047,proposal_component,proposal_structure,Technical Proposal,technical proposal,REQ-000033,4238a30a23b544cf94743e18c87feccb,Selective Service System Website Modernization,4238a30a23b544cf94743e18c87feccb_2.bin,0.75
NREQ-000088,TAX-000089,compliance_clause,regulatory,Section 889,section 889,REQ-000033,4238a30a23b544cf94743e18c87feccb,Selective Service System Website Modernization,4238a30a23b544cf94743e18c87feccb_2.bin,0.75
NREQ-000089,TAX-000037,evaluation_factor,source_selection,Past Performance,past performance,REQ-000034,4238a30a23b544cf94743e18c87feccb,Selective Service System Website Modernization,4238a30a23b544cf94743e18c87feccb_2.bin,0.75
NREQ-000090,TAX-000038,evaluation_factor,source_selection,Price,price,REQ-000034,4238a30a23b544cf94743e18c87feccb,Selective Service System Website Modernization,4238a30a23b544cf94743e18c87feccb_2.bin,0.75
NREQ-000091,TAX-000042,evaluation_factor,source_selection,Risk,risk,REQ-000034,4238a30a23b544cf94743e18c87feccb,Selective Service System Website Modernization,4238a30a23b544cf94743e18c87feccb_2.bin,0.75
NREQ-000092,TAX-000046,proposal_component,proposal_structure,Administrative Proposal,administrative proposal,REQ-000034,4238a30a23b544cf94743e18c87feccb,Selective Service System Website Modernization,4238a30a23b544cf94743e18c87feccb_2.bin,0.75
NREQ-000093,TAX-000047,proposal_component,proposal_structure,Technical Proposal,technical proposal,REQ-000034,4238a30a23b544cf94743e18c87feccb,Selective Service System Website Modernization,4238a30a23b544cf94743e18c87feccb_2.bin,0.75
NREQ-000094,TAX-000089,compliance_clause,regulatory,Section 889,section 889,REQ-000034,4238a30a23b544cf94743e18c87feccb,Selective Service System Website Modernization,4238a30a23b544cf94743e18c87feccb_2.bin,0.75
NREQ-000095,TAX-000037,evaluation_factor,source_selection,Past Performance,past performance,REQ-000035,4238a30a23b544cf94743e18c87feccb,Selective Service System Website Modernization,4238a30a23b544cf94743e18c87feccb_2.bin,0.75
NREQ-000096,TAX-000038,evaluation_factor,source_selection,Price,price,REQ-000035,4238a30a23b544cf94743e18c87feccb,Selective Service System Website Modernization,4238a30a23b544cf94743e18c87feccb_2.bin,0.75
NREQ-000097,TAX-000042,evaluation_factor,source_selection,Risk,risk,REQ-000035,4238a30a23b544cf94743e18c87feccb,Selective Service System Website Modernization,4238a30a23b544cf94743e18c87feccb_2.bin,0.75
NREQ-000098,TAX-000046,proposal_component,proposal_structure,Administrative Proposal,administrative proposal,REQ-000035,4238a30a23b544cf94743e18c87feccb,Selective Service System Website Modernization,4238a30a23b544cf94743e18c87feccb_2.bin,0.75
NREQ-000099,TAX-000047,proposal_component,proposal_structure,Technical Proposal,technical proposal,REQ-000035,4238a30a23b544cf94743e18c87feccb,Selective Service System Website Modernization,4238a30a23b544cf94743e18c87feccb_2.bin,0.75
NREQ-000100,TAX-000089,compliance_clause,regulatory,Section 889,section 889,REQ-000035,4238a30a23b544cf94743e18c87feccb,Selective Service System Website Modernization,4238a30a23b544cf94743e18c87feccb_2.bin,0.75
NREQ-000101,TAX-000038,evaluation_factor,source_selection,Price,price,REQ-000036,4238a30a23b544cf94743e18c87feccb,Selective Service System Website Modernization,4238a30a23b544cf94743e18c87feccb_2.bin,0.65
NREQ-000102,TAX-000042,evaluation_factor,source_selection,Risk,risk,REQ-000036,4238a30a23b544cf94743e18c87feccb,Selective Service System Website Modernization,4238a30a23b544cf94743e18c87feccb_2.bin,0.65
NREQ-000103,TAX-000046,proposal_component,proposal_structure,Administrative Proposal,administrative proposal,REQ-000036,4238a30a23b544cf94743e18c87feccb,Selective Service System Website Modernization,4238a30a23b544cf94743e18c87feccb_2.bin,0.65
NREQ-000104,TAX-000047,proposal_component,proposal_structure,Technical Proposal,technical proposal,REQ-000036,4238a30a23b544cf94743e18c87feccb,Selective Service System Website Modernization,4238a30a23b544cf94743e18c87feccb_2.bin,0.65
NREQ-000105,TAX-000089,compliance_clause,regulatory,Section 889,section 889,REQ-000036,4238a30a23b544cf94743e18c87feccb,Selective Service System Website Modernization,4238a30a23b544cf94743e18c87feccb_2.bin,0.65
NREQ-000106,TAX-000038,evaluation_factor,source_selection,Price,price,REQ-000037,4238a30a23b544cf94743e18c87feccb,Selective Service System Website Modernization,4238a30a23b544cf94743e18c87feccb_2.bin,0.65
NREQ-000107,TAX-000042,evaluation_factor,source_selection,Risk,risk,REQ-000037,4238a30a23b544cf94743e18c87feccb,Selective Service System Website Modernization,4238a30a23b544cf94743e18c87feccb_2.bin,0.65
NREQ-000108,TAX-000046,proposal_component,proposal_structure,Administrative Proposal,administrative proposal,REQ-000037,4238a30a23b544cf94743e18c87feccb,Selective Service System Website Modernization,4238a30a23b544cf94743e18c87feccb_2.bin,0.65
NREQ-000109,TAX-000047,proposal_component,proposal_structure,Technical Proposal,technical proposal,REQ-000037,4238a30a23b544cf94743e18c87feccb,Selective Service System Website Modernization,4238a30a23b544cf94743e18c87feccb_2.bin,0.65
NREQ-000110,TAX-000089,compliance_clause,regulatory,Section 889,section 889,REQ-000037,4238a30a23b544cf94743e18c87feccb,Selective Service System Website Modernization,4238a30a23b544cf94743e18c87feccb_2.bin,0.65
NREQ-000111,TAX-000006,certification,federal_cloud,FedRAMP,fedramp,REQ-000038,4238a30a23b544cf94743e18c87feccb,Selective Service System Website Modernization,4238a30a23b544cf94743e18c87feccb_2.bin,0.65
NREQ-000112,TAX-000038,evaluation_factor,source_selection,Price,price,REQ-000038,4238a30a23b544cf94743e18c87feccb,Selective Service System Website Modernization,4238a30a23b544cf94743e18c87feccb_2.bin,0.65
NREQ-000113,TAX-000042,evaluation_factor,source_selection,Risk,risk,REQ-000038,4238a30a23b544cf94743e18c87feccb,Selective Service System Website Modernization,4238a30a23b544cf94743e18c87feccb_2.bin,0.65
NREQ-000114,TAX-000046,proposal_component,proposal_structure,Administrative Proposal,administrative proposal,REQ-000038,4238a30a23b544cf94743e18c87feccb,Selective Service System Website Modernization,4238a30a23b544cf94743e18c87feccb_2.bin,0.65
NREQ-000115,TAX-000047,proposal_component,proposal_structure,Technical Proposal,technical proposal,REQ-000038,4238a30a23b544cf94743e18c87feccb,Selective Service System Website Modernization,4238a30a23b544cf94743e18c87feccb_2.bin,0.65
NREQ-000116,TAX-000089,compliance_clause,regulatory,Section 889,section 889,REQ-000038,4238a30a23b544cf94743e18c87feccb,Selective Service System Website Modernization,4238a30a23b544cf94743e18c87feccb_2.bin,0.65
NREQ-000117,TAX-000038,evaluation_factor,source_selection,Price,price,REQ-000039,4238a30a23b544cf94743e18c87feccb,Selective Service System Website Modernization,4238a30a23b544cf94743e18c87feccb_2.bin,0.7
NREQ-000118,TAX-000042,evaluation_factor,source_selection,Risk,risk,REQ-000039,4238a30a23b544cf94743e18c87feccb,Selective Service System Website Modernization,4238a30a23b544cf94743e18c87feccb_2.bin,0.7
NREQ-000119,TAX-000046,proposal_component,proposal_structure,Administrative Proposal,administrative proposal,REQ-000039,4238a30a23b544cf94743e18c87feccb,Selective Service System Website Modernization,4238a30a23b544cf94743e18c87feccb_2.bin,0.7
NREQ-000120,TAX-000047,proposal_component,proposal_structure,Technical Proposal,technical proposal,REQ-000039,4238a30a23b544cf94743e18c87feccb,Selective Service System Website Modernization,4238a30a23b544cf94743e18c87feccb_2.bin,0.7
NREQ-000121,TAX-000089,compliance_clause,regulatory,Section 889,section 889,REQ-000039,4238a30a23b544cf94743e18c87feccb,Selective Service System Website Modernization,4238a30a23b544cf94743e18c87feccb_2.bin,0.7
NREQ-000122,TAX-000038,evaluation_factor,source_selection,Price,price,REQ-000040,4238a30a23b544cf94743e18c87feccb,Selective Service System Website Modernization,4238a30a23b544cf94743e18c87feccb_3.bin,0.7
NREQ-000123,TAX-000042,evaluation_factor,source_selection,Risk,risk,REQ-000040,4238a30a23b544cf94743e18c87feccb,Selective Service System Website Modernization,4238a30a23b544cf94743e18c87feccb_3.bin,0.7
NREQ-000124,TAX-000046,proposal_component,proposal_structure,Administrative Proposal,administrative proposal,REQ-000040,4238a30a23b544cf94743e18c87feccb,Selective Service System Website Modernization,4238a30a23b544cf94743e18c87feccb_3.bin,0.7
NREQ-000125,TAX-000047,proposal_component,proposal_structure,Technical Proposal,technical proposal,REQ-000040,4238a30a23b544cf94743e18c87feccb,Selective Service System Website Modernization,4238a30a23b544cf94743e18c87feccb_3.bin,0.7
NREQ-000126,TAX-000089,compliance_clause,regulatory,Section 889,section 889,REQ-000040,4238a30a23b544cf94743e18c87feccb,Selective Service System Website Modernization,4238a30a23b544cf94743e18c87feccb_3.bin,0.7
NREQ-000127,TAX-000038,evaluation_factor,source_selection,Price,price,REQ-000041,4238a30a23b544cf94743e18c87feccb,Selective Service System Website Modernization,4238a30a23b544cf94743e18c87feccb_3.bin,0.7
NREQ-000128,TAX-000042,evaluation_factor,source_selection,Risk,risk,REQ-000041,4238a30a23b544cf94743e18c87feccb,Selective Service System Website Modernization,4238a30a23b544cf94743e18c87feccb_3.bin,0.7
NREQ-000129,TAX-000046,proposal_component,proposal_structure,Administrative Proposal,administrative proposal,REQ-000041,4238a30a23b544cf94743e18c87feccb,Selective Service System Website Modernization,4238a30a23b544cf94743e18c87feccb_3.bin,0.7
NREQ-000130,TAX-000047,proposal_component,proposal_structure,Technical Proposal,technical proposal,REQ-000041,4238a30a23b544cf94743e18c87feccb,Selective Service System Website Modernization,4238a30a23b544cf94743e18c87feccb_3.bin,0.7
NREQ-000131,TAX-000089,compliance_clause,regulatory,Section 889,section 889,REQ-000041,4238a30a23b544cf94743e18c87feccb,Selective Service System Website Modernization,4238a30a23b544cf94743e18c87feccb_3.bin,0.7
NREQ-000132,TAX-000038,evaluation_factor,source_selection,Price,price,REQ-000042,4238a30a23b544cf94743e18c87feccb,Selective Service System Website Modernization,4238a30a23b544cf94743e18c87feccb_3.bin,0.7
NREQ-000133,TAX-000042,evaluation_factor,source_selection,Risk,risk,REQ-000042,4238a30a23b544cf94743e18c87feccb,Selective Service System Website Modernization,4238a30a23b544cf94743e18c87feccb_3.bin,0.7
NREQ-000134,TAX-000046,proposal_component,proposal_structure,Administrative Proposal,administrative proposal,REQ-000042,4238a30a23b544cf94743e18c87feccb,Selective Service System Website Modernization,4238a30a23b544cf94743e18c87feccb_3.bin,0.7
NREQ-000135,TAX-000047,proposal_component,proposal_structure,Technical Proposal,technical proposal,REQ-000042,4238a30a23b544cf94743e18c87feccb,Selective Service System Website Modernization,4238a30a23b544cf94743e18c87feccb_3.bin,0.7
NREQ-000136,TAX-000089,compliance_clause,regulatory,Section 889,section 889,REQ-000042,4238a30a23b544cf94743e18c87feccb,Selective Service System Website Modernization,4238a30a23b544cf94743e18c87feccb_3.bin,0.7
NREQ-000137,TAX-000038,evaluation_factor,source_selection,Price,price,REQ-000043,4238a30a23b544cf94743e18c87feccb,Selective Service System Website Modernization,4238a30a23b544cf94743e18c87feccb_3.bin,0.75
NREQ-000138,TAX-000042,evaluation_factor,source_selection,Risk,risk,REQ-000043,4238a30a23b544cf94743e18c87feccb,Selective Service System Website Modernization,4238a30a23b544cf94743e18c87feccb_3.bin,0.75
NREQ-000139,TAX-000046,proposal_component,proposal_structure,Administrative Proposal,administrative proposal,REQ-000043,4238a30a23b544cf94743e18c87feccb,Selective Service System Website Modernization,4238a30a23b544cf94743e18c87feccb_3.bin,0.75
NREQ-000140,TAX-000047,proposal_component,proposal_structure,Technical Proposal,technical proposal,REQ-000043,4238a30a23b544cf94743e18c87feccb,Selective Service System Website Modernization,4238a30a23b544cf94743e18c87feccb_3.bin,0.75
NREQ-000141,TAX-000089,compliance_clause,regulatory,Section 889,section 889,REQ-000043,4238a30a23b544cf94743e18c87feccb,Selective Service System Website Modernization,4238a30a23b544cf94743e18c87feccb_3.bin,0.75
NREQ-000142,TAX-000038,evaluation_factor,source_selection,Price,price,REQ-000044,4238a30a23b544cf94743e18c87feccb,Selective Service System Website Modernization,4238a30a23b544cf94743e18c87feccb_3.bin,0.7
NREQ-000143,TAX-000042,evaluation_factor,source_selection,Risk,risk,REQ-000044,4238a30a23b544cf94743e18c87feccb,Selective Service System Website Modernization,4238a30a23b544cf94743e18c87feccb_3.bin,0.7
NREQ-000144,TAX-000046,proposal_component,proposal_structure,Administrative Proposal,administrative proposal,REQ-000044,4238a30a23b544cf94743e18c87feccb,Selective Service System Website Modernization,4238a30a23b544cf94743e18c87feccb_3.bin,0.7
NREQ-000145,TAX-000047,proposal_component,proposal_structure,Technical Proposal,technical proposal,REQ-000044,4238a30a23b544cf94743e18c87feccb,Selective Service System Website Modernization,4238a30a23b544cf94743e18c87feccb_3.bin,0.7
NREQ-000146,TAX-000089,compliance_clause,regulatory,Section 889,section 889,REQ-000044,4238a30a23b544cf94743e18c87feccb,Selective Service System Website Modernization,4238a30a23b544cf94743e18c87feccb_3.bin,0.7
NREQ-000147,TAX-000038,evaluation_factor,source_selection,Price,price,REQ-000045,4238a30a23b544cf94743e18c87feccb,Selective Service System Website Modernization,4238a30a23b544cf94743e18c87feccb_3.bin,0.85
NREQ-000148,TAX-000042,evaluation_factor,source_selection,Risk,risk,REQ-000045,4238a30a23b544cf94743e18c87feccb,Selective Service System Website Modernization,4238a30a23b544cf94743e18c87feccb_3.bin,0.85
NREQ-000149,TAX-000044,evaluation_factor,source_selection,Best Value,best value,REQ-000045,4238a30a23b544cf94743e18c87feccb,Selective Service System Website Modernization,4238a30a23b544cf94743e18c87feccb_3.bin,0.85
NREQ-000150,TAX-000046,proposal_component,proposal_structure,Administrative Proposal,administrative proposal,REQ-000045,4238a30a23b544cf94743e18c87feccb,Selective Service System Website Modernization,4238a30a23b544cf94743e18c87feccb_3.bin,0.85
NREQ-000151,TAX-000047,proposal_component,proposal_structure,Technical Proposal,technical proposal,REQ-000045,4238a30a23b544cf94743e18c87feccb,Selective Service System Website Modernization,4238a30a23b544cf94743e18c87feccb_3.bin,0.85
NREQ-000152,TAX-000085,procurement_method,acquisition_strategy,Best Value,best value,REQ-000045,4238a30a23b544cf94743e18c87feccb,Selective Service System Website Modernization,4238a30a23b544cf94743e18c87feccb_3.bin,0.85
NREQ-000153,TAX-000089,compliance_clause,regulatory,Section 889,section 889,REQ-000045,4238a30a23b544cf94743e18c87feccb,Selective Service System Website Modernization,4238a30a23b544cf94743e18c87feccb_3.bin,0.85
NREQ-000154,TAX-000038,evaluation_factor,source_selection,Price,price,REQ-000046,4238a30a23b544cf94743e18c87feccb,Selective Service System Website Modernization,4238a30a23b544cf94743e18c87feccb_3.bin,0.7
NREQ-000155,TAX-000042,evaluation_factor,source_selection,Risk,risk,REQ-000046,4238a30a23b544cf94743e18c87feccb,Selective Service System Website Modernization,4238a30a23b544cf94743e18c87feccb_3.bin,0.7
NREQ-000156,TAX-000046,proposal_component,proposal_structure,Administrative Proposal,administrative proposal,REQ-000046,4238a30a23b544cf94743e18c87feccb,Selective Service System Website Modernization,4238a30a23b544cf94743e18c87feccb_3.bin,0.7
NREQ-000157,TAX-000047,proposal_component,proposal_structure,Technical Proposal,technical proposal,REQ-000046,4238a30a23b544cf94743e18c87feccb,Selective Service System Website Modernization,4238a30a23b544cf94743e18c87feccb_3.bin,0.7
NREQ-000158,TAX-000089,compliance_clause,regulatory,Section 889,section 889,REQ-000046,4238a30a23b544cf94743e18c87feccb,Selective Service System Website Modernization,4238a30a23b544cf94743e18c87feccb_3.bin,0.7
NREQ-000159,TAX-000038,evaluation_factor,source_selection,Price,price,REQ-000047,4238a30a23b544cf94743e18c87feccb,Selective Service System Website Modernization,4238a30a23b544cf94743e18c87feccb_3.bin,0.7
NREQ-000160,TAX-000042,evaluation_factor,source_selection,Risk,risk,REQ-000047,4238a30a23b544cf94743e18c87feccb,Selective Service System Website Modernization,4238a30a23b544cf94743e18c87feccb_3.bin,0.7
NREQ-000161,TAX-000046,proposal_component,proposal_structure,Administrative Proposal,administrative proposal,REQ-000047,4238a30a23b544cf94743e18c87feccb,Selective Service System Website Modernization,4238a30a23b544cf94743e18c87feccb_3.bin,0.7
NREQ-000162,TAX-000047,proposal_component,proposal_structure,Technical Proposal,technical proposal,REQ-000047,4238a30a23b544cf94743e18c87feccb,Selective Service System Website Modernization,4238a30a23b544cf94743e18c87feccb_3.bin,0.7
NREQ-000163,TAX-000089,compliance_clause,regulatory,Section 889,section 889,REQ-000047,4238a30a23b544cf94743e18c87feccb,Selective Service System Website Modernization,4238a30a23b544cf94743e18c87feccb_3.bin,0.7
NREQ-000164,TAX-000038,evaluation_factor,source_selection,Price,price,REQ-000048,4238a30a23b544cf94743e18c87feccb,Selective Service System Website Modernization,4238a30a23b544cf94743e18c87feccb_3.bin,0.8
NREQ-000165,TAX-000042,evaluation_factor,source_selection,Risk,risk,REQ-000048,4238a30a23b544cf94743e18c87feccb,Selective Service System Website Modernization,4238a30a23b544cf94743e18c87feccb_3.bin,0.8
NREQ-000166,TAX-000046,proposal_component,proposal_structure,Administrative Proposal,administrative proposal,REQ-000048,4238a30a23b544cf94743e18c87feccb,Selective Service System Website Modernization,4238a30a23b544cf94743e18c87feccb_3.bin,0.8
NREQ-000167,TAX-000047,proposal_component,proposal_structure,Technical Proposal,technical proposal,REQ-000048,4238a30a23b544cf94743e18c87feccb,Selective Service System Website Modernization,4238a30a23b544cf94743e18c87feccb_3.bin,0.8
NREQ-000168,TAX-000089,compliance_clause,regulatory,Section 889,section 889,REQ-000048,4238a30a23b544cf94743e18c87feccb,Selective Service System Website Modernization,4238a30a23b544cf94743e18c87feccb_3.bin,0.8
NREQ-000169,TAX-000038,evaluation_factor,source_selection,Price,price,REQ-000049,4238a30a23b544cf94743e18c87feccb,Selective Service System Website Modernization,4238a30a23b544cf94743e18c87feccb_3.bin,0.8
NREQ-000170,TAX-000042,evaluation_factor,source_selection,Risk,risk,REQ-000049,4238a30a23b544cf94743e18c87feccb,Selective Service System Website Modernization,4238a30a23b544cf94743e18c87feccb_3.bin,0.8
NREQ-000171,TAX-000046,proposal_component,proposal_structure,Administrative Proposal,administrative proposal,REQ-000049,4238a30a23b544cf94743e18c87feccb,Selective Service System Website Modernization,4238a30a23b544cf94743e18c87feccb_3.bin,0.8
NREQ-000172,TAX-000047,proposal_component,proposal_structure,Technical Proposal,technical proposal,REQ-000049,4238a30a23b544cf94743e18c87feccb,Selective Service System Website Modernization,4238a30a23b544cf94743e18c87feccb_3.bin,0.8
NREQ-000173,TAX-000089,compliance_clause,regulatory,Section 889,section 889,REQ-000049,4238a30a23b544cf94743e18c87feccb,Selective Service System Website Modernization,4238a30a23b544cf94743e18c87feccb_3.bin,0.8
NREQ-000174,TAX-000037,evaluation_factor,source_selection,Past Performance,past performance,REQ-000050,4238a30a23b544cf94743e18c87feccb,Selective Service System Website Modernization,4238a30a23b544cf94743e18c87feccb_3.bin,0.75
NREQ-000175,TAX-000038,evaluation_factor,source_selection,Price,price,REQ-000050,4238a30a23b544cf94743e18c87feccb,Selective Service System Website Modernization,4238a30a23b544cf94743e18c87feccb_3.bin,0.75
NREQ-000176,TAX-000042,evaluation_factor,source_selection,Risk,risk,REQ-000050,4238a30a23b544cf94743e18c87feccb,Selective Service System Website Modernization,4238a30a23b544cf94743e18c87feccb_3.bin,0.75
NREQ-000177,TAX-000046,proposal_component,proposal_structure,Administrative Proposal,administrative proposal,REQ-000050,4238a30a23b544cf94743e18c87feccb,Selective Service System Website Modernization,4238a30a23b544cf94743e18c87feccb_3.bin,0.75
NREQ-000178,TAX-000047,proposal_component,proposal_structure,Technical Proposal,technical proposal,REQ-000050,4238a30a23b544cf94743e18c87feccb,Selective Service System Website Modernization,4238a30a23b544cf94743e18c87feccb_3.bin,0.75
NREQ-000179,TAX-000089,compliance_clause,regulatory,Section 889,section 889,REQ-000050,4238a30a23b544cf94743e18c87feccb,Selective Service System Website Modernization,4238a30a23b544cf94743e18c87feccb_3.bin,0.75
NREQ-000180,TAX-000037,evaluation_factor,source_selection,Past Performance,past performance,REQ-000051,4238a30a23b544cf94743e18c87feccb,Selective Service System Website Modernization,4238a30a23b544cf94743e18c87feccb_3.bin,0.75
NREQ-000181,TAX-000038,evaluation_factor,source_selection,Price,price,REQ-000051,4238a30a23b544cf94743e18c87feccb,Selective Service System Website Modernization,4238a30a23b544cf94743e18c87feccb_3.bin,0.75
NREQ-000182,TAX-000042,evaluation_factor,source_selection,Risk,risk,REQ-000051,4238a30a23b544cf94743e18c87feccb,Selective Service System Website Modernization,4238a30a23b544cf94743e18c87feccb_3.bin,0.75
NREQ-000183,TAX-000046,proposal_component,proposal_structure,Administrative Proposal,administrative proposal,REQ-000051,4238a30a23b544cf94743e18c87feccb,Selective Service System Website Modernization,4238a30a23b544cf94743e18c87feccb_3.bin,0.75
NREQ-000184,TAX-000047,proposal_component,proposal_structure,Technical Proposal,technical proposal,REQ-000051,4238a30a23b544cf94743e18c87feccb,Selective Service System Website Modernization,4238a30a23b544cf94743e18c87feccb_3.bin,0.75
NREQ-000185,TAX-000089,compliance_clause,regulatory,Section 889,section 889,REQ-000051,4238a30a23b544cf94743e18c87feccb,Selective Service System Website Modernization,4238a30a23b544cf94743e18c87feccb_3.bin,0.75
NREQ-000186,TAX-000037,evaluation_factor,source_selection,Past Performance,past performance,REQ-000052,4238a30a23b544cf94743e18c87feccb,Selective Service System Website Modernization,4238a30a23b544cf94743e18c87feccb_3.bin,0.75
NREQ-000187,TAX-000038,evaluation_factor,source_selection,Price,price,REQ-000052,4238a30a23b544cf94743e18c87feccb,Selective Service System Website Modernization,4238a30a23b544cf94743e18c87feccb_3.bin,0.75
NREQ-000188,TAX-000042,evaluation_factor,source_selection,Risk,risk,REQ-000052,4238a30a23b544cf94743e18c87feccb,Selective Service System Website Modernization,4238a30a23b544cf94743e18c87feccb_3.bin,0.75
NREQ-000189,TAX-000046,proposal_component,proposal_structure,Administrative Proposal,administrative proposal,REQ-000052,4238a30a23b544cf94743e18c87feccb,Selective Service System Website Modernization,4238a30a23b544cf94743e18c87feccb_3.bin,0.75
NREQ-000190,TAX-000047,proposal_component,proposal_structure,Technical Proposal,technical proposal,REQ-000052,4238a30a23b544cf94743e18c87feccb,Selective Service System Website Modernization,4238a30a23b544cf94743e18c87feccb_3.bin,0.75
NREQ-000191,TAX-000089,compliance_clause,regulatory,Section 889,section 889,REQ-000052,4238a30a23b544cf94743e18c87feccb,Selective Service System Website Modernization,4238a30a23b544cf94743e18c87feccb_3.bin,0.75
NREQ-000192,TAX-000038,evaluation_factor,source_selection,Price,price,REQ-000053,4238a30a23b544cf94743e18c87feccb,Selective Service System Website Modernization,4238a30a23b544cf94743e18c87feccb_3.bin,0.65
NREQ-000193,TAX-000042,evaluation_factor,source_selection,Risk,risk,REQ-000053,4238a30a23b544cf94743e18c87feccb,Selective Service System Website Modernization,4238a30a23b544cf94743e18c87feccb_3.bin,0.65
NREQ-000194,TAX-000046,proposal_component,proposal_structure,Administrative Proposal,administrative proposal,REQ-000053,4238a30a23b544cf94743e18c87feccb,Selective Service System Website Modernization,4238a30a23b544cf94743e18c87feccb_3.bin,0.65
NREQ-000195,TAX-000047,proposal_component,proposal_structure,Technical Proposal,technical proposal,REQ-000053,4238a30a23b544cf94743e18c87feccb,Selective Service System Website Modernization,4238a30a23b544cf94743e18c87feccb_3.bin,0.65
NREQ-000196,TAX-000089,compliance_clause,regulatory,Section 889,section 889,REQ-000053,4238a30a23b544cf94743e18c87feccb,Selective Service System Website Modernization,4238a30a23b544cf94743e18c87feccb_3.bin,0.65
NREQ-000197,TAX-000038,evaluation_factor,source_selection,Price,price,REQ-000054,4238a30a23b544cf94743e18c87feccb,Selective Service System Website Modernization,4238a30a23b544cf94743e18c87feccb_3.bin,0.65
NREQ-000198,TAX-000042,evaluation_factor,source_selection,Risk,risk,REQ-000054,4238a30a23b544cf94743e18c87feccb,Selective Service System Website Modernization,4238a30a23b544cf94743e18c87feccb_3.bin,0.65
NREQ-000199,TAX-000046,proposal_component,proposal_structure,Administrative Proposal,administrative proposal,REQ-000054,4238a30a23b544cf94743e18c87feccb,Selective Service System Website Modernization,4238a30a23b544cf94743e18c87feccb_3.bin,0.65
NREQ-000200,TAX-000047,proposal_component,proposal_structure,Technical Proposal,technical proposal,REQ-000054,4238a30a23b544cf94743e18c87feccb,Selective Service System Website Modernization,4238a30a23b544cf94743e18c87feccb_3.bin,0.65
NREQ-000201,TAX-000089,compliance_clause,regulatory,Section 889,section 889,REQ-000054,4238a30a23b544cf94743e18c87feccb,Selective Service System Website Modernization,4238a30a23b544cf94743e18c87feccb_3.bin,0.65
NREQ-000202,TAX-000006,certification,federal_cloud,FedRAMP,fedramp,REQ-000055,4238a30a23b544cf94743e18c87feccb,Selective Service System Website Modernization,4238a30a23b544cf94743e18c87feccb_3.bin,0.65
NREQ-000203,TAX-000038,evaluation_factor,source_selection,Price,price,REQ-000055,4238a30a23b544cf94743e18c87feccb,Selective Service System Website Modernization,4238a30a23b544cf94743e18c87feccb_3.bin,0.65
NREQ-000204,TAX-000042,evaluation_factor,source_selection,Risk,risk,REQ-000055,4238a30a23b544cf94743e18c87feccb,Selective Service System Website Modernization,4238a30a23b544cf94743e18c87feccb_3.bin,0.65
NREQ-000205,TAX-000046,proposal_component,proposal_structure,Administrative Proposal,administrative proposal,REQ-000055,4238a30a23b544cf94743e18c87feccb,Selective Service System Website Modernization,4238a30a23b544cf94743e18c87feccb_3.bin,0.65
NREQ-000206,TAX-000047,proposal_component,proposal_structure,Technical Proposal,technical proposal,REQ-000055,4238a30a23b544cf94743e18c87feccb,Selective Service System Website Modernization,4238a30a23b544cf94743e18c87feccb_3.bin,0.65
NREQ-000207,TAX-000089,compliance_clause,regulatory,Section 889,section 889,REQ-000055,4238a30a23b544cf94743e18c87feccb,Selective Service System Website Modernization,4238a30a23b544cf94743e18c87feccb_3.bin,0.65
NREQ-000208,TAX-000038,evaluation_factor,source_selection,Price,price,REQ-000056,4238a30a23b544cf94743e18c87feccb,Selective Service System Website Modernization,4238a30a23b544cf94743e18c87feccb_3.bin,0.7
NREQ-000209,TAX-000042,evaluation_factor,source_selection,Risk,risk,REQ-000056,4238a30a23b544cf94743e18c87feccb,Selective Service System Website Modernization,4238a30a23b544cf94743e18c87feccb_3.bin,0.7
NREQ-000210,TAX-000046,proposal_component,proposal_structure,Administrative Proposal,administrative proposal,REQ-000056,4238a30a23b544cf94743e18c87feccb,Selective Service System Website Modernization,4238a30a23b544cf94743e18c87feccb_3.bin,0.7
NREQ-000211,TAX-000047,proposal_component,proposal_structure,Technical Proposal,technical proposal,REQ-000056,4238a30a23b544cf94743e18c87feccb,Selective Service System Website Modernization,4238a30a23b544cf94743e18c87feccb_3.bin,0.7
NREQ-000212,TAX-000089,compliance_clause,regulatory,Section 889,section 889,REQ-000056,4238a30a23b544cf94743e18c87feccb,Selective Service System Website Modernization,4238a30a23b544cf94743e18c87feccb_3.bin,0.7
NREQ-000213,TAX-000037,evaluation_factor,source_selection,Past Performance,past performance,REQ-000070,4238a30a23b544cf94743e18c87feccb,Selective Service System Website Modernization,4238a30a23b544cf94743e18c87feccb_5.bin,0.8
NREQ-000214,TAX-000037,evaluation_factor,source_selection,Past Performance,past performance,REQ-000071,4238a30a23b544cf94743e18c87feccb,Selective Service System Website Modernization,4238a30a23b544cf94743e18c87feccb_5.bin,0.8
NREQ-000215,TAX-000037,evaluation_factor,source_selection,Past Performance,past performance,REQ-000083,4238a30a23b544cf94743e18c87feccb,Selective Service System Website Modernization,4238a30a23b544cf94743e18c87feccb_6.bin,0.75
NREQ-000216,TAX-000037,evaluation_factor,source_selection,Past Performance,past performance,REQ-000084,4238a30a23b544cf94743e18c87feccb,Selective Service System Website Modernization,4238a30a23b544cf94743e18c87feccb_6.bin,0.75
NREQ-000217,TAX-000037,evaluation_factor,source_selection,Past Performance,past performance,REQ-000085,4238a30a23b544cf94743e18c87feccb,Selective Service System Website Modernization,4238a30a23b544cf94743e18c87feccb_6.bin,0.75
NREQ-000218,TAX-000006,certification,federal_cloud,FedRAMP,fedramp,REQ-000086,4238a30a23b544cf94743e18c87feccb,Selective Service System Website Modernization,4238a30a23b544cf94743e18c87feccb_6.bin,0.65
NREQ-000219,TAX-000044,evaluation_factor,source_selection,Best Value,best value,REQ-000097,dc7183e7aab342788a9dff786e444f8a,JSCG-P Cristobal Colon Base Life Support,dc7183e7aab342788a9dff786e444f8a_1.bin,0.75
NREQ-000220,TAX-000085,procurement_method,acquisition_strategy,Best Value,best value,REQ-000097,dc7183e7aab342788a9dff786e444f8a,JSCG-P Cristobal Colon Base Life Support,dc7183e7aab342788a9dff786e444f8a_1.bin,0.75
NREQ-000221,TAX-000044,evaluation_factor,source_selection,Best Value,best value,REQ-000098,dc7183e7aab342788a9dff786e444f8a,JSCG-P Cristobal Colon Base Life Support,dc7183e7aab342788a9dff786e444f8a_1.bin,0.75
NREQ-000222,TAX-000085,procurement_method,acquisition_strategy,Best Value,best value,REQ-000098,dc7183e7aab342788a9dff786e444f8a,JSCG-P Cristobal Colon Base Life Support,dc7183e7aab342788a9dff786e444f8a_1.bin,0.75
NREQ-000223,TAX-000038,evaluation_factor,source_selection,Price,price,REQ-000099,dc7183e7aab342788a9dff786e444f8a,JSCG-P Cristobal Colon Base Life Support,dc7183e7aab342788a9dff786e444f8a_1.bin,0.75
NREQ-000224,TAX-000038,evaluation_factor,source_selection,Price,price,REQ-000100,dc7183e7aab342788a9dff786e444f8a,JSCG-P Cristobal Colon Base Life Support,dc7183e7aab342788a9dff786e444f8a_1.bin,0.75
NREQ-000225,TAX-000037,evaluation_factor,source_selection,Past Performance,past performance,REQ-000107,dc7183e7aab342788a9dff786e444f8a,JSCG-P Cristobal Colon Base Life Support,dc7183e7aab342788a9dff786e444f8a_2.bin,0.7
NREQ-000226,TAX-000037,evaluation_factor,source_selection,Past Performance,past performance,REQ-000108,dc7183e7aab342788a9dff786e444f8a,JSCG-P Cristobal Colon Base Life Support,dc7183e7aab342788a9dff786e444f8a_2.bin,0.85
NREQ-000227,TAX-000037,evaluation_factor,source_selection,Past Performance,past performance,REQ-000109,dc7183e7aab342788a9dff786e444f8a,JSCG-P Cristobal Colon Base Life Support,dc7183e7aab342788a9dff786e444f8a_2.bin,0.7
NREQ-000228,TAX-000037,evaluation_factor,source_selection,Past Performance,past performance,REQ-000110,dc7183e7aab342788a9dff786e444f8a,JSCG-P Cristobal Colon Base Life Support,dc7183e7aab342788a9dff786e444f8a_2.bin,0.7
NREQ-000229,TAX-000037,evaluation_factor,source_selection,Past Performance,past performance,REQ-000111,dc7183e7aab342788a9dff786e444f8a,JSCG-P Cristobal Colon Base Life Support,dc7183e7aab342788a9dff786e444f8a_2.bin,0.8
NREQ-000230,TAX-000038,evaluation_factor,source_selection,Price,price,REQ-000111,dc7183e7aab342788a9dff786e444f8a,JSCG-P Cristobal Colon Base Life Support,dc7183e7aab342788a9dff786e444f8a_2.bin,0.8
NREQ-000231,TAX-000037,evaluation_factor,source_selection,Past Performance,past performance,REQ-000112,dc7183e7aab342788a9dff786e444f8a,JSCG-P Cristobal Colon Base Life Support,dc7183e7aab342788a9dff786e444f8a_2.bin,0.8
NREQ-000232,TAX-000038,evaluation_factor,source_selection,Price,price,REQ-000112,dc7183e7aab342788a9dff786e444f8a,JSCG-P Cristobal Colon Base Life Support,dc7183e7aab342788a9dff786e444f8a_2.bin,0.8
NREQ-000233,TAX-000037,evaluation_factor,source_selection,Past Performance,past performance,REQ-000113,dc7183e7aab342788a9dff786e444f8a,JSCG-P Cristobal Colon Base Life Support,dc7183e7aab342788a9dff786e444f8a_2.bin,0.8
NREQ-000234,TAX-000038,evaluation_factor,source_selection,Price,price,REQ-000113,dc7183e7aab342788a9dff786e444f8a,JSCG-P Cristobal Colon Base Life Support,dc7183e7aab342788a9dff786e444f8a_2.bin,0.8
NREQ-000235,TAX-000037,evaluation_factor,source_selection,Past Performance,past performance,REQ-000114,dc7183e7aab342788a9dff786e444f8a,JSCG-P Cristobal Colon Base Life Support,dc7183e7aab342788a9dff786e444f8a_2.bin,0.7
NREQ-000236,TAX-000037,evaluation_factor,source_selection,Past Performance,past performance,REQ-000115,dc7183e7aab342788a9dff786e444f8a,JSCG-P Cristobal Colon Base Life Support,dc7183e7aab342788a9dff786e444f8a_2.bin,0.8
NREQ-000237,TAX-000037,evaluation_factor,source_selection,Past Performance,past performance,REQ-000116,dc7183e7aab342788a9dff786e444f8a,JSCG-P Cristobal Colon Base Life Support,dc7183e7aab342788a9dff786e444f8a_2.bin,0.75
NREQ-000238,TAX-000037,evaluation_factor,source_selection,Past Performance,past performance,REQ-000117,dc7183e7aab342788a9dff786e444f8a,JSCG-P Cristobal Colon Base Life Support,dc7183e7aab342788a9dff786e444f8a_2.bin,0.75
NREQ-000239,TAX-000037,evaluation_factor,source_selection,Past Performance,past performance,REQ-000118,dc7183e7aab342788a9dff786e444f8a,JSCG-P Cristobal Colon Base Life Support,dc7183e7aab342788a9dff786e444f8a_2.bin,0.75
NREQ-000240,TAX-000038,evaluation_factor,source_selection,Price,price,REQ-000118,dc7183e7aab342788a9dff786e444f8a,JSCG-P Cristobal Colon Base Life Support,dc7183e7aab342788a9dff786e444f8a_2.bin,0.75
NREQ-000241,TAX-000037,evaluation_factor,source_selection,Past Performance,past performance,REQ-000119,dc7183e7aab342788a9dff786e444f8a,JSCG-P Cristobal Colon Base Life Support,dc7183e7aab342788a9dff786e444f8a_2.bin,0.75
NREQ-000242,TAX-000038,evaluation_factor,source_selection,Price,price,REQ-000119,dc7183e7aab342788a9dff786e444f8a,JSCG-P Cristobal Colon Base Life Support,dc7183e7aab342788a9dff786e444f8a_2.bin,0.75
NREQ-000243,TAX-000037,evaluation_factor,source_selection,Past Performance,past performance,REQ-000120,dc7183e7aab342788a9dff786e444f8a,JSCG-P Cristobal Colon Base Life Support,dc7183e7aab342788a9dff786e444f8a_2.bin,0.75
NREQ-000244,TAX-000037,evaluation_factor,source_selection,Past Performance,past performance,REQ-000121,dc7183e7aab342788a9dff786e444f8a,JSCG-P Cristobal Colon Base Life Support,dc7183e7aab342788a9dff786e444f8a_2.bin,0.75
NREQ-000245,TAX-000037,evaluation_factor,source_selection,Past Performance,past performance,REQ-000122,dc7183e7aab342788a9dff786e444f8a,JSCG-P Cristobal Colon Base Life Support,dc7183e7aab342788a9dff786e444f8a_2.bin,0.75
NREQ-000246,TAX-000038,evaluation_factor,source_selection,Price,price,REQ-000124,dc7183e7aab342788a9dff786e444f8a,JSCG-P Cristobal Colon Base Life Support,dc7183e7aab342788a9dff786e444f8a_4.bin,0.85
NREQ-000247,TAX-000038,evaluation_factor,source_selection,Price,price,REQ-000125,dc7183e7aab342788a9dff786e444f8a,JSCG-P Cristobal Colon Base Life Support,dc7183e7aab342788a9dff786e444f8a_4.bin,0.85
NREQ-000248,TAX-000038,evaluation_factor,source_selection,Price,price,REQ-000126,dc7183e7aab342788a9dff786e444f8a,JSCG-P Cristobal Colon Base Life Support,dc7183e7aab342788a9dff786e444f8a_4.bin,0.85
NREQ-000249,TAX-000038,evaluation_factor,source_selection,Price,price,REQ-000138,dc7183e7aab342788a9dff786e444f8a,JSCG-P Cristobal Colon Base Life Support,dc7183e7aab342788a9dff786e444f8a_4.bin,0.75
NREQ-000250,TAX-000038,evaluation_factor,source_selection,Price,price,REQ-000139,dc7183e7aab342788a9dff786e444f8a,JSCG-P Cristobal Colon Base Life Support,dc7183e7aab342788a9dff786e444f8a_4.bin,0.75
NREQ-000251,TAX-000038,evaluation_factor,source_selection,Price,price,REQ-000140,dc7183e7aab342788a9dff786e444f8a,JSCG-P Cristobal Colon Base Life Support,dc7183e7aab342788a9dff786e444f8a_4.bin,0.75
NREQ-000252,TAX-000037,evaluation_factor,source_selection,Past Performance,past performance,REQ-000141,dc7183e7aab342788a9dff786e444f8a,JSCG-P Cristobal Colon Base Life Support,dc7183e7aab342788a9dff786e444f8a_5.bin,0.85
NREQ-000253,TAX-000037,evaluation_factor,source_selection,Past Performance,past performance,REQ-000142,dc7183e7aab342788a9dff786e444f8a,JSCG-P Cristobal Colon Base Life Support,dc7183e7aab342788a9dff786e444f8a_5.bin,0.8
NREQ-000254,TAX-000038,evaluation_factor,source_selection,Price,price,REQ-000142,dc7183e7aab342788a9dff786e444f8a,JSCG-P Cristobal Colon Base Life Support,dc7183e7aab342788a9dff786e444f8a_5.bin,0.8
NREQ-000255,TAX-000036,evaluation_factor,source_selection,Technical Capability,technical capability,REQ-000143,dc7183e7aab342788a9dff786e444f8a,JSCG-P Cristobal Colon Base Life Support,dc7183e7aab342788a9dff786e444f8a_5.bin,0.8
NREQ-000256,TAX-000037,evaluation_factor,source_selection,Past Performance,past performance,REQ-000143,dc7183e7aab342788a9dff786e444f8a,JSCG-P Cristobal Colon Base Life Support,dc7183e7aab342788a9dff786e444f8a_5.bin,0.8
NREQ-000257,TAX-000038,evaluation_factor,source_selection,Price,price,REQ-000143,dc7183e7aab342788a9dff786e444f8a,JSCG-P Cristobal Colon Base Life Support,dc7183e7aab342788a9dff786e444f8a_5.bin,0.8
NREQ-000258,TAX-000044,evaluation_factor,source_selection,Best Value,best value,REQ-000143,dc7183e7aab342788a9dff786e444f8a,JSCG-P Cristobal Colon Base Life Support,dc7183e7aab342788a9dff786e444f8a_5.bin,0.8
NREQ-000259,TAX-000045,evaluation_factor,source_selection,Lowest Price Technically Acceptable,lowest price technically acceptable,REQ-000143,dc7183e7aab342788a9dff786e444f8a,JSCG-P Cristobal Colon Base Life Support,dc7183e7aab342788a9dff786e444f8a_5.bin,0.8
NREQ-000260,TAX-000085,procurement_method,acquisition_strategy,Best Value,best value,REQ-000143,dc7183e7aab342788a9dff786e444f8a,JSCG-P Cristobal Colon Base Life Support,dc7183e7aab342788a9dff786e444f8a_5.bin,0.8
NREQ-000261,TAX-000086,procurement_method,acquisition_strategy,Lowest Price Technically Acceptable,lowest price technically acceptable,REQ-000143,dc7183e7aab342788a9dff786e444f8a,JSCG-P Cristobal Colon Base Life Support,dc7183e7aab342788a9dff786e444f8a_5.bin,0.8
NREQ-000262,TAX-000087,compliance_clause,regulatory,FAR,far,REQ-000143,dc7183e7aab342788a9dff786e444f8a,JSCG-P Cristobal Colon Base Life Support,dc7183e7aab342788a9dff786e444f8a_5.bin,0.8
NREQ-000263,TAX-000036,evaluation_factor,source_selection,Technical Capability,technical capability,REQ-000144,dc7183e7aab342788a9dff786e444f8a,JSCG-P Cristobal Colon Base Life Support,dc7183e7aab342788a9dff786e444f8a_5.bin,0.8
NREQ-000264,TAX-000037,evaluation_factor,source_selection,Past Performance,past performance,REQ-000144,dc7183e7aab342788a9dff786e444f8a,JSCG-P Cristobal Colon Base Life Support,dc7183e7aab342788a9dff786e444f8a_5.bin,0.8
NREQ-000265,TAX-000038,evaluation_factor,source_selection,Price,price,REQ-000144,dc7183e7aab342788a9dff786e444f8a,JSCG-P Cristobal Colon Base Life Support,dc7183e7aab342788a9dff786e444f8a_5.bin,0.8
NREQ-000266,TAX-000044,evaluation_factor,source_selection,Best Value,best value,REQ-000144,dc7183e7aab342788a9dff786e444f8a,JSCG-P Cristobal Colon Base Life Support,dc7183e7aab342788a9dff786e444f8a_5.bin,0.8
NREQ-000267,TAX-000045,evaluation_factor,source_selection,Lowest Price Technically Acceptable,lowest price technically acceptable,REQ-000144,dc7183e7aab342788a9dff786e444f8a,JSCG-P Cristobal Colon Base Life Support,dc7183e7aab342788a9dff786e444f8a_5.bin,0.8
NREQ-000268,TAX-000085,procurement_method,acquisition_strategy,Best Value,best value,REQ-000144,dc7183e7aab342788a9dff786e444f8a,JSCG-P Cristobal Colon Base Life Support,dc7183e7aab342788a9dff786e444f8a_5.bin,0.8
NREQ-000269,TAX-000086,procurement_method,acquisition_strategy,Lowest Price Technically Acceptable,lowest price technically acceptable,REQ-000144,dc7183e7aab342788a9dff786e444f8a,JSCG-P Cristobal Colon Base Life Support,dc7183e7aab342788a9dff786e444f8a_5.bin,0.8
NREQ-000270,TAX-000087,compliance_clause,regulatory,FAR,far,REQ-000144,dc7183e7aab342788a9dff786e444f8a,JSCG-P Cristobal Colon Base Life Support,dc7183e7aab342788a9dff786e444f8a_5.bin,0.8
NREQ-000271,TAX-000036,evaluation_factor,source_selection,Technical Capability,technical capability,REQ-000145,dc7183e7aab342788a9dff786e444f8a,JSCG-P Cristobal Colon Base Life Support,dc7183e7aab342788a9dff786e444f8a_5.bin,0.8
NREQ-000272,TAX-000037,evaluation_factor,source_selection,Past Performance,past performance,REQ-000145,dc7183e7aab342788a9dff786e444f8a,JSCG-P Cristobal Colon Base Life Support,dc7183e7aab342788a9dff786e444f8a_5.bin,0.8
NREQ-000273,TAX-000038,evaluation_factor,source_selection,Price,price,REQ-000145,dc7183e7aab342788a9dff786e444f8a,JSCG-P Cristobal Colon Base Life Support,dc7183e7aab342788a9dff786e444f8a_5.bin,0.8
NREQ-000274,TAX-000036,evaluation_factor,source_selection,Technical Capability,technical capability,REQ-000146,dc7183e7aab342788a9dff786e444f8a,JSCG-P Cristobal Colon Base Life Support,dc7183e7aab342788a9dff786e444f8a_5.bin,0.8
NREQ-000275,TAX-000037,evaluation_factor,source_selection,Past Performance,past performance,REQ-000146,dc7183e7aab342788a9dff786e444f8a,JSCG-P Cristobal Colon Base Life Support,dc7183e7aab342788a9dff786e444f8a_5.bin,0.8
NREQ-000276,TAX-000038,evaluation_factor,source_selection,Price,price,REQ-000146,dc7183e7aab342788a9dff786e444f8a,JSCG-P Cristobal Colon Base Life Support,dc7183e7aab342788a9dff786e444f8a_5.bin,0.8
NREQ-000277,TAX-000036,evaluation_factor,source_selection,Technical Capability,technical capability,REQ-000147,dc7183e7aab342788a9dff786e444f8a,JSCG-P Cristobal Colon Base Life Support,dc7183e7aab342788a9dff786e444f8a_5.bin,0.8
NREQ-000278,TAX-000037,evaluation_factor,source_selection,Past Performance,past performance,REQ-000147,dc7183e7aab342788a9dff786e444f8a,JSCG-P Cristobal Colon Base Life Support,dc7183e7aab342788a9dff786e444f8a_5.bin,0.8
NREQ-000279,TAX-000038,evaluation_factor,source_selection,Price,price,REQ-000147,dc7183e7aab342788a9dff786e444f8a,JSCG-P Cristobal Colon Base Life Support,dc7183e7aab342788a9dff786e444f8a_5.bin,0.8
NREQ-000280,TAX-000087,compliance_clause,regulatory,FAR,far,REQ-000147,dc7183e7aab342788a9dff786e444f8a,JSCG-P Cristobal Colon Base Life Support,dc7183e7aab342788a9dff786e444f8a_5.bin,0.8
NREQ-000281,TAX-000037,evaluation_factor,source_selection,Past Performance,past performance,REQ-000148,dc7183e7aab342788a9dff786e444f8a,JSCG-P Cristobal Colon Base Life Support,dc7183e7aab342788a9dff786e444f8a_5.bin,0.8
NREQ-000282,TAX-000038,evaluation_factor,source_selection,Price,price,REQ-000148,dc7183e7aab342788a9dff786e444f8a,JSCG-P Cristobal Colon Base Life Support,dc7183e7aab342788a9dff786e444f8a_5.bin,0.8
NREQ-000283,TAX-000037,evaluation_factor,source_selection,Past Performance,past performance,REQ-000149,dc7183e7aab342788a9dff786e444f8a,JSCG-P Cristobal Colon Base Life Support,dc7183e7aab342788a9dff786e444f8a_5.bin,0.75
NREQ-000284,TAX-000037,evaluation_factor,source_selection,Past Performance,past performance,REQ-000150,dc7183e7aab342788a9dff786e444f8a,JSCG-P Cristobal Colon Base Life Support,dc7183e7aab342788a9dff786e444f8a_5.bin,0.75
NREQ-000285,TAX-000037,evaluation_factor,source_selection,Past Performance,past performance,REQ-000151,dc7183e7aab342788a9dff786e444f8a,JSCG-P Cristobal Colon Base Life Support,dc7183e7aab342788a9dff786e444f8a_5.bin,0.85
NREQ-000286,TAX-000044,evaluation_factor,source_selection,Best Value,best value,REQ-000151,dc7183e7aab342788a9dff786e444f8a,JSCG-P Cristobal Colon Base Life Support,dc7183e7aab342788a9dff786e444f8a_5.bin,0.85
NREQ-000287,TAX-000085,procurement_method,acquisition_strategy,Best Value,best value,REQ-000151,dc7183e7aab342788a9dff786e444f8a,JSCG-P Cristobal Colon Base Life Support,dc7183e7aab342788a9dff786e444f8a_5.bin,0.85
NREQ-000288,TAX-000037,evaluation_factor,source_selection,Past Performance,past performance,REQ-000152,dc7183e7aab342788a9dff786e444f8a,JSCG-P Cristobal Colon Base Life Support,dc7183e7aab342788a9dff786e444f8a_5.bin,0.65
NREQ-000289,TAX-000037,evaluation_factor,source_selection,Past Performance,past performance,REQ-000153,dc7183e7aab342788a9dff786e444f8a,JSCG-P Cristobal Colon Base Life Support,dc7183e7aab342788a9dff786e444f8a_5.bin,0.65
NREQ-000290,TAX-000037,evaluation_factor,source_selection,Past Performance,past performance,REQ-000154,dc7183e7aab342788a9dff786e444f8a,JSCG-P Cristobal Colon Base Life Support,dc7183e7aab342788a9dff786e444f8a_5.bin,0.75
NREQ-000291,TAX-000038,evaluation_factor,source_selection,Price,price,REQ-000154,dc7183e7aab342788a9dff786e444f8a,JSCG-P Cristobal Colon Base Life Support,dc7183e7aab342788a9dff786e444f8a_5.bin,0.75
NREQ-000292,TAX-000037,evaluation_factor,source_selection,Past Performance,past performance,REQ-000155,dc7183e7aab342788a9dff786e444f8a,JSCG-P Cristobal Colon Base Life Support,dc7183e7aab342788a9dff786e444f8a_5.bin,0.75
NREQ-000293,TAX-000038,evaluation_factor,source_selection,Price,price,REQ-000155,dc7183e7aab342788a9dff786e444f8a,JSCG-P Cristobal Colon Base Life Support,dc7183e7aab342788a9dff786e444f8a_5.bin,0.75
NREQ-000294,TAX-000037,evaluation_factor,source_selection,Past Performance,past performance,REQ-000156,dc7183e7aab342788a9dff786e444f8a,JSCG-P Cristobal Colon Base Life Support,dc7183e7aab342788a9dff786e444f8a_5.bin,0.75
NREQ-000295,TAX-000037,evaluation_factor,source_selection,Past Performance,past performance,REQ-000157,dc7183e7aab342788a9dff786e444f8a,JSCG-P Cristobal Colon Base Life Support,dc7183e7aab342788a9dff786e444f8a_5.bin,0.75
NREQ-000296,TAX-000038,evaluation_factor,source_selection,Price,price,REQ-000173,b9d0ecdbad264ff4a301649e05fdf09f,Socket Head Cap Screws,b9d0ecdbad264ff4a301649e05fdf09f_2.bin,0.8
NREQ-000297,TAX-000038,evaluation_factor,source_selection,Price,price,REQ-000174,b9d0ecdbad264ff4a301649e05fdf09f,Socket Head Cap Screws,b9d0ecdbad264ff4a301649e05fdf09f_2.bin,0.75
NREQ-000298,TAX-000038,evaluation_factor,source_selection,Price,price,REQ-000175,b9d0ecdbad264ff4a301649e05fdf09f,Socket Head Cap Screws,b9d0ecdbad264ff4a301649e05fdf09f_2.bin,0.75
NREQ-000299,TAX-000038,evaluation_factor,source_selection,Price,price,REQ-000176,b9d0ecdbad264ff4a301649e05fdf09f,Socket Head Cap Screws,b9d0ecdbad264ff4a301649e05fdf09f_2.bin,0.75
NREQ-000300,TAX-000038,evaluation_factor,source_selection,Price,price,REQ-000179,b9d0ecdbad264ff4a301649e05fdf09f,Socket Head Cap Screws,b9d0ecdbad264ff4a301649e05fdf09f_2.bin,0.75
NREQ-000301,TAX-000038,evaluation_factor,source_selection,Price,price,REQ-000180,b9d0ecdbad264ff4a301649e05fdf09f,Socket Head Cap Screws,b9d0ecdbad264ff4a301649e05fdf09f_2.bin,0.75
NREQ-000302,TAX-000038,evaluation_factor,source_selection,Price,price,REQ-000181,b9d0ecdbad264ff4a301649e05fdf09f,Socket Head Cap Screws,b9d0ecdbad264ff4a301649e05fdf09f_2.bin,0.75
NREQ-000303,TAX-000043,evaluation_factor,source_selection,Compliance,compliance,REQ-000182,b9d0ecdbad264ff4a301649e05fdf09f,Socket Head Cap Screws,b9d0ecdbad264ff4a301649e05fdf09f_2.bin,0.65
NREQ-000304,TAX-000043,evaluation_factor,source_selection,Compliance,compliance,REQ-000184,b9d0ecdbad264ff4a301649e05fdf09f,Socket Head Cap Screws,b9d0ecdbad264ff4a301649e05fdf09f_3.bin,0.65
NREQ-000305,TAX-000043,evaluation_factor,source_selection,Compliance,compliance,REQ-000187,b9d0ecdbad264ff4a301649e05fdf09f,Socket Head Cap Screws,b9d0ecdbad264ff4a301649e05fdf09f_3.bin,0.65
NREQ-000306,TAX-000043,evaluation_factor,source_selection,Compliance,compliance,REQ-000188,b9d0ecdbad264ff4a301649e05fdf09f,Socket Head Cap Screws,b9d0ecdbad264ff4a301649e05fdf09f_5.bin,0.65
NREQ-000307,TAX-000043,evaluation_factor,source_selection,Compliance,compliance,REQ-000191,b9d0ecdbad264ff4a301649e05fdf09f,Socket Head Cap Screws,b9d0ecdbad264ff4a301649e05fdf09f_5.bin,0.65
NREQ-000308,TAX-000038,evaluation_factor,source_selection,Price,price,REQ-000192,71ca1faee86e4a5e9cbbaf154af5bd47,7195--Solar Shades - B3 PACT,71ca1faee86e4a5e9cbbaf154af5bd47_1.bin,0.7
NREQ-000309,TAX-000087,compliance_clause,regulatory,FAR,far,REQ-000192,71ca1faee86e4a5e9cbbaf154af5bd47,7195--Solar Shades - B3 PACT,71ca1faee86e4a5e9cbbaf154af5bd47_1.bin,0.7
NREQ-000310,TAX-000038,evaluation_factor,source_selection,Price,price,REQ-000193,71ca1faee86e4a5e9cbbaf154af5bd47,7195--Solar Shades - B3 PACT,71ca1faee86e4a5e9cbbaf154af5bd47_1.bin,0.65
NREQ-000311,TAX-000087,compliance_clause,regulatory,FAR,far,REQ-000193,71ca1faee86e4a5e9cbbaf154af5bd47,7195--Solar Shades - B3 PACT,71ca1faee86e4a5e9cbbaf154af5bd47_1.bin,0.65
NREQ-000312,TAX-000038,evaluation_factor,source_selection,Price,price,REQ-000194,71ca1faee86e4a5e9cbbaf154af5bd47,7195--Solar Shades - B3 PACT,71ca1faee86e4a5e9cbbaf154af5bd47_1.bin,0.75
NREQ-000313,TAX-000087,compliance_clause,regulatory,FAR,far,REQ-000194,71ca1faee86e4a5e9cbbaf154af5bd47,7195--Solar Shades - B3 PACT,71ca1faee86e4a5e9cbbaf154af5bd47_1.bin,0.75
NREQ-000314,TAX-000038,evaluation_factor,source_selection,Price,price,REQ-000195,71ca1faee86e4a5e9cbbaf154af5bd47,7195--Solar Shades - B3 PACT,71ca1faee86e4a5e9cbbaf154af5bd47_1.bin,0.9
NREQ-000315,TAX-000087,compliance_clause,regulatory,FAR,far,REQ-000195,71ca1faee86e4a5e9cbbaf154af5bd47,7195--Solar Shades - B3 PACT,71ca1faee86e4a5e9cbbaf154af5bd47_1.bin,0.9
NREQ-000316,TAX-000038,evaluation_factor,source_selection,Price,price,REQ-000196,71ca1faee86e4a5e9cbbaf154af5bd47,7195--Solar Shades - B3 PACT,71ca1faee86e4a5e9cbbaf154af5bd47_1.bin,0.9
NREQ-000317,TAX-000087,compliance_clause,regulatory,FAR,far,REQ-000196,71ca1faee86e4a5e9cbbaf154af5bd47,7195--Solar Shades - B3 PACT,71ca1faee86e4a5e9cbbaf154af5bd47_1.bin,0.9
NREQ-000318,TAX-000038,evaluation_factor,source_selection,Price,price,REQ-000197,71ca1faee86e4a5e9cbbaf154af5bd47,7195--Solar Shades - B3 PACT,71ca1faee86e4a5e9cbbaf154af5bd47_1.bin,0.7
NREQ-000319,TAX-000087,compliance_clause,regulatory,FAR,far,REQ-000197,71ca1faee86e4a5e9cbbaf154af5bd47,7195--Solar Shades - B3 PACT,71ca1faee86e4a5e9cbbaf154af5bd47_1.bin,0.7
NREQ-000320,TAX-000038,evaluation_factor,source_selection,Price,price,REQ-000198,71ca1faee86e4a5e9cbbaf154af5bd47,7195--Solar Shades - B3 PACT,71ca1faee86e4a5e9cbbaf154af5bd47_1.bin,0.75
NREQ-000321,TAX-000044,evaluation_factor,source_selection,Best Value,best value,REQ-000198,71ca1faee86e4a5e9cbbaf154af5bd47,7195--Solar Shades - B3 PACT,71ca1faee86e4a5e9cbbaf154af5bd47_1.bin,0.75
NREQ-000322,TAX-000085,procurement_method,acquisition_strategy,Best Value,best value,REQ-000198,71ca1faee86e4a5e9cbbaf154af5bd47,7195--Solar Shades - B3 PACT,71ca1faee86e4a5e9cbbaf154af5bd47_1.bin,0.75
NREQ-000323,TAX-000087,compliance_clause,regulatory,FAR,far,REQ-000198,71ca1faee86e4a5e9cbbaf154af5bd47,7195--Solar Shades - B3 PACT,71ca1faee86e4a5e9cbbaf154af5bd47_1.bin,0.75
NREQ-000324,TAX-000038,evaluation_factor,source_selection,Price,price,REQ-000199,71ca1faee86e4a5e9cbbaf154af5bd47,7195--Solar Shades - B3 PACT,71ca1faee86e4a5e9cbbaf154af5bd47_1.bin,0.7
NREQ-000325,TAX-000087,compliance_clause,regulatory,FAR,far,REQ-000199,71ca1faee86e4a5e9cbbaf154af5bd47,7195--Solar Shades - B3 PACT,71ca1faee86e4a5e9cbbaf154af5bd47_1.bin,0.7
NREQ-000326,TAX-000038,evaluation_factor,source_selection,Price,price,REQ-000200,71ca1faee86e4a5e9cbbaf154af5bd47,7195--Solar Shades - B3 PACT,71ca1faee86e4a5e9cbbaf154af5bd47_1.bin,0.7
NREQ-000327,TAX-000087,compliance_clause,regulatory,FAR,far,REQ-000200,71ca1faee86e4a5e9cbbaf154af5bd47,7195--Solar Shades - B3 PACT,71ca1faee86e4a5e9cbbaf154af5bd47_1.bin,0.7
NREQ-000328,TAX-000038,evaluation_factor,source_selection,Price,price,REQ-000201,71ca1faee86e4a5e9cbbaf154af5bd47,7195--Solar Shades - B3 PACT,71ca1faee86e4a5e9cbbaf154af5bd47_1.bin,0.75
NREQ-000329,TAX-000087,compliance_clause,regulatory,FAR,far,REQ-000201,71ca1faee86e4a5e9cbbaf154af5bd47,7195--Solar Shades - B3 PACT,71ca1faee86e4a5e9cbbaf154af5bd47_1.bin,0.75
NREQ-000330,TAX-000038,evaluation_factor,source_selection,Price,price,REQ-000202,71ca1faee86e4a5e9cbbaf154af5bd47,7195--Solar Shades - B3 PACT,71ca1faee86e4a5e9cbbaf154af5bd47_1.bin,0.75
NREQ-000331,TAX-000087,compliance_clause,regulatory,FAR,far,REQ-000202,71ca1faee86e4a5e9cbbaf154af5bd47,7195--Solar Shades - B3 PACT,71ca1faee86e4a5e9cbbaf154af5bd47_1.bin,0.75
NREQ-000332,TAX-000038,evaluation_factor,source_selection,Price,price,REQ-000203,71ca1faee86e4a5e9cbbaf154af5bd47,7195--Solar Shades - B3 PACT,71ca1faee86e4a5e9cbbaf154af5bd47_1.bin,0.65
NREQ-000333,TAX-000087,compliance_clause,regulatory,FAR,far,REQ-000203,71ca1faee86e4a5e9cbbaf154af5bd47,7195--Solar Shades - B3 PACT,71ca1faee86e4a5e9cbbaf154af5bd47_1.bin,0.65
NREQ-000334,TAX-000038,evaluation_factor,source_selection,Price,price,REQ-000204,71ca1faee86e4a5e9cbbaf154af5bd47,7195--Solar Shades - B3 PACT,71ca1faee86e4a5e9cbbaf154af5bd47_1.bin,0.65
NREQ-000335,TAX-000087,compliance_clause,regulatory,FAR,far,REQ-000204,71ca1faee86e4a5e9cbbaf154af5bd47,7195--Solar Shades - B3 PACT,71ca1faee86e4a5e9cbbaf154af5bd47_1.bin,0.65
NREQ-000336,TAX-000038,evaluation_factor,source_selection,Price,price,REQ-000205,71ca1faee86e4a5e9cbbaf154af5bd47,7195--Solar Shades - B3 PACT,71ca1faee86e4a5e9cbbaf154af5bd47_1.bin,0.65
NREQ-000337,TAX-000087,compliance_clause,regulatory,FAR,far,REQ-000205,71ca1faee86e4a5e9cbbaf154af5bd47,7195--Solar Shades - B3 PACT,71ca1faee86e4a5e9cbbaf154af5bd47_1.bin,0.65
NREQ-000338,TAX-000038,evaluation_factor,source_selection,Price,price,REQ-000206,71ca1faee86e4a5e9cbbaf154af5bd47,7195--Solar Shades - B3 PACT,71ca1faee86e4a5e9cbbaf154af5bd47_1.bin,0.65
NREQ-000339,TAX-000087,compliance_clause,regulatory,FAR,far,REQ-000206,71ca1faee86e4a5e9cbbaf154af5bd47,7195--Solar Shades - B3 PACT,71ca1faee86e4a5e9cbbaf154af5bd47_1.bin,0.65
NREQ-000340,TAX-000038,evaluation_factor,source_selection,Price,price,REQ-000207,71ca1faee86e4a5e9cbbaf154af5bd47,7195--Solar Shades - B3 PACT,71ca1faee86e4a5e9cbbaf154af5bd47_1.bin,0.65
NREQ-000341,TAX-000087,compliance_clause,regulatory,FAR,far,REQ-000207,71ca1faee86e4a5e9cbbaf154af5bd47,7195--Solar Shades - B3 PACT,71ca1faee86e4a5e9cbbaf154af5bd47_1.bin,0.65
NREQ-000342,TAX-000038,evaluation_factor,source_selection,Price,price,REQ-000208,71ca1faee86e4a5e9cbbaf154af5bd47,7195--Solar Shades - B3 PACT,71ca1faee86e4a5e9cbbaf154af5bd47_1.bin,0.7
NREQ-000343,TAX-000087,compliance_clause,regulatory,FAR,far,REQ-000208,71ca1faee86e4a5e9cbbaf154af5bd47,7195--Solar Shades - B3 PACT,71ca1faee86e4a5e9cbbaf154af5bd47_1.bin,0.7
NREQ-000344,TAX-000038,evaluation_factor,source_selection,Price,price,REQ-000209,71ca1faee86e4a5e9cbbaf154af5bd47,7195--Solar Shades - B3 PACT,71ca1faee86e4a5e9cbbaf154af5bd47_1.bin,0.7
NREQ-000345,TAX-000087,compliance_clause,regulatory,FAR,far,REQ-000209,71ca1faee86e4a5e9cbbaf154af5bd47,7195--Solar Shades - B3 PACT,71ca1faee86e4a5e9cbbaf154af5bd47_1.bin,0.7
NREQ-000346,TAX-000038,evaluation_factor,source_selection,Price,price,REQ-000210,6934753cfbdf45f1b93928b67e93355a,Non-Research Long-Term Care facility needed for the enrichment and socialization of Non-Human Primate colony,6934753cfbdf45f1b93928b67e93355a_1.bin,0.8
NREQ-000347,TAX-000044,evaluation_factor,source_selection,Best Value,best value,REQ-000212,6934753cfbdf45f1b93928b67e93355a,Non-Research Long-Term Care facility needed for the enrichment and socialization of Non-Human Primate colony,6934753cfbdf45f1b93928b67e93355a_1.bin,0.85
NREQ-000348,TAX-000085,procurement_method,acquisition_strategy,Best Value,best value,REQ-000212,6934753cfbdf45f1b93928b67e93355a,Non-Research Long-Term Care facility needed for the enrichment and socialization of Non-Human Primate colony,6934753cfbdf45f1b93928b67e93355a_1.bin,0.85
NREQ-000349,TAX-000038,evaluation_factor,source_selection,Price,price,REQ-000215,6934753cfbdf45f1b93928b67e93355a,Non-Research Long-Term Care facility needed for the enrichment and socialization of Non-Human Primate colony,6934753cfbdf45f1b93928b67e93355a_1.bin,0.75
NREQ-000350,TAX-000038,evaluation_factor,source_selection,Price,price,REQ-000216,6934753cfbdf45f1b93928b67e93355a,Non-Research Long-Term Care facility needed for the enrichment and socialization of Non-Human Primate colony,6934753cfbdf45f1b93928b67e93355a_1.bin,0.75
NREQ-000351,TAX-000037,evaluation_factor,source_selection,Past Performance,past performance,REQ-000217,6934753cfbdf45f1b93928b67e93355a,Non-Research Long-Term Care facility needed for the enrichment and socialization of Non-Human Primate colony,6934753cfbdf45f1b93928b67e93355a_1.bin,0.75
NREQ-000352,TAX-000037,evaluation_factor,source_selection,Past Performance,past performance,REQ-000218,6934753cfbdf45f1b93928b67e93355a,Non-Research Long-Term Care facility needed for the enrichment and socialization of Non-Human Primate colony,6934753cfbdf45f1b93928b67e93355a_1.bin,0.75
NREQ-000353,TAX-000037,evaluation_factor,source_selection,Past Performance,past performance,REQ-000219,6934753cfbdf45f1b93928b67e93355a,Non-Research Long-Term Care facility needed for the enrichment and socialization of Non-Human Primate colony,6934753cfbdf45f1b93928b67e93355a_1.bin,0.75
NREQ-000354,TAX-000038,evaluation_factor,source_selection,Price,price,REQ-000226,441459c8d2a34c49a903966dc6678ca5,Consolidated Synopsis Aggregate Materials Black Hills National Cemetery,441459c8d2a34c49a903966dc6678ca5_1.bin,0.9
NREQ-000355,TAX-000038,evaluation_factor,source_selection,Price,price,REQ-000227,441459c8d2a34c49a903966dc6678ca5,Consolidated Synopsis Aggregate Materials Black Hills National Cemetery,441459c8d2a34c49a903966dc6678ca5_1.bin,0.9
NREQ-000356,TAX-000038,evaluation_factor,source_selection,Price,price,REQ-000230,441459c8d2a34c49a903966dc6678ca5,Consolidated Synopsis Aggregate Materials Black Hills National Cemetery,441459c8d2a34c49a903966dc6678ca5_1.bin,0.75
NREQ-000357,TAX-000038,evaluation_factor,source_selection,Price,price,REQ-000231,441459c8d2a34c49a903966dc6678ca5,Consolidated Synopsis Aggregate Materials Black Hills National Cemetery,441459c8d2a34c49a903966dc6678ca5_1.bin,0.75
NREQ-000358,TAX-000038,evaluation_factor,source_selection,Price,price,REQ-000232,441459c8d2a34c49a903966dc6678ca5,Consolidated Synopsis Aggregate Materials Black Hills National Cemetery,441459c8d2a34c49a903966dc6678ca5_1.bin,0.75
NREQ-000359,TAX-000037,evaluation_factor,source_selection,Past Performance,past performance,REQ-000233,441459c8d2a34c49a903966dc6678ca5,Consolidated Synopsis Aggregate Materials Black Hills National Cemetery,441459c8d2a34c49a903966dc6678ca5_4.bin,0.75
NREQ-000360,TAX-000037,evaluation_factor,source_selection,Past Performance,past performance,REQ-000234,441459c8d2a34c49a903966dc6678ca5,Consolidated Synopsis Aggregate Materials Black Hills National Cemetery,441459c8d2a34c49a903966dc6678ca5_4.bin,0.75
NREQ-000361,TAX-000037,evaluation_factor,source_selection,Past Performance,past performance,REQ-000237,441459c8d2a34c49a903966dc6678ca5,Consolidated Synopsis Aggregate Materials Black Hills National Cemetery,441459c8d2a34c49a903966dc6678ca5_4.bin,0.8
NREQ-000362,TAX-000037,evaluation_factor,source_selection,Past Performance,past performance,REQ-000238,441459c8d2a34c49a903966dc6678ca5,Consolidated Synopsis Aggregate Materials Black Hills National Cemetery,441459c8d2a34c49a903966dc6678ca5_4.bin,0.8
NREQ-000363,TAX-000037,evaluation_factor,source_selection,Past Performance,past performance,REQ-000239,441459c8d2a34c49a903966dc6678ca5,Consolidated Synopsis Aggregate Materials Black Hills National Cemetery,441459c8d2a34c49a903966dc6678ca5_4.bin,0.75
NREQ-000364,TAX-000037,evaluation_factor,source_selection,Past Performance,past performance,REQ-000240,441459c8d2a34c49a903966dc6678ca5,Consolidated Synopsis Aggregate Materials Black Hills National Cemetery,441459c8d2a34c49a903966dc6678ca5_4.bin,0.75
NREQ-000365,TAX-000037,evaluation_factor,source_selection,Past Performance,past performance,REQ-000241,441459c8d2a34c49a903966dc6678ca5,Consolidated Synopsis Aggregate Materials Black Hills National Cemetery,441459c8d2a34c49a903966dc6678ca5_4.bin,0.75
NREQ-000366,TAX-000087,compliance_clause,regulatory,FAR,far,REQ-000242,441459c8d2a34c49a903966dc6678ca5,Consolidated Synopsis Aggregate Materials Black Hills National Cemetery,441459c8d2a34c49a903966dc6678ca5_6.bin,0.7
NREQ-000367,TAX-000089,compliance_clause,regulatory,Section 889,section 889,REQ-000242,441459c8d2a34c49a903966dc6678ca5,Consolidated Synopsis Aggregate Materials Black Hills National Cemetery,441459c8d2a34c49a903966dc6678ca5_6.bin,0.7
NREQ-000368,TAX-000037,evaluation_factor,source_selection,Past Performance,past performance,REQ-000243,441459c8d2a34c49a903966dc6678ca5,Consolidated Synopsis Aggregate Materials Black Hills National Cemetery,441459c8d2a34c49a903966dc6678ca5_6.bin,0.85
NREQ-000369,TAX-000056,contract_vehicle,procurement_vehicle,BPA,bpa,REQ-000243,441459c8d2a34c49a903966dc6678ca5,Consolidated Synopsis Aggregate Materials Black Hills National Cemetery,441459c8d2a34c49a903966dc6678ca5_6.bin,0.85
NREQ-000370,TAX-000087,compliance_clause,regulatory,FAR,far,REQ-000243,441459c8d2a34c49a903966dc6678ca5,Consolidated Synopsis Aggregate Materials Black Hills National Cemetery,441459c8d2a34c49a903966dc6678ca5_6.bin,0.85
NREQ-000371,TAX-000089,compliance_clause,regulatory,Section 889,section 889,REQ-000243,441459c8d2a34c49a903966dc6678ca5,Consolidated Synopsis Aggregate Materials Black Hills National Cemetery,441459c8d2a34c49a903966dc6678ca5_6.bin,0.85
NREQ-000372,TAX-000037,evaluation_factor,source_selection,Past Performance,past performance,REQ-000244,441459c8d2a34c49a903966dc6678ca5,Consolidated Synopsis Aggregate Materials Black Hills National Cemetery,441459c8d2a34c49a903966dc6678ca5_6.bin,0.85
NREQ-000373,TAX-000056,contract_vehicle,procurement_vehicle,BPA,bpa,REQ-000244,441459c8d2a34c49a903966dc6678ca5,Consolidated Synopsis Aggregate Materials Black Hills National Cemetery,441459c8d2a34c49a903966dc6678ca5_6.bin,0.85
NREQ-000374,TAX-000087,compliance_clause,regulatory,FAR,far,REQ-000244,441459c8d2a34c49a903966dc6678ca5,Consolidated Synopsis Aggregate Materials Black Hills National Cemetery,441459c8d2a34c49a903966dc6678ca5_6.bin,0.85
NREQ-000375,TAX-000089,compliance_clause,regulatory,Section 889,section 889,REQ-000244,441459c8d2a34c49a903966dc6678ca5,Consolidated Synopsis Aggregate Materials Black Hills National Cemetery,441459c8d2a34c49a903966dc6678ca5_6.bin,0.85
NREQ-000376,TAX-000037,evaluation_factor,source_selection,Past Performance,past performance,REQ-000245,441459c8d2a34c49a903966dc6678ca5,Consolidated Synopsis Aggregate Materials Black Hills National Cemetery,441459c8d2a34c49a903966dc6678ca5_6.bin,0.85
NREQ-000377,TAX-000056,contract_vehicle,procurement_vehicle,BPA,bpa,REQ-000245,441459c8d2a34c49a903966dc6678ca5,Consolidated Synopsis Aggregate Materials Black Hills National Cemetery,441459c8d2a34c49a903966dc6678ca5_6.bin,0.85
NREQ-000378,TAX-000087,compliance_clause,regulatory,FAR,far,REQ-000245,441459c8d2a34c49a903966dc6678ca5,Consolidated Synopsis Aggregate Materials Black Hills National Cemetery,441459c8d2a34c49a903966dc6678ca5_6.bin,0.85
NREQ-000379,TAX-000089,compliance_clause,regulatory,Section 889,section 889,REQ-000245,441459c8d2a34c49a903966dc6678ca5,Consolidated Synopsis Aggregate Materials Black Hills National Cemetery,441459c8d2a34c49a903966dc6678ca5_6.bin,0.85
NREQ-000380,TAX-000037,evaluation_factor,source_selection,Past Performance,past performance,REQ-000246,441459c8d2a34c49a903966dc6678ca5,Consolidated Synopsis Aggregate Materials Black Hills National Cemetery,441459c8d2a34c49a903966dc6678ca5_6.bin,0.85
NREQ-000381,TAX-000056,contract_vehicle,procurement_vehicle,BPA,bpa,REQ-000246,441459c8d2a34c49a903966dc6678ca5,Consolidated Synopsis Aggregate Materials Black Hills National Cemetery,441459c8d2a34c49a903966dc6678ca5_6.bin,0.85
NREQ-000382,TAX-000087,compliance_clause,regulatory,FAR,far,REQ-000246,441459c8d2a34c49a903966dc6678ca5,Consolidated Synopsis Aggregate Materials Black Hills National Cemetery,441459c8d2a34c49a903966dc6678ca5_6.bin,0.85
NREQ-000383,TAX-000089,compliance_clause,regulatory,Section 889,section 889,REQ-000246,441459c8d2a34c49a903966dc6678ca5,Consolidated Synopsis Aggregate Materials Black Hills National Cemetery,441459c8d2a34c49a903966dc6678ca5_6.bin,0.85
NREQ-000384,TAX-000087,compliance_clause,regulatory,FAR,far,REQ-000247,441459c8d2a34c49a903966dc6678ca5,Consolidated Synopsis Aggregate Materials Black Hills National Cemetery,441459c8d2a34c49a903966dc6678ca5_6.bin,0.65
NREQ-000385,TAX-000089,compliance_clause,regulatory,Section 889,section 889,REQ-000247,441459c8d2a34c49a903966dc6678ca5,Consolidated Synopsis Aggregate Materials Black Hills National Cemetery,441459c8d2a34c49a903966dc6678ca5_6.bin,0.65
NREQ-000386,TAX-000087,compliance_clause,regulatory,FAR,far,REQ-000248,441459c8d2a34c49a903966dc6678ca5,Consolidated Synopsis Aggregate Materials Black Hills National Cemetery,441459c8d2a34c49a903966dc6678ca5_6.bin,0.7
NREQ-000387,TAX-000089,compliance_clause,regulatory,Section 889,section 889,REQ-000248,441459c8d2a34c49a903966dc6678ca5,Consolidated Synopsis Aggregate Materials Black Hills National Cemetery,441459c8d2a34c49a903966dc6678ca5_6.bin,0.7
NREQ-000388,TAX-000087,compliance_clause,regulatory,FAR,far,REQ-000249,441459c8d2a34c49a903966dc6678ca5,Consolidated Synopsis Aggregate Materials Black Hills National Cemetery,441459c8d2a34c49a903966dc6678ca5_6.bin,0.7
NREQ-000389,TAX-000089,compliance_clause,regulatory,Section 889,section 889,REQ-000249,441459c8d2a34c49a903966dc6678ca5,Consolidated Synopsis Aggregate Materials Black Hills National Cemetery,441459c8d2a34c49a903966dc6678ca5_6.bin,0.7
NREQ-000390,TAX-000087,compliance_clause,regulatory,FAR,far,REQ-000250,441459c8d2a34c49a903966dc6678ca5,Consolidated Synopsis Aggregate Materials Black Hills National Cemetery,441459c8d2a34c49a903966dc6678ca5_6.bin,0.8
NREQ-000391,TAX-000089,compliance_clause,regulatory,Section 889,section 889,REQ-000250,441459c8d2a34c49a903966dc6678ca5,Consolidated Synopsis Aggregate Materials Black Hills National Cemetery,441459c8d2a34c49a903966dc6678ca5_6.bin,0.8
NREQ-000392,TAX-000087,compliance_clause,regulatory,FAR,far,REQ-000251,441459c8d2a34c49a903966dc6678ca5,Consolidated Synopsis Aggregate Materials Black Hills National Cemetery,441459c8d2a34c49a903966dc6678ca5_6.bin,0.7
NREQ-000393,TAX-000089,compliance_clause,regulatory,Section 889,section 889,REQ-000251,441459c8d2a34c49a903966dc6678ca5,Consolidated Synopsis Aggregate Materials Black Hills National Cemetery,441459c8d2a34c49a903966dc6678ca5_6.bin,0.7
NREQ-000394,TAX-000087,compliance_clause,regulatory,FAR,far,REQ-000252,441459c8d2a34c49a903966dc6678ca5,Consolidated Synopsis Aggregate Materials Black Hills National Cemetery,441459c8d2a34c49a903966dc6678ca5_6.bin,0.7
NREQ-000395,TAX-000089,compliance_clause,regulatory,Section 889,section 889,REQ-000252,441459c8d2a34c49a903966dc6678ca5,Consolidated Synopsis Aggregate Materials Black Hills National Cemetery,441459c8d2a34c49a903966dc6678ca5_6.bin,0.7
NREQ-000396,TAX-000038,evaluation_factor,source_selection,Price,price,REQ-000253,441459c8d2a34c49a903966dc6678ca5,Consolidated Synopsis Aggregate Materials Black Hills National Cemetery,441459c8d2a34c49a903966dc6678ca5_6.bin,0.8
NREQ-000397,TAX-000087,compliance_clause,regulatory,FAR,far,REQ-000253,441459c8d2a34c49a903966dc6678ca5,Consolidated Synopsis Aggregate Materials Black Hills National Cemetery,441459c8d2a34c49a903966dc6678ca5_6.bin,0.8
NREQ-000398,TAX-000089,compliance_clause,regulatory,Section 889,section 889,REQ-000253,441459c8d2a34c49a903966dc6678ca5,Consolidated Synopsis Aggregate Materials Black Hills National Cemetery,441459c8d2a34c49a903966dc6678ca5_6.bin,0.8
NREQ-000399,TAX-000038,evaluation_factor,source_selection,Price,price,REQ-000254,441459c8d2a34c49a903966dc6678ca5,Consolidated Synopsis Aggregate Materials Black Hills National Cemetery,441459c8d2a34c49a903966dc6678ca5_6.bin,0.8
NREQ-000400,TAX-000087,compliance_clause,regulatory,FAR,far,REQ-000254,441459c8d2a34c49a903966dc6678ca5,Consolidated Synopsis Aggregate Materials Black Hills National Cemetery,441459c8d2a34c49a903966dc6678ca5_6.bin,0.8
NREQ-000401,TAX-000089,compliance_clause,regulatory,Section 889,section 889,REQ-000254,441459c8d2a34c49a903966dc6678ca5,Consolidated Synopsis Aggregate Materials Black Hills National Cemetery,441459c8d2a34c49a903966dc6678ca5_6.bin,0.8
NREQ-000402,TAX-000037,evaluation_factor,source_selection,Past Performance,past performance,REQ-000255,441459c8d2a34c49a903966dc6678ca5,Consolidated Synopsis Aggregate Materials Black Hills National Cemetery,441459c8d2a34c49a903966dc6678ca5_6.bin,0.75
NREQ-000403,TAX-000087,compliance_clause,regulatory,FAR,far,REQ-000255,441459c8d2a34c49a903966dc6678ca5,Consolidated Synopsis Aggregate Materials Black Hills National Cemetery,441459c8d2a34c49a903966dc6678ca5_6.bin,0.75
NREQ-000404,TAX-000089,compliance_clause,regulatory,Section 889,section 889,REQ-000255,441459c8d2a34c49a903966dc6678ca5,Consolidated Synopsis Aggregate Materials Black Hills National Cemetery,441459c8d2a34c49a903966dc6678ca5_6.bin,0.75
NREQ-000405,TAX-000037,evaluation_factor,source_selection,Past Performance,past performance,REQ-000256,441459c8d2a34c49a903966dc6678ca5,Consolidated Synopsis Aggregate Materials Black Hills National Cemetery,441459c8d2a34c49a903966dc6678ca5_6.bin,0.75
NREQ-000406,TAX-000087,compliance_clause,regulatory,FAR,far,REQ-000256,441459c8d2a34c49a903966dc6678ca5,Consolidated Synopsis Aggregate Materials Black Hills National Cemetery,441459c8d2a34c49a903966dc6678ca5_6.bin,0.75
NREQ-000407,TAX-000089,compliance_clause,regulatory,Section 889,section 889,REQ-000256,441459c8d2a34c49a903966dc6678ca5,Consolidated Synopsis Aggregate Materials Black Hills National Cemetery,441459c8d2a34c49a903966dc6678ca5_6.bin,0.75
NREQ-000408,TAX-000037,evaluation_factor,source_selection,Past Performance,past performance,REQ-000257,441459c8d2a34c49a903966dc6678ca5,Consolidated Synopsis Aggregate Materials Black Hills National Cemetery,441459c8d2a34c49a903966dc6678ca5_6.bin,0.75
NREQ-000409,TAX-000087,compliance_clause,regulatory,FAR,far,REQ-000257,441459c8d2a34c49a903966dc6678ca5,Consolidated Synopsis Aggregate Materials Black Hills National Cemetery,441459c8d2a34c49a903966dc6678ca5_6.bin,0.75
NREQ-000410,TAX-000089,compliance_clause,regulatory,Section 889,section 889,REQ-000257,441459c8d2a34c49a903966dc6678ca5,Consolidated Synopsis Aggregate Materials Black Hills National Cemetery,441459c8d2a34c49a903966dc6678ca5_6.bin,0.75
NREQ-000411,TAX-000087,compliance_clause,regulatory,FAR,far,REQ-000258,441459c8d2a34c49a903966dc6678ca5,Consolidated Synopsis Aggregate Materials Black Hills National Cemetery,441459c8d2a34c49a903966dc6678ca5_6.bin,0.65
NREQ-000412,TAX-000089,compliance_clause,regulatory,Section 889,section 889,REQ-000258,441459c8d2a34c49a903966dc6678ca5,Consolidated Synopsis Aggregate Materials Black Hills National Cemetery,441459c8d2a34c49a903966dc6678ca5_6.bin,0.65
NREQ-000413,TAX-000087,compliance_clause,regulatory,FAR,far,REQ-000259,441459c8d2a34c49a903966dc6678ca5,Consolidated Synopsis Aggregate Materials Black Hills National Cemetery,441459c8d2a34c49a903966dc6678ca5_6.bin,0.65
NREQ-000414,TAX-000089,compliance_clause,regulatory,Section 889,section 889,REQ-000259,441459c8d2a34c49a903966dc6678ca5,Consolidated Synopsis Aggregate Materials Black Hills National Cemetery,441459c8d2a34c49a903966dc6678ca5_6.bin,0.65
NREQ-000415,TAX-000043,evaluation_factor,source_selection,Compliance,compliance,REQ-000260,441459c8d2a34c49a903966dc6678ca5,Consolidated Synopsis Aggregate Materials Black Hills National Cemetery,441459c8d2a34c49a903966dc6678ca5_6.bin,0.65
NREQ-000416,TAX-000087,compliance_clause,regulatory,FAR,far,REQ-000260,441459c8d2a34c49a903966dc6678ca5,Consolidated Synopsis Aggregate Materials Black Hills National Cemetery,441459c8d2a34c49a903966dc6678ca5_6.bin,0.65
NREQ-000417,TAX-000089,compliance_clause,regulatory,Section 889,section 889,REQ-000260,441459c8d2a34c49a903966dc6678ca5,Consolidated Synopsis Aggregate Materials Black Hills National Cemetery,441459c8d2a34c49a903966dc6678ca5_6.bin,0.65
NREQ-000418,TAX-000087,compliance_clause,regulatory,FAR,far,REQ-000261,441459c8d2a34c49a903966dc6678ca5,Consolidated Synopsis Aggregate Materials Black Hills National Cemetery,441459c8d2a34c49a903966dc6678ca5_6.bin,0.65
NREQ-000419,TAX-000089,compliance_clause,regulatory,Section 889,section 889,REQ-000261,441459c8d2a34c49a903966dc6678ca5,Consolidated Synopsis Aggregate Materials Black Hills National Cemetery,441459c8d2a34c49a903966dc6678ca5_6.bin,0.65
NREQ-000420,TAX-000087,compliance_clause,regulatory,FAR,far,REQ-000262,441459c8d2a34c49a903966dc6678ca5,Consolidated Synopsis Aggregate Materials Black Hills National Cemetery,441459c8d2a34c49a903966dc6678ca5_6.bin,0.7
NREQ-000421,TAX-000089,compliance_clause,regulatory,Section 889,section 889,REQ-000262,441459c8d2a34c49a903966dc6678ca5,Consolidated Synopsis Aggregate Materials Black Hills National Cemetery,441459c8d2a34c49a903966dc6678ca5_6.bin,0.7
NREQ-000422,TAX-000082,procurement_method,acquisition_strategy,Sole Source,sole source,REQ-000263,3b8ae850899e4ab298f3c2bff29ef889,Notice of Intent to Sole Source- Investigative Services  Houston Police Deparment,3b8ae850899e4ab298f3c2bff29ef889_1.bin,0.7
NREQ-000423,TAX-000087,compliance_clause,regulatory,FAR,far,REQ-000266,3986c6c299c04c119ed7d79cb2b5cef5,Request for Information: FDA IT Infrastructure Services,3986c6c299c04c119ed7d79cb2b5cef5_1.bin,0.7
NREQ-000424,TAX-000038,evaluation_factor,source_selection,Price,price,REQ-000270,38811fa6a48a41e0979b84f46b44b030,Cape Canaveral National Cemetery Ornamental Grass Renovation and Irrigation National Shrine Project,38811fa6a48a41e0979b84f46b44b030_1.bin,0.85
NREQ-000425,TAX-000038,evaluation_factor,source_selection,Price,price,REQ-000271,38811fa6a48a41e0979b84f46b44b030,Cape Canaveral National Cemetery Ornamental Grass Renovation and Irrigation National Shrine Project,38811fa6a48a41e0979b84f46b44b030_1.bin,0.85
NREQ-000426,TAX-000038,evaluation_factor,source_selection,Price,price,REQ-000272,38811fa6a48a41e0979b84f46b44b030,Cape Canaveral National Cemetery Ornamental Grass Renovation and Irrigation National Shrine Project,38811fa6a48a41e0979b84f46b44b030_1.bin,0.85
NREQ-000427,TAX-000038,evaluation_factor,source_selection,Price,price,REQ-000273,38811fa6a48a41e0979b84f46b44b030,Cape Canaveral National Cemetery Ornamental Grass Renovation and Irrigation National Shrine Project,38811fa6a48a41e0979b84f46b44b030_1.bin,0.8
NREQ-000428,TAX-000038,evaluation_factor,source_selection,Price,price,REQ-000274,38811fa6a48a41e0979b84f46b44b030,Cape Canaveral National Cemetery Ornamental Grass Renovation and Irrigation National Shrine Project,38811fa6a48a41e0979b84f46b44b030_1.bin,0.7
NREQ-000429,TAX-000038,evaluation_factor,source_selection,Price,price,REQ-000275,38811fa6a48a41e0979b84f46b44b030,Cape Canaveral National Cemetery Ornamental Grass Renovation and Irrigation National Shrine Project,38811fa6a48a41e0979b84f46b44b030_1.bin,0.7
NREQ-000430,TAX-000038,evaluation_factor,source_selection,Price,price,REQ-000276,38811fa6a48a41e0979b84f46b44b030,Cape Canaveral National Cemetery Ornamental Grass Renovation and Irrigation National Shrine Project,38811fa6a48a41e0979b84f46b44b030_1.bin,0.75
NREQ-000431,TAX-000038,evaluation_factor,source_selection,Price,price,REQ-000277,38811fa6a48a41e0979b84f46b44b030,Cape Canaveral National Cemetery Ornamental Grass Renovation and Irrigation National Shrine Project,38811fa6a48a41e0979b84f46b44b030_1.bin,0.75
NREQ-000432,TAX-000038,evaluation_factor,source_selection,Price,price,REQ-000278,38811fa6a48a41e0979b84f46b44b030,Cape Canaveral National Cemetery Ornamental Grass Renovation and Irrigation National Shrine Project,38811fa6a48a41e0979b84f46b44b030_2.bin,0.7
NREQ-000433,TAX-000038,evaluation_factor,source_selection,Price,price,REQ-000279,38811fa6a48a41e0979b84f46b44b030,Cape Canaveral National Cemetery Ornamental Grass Renovation and Irrigation National Shrine Project,38811fa6a48a41e0979b84f46b44b030_2.bin,0.75
NREQ-000434,TAX-000038,evaluation_factor,source_selection,Price,price,REQ-000280,38811fa6a48a41e0979b84f46b44b030,Cape Canaveral National Cemetery Ornamental Grass Renovation and Irrigation National Shrine Project,38811fa6a48a41e0979b84f46b44b030_2.bin,0.7
NREQ-000435,TAX-000038,evaluation_factor,source_selection,Price,price,REQ-000281,38811fa6a48a41e0979b84f46b44b030,Cape Canaveral National Cemetery Ornamental Grass Renovation and Irrigation National Shrine Project,38811fa6a48a41e0979b84f46b44b030_2.bin,0.85
NREQ-000436,TAX-000038,evaluation_factor,source_selection,Price,price,REQ-000282,38811fa6a48a41e0979b84f46b44b030,Cape Canaveral National Cemetery Ornamental Grass Renovation and Irrigation National Shrine Project,38811fa6a48a41e0979b84f46b44b030_2.bin,0.75
NREQ-000437,TAX-000038,evaluation_factor,source_selection,Price,price,REQ-000283,38811fa6a48a41e0979b84f46b44b030,Cape Canaveral National Cemetery Ornamental Grass Renovation and Irrigation National Shrine Project,38811fa6a48a41e0979b84f46b44b030_2.bin,0.7
NREQ-000438,TAX-000038,evaluation_factor,source_selection,Price,price,REQ-000284,38811fa6a48a41e0979b84f46b44b030,Cape Canaveral National Cemetery Ornamental Grass Renovation and Irrigation National Shrine Project,38811fa6a48a41e0979b84f46b44b030_2.bin,0.8
NREQ-000439,TAX-000038,evaluation_factor,source_selection,Price,price,REQ-000285,38811fa6a48a41e0979b84f46b44b030,Cape Canaveral National Cemetery Ornamental Grass Renovation and Irrigation National Shrine Project,38811fa6a48a41e0979b84f46b44b030_2.bin,0.7
NREQ-000440,TAX-000038,evaluation_factor,source_selection,Price,price,REQ-000286,38811fa6a48a41e0979b84f46b44b030,Cape Canaveral National Cemetery Ornamental Grass Renovation and Irrigation National Shrine Project,38811fa6a48a41e0979b84f46b44b030_2.bin,0.7
NREQ-000441,TAX-000038,evaluation_factor,source_selection,Price,price,REQ-000287,38811fa6a48a41e0979b84f46b44b030,Cape Canaveral National Cemetery Ornamental Grass Renovation and Irrigation National Shrine Project,38811fa6a48a41e0979b84f46b44b030_2.bin,0.75
NREQ-000442,TAX-000038,evaluation_factor,source_selection,Price,price,REQ-000288,38811fa6a48a41e0979b84f46b44b030,Cape Canaveral National Cemetery Ornamental Grass Renovation and Irrigation National Shrine Project,38811fa6a48a41e0979b84f46b44b030_2.bin,0.75
NREQ-000443,TAX-000037,evaluation_factor,source_selection,Past Performance,past performance,REQ-000289,38811fa6a48a41e0979b84f46b44b030,Cape Canaveral National Cemetery Ornamental Grass Renovation and Irrigation National Shrine Project,38811fa6a48a41e0979b84f46b44b030_2.bin,0.75
NREQ-000444,TAX-000038,evaluation_factor,source_selection,Price,price,REQ-000289,38811fa6a48a41e0979b84f46b44b030,Cape Canaveral National Cemetery Ornamental Grass Renovation and Irrigation National Shrine Project,38811fa6a48a41e0979b84f46b44b030_2.bin,0.75
NREQ-000445,TAX-000037,evaluation_factor,source_selection,Past Performance,past performance,REQ-000290,38811fa6a48a41e0979b84f46b44b030,Cape Canaveral National Cemetery Ornamental Grass Renovation and Irrigation National Shrine Project,38811fa6a48a41e0979b84f46b44b030_2.bin,0.75
NREQ-000446,TAX-000038,evaluation_factor,source_selection,Price,price,REQ-000290,38811fa6a48a41e0979b84f46b44b030,Cape Canaveral National Cemetery Ornamental Grass Renovation and Irrigation National Shrine Project,38811fa6a48a41e0979b84f46b44b030_2.bin,0.75
NREQ-000447,TAX-000037,evaluation_factor,source_selection,Past Performance,past performance,REQ-000291,38811fa6a48a41e0979b84f46b44b030,Cape Canaveral National Cemetery Ornamental Grass Renovation and Irrigation National Shrine Project,38811fa6a48a41e0979b84f46b44b030_2.bin,0.75
NREQ-000448,TAX-000038,evaluation_factor,source_selection,Price,price,REQ-000291,38811fa6a48a41e0979b84f46b44b030,Cape Canaveral National Cemetery Ornamental Grass Renovation and Irrigation National Shrine Project,38811fa6a48a41e0979b84f46b44b030_2.bin,0.75
NREQ-000449,TAX-000038,evaluation_factor,source_selection,Price,price,REQ-000292,38811fa6a48a41e0979b84f46b44b030,Cape Canaveral National Cemetery Ornamental Grass Renovation and Irrigation National Shrine Project,38811fa6a48a41e0979b84f46b44b030_2.bin,0.65
NREQ-000450,TAX-000043,evaluation_factor,source_selection,Compliance,compliance,REQ-000292,38811fa6a48a41e0979b84f46b44b030,Cape Canaveral National Cemetery Ornamental Grass Renovation and Irrigation National Shrine Project,38811fa6a48a41e0979b84f46b44b030_2.bin,0.65
NREQ-000451,TAX-000038,evaluation_factor,source_selection,Price,price,REQ-000293,38811fa6a48a41e0979b84f46b44b030,Cape Canaveral National Cemetery Ornamental Grass Renovation and Irrigation National Shrine Project,38811fa6a48a41e0979b84f46b44b030_2.bin,0.65
NREQ-000452,TAX-000038,evaluation_factor,source_selection,Price,price,REQ-000294,38811fa6a48a41e0979b84f46b44b030,Cape Canaveral National Cemetery Ornamental Grass Renovation and Irrigation National Shrine Project,38811fa6a48a41e0979b84f46b44b030_2.bin,0.7
NREQ-000453,TAX-000043,evaluation_factor,source_selection,Compliance,compliance,REQ-000295,38811fa6a48a41e0979b84f46b44b030,Cape Canaveral National Cemetery Ornamental Grass Renovation and Irrigation National Shrine Project,38811fa6a48a41e0979b84f46b44b030_4.bin,0.7
NREQ-000454,TAX-000092,compliance_clause,regulatory,OSHA,osha,REQ-000305,38811fa6a48a41e0979b84f46b44b030,Cape Canaveral National Cemetery Ornamental Grass Renovation and Irrigation National Shrine Project,38811fa6a48a41e0979b84f46b44b030_6.bin,0.7
NREQ-000455,TAX-000038,evaluation_factor,source_selection,Price,price,REQ-000324,38811fa6a48a41e0979b84f46b44b030,Cape Canaveral National Cemetery Ornamental Grass Renovation and Irrigation National Shrine Project,38811fa6a48a41e0979b84f46b44b030_10.bin,0.75
NREQ-000456,TAX-000038,evaluation_factor,source_selection,Price,price,REQ-000325,38811fa6a48a41e0979b84f46b44b030,Cape Canaveral National Cemetery Ornamental Grass Renovation and Irrigation National Shrine Project,38811fa6a48a41e0979b84f46b44b030_10.bin,0.75
NREQ-000457,TAX-000038,evaluation_factor,source_selection,Price,price,REQ-000326,38811fa6a48a41e0979b84f46b44b030,Cape Canaveral National Cemetery Ornamental Grass Renovation and Irrigation National Shrine Project,38811fa6a48a41e0979b84f46b44b030_10.bin,0.75
NREQ-000458,TAX-000056,contract_vehicle,procurement_vehicle,BPA,bpa,REQ-000329,38811fa6a48a41e0979b84f46b44b030,Cape Canaveral National Cemetery Ornamental Grass Renovation and Irrigation National Shrine Project,38811fa6a48a41e0979b84f46b44b030_13.bin,0.65
NREQ-000459,TAX-000043,evaluation_factor,source_selection,Compliance,compliance,REQ-000342,38811fa6a48a41e0979b84f46b44b030,Cape Canaveral National Cemetery Ornamental Grass Renovation and Irrigation National Shrine Project,38811fa6a48a41e0979b84f46b44b030_16.bin,0.7
NREQ-000460,TAX-000043,evaluation_factor,source_selection,Compliance,compliance,REQ-000346,38811fa6a48a41e0979b84f46b44b030,Cape Canaveral National Cemetery Ornamental Grass Renovation and Irrigation National Shrine Project,38811fa6a48a41e0979b84f46b44b030_16.bin,0.65
NREQ-000461,TAX-000087,compliance_clause,regulatory,FAR,far,REQ-000347,3164fcc003e84650b53a7bdb56485b05,"USAG DHR, Fort Bragg ID Card Services",3164fcc003e84650b53a7bdb56485b05_1.bin,0.75
NREQ-000462,TAX-000087,compliance_clause,regulatory,FAR,far,REQ-000348,3164fcc003e84650b53a7bdb56485b05,"USAG DHR, Fort Bragg ID Card Services",3164fcc003e84650b53a7bdb56485b05_1.bin,0.75
NREQ-000463,TAX-000044,evaluation_factor,source_selection,Best Value,best value,REQ-000349,3164fcc003e84650b53a7bdb56485b05,"USAG DHR, Fort Bragg ID Card Services",3164fcc003e84650b53a7bdb56485b05_1.bin,0.75
NREQ-000464,TAX-000085,procurement_method,acquisition_strategy,Best Value,best value,REQ-000349,3164fcc003e84650b53a7bdb56485b05,"USAG DHR, Fort Bragg ID Card Services",3164fcc003e84650b53a7bdb56485b05_1.bin,0.75
NREQ-000465,TAX-000087,compliance_clause,regulatory,FAR,far,REQ-000349,3164fcc003e84650b53a7bdb56485b05,"USAG DHR, Fort Bragg ID Card Services",3164fcc003e84650b53a7bdb56485b05_1.bin,0.75
NREQ-000466,TAX-000044,evaluation_factor,source_selection,Best Value,best value,REQ-000350,3164fcc003e84650b53a7bdb56485b05,"USAG DHR, Fort Bragg ID Card Services",3164fcc003e84650b53a7bdb56485b05_1.bin,0.75
NREQ-000467,TAX-000085,procurement_method,acquisition_strategy,Best Value,best value,REQ-000350,3164fcc003e84650b53a7bdb56485b05,"USAG DHR, Fort Bragg ID Card Services",3164fcc003e84650b53a7bdb56485b05_1.bin,0.75
NREQ-000468,TAX-000087,compliance_clause,regulatory,FAR,far,REQ-000350,3164fcc003e84650b53a7bdb56485b05,"USAG DHR, Fort Bragg ID Card Services",3164fcc003e84650b53a7bdb56485b05_1.bin,0.75
NREQ-000469,TAX-000038,evaluation_factor,source_selection,Price,price,REQ-000351,3164fcc003e84650b53a7bdb56485b05,"USAG DHR, Fort Bragg ID Card Services",3164fcc003e84650b53a7bdb56485b05_1.bin,0.75
NREQ-000470,TAX-000087,compliance_clause,regulatory,FAR,far,REQ-000351,3164fcc003e84650b53a7bdb56485b05,"USAG DHR, Fort Bragg ID Card Services",3164fcc003e84650b53a7bdb56485b05_1.bin,0.75
NREQ-000471,TAX-000038,evaluation_factor,source_selection,Price,price,REQ-000352,3164fcc003e84650b53a7bdb56485b05,"USAG DHR, Fort Bragg ID Card Services",3164fcc003e84650b53a7bdb56485b05_1.bin,0.75
NREQ-000472,TAX-000087,compliance_clause,regulatory,FAR,far,REQ-000352,3164fcc003e84650b53a7bdb56485b05,"USAG DHR, Fort Bragg ID Card Services",3164fcc003e84650b53a7bdb56485b05_1.bin,0.75
NREQ-000473,TAX-000087,compliance_clause,regulatory,FAR,far,REQ-000353,3164fcc003e84650b53a7bdb56485b05,"USAG DHR, Fort Bragg ID Card Services",3164fcc003e84650b53a7bdb56485b05_1.bin,0.65
NREQ-000474,TAX-000087,compliance_clause,regulatory,FAR,far,REQ-000354,3164fcc003e84650b53a7bdb56485b05,"USAG DHR, Fort Bragg ID Card Services",3164fcc003e84650b53a7bdb56485b05_1.bin,0.65
NREQ-000475,TAX-000087,compliance_clause,regulatory,FAR,far,REQ-000355,3164fcc003e84650b53a7bdb56485b05,"USAG DHR, Fort Bragg ID Card Services",3164fcc003e84650b53a7bdb56485b05_1.bin,0.7
NREQ-000476,TAX-000087,compliance_clause,regulatory,FAR,far,REQ-000356,3164fcc003e84650b53a7bdb56485b05,"USAG DHR, Fort Bragg ID Card Services",3164fcc003e84650b53a7bdb56485b05_1.bin,0.7
NREQ-000477,TAX-000087,compliance_clause,regulatory,FAR,far,REQ-000357,3164fcc003e84650b53a7bdb56485b05,"USAG DHR, Fort Bragg ID Card Services",3164fcc003e84650b53a7bdb56485b05_1.bin,0.65
NREQ-000478,TAX-000087,compliance_clause,regulatory,FAR,far,REQ-000358,3164fcc003e84650b53a7bdb56485b05,"USAG DHR, Fort Bragg ID Card Services",3164fcc003e84650b53a7bdb56485b05_1.bin,0.65
NREQ-000479,TAX-000087,compliance_clause,regulatory,FAR,far,REQ-000359,3164fcc003e84650b53a7bdb56485b05,"USAG DHR, Fort Bragg ID Card Services",3164fcc003e84650b53a7bdb56485b05_3.bin,0.65
NREQ-000480,TAX-000038,evaluation_factor,source_selection,Price,price,REQ-000360,3164fcc003e84650b53a7bdb56485b05,"USAG DHR, Fort Bragg ID Card Services",3164fcc003e84650b53a7bdb56485b05_3.bin,0.8
NREQ-000481,TAX-000087,compliance_clause,regulatory,FAR,far,REQ-000360,3164fcc003e84650b53a7bdb56485b05,"USAG DHR, Fort Bragg ID Card Services",3164fcc003e84650b53a7bdb56485b05_3.bin,0.8
NREQ-000482,TAX-000038,evaluation_factor,source_selection,Price,price,REQ-000361,3164fcc003e84650b53a7bdb56485b05,"USAG DHR, Fort Bragg ID Card Services",3164fcc003e84650b53a7bdb56485b05_3.bin,0.8
NREQ-000483,TAX-000087,compliance_clause,regulatory,FAR,far,REQ-000361,3164fcc003e84650b53a7bdb56485b05,"USAG DHR, Fort Bragg ID Card Services",3164fcc003e84650b53a7bdb56485b05_3.bin,0.8
NREQ-000484,TAX-000087,compliance_clause,regulatory,FAR,far,REQ-000362,3164fcc003e84650b53a7bdb56485b05,"USAG DHR, Fort Bragg ID Card Services",3164fcc003e84650b53a7bdb56485b05_3.bin,0.7
NREQ-000485,TAX-000087,compliance_clause,regulatory,FAR,far,REQ-000363,3164fcc003e84650b53a7bdb56485b05,"USAG DHR, Fort Bragg ID Card Services",3164fcc003e84650b53a7bdb56485b05_3.bin,0.7
NREQ-000486,TAX-000038,evaluation_factor,source_selection,Price,price,REQ-000364,3164fcc003e84650b53a7bdb56485b05,"USAG DHR, Fort Bragg ID Card Services",3164fcc003e84650b53a7bdb56485b05_3.bin,0.75
NREQ-000487,TAX-000087,compliance_clause,regulatory,FAR,far,REQ-000364,3164fcc003e84650b53a7bdb56485b05,"USAG DHR, Fort Bragg ID Card Services",3164fcc003e84650b53a7bdb56485b05_3.bin,0.75
NREQ-000488,TAX-000038,evaluation_factor,source_selection,Price,price,REQ-000365,3164fcc003e84650b53a7bdb56485b05,"USAG DHR, Fort Bragg ID Card Services",3164fcc003e84650b53a7bdb56485b05_3.bin,0.75
NREQ-000489,TAX-000087,compliance_clause,regulatory,FAR,far,REQ-000365,3164fcc003e84650b53a7bdb56485b05,"USAG DHR, Fort Bragg ID Card Services",3164fcc003e84650b53a7bdb56485b05_3.bin,0.75
NREQ-000490,TAX-000038,evaluation_factor,source_selection,Price,price,REQ-000366,3164fcc003e84650b53a7bdb56485b05,"USAG DHR, Fort Bragg ID Card Services",3164fcc003e84650b53a7bdb56485b05_3.bin,0.75
NREQ-000491,TAX-000087,compliance_clause,regulatory,FAR,far,REQ-000366,3164fcc003e84650b53a7bdb56485b05,"USAG DHR, Fort Bragg ID Card Services",3164fcc003e84650b53a7bdb56485b05_3.bin,0.75
NREQ-000492,TAX-000087,compliance_clause,regulatory,FAR,far,REQ-000367,3164fcc003e84650b53a7bdb56485b05,"USAG DHR, Fort Bragg ID Card Services",3164fcc003e84650b53a7bdb56485b05_3.bin,0.65
NREQ-000493,TAX-000087,compliance_clause,regulatory,FAR,far,REQ-000368,3164fcc003e84650b53a7bdb56485b05,"USAG DHR, Fort Bragg ID Card Services",3164fcc003e84650b53a7bdb56485b05_3.bin,0.65
NREQ-000494,TAX-000087,compliance_clause,regulatory,FAR,far,REQ-000369,3164fcc003e84650b53a7bdb56485b05,"USAG DHR, Fort Bragg ID Card Services",3164fcc003e84650b53a7bdb56485b05_3.bin,0.65
NREQ-000495,TAX-000087,compliance_clause,regulatory,FAR,far,REQ-000370,3164fcc003e84650b53a7bdb56485b05,"USAG DHR, Fort Bragg ID Card Services",3164fcc003e84650b53a7bdb56485b05_3.bin,0.7
NREQ-000496,TAX-000038,evaluation_factor,source_selection,Price,price,REQ-000390,09ce44adca35468fb46ab77206c9afb7,6515--NetApp,09ce44adca35468fb46ab77206c9afb7_1.bin,0.75
NREQ-000497,TAX-000038,evaluation_factor,source_selection,Price,price,REQ-000391,09ce44adca35468fb46ab77206c9afb7,6515--NetApp,09ce44adca35468fb46ab77206c9afb7_1.bin,0.75
NREQ-000498,TAX-000037,evaluation_factor,source_selection,Past Performance,past performance,REQ-000392,09ce44adca35468fb46ab77206c9afb7,6515--NetApp,09ce44adca35468fb46ab77206c9afb7_1.bin,0.75
NREQ-000499,TAX-000037,evaluation_factor,source_selection,Past Performance,past performance,REQ-000393,09ce44adca35468fb46ab77206c9afb7,6515--NetApp,09ce44adca35468fb46ab77206c9afb7_1.bin,0.75
NREQ-000500,TAX-000037,evaluation_factor,source_selection,Past Performance,past performance,REQ-000394,09ce44adca35468fb46ab77206c9afb7,6515--NetApp,09ce44adca35468fb46ab77206c9afb7_1.bin,0.75
NREQ-000501,TAX-000043,evaluation_factor,source_selection,Compliance,compliance,REQ-000397,09ce44adca35468fb46ab77206c9afb7,6515--NetApp,09ce44adca35468fb46ab77206c9afb7_1.bin,0.65
NREQ-000502,TAX-000038,evaluation_factor,source_selection,Price,price,REQ-000404,09ce44adca35468fb46ab77206c9afb7,6515--NetApp,09ce44adca35468fb46ab77206c9afb7_2.bin,0.8
NREQ-000503,TAX-000038,evaluation_factor,source_selection,Price,price,REQ-000405,09ce44adca35468fb46ab77206c9afb7,6515--NetApp,09ce44adca35468fb46ab77206c9afb7_2.bin,0.8
NREQ-000504,TAX-000038,evaluation_factor,source_selection,Price,price,REQ-000406,09ce44adca35468fb46ab77206c9afb7,6515--NetApp,09ce44adca35468fb46ab77206c9afb7_2.bin,0.8
NREQ-000505,TAX-000038,evaluation_factor,source_selection,Price,price,REQ-000407,09ce44adca35468fb46ab77206c9afb7,6515--NetApp,09ce44adca35468fb46ab77206c9afb7_2.bin,0.8
NREQ-000506,TAX-000038,evaluation_factor,source_selection,Price,price,REQ-000408,09ce44adca35468fb46ab77206c9afb7,6515--NetApp,09ce44adca35468fb46ab77206c9afb7_2.bin,0.8
NREQ-000507,TAX-000038,evaluation_factor,source_selection,Price,price,REQ-000409,09ce44adca35468fb46ab77206c9afb7,6515--NetApp,09ce44adca35468fb46ab77206c9afb7_2.bin,0.8
NREQ-000508,TAX-000038,evaluation_factor,source_selection,Price,price,REQ-000420,09ce44adca35468fb46ab77206c9afb7,6515--NetApp,09ce44adca35468fb46ab77206c9afb7_3.bin,0.75
NREQ-000509,TAX-000038,evaluation_factor,source_selection,Price,price,REQ-000421,09ce44adca35468fb46ab77206c9afb7,6515--NetApp,09ce44adca35468fb46ab77206c9afb7_3.bin,0.75
NREQ-000510,TAX-000037,evaluation_factor,source_selection,Past Performance,past performance,REQ-000422,09ce44adca35468fb46ab77206c9afb7,6515--NetApp,09ce44adca35468fb46ab77206c9afb7_3.bin,0.75
NREQ-000511,TAX-000037,evaluation_factor,source_selection,Past Performance,past performance,REQ-000423,09ce44adca35468fb46ab77206c9afb7,6515--NetApp,09ce44adca35468fb46ab77206c9afb7_3.bin,0.75
NREQ-000512,TAX-000037,evaluation_factor,source_selection,Past Performance,past performance,REQ-000424,09ce44adca35468fb46ab77206c9afb7,6515--NetApp,09ce44adca35468fb46ab77206c9afb7_3.bin,0.75
NREQ-000513,TAX-000043,evaluation_factor,source_selection,Compliance,compliance,REQ-000427,09ce44adca35468fb46ab77206c9afb7,6515--NetApp,09ce44adca35468fb46ab77206c9afb7_3.bin,0.65
NREQ-000514,TAX-000038,evaluation_factor,source_selection,Price,price,REQ-000438,09ce44adca35468fb46ab77206c9afb7,6515--NetApp,09ce44adca35468fb46ab77206c9afb7_4.bin,0.75
NREQ-000515,TAX-000038,evaluation_factor,source_selection,Price,price,REQ-000439,09ce44adca35468fb46ab77206c9afb7,6515--NetApp,09ce44adca35468fb46ab77206c9afb7_4.bin,0.75
NREQ-000516,TAX-000038,evaluation_factor,source_selection,Price,price,REQ-000440,09ce44adca35468fb46ab77206c9afb7,6515--NetApp,09ce44adca35468fb46ab77206c9afb7_4.bin,0.75
NREQ-000517,TAX-000038,evaluation_factor,source_selection,Price,price,REQ-000460,f33e54c1c9644aa8bb2eb283b82a85ad,31 CES n. 25 military gear lockers.,f33e54c1c9644aa8bb2eb283b82a85ad_2.bin,0.8
NREQ-000518,TAX-000038,evaluation_factor,source_selection,Price,price,REQ-000461,f33e54c1c9644aa8bb2eb283b82a85ad,31 CES n. 25 military gear lockers.,f33e54c1c9644aa8bb2eb283b82a85ad_2.bin,0.8
NREQ-000519,TAX-000037,evaluation_factor,source_selection,Past Performance,past performance,REQ-000462,f33e54c1c9644aa8bb2eb283b82a85ad,31 CES n. 25 military gear lockers.,f33e54c1c9644aa8bb2eb283b82a85ad_2.bin,0.75
NREQ-000520,TAX-000037,evaluation_factor,source_selection,Past Performance,past performance,REQ-000463,f33e54c1c9644aa8bb2eb283b82a85ad,31 CES n. 25 military gear lockers.,f33e54c1c9644aa8bb2eb283b82a85ad_2.bin,0.75
NREQ-000521,TAX-000037,evaluation_factor,source_selection,Past Performance,past performance,REQ-000464,f33e54c1c9644aa8bb2eb283b82a85ad,31 CES n. 25 military gear lockers.,f33e54c1c9644aa8bb2eb283b82a85ad_2.bin,0.75
NREQ-000522,TAX-000037,evaluation_factor,source_selection,Past Performance,past performance,REQ-000479,f33e54c1c9644aa8bb2eb283b82a85ad,31 CES n. 25 military gear lockers.,f33e54c1c9644aa8bb2eb283b82a85ad_3.bin,0.75
NREQ-000523,TAX-000037,evaluation_factor,source_selection,Past Performance,past performance,REQ-000480,f33e54c1c9644aa8bb2eb283b82a85ad,31 CES n. 25 military gear lockers.,f33e54c1c9644aa8bb2eb283b82a85ad_3.bin,0.75
NREQ-000524,TAX-000037,evaluation_factor,source_selection,Past Performance,past performance,REQ-000481,f33e54c1c9644aa8bb2eb283b82a85ad,31 CES n. 25 military gear lockers.,f33e54c1c9644aa8bb2eb283b82a85ad_3.bin,0.75
NREQ-000525,TAX-000038,evaluation_factor,source_selection,Price,price,REQ-000496,f29a122869e64fa19982e9655482f397,Hex Jam Nuts,f29a122869e64fa19982e9655482f397_2.bin,0.8
NREQ-000526,TAX-000038,evaluation_factor,source_selection,Price,price,REQ-000497,f29a122869e64fa19982e9655482f397,Hex Jam Nuts,f29a122869e64fa19982e9655482f397_2.bin,0.75
NREQ-000527,TAX-000038,evaluation_factor,source_selection,Price,price,REQ-000498,f29a122869e64fa19982e9655482f397,Hex Jam Nuts,f29a122869e64fa19982e9655482f397_2.bin,0.75
NREQ-000528,TAX-000038,evaluation_factor,source_selection,Price,price,REQ-000499,f29a122869e64fa19982e9655482f397,Hex Jam Nuts,f29a122869e64fa19982e9655482f397_2.bin,0.75
NREQ-000529,TAX-000038,evaluation_factor,source_selection,Price,price,REQ-000502,f29a122869e64fa19982e9655482f397,Hex Jam Nuts,f29a122869e64fa19982e9655482f397_2.bin,0.75
NREQ-000530,TAX-000038,evaluation_factor,source_selection,Price,price,REQ-000503,f29a122869e64fa19982e9655482f397,Hex Jam Nuts,f29a122869e64fa19982e9655482f397_2.bin,0.75
NREQ-000531,TAX-000038,evaluation_factor,source_selection,Price,price,REQ-000504,f29a122869e64fa19982e9655482f397,Hex Jam Nuts,f29a122869e64fa19982e9655482f397_2.bin,0.75
NREQ-000532,TAX-000043,evaluation_factor,source_selection,Compliance,compliance,REQ-000505,f29a122869e64fa19982e9655482f397,Hex Jam Nuts,f29a122869e64fa19982e9655482f397_2.bin,0.65
NREQ-000533,TAX-000089,compliance_clause,regulatory,Section 889,section 889,REQ-000507,f29a122869e64fa19982e9655482f397,Hex Jam Nuts,f29a122869e64fa19982e9655482f397_3.bin,0.85
NREQ-000534,TAX-000089,compliance_clause,regulatory,Section 889,section 889,REQ-000508,f29a122869e64fa19982e9655482f397,Hex Jam Nuts,f29a122869e64fa19982e9655482f397_3.bin,0.7
NREQ-000535,TAX-000089,compliance_clause,regulatory,Section 889,section 889,REQ-000509,f29a122869e64fa19982e9655482f397,Hex Jam Nuts,f29a122869e64fa19982e9655482f397_3.bin,0.85
NREQ-000536,TAX-000089,compliance_clause,regulatory,Section 889,section 889,REQ-000510,f29a122869e64fa19982e9655482f397,Hex Jam Nuts,f29a122869e64fa19982e9655482f397_3.bin,0.85
NREQ-000537,TAX-000089,compliance_clause,regulatory,Section 889,section 889,REQ-000511,f29a122869e64fa19982e9655482f397,Hex Jam Nuts,f29a122869e64fa19982e9655482f397_3.bin,0.65
NREQ-000538,TAX-000037,evaluation_factor,source_selection,Past Performance,past performance,REQ-000512,f29a122869e64fa19982e9655482f397,Hex Jam Nuts,f29a122869e64fa19982e9655482f397_3.bin,0.75
NREQ-000539,TAX-000089,compliance_clause,regulatory,Section 889,section 889,REQ-000512,f29a122869e64fa19982e9655482f397,Hex Jam Nuts,f29a122869e64fa19982e9655482f397_3.bin,0.75
NREQ-000540,TAX-000037,evaluation_factor,source_selection,Past Performance,past performance,REQ-000513,f29a122869e64fa19982e9655482f397,Hex Jam Nuts,f29a122869e64fa19982e9655482f397_3.bin,0.75
NREQ-000541,TAX-000089,compliance_clause,regulatory,Section 889,section 889,REQ-000513,f29a122869e64fa19982e9655482f397,Hex Jam Nuts,f29a122869e64fa19982e9655482f397_3.bin,0.75
NREQ-000542,TAX-000037,evaluation_factor,source_selection,Past Performance,past performance,REQ-000514,f29a122869e64fa19982e9655482f397,Hex Jam Nuts,f29a122869e64fa19982e9655482f397_3.bin,0.75
NREQ-000543,TAX-000089,compliance_clause,regulatory,Section 889,section 889,REQ-000514,f29a122869e64fa19982e9655482f397,Hex Jam Nuts,f29a122869e64fa19982e9655482f397_3.bin,0.75
NREQ-000544,TAX-000089,compliance_clause,regulatory,Section 889,section 889,REQ-000515,f29a122869e64fa19982e9655482f397,Hex Jam Nuts,f29a122869e64fa19982e9655482f397_3.bin,0.65
NREQ-000545,TAX-000089,compliance_clause,regulatory,Section 889,section 889,REQ-000516,f29a122869e64fa19982e9655482f397,Hex Jam Nuts,f29a122869e64fa19982e9655482f397_3.bin,0.65
NREQ-000546,TAX-000089,compliance_clause,regulatory,Section 889,section 889,REQ-000517,f29a122869e64fa19982e9655482f397,Hex Jam Nuts,f29a122869e64fa19982e9655482f397_3.bin,0.65
NREQ-000547,TAX-000089,compliance_clause,regulatory,Section 889,section 889,REQ-000518,f29a122869e64fa19982e9655482f397,Hex Jam Nuts,f29a122869e64fa19982e9655482f397_3.bin,0.65
NREQ-000548,TAX-000089,compliance_clause,regulatory,Section 889,section 889,REQ-000519,f29a122869e64fa19982e9655482f397,Hex Jam Nuts,f29a122869e64fa19982e9655482f397_3.bin,0.7
NREQ-000549,TAX-000056,contract_vehicle,procurement_vehicle,BPA,bpa,REQ-000526,dd067ed7e23d469dab6e5a622c30460b,Marketplace for Acquisition of Professional Services (MAPS),dd067ed7e23d469dab6e5a622c30460b_2.bin,0.7
NREQ-000550,TAX-000087,compliance_clause,regulatory,FAR,far,REQ-000526,dd067ed7e23d469dab6e5a622c30460b,Marketplace for Acquisition of Professional Services (MAPS),dd067ed7e23d469dab6e5a622c30460b_2.bin,0.7
NREQ-000551,TAX-000088,compliance_clause,regulatory,DFARS,dfars,REQ-000526,dd067ed7e23d469dab6e5a622c30460b,Marketplace for Acquisition of Professional Services (MAPS),dd067ed7e23d469dab6e5a622c30460b_2.bin,0.7
NREQ-000552,TAX-000038,evaluation_factor,source_selection,Price,price,REQ-000527,dd067ed7e23d469dab6e5a622c30460b,Marketplace for Acquisition of Professional Services (MAPS),dd067ed7e23d469dab6e5a622c30460b_2.bin,0.85
NREQ-000553,TAX-000056,contract_vehicle,procurement_vehicle,BPA,bpa,REQ-000527,dd067ed7e23d469dab6e5a622c30460b,Marketplace for Acquisition of Professional Services (MAPS),dd067ed7e23d469dab6e5a622c30460b_2.bin,0.85
NREQ-000554,TAX-000087,compliance_clause,regulatory,FAR,far,REQ-000527,dd067ed7e23d469dab6e5a622c30460b,Marketplace for Acquisition of Professional Services (MAPS),dd067ed7e23d469dab6e5a622c30460b_2.bin,0.85
NREQ-000555,TAX-000088,compliance_clause,regulatory,DFARS,dfars,REQ-000527,dd067ed7e23d469dab6e5a622c30460b,Marketplace for Acquisition of Professional Services (MAPS),dd067ed7e23d469dab6e5a622c30460b_2.bin,0.85
NREQ-000556,TAX-000038,evaluation_factor,source_selection,Price,price,REQ-000528,dd067ed7e23d469dab6e5a622c30460b,Marketplace for Acquisition of Professional Services (MAPS),dd067ed7e23d469dab6e5a622c30460b_2.bin,0.85
NREQ-000557,TAX-000056,contract_vehicle,procurement_vehicle,BPA,bpa,REQ-000528,dd067ed7e23d469dab6e5a622c30460b,Marketplace for Acquisition of Professional Services (MAPS),dd067ed7e23d469dab6e5a622c30460b_2.bin,0.85
NREQ-000558,TAX-000087,compliance_clause,regulatory,FAR,far,REQ-000528,dd067ed7e23d469dab6e5a622c30460b,Marketplace for Acquisition of Professional Services (MAPS),dd067ed7e23d469dab6e5a622c30460b_2.bin,0.85
NREQ-000559,TAX-000088,compliance_clause,regulatory,DFARS,dfars,REQ-000528,dd067ed7e23d469dab6e5a622c30460b,Marketplace for Acquisition of Professional Services (MAPS),dd067ed7e23d469dab6e5a622c30460b_2.bin,0.85
NREQ-000560,TAX-000038,evaluation_factor,source_selection,Price,price,REQ-000529,dd067ed7e23d469dab6e5a622c30460b,Marketplace for Acquisition of Professional Services (MAPS),dd067ed7e23d469dab6e5a622c30460b_2.bin,0.85
NREQ-000561,TAX-000056,contract_vehicle,procurement_vehicle,BPA,bpa,REQ-000529,dd067ed7e23d469dab6e5a622c30460b,Marketplace for Acquisition of Professional Services (MAPS),dd067ed7e23d469dab6e5a622c30460b_2.bin,0.85
NREQ-000562,TAX-000087,compliance_clause,regulatory,FAR,far,REQ-000529,dd067ed7e23d469dab6e5a622c30460b,Marketplace for Acquisition of Professional Services (MAPS),dd067ed7e23d469dab6e5a622c30460b_2.bin,0.85
NREQ-000563,TAX-000088,compliance_clause,regulatory,DFARS,dfars,REQ-000529,dd067ed7e23d469dab6e5a622c30460b,Marketplace for Acquisition of Professional Services (MAPS),dd067ed7e23d469dab6e5a622c30460b_2.bin,0.85
NREQ-000564,TAX-000056,contract_vehicle,procurement_vehicle,BPA,bpa,REQ-000530,dd067ed7e23d469dab6e5a622c30460b,Marketplace for Acquisition of Professional Services (MAPS),dd067ed7e23d469dab6e5a622c30460b_2.bin,0.7
NREQ-000565,TAX-000087,compliance_clause,regulatory,FAR,far,REQ-000530,dd067ed7e23d469dab6e5a622c30460b,Marketplace for Acquisition of Professional Services (MAPS),dd067ed7e23d469dab6e5a622c30460b_2.bin,0.7
NREQ-000566,TAX-000088,compliance_clause,regulatory,DFARS,dfars,REQ-000530,dd067ed7e23d469dab6e5a622c30460b,Marketplace for Acquisition of Professional Services (MAPS),dd067ed7e23d469dab6e5a622c30460b_2.bin,0.7
NREQ-000567,TAX-000056,contract_vehicle,procurement_vehicle,BPA,bpa,REQ-000531,dd067ed7e23d469dab6e5a622c30460b,Marketplace for Acquisition of Professional Services (MAPS),dd067ed7e23d469dab6e5a622c30460b_2.bin,0.75
NREQ-000568,TAX-000087,compliance_clause,regulatory,FAR,far,REQ-000531,dd067ed7e23d469dab6e5a622c30460b,Marketplace for Acquisition of Professional Services (MAPS),dd067ed7e23d469dab6e5a622c30460b_2.bin,0.75
NREQ-000569,TAX-000088,compliance_clause,regulatory,DFARS,dfars,REQ-000531,dd067ed7e23d469dab6e5a622c30460b,Marketplace for Acquisition of Professional Services (MAPS),dd067ed7e23d469dab6e5a622c30460b_2.bin,0.75
NREQ-000570,TAX-000056,contract_vehicle,procurement_vehicle,BPA,bpa,REQ-000532,dd067ed7e23d469dab6e5a622c30460b,Marketplace for Acquisition of Professional Services (MAPS),dd067ed7e23d469dab6e5a622c30460b_2.bin,0.8
NREQ-000571,TAX-000087,compliance_clause,regulatory,FAR,far,REQ-000532,dd067ed7e23d469dab6e5a622c30460b,Marketplace for Acquisition of Professional Services (MAPS),dd067ed7e23d469dab6e5a622c30460b_2.bin,0.8
NREQ-000572,TAX-000088,compliance_clause,regulatory,DFARS,dfars,REQ-000532,dd067ed7e23d469dab6e5a622c30460b,Marketplace for Acquisition of Professional Services (MAPS),dd067ed7e23d469dab6e5a622c30460b_2.bin,0.8
NREQ-000573,TAX-000056,contract_vehicle,procurement_vehicle,BPA,bpa,REQ-000533,dd067ed7e23d469dab6e5a622c30460b,Marketplace for Acquisition of Professional Services (MAPS),dd067ed7e23d469dab6e5a622c30460b_2.bin,0.7
NREQ-000574,TAX-000087,compliance_clause,regulatory,FAR,far,REQ-000533,dd067ed7e23d469dab6e5a622c30460b,Marketplace for Acquisition of Professional Services (MAPS),dd067ed7e23d469dab6e5a622c30460b_2.bin,0.7
NREQ-000575,TAX-000088,compliance_clause,regulatory,DFARS,dfars,REQ-000533,dd067ed7e23d469dab6e5a622c30460b,Marketplace for Acquisition of Professional Services (MAPS),dd067ed7e23d469dab6e5a622c30460b_2.bin,0.7
NREQ-000576,TAX-000056,contract_vehicle,procurement_vehicle,BPA,bpa,REQ-000534,dd067ed7e23d469dab6e5a622c30460b,Marketplace for Acquisition of Professional Services (MAPS),dd067ed7e23d469dab6e5a622c30460b_2.bin,0.7
NREQ-000577,TAX-000087,compliance_clause,regulatory,FAR,far,REQ-000534,dd067ed7e23d469dab6e5a622c30460b,Marketplace for Acquisition of Professional Services (MAPS),dd067ed7e23d469dab6e5a622c30460b_2.bin,0.7
NREQ-000578,TAX-000088,compliance_clause,regulatory,DFARS,dfars,REQ-000534,dd067ed7e23d469dab6e5a622c30460b,Marketplace for Acquisition of Professional Services (MAPS),dd067ed7e23d469dab6e5a622c30460b_2.bin,0.7
NREQ-000579,TAX-000038,evaluation_factor,source_selection,Price,price,REQ-000535,dd067ed7e23d469dab6e5a622c30460b,Marketplace for Acquisition of Professional Services (MAPS),dd067ed7e23d469dab6e5a622c30460b_2.bin,0.75
NREQ-000580,TAX-000056,contract_vehicle,procurement_vehicle,BPA,bpa,REQ-000535,dd067ed7e23d469dab6e5a622c30460b,Marketplace for Acquisition of Professional Services (MAPS),dd067ed7e23d469dab6e5a622c30460b_2.bin,0.75
NREQ-000581,TAX-000087,compliance_clause,regulatory,FAR,far,REQ-000535,dd067ed7e23d469dab6e5a622c30460b,Marketplace for Acquisition of Professional Services (MAPS),dd067ed7e23d469dab6e5a622c30460b_2.bin,0.75
NREQ-000582,TAX-000088,compliance_clause,regulatory,DFARS,dfars,REQ-000535,dd067ed7e23d469dab6e5a622c30460b,Marketplace for Acquisition of Professional Services (MAPS),dd067ed7e23d469dab6e5a622c30460b_2.bin,0.75
NREQ-000583,TAX-000038,evaluation_factor,source_selection,Price,price,REQ-000536,dd067ed7e23d469dab6e5a622c30460b,Marketplace for Acquisition of Professional Services (MAPS),dd067ed7e23d469dab6e5a622c30460b_2.bin,0.75
NREQ-000584,TAX-000056,contract_vehicle,procurement_vehicle,BPA,bpa,REQ-000536,dd067ed7e23d469dab6e5a622c30460b,Marketplace for Acquisition of Professional Services (MAPS),dd067ed7e23d469dab6e5a622c30460b_2.bin,0.75
NREQ-000585,TAX-000087,compliance_clause,regulatory,FAR,far,REQ-000536,dd067ed7e23d469dab6e5a622c30460b,Marketplace for Acquisition of Professional Services (MAPS),dd067ed7e23d469dab6e5a622c30460b_2.bin,0.75
NREQ-000586,TAX-000088,compliance_clause,regulatory,DFARS,dfars,REQ-000536,dd067ed7e23d469dab6e5a622c30460b,Marketplace for Acquisition of Professional Services (MAPS),dd067ed7e23d469dab6e5a622c30460b_2.bin,0.75
NREQ-000587,TAX-000038,evaluation_factor,source_selection,Price,price,REQ-000537,dd067ed7e23d469dab6e5a622c30460b,Marketplace for Acquisition of Professional Services (MAPS),dd067ed7e23d469dab6e5a622c30460b_2.bin,0.75
NREQ-000588,TAX-000056,contract_vehicle,procurement_vehicle,BPA,bpa,REQ-000537,dd067ed7e23d469dab6e5a622c30460b,Marketplace for Acquisition of Professional Services (MAPS),dd067ed7e23d469dab6e5a622c30460b_2.bin,0.75
NREQ-000589,TAX-000087,compliance_clause,regulatory,FAR,far,REQ-000537,dd067ed7e23d469dab6e5a622c30460b,Marketplace for Acquisition of Professional Services (MAPS),dd067ed7e23d469dab6e5a622c30460b_2.bin,0.75
NREQ-000590,TAX-000088,compliance_clause,regulatory,DFARS,dfars,REQ-000537,dd067ed7e23d469dab6e5a622c30460b,Marketplace for Acquisition of Professional Services (MAPS),dd067ed7e23d469dab6e5a622c30460b_2.bin,0.75
NREQ-000591,TAX-000009,certification,cybersecurity,CMMC,cmmc,REQ-000538,dd067ed7e23d469dab6e5a622c30460b,Marketplace for Acquisition of Professional Services (MAPS),dd067ed7e23d469dab6e5a622c30460b_2.bin,0.65
NREQ-000592,TAX-000056,contract_vehicle,procurement_vehicle,BPA,bpa,REQ-000538,dd067ed7e23d469dab6e5a622c30460b,Marketplace for Acquisition of Professional Services (MAPS),dd067ed7e23d469dab6e5a622c30460b_2.bin,0.65
NREQ-000593,TAX-000087,compliance_clause,regulatory,FAR,far,REQ-000538,dd067ed7e23d469dab6e5a622c30460b,Marketplace for Acquisition of Professional Services (MAPS),dd067ed7e23d469dab6e5a622c30460b_2.bin,0.65
NREQ-000594,TAX-000088,compliance_clause,regulatory,DFARS,dfars,REQ-000538,dd067ed7e23d469dab6e5a622c30460b,Marketplace for Acquisition of Professional Services (MAPS),dd067ed7e23d469dab6e5a622c30460b_2.bin,0.65
NREQ-000595,TAX-000056,contract_vehicle,procurement_vehicle,BPA,bpa,REQ-000539,dd067ed7e23d469dab6e5a622c30460b,Marketplace for Acquisition of Professional Services (MAPS),dd067ed7e23d469dab6e5a622c30460b_2.bin,0.7
NREQ-000596,TAX-000087,compliance_clause,regulatory,FAR,far,REQ-000539,dd067ed7e23d469dab6e5a622c30460b,Marketplace for Acquisition of Professional Services (MAPS),dd067ed7e23d469dab6e5a622c30460b_2.bin,0.7
NREQ-000597,TAX-000088,compliance_clause,regulatory,DFARS,dfars,REQ-000539,dd067ed7e23d469dab6e5a622c30460b,Marketplace for Acquisition of Professional Services (MAPS),dd067ed7e23d469dab6e5a622c30460b_2.bin,0.7
NREQ-000598,TAX-000056,contract_vehicle,procurement_vehicle,BPA,bpa,REQ-000540,dd067ed7e23d469dab6e5a622c30460b,Marketplace for Acquisition of Professional Services (MAPS),dd067ed7e23d469dab6e5a622c30460b_2.bin,0.7
NREQ-000599,TAX-000087,compliance_clause,regulatory,FAR,far,REQ-000540,dd067ed7e23d469dab6e5a622c30460b,Marketplace for Acquisition of Professional Services (MAPS),dd067ed7e23d469dab6e5a622c30460b_2.bin,0.7
NREQ-000600,TAX-000088,compliance_clause,regulatory,DFARS,dfars,REQ-000540,dd067ed7e23d469dab6e5a622c30460b,Marketplace for Acquisition of Professional Services (MAPS),dd067ed7e23d469dab6e5a622c30460b_2.bin,0.7
NREQ-000601,TAX-000056,contract_vehicle,procurement_vehicle,BPA,bpa,REQ-000541,dd067ed7e23d469dab6e5a622c30460b,Marketplace for Acquisition of Professional Services (MAPS),dd067ed7e23d469dab6e5a622c30460b_5.bin,0.7
NREQ-000602,TAX-000087,compliance_clause,regulatory,FAR,far,REQ-000541,dd067ed7e23d469dab6e5a622c30460b,Marketplace for Acquisition of Professional Services (MAPS),dd067ed7e23d469dab6e5a622c30460b_5.bin,0.7
NREQ-000603,TAX-000088,compliance_clause,regulatory,DFARS,dfars,REQ-000541,dd067ed7e23d469dab6e5a622c30460b,Marketplace for Acquisition of Professional Services (MAPS),dd067ed7e23d469dab6e5a622c30460b_5.bin,0.7
NREQ-000604,TAX-000038,evaluation_factor,source_selection,Price,price,REQ-000542,dd067ed7e23d469dab6e5a622c30460b,Marketplace for Acquisition of Professional Services (MAPS),dd067ed7e23d469dab6e5a622c30460b_5.bin,0.85
NREQ-000605,TAX-000056,contract_vehicle,procurement_vehicle,BPA,bpa,REQ-000542,dd067ed7e23d469dab6e5a622c30460b,Marketplace for Acquisition of Professional Services (MAPS),dd067ed7e23d469dab6e5a622c30460b_5.bin,0.85
NREQ-000606,TAX-000087,compliance_clause,regulatory,FAR,far,REQ-000542,dd067ed7e23d469dab6e5a622c30460b,Marketplace for Acquisition of Professional Services (MAPS),dd067ed7e23d469dab6e5a622c30460b_5.bin,0.85
NREQ-000607,TAX-000088,compliance_clause,regulatory,DFARS,dfars,REQ-000542,dd067ed7e23d469dab6e5a622c30460b,Marketplace for Acquisition of Professional Services (MAPS),dd067ed7e23d469dab6e5a622c30460b_5.bin,0.85
NREQ-000608,TAX-000038,evaluation_factor,source_selection,Price,price,REQ-000543,dd067ed7e23d469dab6e5a622c30460b,Marketplace for Acquisition of Professional Services (MAPS),dd067ed7e23d469dab6e5a622c30460b_5.bin,0.85
NREQ-000609,TAX-000056,contract_vehicle,procurement_vehicle,BPA,bpa,REQ-000543,dd067ed7e23d469dab6e5a622c30460b,Marketplace for Acquisition of Professional Services (MAPS),dd067ed7e23d469dab6e5a622c30460b_5.bin,0.85
NREQ-000610,TAX-000087,compliance_clause,regulatory,FAR,far,REQ-000543,dd067ed7e23d469dab6e5a622c30460b,Marketplace for Acquisition of Professional Services (MAPS),dd067ed7e23d469dab6e5a622c30460b_5.bin,0.85
NREQ-000611,TAX-000088,compliance_clause,regulatory,DFARS,dfars,REQ-000543,dd067ed7e23d469dab6e5a622c30460b,Marketplace for Acquisition of Professional Services (MAPS),dd067ed7e23d469dab6e5a622c30460b_5.bin,0.85
NREQ-000612,TAX-000038,evaluation_factor,source_selection,Price,price,REQ-000544,dd067ed7e23d469dab6e5a622c30460b,Marketplace for Acquisition of Professional Services (MAPS),dd067ed7e23d469dab6e5a622c30460b_5.bin,0.85
NREQ-000613,TAX-000056,contract_vehicle,procurement_vehicle,BPA,bpa,REQ-000544,dd067ed7e23d469dab6e5a622c30460b,Marketplace for Acquisition of Professional Services (MAPS),dd067ed7e23d469dab6e5a622c30460b_5.bin,0.85
NREQ-000614,TAX-000087,compliance_clause,regulatory,FAR,far,REQ-000544,dd067ed7e23d469dab6e5a622c30460b,Marketplace for Acquisition of Professional Services (MAPS),dd067ed7e23d469dab6e5a622c30460b_5.bin,0.85
NREQ-000615,TAX-000088,compliance_clause,regulatory,DFARS,dfars,REQ-000544,dd067ed7e23d469dab6e5a622c30460b,Marketplace for Acquisition of Professional Services (MAPS),dd067ed7e23d469dab6e5a622c30460b_5.bin,0.85
NREQ-000616,TAX-000056,contract_vehicle,procurement_vehicle,BPA,bpa,REQ-000545,dd067ed7e23d469dab6e5a622c30460b,Marketplace for Acquisition of Professional Services (MAPS),dd067ed7e23d469dab6e5a622c30460b_5.bin,0.7
NREQ-000617,TAX-000087,compliance_clause,regulatory,FAR,far,REQ-000545,dd067ed7e23d469dab6e5a622c30460b,Marketplace for Acquisition of Professional Services (MAPS),dd067ed7e23d469dab6e5a622c30460b_5.bin,0.7
NREQ-000618,TAX-000088,compliance_clause,regulatory,DFARS,dfars,REQ-000545,dd067ed7e23d469dab6e5a622c30460b,Marketplace for Acquisition of Professional Services (MAPS),dd067ed7e23d469dab6e5a622c30460b_5.bin,0.7
NREQ-000619,TAX-000056,contract_vehicle,procurement_vehicle,BPA,bpa,REQ-000546,dd067ed7e23d469dab6e5a622c30460b,Marketplace for Acquisition of Professional Services (MAPS),dd067ed7e23d469dab6e5a622c30460b_5.bin,0.75
NREQ-000620,TAX-000087,compliance_clause,regulatory,FAR,far,REQ-000546,dd067ed7e23d469dab6e5a622c30460b,Marketplace for Acquisition of Professional Services (MAPS),dd067ed7e23d469dab6e5a622c30460b_5.bin,0.75
NREQ-000621,TAX-000088,compliance_clause,regulatory,DFARS,dfars,REQ-000546,dd067ed7e23d469dab6e5a622c30460b,Marketplace for Acquisition of Professional Services (MAPS),dd067ed7e23d469dab6e5a622c30460b_5.bin,0.75
NREQ-000622,TAX-000056,contract_vehicle,procurement_vehicle,BPA,bpa,REQ-000547,dd067ed7e23d469dab6e5a622c30460b,Marketplace for Acquisition of Professional Services (MAPS),dd067ed7e23d469dab6e5a622c30460b_5.bin,0.8
NREQ-000623,TAX-000087,compliance_clause,regulatory,FAR,far,REQ-000547,dd067ed7e23d469dab6e5a622c30460b,Marketplace for Acquisition of Professional Services (MAPS),dd067ed7e23d469dab6e5a622c30460b_5.bin,0.8
NREQ-000624,TAX-000088,compliance_clause,regulatory,DFARS,dfars,REQ-000547,dd067ed7e23d469dab6e5a622c30460b,Marketplace for Acquisition of Professional Services (MAPS),dd067ed7e23d469dab6e5a622c30460b_5.bin,0.8
NREQ-000625,TAX-000056,contract_vehicle,procurement_vehicle,BPA,bpa,REQ-000548,dd067ed7e23d469dab6e5a622c30460b,Marketplace for Acquisition of Professional Services (MAPS),dd067ed7e23d469dab6e5a622c30460b_5.bin,0.7
NREQ-000626,TAX-000087,compliance_clause,regulatory,FAR,far,REQ-000548,dd067ed7e23d469dab6e5a622c30460b,Marketplace for Acquisition of Professional Services (MAPS),dd067ed7e23d469dab6e5a622c30460b_5.bin,0.7
NREQ-000627,TAX-000088,compliance_clause,regulatory,DFARS,dfars,REQ-000548,dd067ed7e23d469dab6e5a622c30460b,Marketplace for Acquisition of Professional Services (MAPS),dd067ed7e23d469dab6e5a622c30460b_5.bin,0.7
NREQ-000628,TAX-000056,contract_vehicle,procurement_vehicle,BPA,bpa,REQ-000549,dd067ed7e23d469dab6e5a622c30460b,Marketplace for Acquisition of Professional Services (MAPS),dd067ed7e23d469dab6e5a622c30460b_5.bin,0.7
NREQ-000629,TAX-000087,compliance_clause,regulatory,FAR,far,REQ-000549,dd067ed7e23d469dab6e5a622c30460b,Marketplace for Acquisition of Professional Services (MAPS),dd067ed7e23d469dab6e5a622c30460b_5.bin,0.7
NREQ-000630,TAX-000088,compliance_clause,regulatory,DFARS,dfars,REQ-000549,dd067ed7e23d469dab6e5a622c30460b,Marketplace for Acquisition of Professional Services (MAPS),dd067ed7e23d469dab6e5a622c30460b_5.bin,0.7
NREQ-000631,TAX-000038,evaluation_factor,source_selection,Price,price,REQ-000550,dd067ed7e23d469dab6e5a622c30460b,Marketplace for Acquisition of Professional Services (MAPS),dd067ed7e23d469dab6e5a622c30460b_5.bin,0.75
NREQ-000632,TAX-000056,contract_vehicle,procurement_vehicle,BPA,bpa,REQ-000550,dd067ed7e23d469dab6e5a622c30460b,Marketplace for Acquisition of Professional Services (MAPS),dd067ed7e23d469dab6e5a622c30460b_5.bin,0.75
NREQ-000633,TAX-000087,compliance_clause,regulatory,FAR,far,REQ-000550,dd067ed7e23d469dab6e5a622c30460b,Marketplace for Acquisition of Professional Services (MAPS),dd067ed7e23d469dab6e5a622c30460b_5.bin,0.75
NREQ-000634,TAX-000088,compliance_clause,regulatory,DFARS,dfars,REQ-000550,dd067ed7e23d469dab6e5a622c30460b,Marketplace for Acquisition of Professional Services (MAPS),dd067ed7e23d469dab6e5a622c30460b_5.bin,0.75
NREQ-000635,TAX-000038,evaluation_factor,source_selection,Price,price,REQ-000551,dd067ed7e23d469dab6e5a622c30460b,Marketplace for Acquisition of Professional Services (MAPS),dd067ed7e23d469dab6e5a622c30460b_5.bin,0.75
NREQ-000636,TAX-000056,contract_vehicle,procurement_vehicle,BPA,bpa,REQ-000551,dd067ed7e23d469dab6e5a622c30460b,Marketplace for Acquisition of Professional Services (MAPS),dd067ed7e23d469dab6e5a622c30460b_5.bin,0.75
NREQ-000637,TAX-000087,compliance_clause,regulatory,FAR,far,REQ-000551,dd067ed7e23d469dab6e5a622c30460b,Marketplace for Acquisition of Professional Services (MAPS),dd067ed7e23d469dab6e5a622c30460b_5.bin,0.75
NREQ-000638,TAX-000088,compliance_clause,regulatory,DFARS,dfars,REQ-000551,dd067ed7e23d469dab6e5a622c30460b,Marketplace for Acquisition of Professional Services (MAPS),dd067ed7e23d469dab6e5a622c30460b_5.bin,0.75
NREQ-000639,TAX-000038,evaluation_factor,source_selection,Price,price,REQ-000552,dd067ed7e23d469dab6e5a622c30460b,Marketplace for Acquisition of Professional Services (MAPS),dd067ed7e23d469dab6e5a622c30460b_5.bin,0.75
NREQ-000640,TAX-000056,contract_vehicle,procurement_vehicle,BPA,bpa,REQ-000552,dd067ed7e23d469dab6e5a622c30460b,Marketplace for Acquisition of Professional Services (MAPS),dd067ed7e23d469dab6e5a622c30460b_5.bin,0.75
NREQ-000641,TAX-000087,compliance_clause,regulatory,FAR,far,REQ-000552,dd067ed7e23d469dab6e5a622c30460b,Marketplace for Acquisition of Professional Services (MAPS),dd067ed7e23d469dab6e5a622c30460b_5.bin,0.75
NREQ-000642,TAX-000088,compliance_clause,regulatory,DFARS,dfars,REQ-000552,dd067ed7e23d469dab6e5a622c30460b,Marketplace for Acquisition of Professional Services (MAPS),dd067ed7e23d469dab6e5a622c30460b_5.bin,0.75
NREQ-000643,TAX-000009,certification,cybersecurity,CMMC,cmmc,REQ-000553,dd067ed7e23d469dab6e5a622c30460b,Marketplace for Acquisition of Professional Services (MAPS),dd067ed7e23d469dab6e5a622c30460b_5.bin,0.65
NREQ-000644,TAX-000056,contract_vehicle,procurement_vehicle,BPA,bpa,REQ-000553,dd067ed7e23d469dab6e5a622c30460b,Marketplace for Acquisition of Professional Services (MAPS),dd067ed7e23d469dab6e5a622c30460b_5.bin,0.65
NREQ-000645,TAX-000087,compliance_clause,regulatory,FAR,far,REQ-000553,dd067ed7e23d469dab6e5a622c30460b,Marketplace for Acquisition of Professional Services (MAPS),dd067ed7e23d469dab6e5a622c30460b_5.bin,0.65
NREQ-000646,TAX-000088,compliance_clause,regulatory,DFARS,dfars,REQ-000553,dd067ed7e23d469dab6e5a622c30460b,Marketplace for Acquisition of Professional Services (MAPS),dd067ed7e23d469dab6e5a622c30460b_5.bin,0.65
NREQ-000647,TAX-000056,contract_vehicle,procurement_vehicle,BPA,bpa,REQ-000554,dd067ed7e23d469dab6e5a622c30460b,Marketplace for Acquisition of Professional Services (MAPS),dd067ed7e23d469dab6e5a622c30460b_5.bin,0.7
NREQ-000648,TAX-000087,compliance_clause,regulatory,FAR,far,REQ-000554,dd067ed7e23d469dab6e5a622c30460b,Marketplace for Acquisition of Professional Services (MAPS),dd067ed7e23d469dab6e5a622c30460b_5.bin,0.7
NREQ-000649,TAX-000088,compliance_clause,regulatory,DFARS,dfars,REQ-000554,dd067ed7e23d469dab6e5a622c30460b,Marketplace for Acquisition of Professional Services (MAPS),dd067ed7e23d469dab6e5a622c30460b_5.bin,0.7
NREQ-000650,TAX-000056,contract_vehicle,procurement_vehicle,BPA,bpa,REQ-000555,dd067ed7e23d469dab6e5a622c30460b,Marketplace for Acquisition of Professional Services (MAPS),dd067ed7e23d469dab6e5a622c30460b_5.bin,0.7
NREQ-000651,TAX-000087,compliance_clause,regulatory,FAR,far,REQ-000555,dd067ed7e23d469dab6e5a622c30460b,Marketplace for Acquisition of Professional Services (MAPS),dd067ed7e23d469dab6e5a622c30460b_5.bin,0.7
NREQ-000652,TAX-000088,compliance_clause,regulatory,DFARS,dfars,REQ-000555,dd067ed7e23d469dab6e5a622c30460b,Marketplace for Acquisition of Professional Services (MAPS),dd067ed7e23d469dab6e5a622c30460b_5.bin,0.7
NREQ-000653,TAX-000056,contract_vehicle,procurement_vehicle,BPA,bpa,REQ-000556,dd067ed7e23d469dab6e5a622c30460b,Marketplace for Acquisition of Professional Services (MAPS),dd067ed7e23d469dab6e5a622c30460b_6.bin,0.7
NREQ-000654,TAX-000087,compliance_clause,regulatory,FAR,far,REQ-000556,dd067ed7e23d469dab6e5a622c30460b,Marketplace for Acquisition of Professional Services (MAPS),dd067ed7e23d469dab6e5a622c30460b_6.bin,0.7
NREQ-000655,TAX-000088,compliance_clause,regulatory,DFARS,dfars,REQ-000556,dd067ed7e23d469dab6e5a622c30460b,Marketplace for Acquisition of Professional Services (MAPS),dd067ed7e23d469dab6e5a622c30460b_6.bin,0.7
NREQ-000656,TAX-000038,evaluation_factor,source_selection,Price,price,REQ-000557,dd067ed7e23d469dab6e5a622c30460b,Marketplace for Acquisition of Professional Services (MAPS),dd067ed7e23d469dab6e5a622c30460b_6.bin,0.85
NREQ-000657,TAX-000056,contract_vehicle,procurement_vehicle,BPA,bpa,REQ-000557,dd067ed7e23d469dab6e5a622c30460b,Marketplace for Acquisition of Professional Services (MAPS),dd067ed7e23d469dab6e5a622c30460b_6.bin,0.85
NREQ-000658,TAX-000087,compliance_clause,regulatory,FAR,far,REQ-000557,dd067ed7e23d469dab6e5a622c30460b,Marketplace for Acquisition of Professional Services (MAPS),dd067ed7e23d469dab6e5a622c30460b_6.bin,0.85
NREQ-000659,TAX-000088,compliance_clause,regulatory,DFARS,dfars,REQ-000557,dd067ed7e23d469dab6e5a622c30460b,Marketplace for Acquisition of Professional Services (MAPS),dd067ed7e23d469dab6e5a622c30460b_6.bin,0.85
NREQ-000660,TAX-000038,evaluation_factor,source_selection,Price,price,REQ-000558,dd067ed7e23d469dab6e5a622c30460b,Marketplace for Acquisition of Professional Services (MAPS),dd067ed7e23d469dab6e5a622c30460b_6.bin,0.85
NREQ-000661,TAX-000056,contract_vehicle,procurement_vehicle,BPA,bpa,REQ-000558,dd067ed7e23d469dab6e5a622c30460b,Marketplace for Acquisition of Professional Services (MAPS),dd067ed7e23d469dab6e5a622c30460b_6.bin,0.85
NREQ-000662,TAX-000087,compliance_clause,regulatory,FAR,far,REQ-000558,dd067ed7e23d469dab6e5a622c30460b,Marketplace for Acquisition of Professional Services (MAPS),dd067ed7e23d469dab6e5a622c30460b_6.bin,0.85
NREQ-000663,TAX-000088,compliance_clause,regulatory,DFARS,dfars,REQ-000558,dd067ed7e23d469dab6e5a622c30460b,Marketplace for Acquisition of Professional Services (MAPS),dd067ed7e23d469dab6e5a622c30460b_6.bin,0.85
NREQ-000664,TAX-000038,evaluation_factor,source_selection,Price,price,REQ-000559,dd067ed7e23d469dab6e5a622c30460b,Marketplace for Acquisition of Professional Services (MAPS),dd067ed7e23d469dab6e5a622c30460b_6.bin,0.85
NREQ-000665,TAX-000056,contract_vehicle,procurement_vehicle,BPA,bpa,REQ-000559,dd067ed7e23d469dab6e5a622c30460b,Marketplace for Acquisition of Professional Services (MAPS),dd067ed7e23d469dab6e5a622c30460b_6.bin,0.85
NREQ-000666,TAX-000087,compliance_clause,regulatory,FAR,far,REQ-000559,dd067ed7e23d469dab6e5a622c30460b,Marketplace for Acquisition of Professional Services (MAPS),dd067ed7e23d469dab6e5a622c30460b_6.bin,0.85
NREQ-000667,TAX-000088,compliance_clause,regulatory,DFARS,dfars,REQ-000559,dd067ed7e23d469dab6e5a622c30460b,Marketplace for Acquisition of Professional Services (MAPS),dd067ed7e23d469dab6e5a622c30460b_6.bin,0.85
NREQ-000668,TAX-000056,contract_vehicle,procurement_vehicle,BPA,bpa,REQ-000560,dd067ed7e23d469dab6e5a622c30460b,Marketplace for Acquisition of Professional Services (MAPS),dd067ed7e23d469dab6e5a622c30460b_6.bin,0.7
NREQ-000669,TAX-000087,compliance_clause,regulatory,FAR,far,REQ-000560,dd067ed7e23d469dab6e5a622c30460b,Marketplace for Acquisition of Professional Services (MAPS),dd067ed7e23d469dab6e5a622c30460b_6.bin,0.7
NREQ-000670,TAX-000088,compliance_clause,regulatory,DFARS,dfars,REQ-000560,dd067ed7e23d469dab6e5a622c30460b,Marketplace for Acquisition of Professional Services (MAPS),dd067ed7e23d469dab6e5a622c30460b_6.bin,0.7
NREQ-000671,TAX-000056,contract_vehicle,procurement_vehicle,BPA,bpa,REQ-000561,dd067ed7e23d469dab6e5a622c30460b,Marketplace for Acquisition of Professional Services (MAPS),dd067ed7e23d469dab6e5a622c30460b_6.bin,0.75
NREQ-000672,TAX-000087,compliance_clause,regulatory,FAR,far,REQ-000561,dd067ed7e23d469dab6e5a622c30460b,Marketplace for Acquisition of Professional Services (MAPS),dd067ed7e23d469dab6e5a622c30460b_6.bin,0.75
NREQ-000673,TAX-000088,compliance_clause,regulatory,DFARS,dfars,REQ-000561,dd067ed7e23d469dab6e5a622c30460b,Marketplace for Acquisition of Professional Services (MAPS),dd067ed7e23d469dab6e5a622c30460b_6.bin,0.75
NREQ-000674,TAX-000056,contract_vehicle,procurement_vehicle,BPA,bpa,REQ-000562,dd067ed7e23d469dab6e5a622c30460b,Marketplace for Acquisition of Professional Services (MAPS),dd067ed7e23d469dab6e5a622c30460b_6.bin,0.8
NREQ-000675,TAX-000087,compliance_clause,regulatory,FAR,far,REQ-000562,dd067ed7e23d469dab6e5a622c30460b,Marketplace for Acquisition of Professional Services (MAPS),dd067ed7e23d469dab6e5a622c30460b_6.bin,0.8
NREQ-000676,TAX-000088,compliance_clause,regulatory,DFARS,dfars,REQ-000562,dd067ed7e23d469dab6e5a622c30460b,Marketplace for Acquisition of Professional Services (MAPS),dd067ed7e23d469dab6e5a622c30460b_6.bin,0.8
NREQ-000677,TAX-000056,contract_vehicle,procurement_vehicle,BPA,bpa,REQ-000563,dd067ed7e23d469dab6e5a622c30460b,Marketplace for Acquisition of Professional Services (MAPS),dd067ed7e23d469dab6e5a622c30460b_6.bin,0.7
NREQ-000678,TAX-000087,compliance_clause,regulatory,FAR,far,REQ-000563,dd067ed7e23d469dab6e5a622c30460b,Marketplace for Acquisition of Professional Services (MAPS),dd067ed7e23d469dab6e5a622c30460b_6.bin,0.7
NREQ-000679,TAX-000088,compliance_clause,regulatory,DFARS,dfars,REQ-000563,dd067ed7e23d469dab6e5a622c30460b,Marketplace for Acquisition of Professional Services (MAPS),dd067ed7e23d469dab6e5a622c30460b_6.bin,0.7
NREQ-000680,TAX-000056,contract_vehicle,procurement_vehicle,BPA,bpa,REQ-000564,dd067ed7e23d469dab6e5a622c30460b,Marketplace for Acquisition of Professional Services (MAPS),dd067ed7e23d469dab6e5a622c30460b_6.bin,0.7
NREQ-000681,TAX-000087,compliance_clause,regulatory,FAR,far,REQ-000564,dd067ed7e23d469dab6e5a622c30460b,Marketplace for Acquisition of Professional Services (MAPS),dd067ed7e23d469dab6e5a622c30460b_6.bin,0.7
NREQ-000682,TAX-000088,compliance_clause,regulatory,DFARS,dfars,REQ-000564,dd067ed7e23d469dab6e5a622c30460b,Marketplace for Acquisition of Professional Services (MAPS),dd067ed7e23d469dab6e5a622c30460b_6.bin,0.7
NREQ-000683,TAX-000038,evaluation_factor,source_selection,Price,price,REQ-000565,dd067ed7e23d469dab6e5a622c30460b,Marketplace for Acquisition of Professional Services (MAPS),dd067ed7e23d469dab6e5a622c30460b_6.bin,0.75
NREQ-000684,TAX-000056,contract_vehicle,procurement_vehicle,BPA,bpa,REQ-000565,dd067ed7e23d469dab6e5a622c30460b,Marketplace for Acquisition of Professional Services (MAPS),dd067ed7e23d469dab6e5a622c30460b_6.bin,0.75
NREQ-000685,TAX-000087,compliance_clause,regulatory,FAR,far,REQ-000565,dd067ed7e23d469dab6e5a622c30460b,Marketplace for Acquisition of Professional Services (MAPS),dd067ed7e23d469dab6e5a622c30460b_6.bin,0.75
NREQ-000686,TAX-000088,compliance_clause,regulatory,DFARS,dfars,REQ-000565,dd067ed7e23d469dab6e5a622c30460b,Marketplace for Acquisition of Professional Services (MAPS),dd067ed7e23d469dab6e5a622c30460b_6.bin,0.75
NREQ-000687,TAX-000038,evaluation_factor,source_selection,Price,price,REQ-000566,dd067ed7e23d469dab6e5a622c30460b,Marketplace for Acquisition of Professional Services (MAPS),dd067ed7e23d469dab6e5a622c30460b_6.bin,0.75
NREQ-000688,TAX-000056,contract_vehicle,procurement_vehicle,BPA,bpa,REQ-000566,dd067ed7e23d469dab6e5a622c30460b,Marketplace for Acquisition of Professional Services (MAPS),dd067ed7e23d469dab6e5a622c30460b_6.bin,0.75
NREQ-000689,TAX-000087,compliance_clause,regulatory,FAR,far,REQ-000566,dd067ed7e23d469dab6e5a622c30460b,Marketplace for Acquisition of Professional Services (MAPS),dd067ed7e23d469dab6e5a622c30460b_6.bin,0.75
NREQ-000690,TAX-000088,compliance_clause,regulatory,DFARS,dfars,REQ-000566,dd067ed7e23d469dab6e5a622c30460b,Marketplace for Acquisition of Professional Services (MAPS),dd067ed7e23d469dab6e5a622c30460b_6.bin,0.75
NREQ-000691,TAX-000038,evaluation_factor,source_selection,Price,price,REQ-000567,dd067ed7e23d469dab6e5a622c30460b,Marketplace for Acquisition of Professional Services (MAPS),dd067ed7e23d469dab6e5a622c30460b_6.bin,0.75
NREQ-000692,TAX-000056,contract_vehicle,procurement_vehicle,BPA,bpa,REQ-000567,dd067ed7e23d469dab6e5a622c30460b,Marketplace for Acquisition of Professional Services (MAPS),dd067ed7e23d469dab6e5a622c30460b_6.bin,0.75
NREQ-000693,TAX-000087,compliance_clause,regulatory,FAR,far,REQ-000567,dd067ed7e23d469dab6e5a622c30460b,Marketplace for Acquisition of Professional Services (MAPS),dd067ed7e23d469dab6e5a622c30460b_6.bin,0.75
NREQ-000694,TAX-000088,compliance_clause,regulatory,DFARS,dfars,REQ-000567,dd067ed7e23d469dab6e5a622c30460b,Marketplace for Acquisition of Professional Services (MAPS),dd067ed7e23d469dab6e5a622c30460b_6.bin,0.75
NREQ-000695,TAX-000009,certification,cybersecurity,CMMC,cmmc,REQ-000568,dd067ed7e23d469dab6e5a622c30460b,Marketplace for Acquisition of Professional Services (MAPS),dd067ed7e23d469dab6e5a622c30460b_6.bin,0.65
NREQ-000696,TAX-000056,contract_vehicle,procurement_vehicle,BPA,bpa,REQ-000568,dd067ed7e23d469dab6e5a622c30460b,Marketplace for Acquisition of Professional Services (MAPS),dd067ed7e23d469dab6e5a622c30460b_6.bin,0.65
NREQ-000697,TAX-000087,compliance_clause,regulatory,FAR,far,REQ-000568,dd067ed7e23d469dab6e5a622c30460b,Marketplace for Acquisition of Professional Services (MAPS),dd067ed7e23d469dab6e5a622c30460b_6.bin,0.65
NREQ-000698,TAX-000088,compliance_clause,regulatory,DFARS,dfars,REQ-000568,dd067ed7e23d469dab6e5a622c30460b,Marketplace for Acquisition of Professional Services (MAPS),dd067ed7e23d469dab6e5a622c30460b_6.bin,0.65
NREQ-000699,TAX-000056,contract_vehicle,procurement_vehicle,BPA,bpa,REQ-000569,dd067ed7e23d469dab6e5a622c30460b,Marketplace for Acquisition of Professional Services (MAPS),dd067ed7e23d469dab6e5a622c30460b_6.bin,0.7
NREQ-000700,TAX-000087,compliance_clause,regulatory,FAR,far,REQ-000569,dd067ed7e23d469dab6e5a622c30460b,Marketplace for Acquisition of Professional Services (MAPS),dd067ed7e23d469dab6e5a622c30460b_6.bin,0.7
NREQ-000701,TAX-000088,compliance_clause,regulatory,DFARS,dfars,REQ-000569,dd067ed7e23d469dab6e5a622c30460b,Marketplace for Acquisition of Professional Services (MAPS),dd067ed7e23d469dab6e5a622c30460b_6.bin,0.7
NREQ-000702,TAX-000056,contract_vehicle,procurement_vehicle,BPA,bpa,REQ-000570,dd067ed7e23d469dab6e5a622c30460b,Marketplace for Acquisition of Professional Services (MAPS),dd067ed7e23d469dab6e5a622c30460b_6.bin,0.7
NREQ-000703,TAX-000087,compliance_clause,regulatory,FAR,far,REQ-000570,dd067ed7e23d469dab6e5a622c30460b,Marketplace for Acquisition of Professional Services (MAPS),dd067ed7e23d469dab6e5a622c30460b_6.bin,0.7
NREQ-000704,TAX-000088,compliance_clause,regulatory,DFARS,dfars,REQ-000570,dd067ed7e23d469dab6e5a622c30460b,Marketplace for Acquisition of Professional Services (MAPS),dd067ed7e23d469dab6e5a622c30460b_6.bin,0.7
NREQ-000705,TAX-000056,contract_vehicle,procurement_vehicle,BPA,bpa,REQ-000571,dd067ed7e23d469dab6e5a622c30460b,Marketplace for Acquisition of Professional Services (MAPS),dd067ed7e23d469dab6e5a622c30460b_9.bin,0.7
NREQ-000706,TAX-000087,compliance_clause,regulatory,FAR,far,REQ-000571,dd067ed7e23d469dab6e5a622c30460b,Marketplace for Acquisition of Professional Services (MAPS),dd067ed7e23d469dab6e5a622c30460b_9.bin,0.7
NREQ-000707,TAX-000088,compliance_clause,regulatory,DFARS,dfars,REQ-000571,dd067ed7e23d469dab6e5a622c30460b,Marketplace for Acquisition of Professional Services (MAPS),dd067ed7e23d469dab6e5a622c30460b_9.bin,0.7
NREQ-000708,TAX-000038,evaluation_factor,source_selection,Price,price,REQ-000572,dd067ed7e23d469dab6e5a622c30460b,Marketplace for Acquisition of Professional Services (MAPS),dd067ed7e23d469dab6e5a622c30460b_9.bin,0.85
NREQ-000709,TAX-000056,contract_vehicle,procurement_vehicle,BPA,bpa,REQ-000572,dd067ed7e23d469dab6e5a622c30460b,Marketplace for Acquisition of Professional Services (MAPS),dd067ed7e23d469dab6e5a622c30460b_9.bin,0.85
NREQ-000710,TAX-000087,compliance_clause,regulatory,FAR,far,REQ-000572,dd067ed7e23d469dab6e5a622c30460b,Marketplace for Acquisition of Professional Services (MAPS),dd067ed7e23d469dab6e5a622c30460b_9.bin,0.85
NREQ-000711,TAX-000088,compliance_clause,regulatory,DFARS,dfars,REQ-000572,dd067ed7e23d469dab6e5a622c30460b,Marketplace for Acquisition of Professional Services (MAPS),dd067ed7e23d469dab6e5a622c30460b_9.bin,0.85
NREQ-000712,TAX-000038,evaluation_factor,source_selection,Price,price,REQ-000573,dd067ed7e23d469dab6e5a622c30460b,Marketplace for Acquisition of Professional Services (MAPS),dd067ed7e23d469dab6e5a622c30460b_9.bin,0.85
NREQ-000713,TAX-000056,contract_vehicle,procurement_vehicle,BPA,bpa,REQ-000573,dd067ed7e23d469dab6e5a622c30460b,Marketplace for Acquisition of Professional Services (MAPS),dd067ed7e23d469dab6e5a622c30460b_9.bin,0.85
NREQ-000714,TAX-000087,compliance_clause,regulatory,FAR,far,REQ-000573,dd067ed7e23d469dab6e5a622c30460b,Marketplace for Acquisition of Professional Services (MAPS),dd067ed7e23d469dab6e5a622c30460b_9.bin,0.85
NREQ-000715,TAX-000088,compliance_clause,regulatory,DFARS,dfars,REQ-000573,dd067ed7e23d469dab6e5a622c30460b,Marketplace for Acquisition of Professional Services (MAPS),dd067ed7e23d469dab6e5a622c30460b_9.bin,0.85
NREQ-000716,TAX-000038,evaluation_factor,source_selection,Price,price,REQ-000574,dd067ed7e23d469dab6e5a622c30460b,Marketplace for Acquisition of Professional Services (MAPS),dd067ed7e23d469dab6e5a622c30460b_9.bin,0.85
NREQ-000717,TAX-000056,contract_vehicle,procurement_vehicle,BPA,bpa,REQ-000574,dd067ed7e23d469dab6e5a622c30460b,Marketplace for Acquisition of Professional Services (MAPS),dd067ed7e23d469dab6e5a622c30460b_9.bin,0.85
NREQ-000718,TAX-000087,compliance_clause,regulatory,FAR,far,REQ-000574,dd067ed7e23d469dab6e5a622c30460b,Marketplace for Acquisition of Professional Services (MAPS),dd067ed7e23d469dab6e5a622c30460b_9.bin,0.85
NREQ-000719,TAX-000088,compliance_clause,regulatory,DFARS,dfars,REQ-000574,dd067ed7e23d469dab6e5a622c30460b,Marketplace for Acquisition of Professional Services (MAPS),dd067ed7e23d469dab6e5a622c30460b_9.bin,0.85
NREQ-000720,TAX-000056,contract_vehicle,procurement_vehicle,BPA,bpa,REQ-000575,dd067ed7e23d469dab6e5a622c30460b,Marketplace for Acquisition of Professional Services (MAPS),dd067ed7e23d469dab6e5a622c30460b_9.bin,0.7
NREQ-000721,TAX-000087,compliance_clause,regulatory,FAR,far,REQ-000575,dd067ed7e23d469dab6e5a622c30460b,Marketplace for Acquisition of Professional Services (MAPS),dd067ed7e23d469dab6e5a622c30460b_9.bin,0.7
NREQ-000722,TAX-000088,compliance_clause,regulatory,DFARS,dfars,REQ-000575,dd067ed7e23d469dab6e5a622c30460b,Marketplace for Acquisition of Professional Services (MAPS),dd067ed7e23d469dab6e5a622c30460b_9.bin,0.7
NREQ-000723,TAX-000056,contract_vehicle,procurement_vehicle,BPA,bpa,REQ-000576,dd067ed7e23d469dab6e5a622c30460b,Marketplace for Acquisition of Professional Services (MAPS),dd067ed7e23d469dab6e5a622c30460b_9.bin,0.75
NREQ-000724,TAX-000087,compliance_clause,regulatory,FAR,far,REQ-000576,dd067ed7e23d469dab6e5a622c30460b,Marketplace for Acquisition of Professional Services (MAPS),dd067ed7e23d469dab6e5a622c30460b_9.bin,0.75
NREQ-000725,TAX-000088,compliance_clause,regulatory,DFARS,dfars,REQ-000576,dd067ed7e23d469dab6e5a622c30460b,Marketplace for Acquisition of Professional Services (MAPS),dd067ed7e23d469dab6e5a622c30460b_9.bin,0.75
NREQ-000726,TAX-000056,contract_vehicle,procurement_vehicle,BPA,bpa,REQ-000577,dd067ed7e23d469dab6e5a622c30460b,Marketplace for Acquisition of Professional Services (MAPS),dd067ed7e23d469dab6e5a622c30460b_9.bin,0.8
NREQ-000727,TAX-000087,compliance_clause,regulatory,FAR,far,REQ-000577,dd067ed7e23d469dab6e5a622c30460b,Marketplace for Acquisition of Professional Services (MAPS),dd067ed7e23d469dab6e5a622c30460b_9.bin,0.8
NREQ-000728,TAX-000088,compliance_clause,regulatory,DFARS,dfars,REQ-000577,dd067ed7e23d469dab6e5a622c30460b,Marketplace for Acquisition of Professional Services (MAPS),dd067ed7e23d469dab6e5a622c30460b_9.bin,0.8
NREQ-000729,TAX-000056,contract_vehicle,procurement_vehicle,BPA,bpa,REQ-000578,dd067ed7e23d469dab6e5a622c30460b,Marketplace for Acquisition of Professional Services (MAPS),dd067ed7e23d469dab6e5a622c30460b_9.bin,0.7
NREQ-000730,TAX-000087,compliance_clause,regulatory,FAR,far,REQ-000578,dd067ed7e23d469dab6e5a622c30460b,Marketplace for Acquisition of Professional Services (MAPS),dd067ed7e23d469dab6e5a622c30460b_9.bin,0.7
NREQ-000731,TAX-000088,compliance_clause,regulatory,DFARS,dfars,REQ-000578,dd067ed7e23d469dab6e5a622c30460b,Marketplace for Acquisition of Professional Services (MAPS),dd067ed7e23d469dab6e5a622c30460b_9.bin,0.7
NREQ-000732,TAX-000056,contract_vehicle,procurement_vehicle,BPA,bpa,REQ-000579,dd067ed7e23d469dab6e5a622c30460b,Marketplace for Acquisition of Professional Services (MAPS),dd067ed7e23d469dab6e5a622c30460b_9.bin,0.7
NREQ-000733,TAX-000087,compliance_clause,regulatory,FAR,far,REQ-000579,dd067ed7e23d469dab6e5a622c30460b,Marketplace for Acquisition of Professional Services (MAPS),dd067ed7e23d469dab6e5a622c30460b_9.bin,0.7
NREQ-000734,TAX-000088,compliance_clause,regulatory,DFARS,dfars,REQ-000579,dd067ed7e23d469dab6e5a622c30460b,Marketplace for Acquisition of Professional Services (MAPS),dd067ed7e23d469dab6e5a622c30460b_9.bin,0.7
NREQ-000735,TAX-000038,evaluation_factor,source_selection,Price,price,REQ-000580,dd067ed7e23d469dab6e5a622c30460b,Marketplace for Acquisition of Professional Services (MAPS),dd067ed7e23d469dab6e5a622c30460b_9.bin,0.75
NREQ-000736,TAX-000056,contract_vehicle,procurement_vehicle,BPA,bpa,REQ-000580,dd067ed7e23d469dab6e5a622c30460b,Marketplace for Acquisition of Professional Services (MAPS),dd067ed7e23d469dab6e5a622c30460b_9.bin,0.75
NREQ-000737,TAX-000087,compliance_clause,regulatory,FAR,far,REQ-000580,dd067ed7e23d469dab6e5a622c30460b,Marketplace for Acquisition of Professional Services (MAPS),dd067ed7e23d469dab6e5a622c30460b_9.bin,0.75
NREQ-000738,TAX-000088,compliance_clause,regulatory,DFARS,dfars,REQ-000580,dd067ed7e23d469dab6e5a622c30460b,Marketplace for Acquisition of Professional Services (MAPS),dd067ed7e23d469dab6e5a622c30460b_9.bin,0.75
NREQ-000739,TAX-000038,evaluation_factor,source_selection,Price,price,REQ-000581,dd067ed7e23d469dab6e5a622c30460b,Marketplace for Acquisition of Professional Services (MAPS),dd067ed7e23d469dab6e5a622c30460b_9.bin,0.75
NREQ-000740,TAX-000056,contract_vehicle,procurement_vehicle,BPA,bpa,REQ-000581,dd067ed7e23d469dab6e5a622c30460b,Marketplace for Acquisition of Professional Services (MAPS),dd067ed7e23d469dab6e5a622c30460b_9.bin,0.75
NREQ-000741,TAX-000087,compliance_clause,regulatory,FAR,far,REQ-000581,dd067ed7e23d469dab6e5a622c30460b,Marketplace for Acquisition of Professional Services (MAPS),dd067ed7e23d469dab6e5a622c30460b_9.bin,0.75
NREQ-000742,TAX-000088,compliance_clause,regulatory,DFARS,dfars,REQ-000581,dd067ed7e23d469dab6e5a622c30460b,Marketplace for Acquisition of Professional Services (MAPS),dd067ed7e23d469dab6e5a622c30460b_9.bin,0.75
NREQ-000743,TAX-000038,evaluation_factor,source_selection,Price,price,REQ-000582,dd067ed7e23d469dab6e5a622c30460b,Marketplace for Acquisition of Professional Services (MAPS),dd067ed7e23d469dab6e5a622c30460b_9.bin,0.75
NREQ-000744,TAX-000056,contract_vehicle,procurement_vehicle,BPA,bpa,REQ-000582,dd067ed7e23d469dab6e5a622c30460b,Marketplace for Acquisition of Professional Services (MAPS),dd067ed7e23d469dab6e5a622c30460b_9.bin,0.75
NREQ-000745,TAX-000087,compliance_clause,regulatory,FAR,far,REQ-000582,dd067ed7e23d469dab6e5a622c30460b,Marketplace for Acquisition of Professional Services (MAPS),dd067ed7e23d469dab6e5a622c30460b_9.bin,0.75
NREQ-000746,TAX-000088,compliance_clause,regulatory,DFARS,dfars,REQ-000582,dd067ed7e23d469dab6e5a622c30460b,Marketplace for Acquisition of Professional Services (MAPS),dd067ed7e23d469dab6e5a622c30460b_9.bin,0.75
NREQ-000747,TAX-000009,certification,cybersecurity,CMMC,cmmc,REQ-000583,dd067ed7e23d469dab6e5a622c30460b,Marketplace for Acquisition of Professional Services (MAPS),dd067ed7e23d469dab6e5a622c30460b_9.bin,0.65
NREQ-000748,TAX-000056,contract_vehicle,procurement_vehicle,BPA,bpa,REQ-000583,dd067ed7e23d469dab6e5a622c30460b,Marketplace for Acquisition of Professional Services (MAPS),dd067ed7e23d469dab6e5a622c30460b_9.bin,0.65
NREQ-000749,TAX-000087,compliance_clause,regulatory,FAR,far,REQ-000583,dd067ed7e23d469dab6e5a622c30460b,Marketplace for Acquisition of Professional Services (MAPS),dd067ed7e23d469dab6e5a622c30460b_9.bin,0.65
NREQ-000750,TAX-000088,compliance_clause,regulatory,DFARS,dfars,REQ-000583,dd067ed7e23d469dab6e5a622c30460b,Marketplace for Acquisition of Professional Services (MAPS),dd067ed7e23d469dab6e5a622c30460b_9.bin,0.65
NREQ-000751,TAX-000056,contract_vehicle,procurement_vehicle,BPA,bpa,REQ-000584,dd067ed7e23d469dab6e5a622c30460b,Marketplace for Acquisition of Professional Services (MAPS),dd067ed7e23d469dab6e5a622c30460b_9.bin,0.7
NREQ-000752,TAX-000087,compliance_clause,regulatory,FAR,far,REQ-000584,dd067ed7e23d469dab6e5a622c30460b,Marketplace for Acquisition of Professional Services (MAPS),dd067ed7e23d469dab6e5a622c30460b_9.bin,0.7
NREQ-000753,TAX-000088,compliance_clause,regulatory,DFARS,dfars,REQ-000584,dd067ed7e23d469dab6e5a622c30460b,Marketplace for Acquisition of Professional Services (MAPS),dd067ed7e23d469dab6e5a622c30460b_9.bin,0.7
NREQ-000754,TAX-000056,contract_vehicle,procurement_vehicle,BPA,bpa,REQ-000585,dd067ed7e23d469dab6e5a622c30460b,Marketplace for Acquisition of Professional Services (MAPS),dd067ed7e23d469dab6e5a622c30460b_9.bin,0.7
NREQ-000755,TAX-000087,compliance_clause,regulatory,FAR,far,REQ-000585,dd067ed7e23d469dab6e5a622c30460b,Marketplace for Acquisition of Professional Services (MAPS),dd067ed7e23d469dab6e5a622c30460b_9.bin,0.7
NREQ-000756,TAX-000088,compliance_clause,regulatory,DFARS,dfars,REQ-000585,dd067ed7e23d469dab6e5a622c30460b,Marketplace for Acquisition of Professional Services (MAPS),dd067ed7e23d469dab6e5a622c30460b_9.bin,0.7
NREQ-000757,TAX-000056,contract_vehicle,procurement_vehicle,BPA,bpa,REQ-000594,dd067ed7e23d469dab6e5a622c30460b,Marketplace for Acquisition of Professional Services (MAPS),dd067ed7e23d469dab6e5a622c30460b_14.bin,0.7
NREQ-000758,TAX-000087,compliance_clause,regulatory,FAR,far,REQ-000594,dd067ed7e23d469dab6e5a622c30460b,Marketplace for Acquisition of Professional Services (MAPS),dd067ed7e23d469dab6e5a622c30460b_14.bin,0.7
NREQ-000759,TAX-000088,compliance_clause,regulatory,DFARS,dfars,REQ-000594,dd067ed7e23d469dab6e5a622c30460b,Marketplace for Acquisition of Professional Services (MAPS),dd067ed7e23d469dab6e5a622c30460b_14.bin,0.7
NREQ-000760,TAX-000038,evaluation_factor,source_selection,Price,price,REQ-000595,dd067ed7e23d469dab6e5a622c30460b,Marketplace for Acquisition of Professional Services (MAPS),dd067ed7e23d469dab6e5a622c30460b_14.bin,0.85
NREQ-000761,TAX-000056,contract_vehicle,procurement_vehicle,BPA,bpa,REQ-000595,dd067ed7e23d469dab6e5a622c30460b,Marketplace for Acquisition of Professional Services (MAPS),dd067ed7e23d469dab6e5a622c30460b_14.bin,0.85
NREQ-000762,TAX-000087,compliance_clause,regulatory,FAR,far,REQ-000595,dd067ed7e23d469dab6e5a622c30460b,Marketplace for Acquisition of Professional Services (MAPS),dd067ed7e23d469dab6e5a622c30460b_14.bin,0.85
NREQ-000763,TAX-000088,compliance_clause,regulatory,DFARS,dfars,REQ-000595,dd067ed7e23d469dab6e5a622c30460b,Marketplace for Acquisition of Professional Services (MAPS),dd067ed7e23d469dab6e5a622c30460b_14.bin,0.85
NREQ-000764,TAX-000038,evaluation_factor,source_selection,Price,price,REQ-000596,dd067ed7e23d469dab6e5a622c30460b,Marketplace for Acquisition of Professional Services (MAPS),dd067ed7e23d469dab6e5a622c30460b_14.bin,0.85
NREQ-000765,TAX-000056,contract_vehicle,procurement_vehicle,BPA,bpa,REQ-000596,dd067ed7e23d469dab6e5a622c30460b,Marketplace for Acquisition of Professional Services (MAPS),dd067ed7e23d469dab6e5a622c30460b_14.bin,0.85
NREQ-000766,TAX-000087,compliance_clause,regulatory,FAR,far,REQ-000596,dd067ed7e23d469dab6e5a622c30460b,Marketplace for Acquisition of Professional Services (MAPS),dd067ed7e23d469dab6e5a622c30460b_14.bin,0.85
NREQ-000767,TAX-000088,compliance_clause,regulatory,DFARS,dfars,REQ-000596,dd067ed7e23d469dab6e5a622c30460b,Marketplace for Acquisition of Professional Services (MAPS),dd067ed7e23d469dab6e5a622c30460b_14.bin,0.85
NREQ-000768,TAX-000038,evaluation_factor,source_selection,Price,price,REQ-000597,dd067ed7e23d469dab6e5a622c30460b,Marketplace for Acquisition of Professional Services (MAPS),dd067ed7e23d469dab6e5a622c30460b_14.bin,0.85
NREQ-000769,TAX-000056,contract_vehicle,procurement_vehicle,BPA,bpa,REQ-000597,dd067ed7e23d469dab6e5a622c30460b,Marketplace for Acquisition of Professional Services (MAPS),dd067ed7e23d469dab6e5a622c30460b_14.bin,0.85
NREQ-000770,TAX-000087,compliance_clause,regulatory,FAR,far,REQ-000597,dd067ed7e23d469dab6e5a622c30460b,Marketplace for Acquisition of Professional Services (MAPS),dd067ed7e23d469dab6e5a622c30460b_14.bin,0.85
NREQ-000771,TAX-000088,compliance_clause,regulatory,DFARS,dfars,REQ-000597,dd067ed7e23d469dab6e5a622c30460b,Marketplace for Acquisition of Professional Services (MAPS),dd067ed7e23d469dab6e5a622c30460b_14.bin,0.85
NREQ-000772,TAX-000056,contract_vehicle,procurement_vehicle,BPA,bpa,REQ-000598,dd067ed7e23d469dab6e5a622c30460b,Marketplace for Acquisition of Professional Services (MAPS),dd067ed7e23d469dab6e5a622c30460b_14.bin,0.7
NREQ-000773,TAX-000087,compliance_clause,regulatory,FAR,far,REQ-000598,dd067ed7e23d469dab6e5a622c30460b,Marketplace for Acquisition of Professional Services (MAPS),dd067ed7e23d469dab6e5a622c30460b_14.bin,0.7
NREQ-000774,TAX-000088,compliance_clause,regulatory,DFARS,dfars,REQ-000598,dd067ed7e23d469dab6e5a622c30460b,Marketplace for Acquisition of Professional Services (MAPS),dd067ed7e23d469dab6e5a622c30460b_14.bin,0.7
NREQ-000775,TAX-000056,contract_vehicle,procurement_vehicle,BPA,bpa,REQ-000599,dd067ed7e23d469dab6e5a622c30460b,Marketplace for Acquisition of Professional Services (MAPS),dd067ed7e23d469dab6e5a622c30460b_14.bin,0.75
NREQ-000776,TAX-000087,compliance_clause,regulatory,FAR,far,REQ-000599,dd067ed7e23d469dab6e5a622c30460b,Marketplace for Acquisition of Professional Services (MAPS),dd067ed7e23d469dab6e5a622c30460b_14.bin,0.75
NREQ-000777,TAX-000088,compliance_clause,regulatory,DFARS,dfars,REQ-000599,dd067ed7e23d469dab6e5a622c30460b,Marketplace for Acquisition of Professional Services (MAPS),dd067ed7e23d469dab6e5a622c30460b_14.bin,0.75
NREQ-000778,TAX-000056,contract_vehicle,procurement_vehicle,BPA,bpa,REQ-000600,dd067ed7e23d469dab6e5a622c30460b,Marketplace for Acquisition of Professional Services (MAPS),dd067ed7e23d469dab6e5a622c30460b_14.bin,0.8
NREQ-000779,TAX-000087,compliance_clause,regulatory,FAR,far,REQ-000600,dd067ed7e23d469dab6e5a622c30460b,Marketplace for Acquisition of Professional Services (MAPS),dd067ed7e23d469dab6e5a622c30460b_14.bin,0.8
NREQ-000780,TAX-000088,compliance_clause,regulatory,DFARS,dfars,REQ-000600,dd067ed7e23d469dab6e5a622c30460b,Marketplace for Acquisition of Professional Services (MAPS),dd067ed7e23d469dab6e5a622c30460b_14.bin,0.8
NREQ-000781,TAX-000056,contract_vehicle,procurement_vehicle,BPA,bpa,REQ-000601,dd067ed7e23d469dab6e5a622c30460b,Marketplace for Acquisition of Professional Services (MAPS),dd067ed7e23d469dab6e5a622c30460b_14.bin,0.7
NREQ-000782,TAX-000087,compliance_clause,regulatory,FAR,far,REQ-000601,dd067ed7e23d469dab6e5a622c30460b,Marketplace for Acquisition of Professional Services (MAPS),dd067ed7e23d469dab6e5a622c30460b_14.bin,0.7
NREQ-000783,TAX-000088,compliance_clause,regulatory,DFARS,dfars,REQ-000601,dd067ed7e23d469dab6e5a622c30460b,Marketplace for Acquisition of Professional Services (MAPS),dd067ed7e23d469dab6e5a622c30460b_14.bin,0.7
NREQ-000784,TAX-000056,contract_vehicle,procurement_vehicle,BPA,bpa,REQ-000602,dd067ed7e23d469dab6e5a622c30460b,Marketplace for Acquisition of Professional Services (MAPS),dd067ed7e23d469dab6e5a622c30460b_14.bin,0.7
NREQ-000785,TAX-000087,compliance_clause,regulatory,FAR,far,REQ-000602,dd067ed7e23d469dab6e5a622c30460b,Marketplace for Acquisition of Professional Services (MAPS),dd067ed7e23d469dab6e5a622c30460b_14.bin,0.7
NREQ-000786,TAX-000088,compliance_clause,regulatory,DFARS,dfars,REQ-000602,dd067ed7e23d469dab6e5a622c30460b,Marketplace for Acquisition of Professional Services (MAPS),dd067ed7e23d469dab6e5a622c30460b_14.bin,0.7
NREQ-000787,TAX-000038,evaluation_factor,source_selection,Price,price,REQ-000603,dd067ed7e23d469dab6e5a622c30460b,Marketplace for Acquisition of Professional Services (MAPS),dd067ed7e23d469dab6e5a622c30460b_14.bin,0.75
NREQ-000788,TAX-000056,contract_vehicle,procurement_vehicle,BPA,bpa,REQ-000603,dd067ed7e23d469dab6e5a622c30460b,Marketplace for Acquisition of Professional Services (MAPS),dd067ed7e23d469dab6e5a622c30460b_14.bin,0.75
NREQ-000789,TAX-000087,compliance_clause,regulatory,FAR,far,REQ-000603,dd067ed7e23d469dab6e5a622c30460b,Marketplace for Acquisition of Professional Services (MAPS),dd067ed7e23d469dab6e5a622c30460b_14.bin,0.75
NREQ-000790,TAX-000088,compliance_clause,regulatory,DFARS,dfars,REQ-000603,dd067ed7e23d469dab6e5a622c30460b,Marketplace for Acquisition of Professional Services (MAPS),dd067ed7e23d469dab6e5a622c30460b_14.bin,0.75
NREQ-000791,TAX-000038,evaluation_factor,source_selection,Price,price,REQ-000604,dd067ed7e23d469dab6e5a622c30460b,Marketplace for Acquisition of Professional Services (MAPS),dd067ed7e23d469dab6e5a622c30460b_14.bin,0.75
NREQ-000792,TAX-000056,contract_vehicle,procurement_vehicle,BPA,bpa,REQ-000604,dd067ed7e23d469dab6e5a622c30460b,Marketplace for Acquisition of Professional Services (MAPS),dd067ed7e23d469dab6e5a622c30460b_14.bin,0.75
NREQ-000793,TAX-000087,compliance_clause,regulatory,FAR,far,REQ-000604,dd067ed7e23d469dab6e5a622c30460b,Marketplace for Acquisition of Professional Services (MAPS),dd067ed7e23d469dab6e5a622c30460b_14.bin,0.75
NREQ-000794,TAX-000088,compliance_clause,regulatory,DFARS,dfars,REQ-000604,dd067ed7e23d469dab6e5a622c30460b,Marketplace for Acquisition of Professional Services (MAPS),dd067ed7e23d469dab6e5a622c30460b_14.bin,0.75
NREQ-000795,TAX-000038,evaluation_factor,source_selection,Price,price,REQ-000605,dd067ed7e23d469dab6e5a622c30460b,Marketplace for Acquisition of Professional Services (MAPS),dd067ed7e23d469dab6e5a622c30460b_14.bin,0.75
NREQ-000796,TAX-000056,contract_vehicle,procurement_vehicle,BPA,bpa,REQ-000605,dd067ed7e23d469dab6e5a622c30460b,Marketplace for Acquisition of Professional Services (MAPS),dd067ed7e23d469dab6e5a622c30460b_14.bin,0.75
NREQ-000797,TAX-000087,compliance_clause,regulatory,FAR,far,REQ-000605,dd067ed7e23d469dab6e5a622c30460b,Marketplace for Acquisition of Professional Services (MAPS),dd067ed7e23d469dab6e5a622c30460b_14.bin,0.75
NREQ-000798,TAX-000088,compliance_clause,regulatory,DFARS,dfars,REQ-000605,dd067ed7e23d469dab6e5a622c30460b,Marketplace for Acquisition of Professional Services (MAPS),dd067ed7e23d469dab6e5a622c30460b_14.bin,0.75
NREQ-000799,TAX-000009,certification,cybersecurity,CMMC,cmmc,REQ-000606,dd067ed7e23d469dab6e5a622c30460b,Marketplace for Acquisition of Professional Services (MAPS),dd067ed7e23d469dab6e5a622c30460b_14.bin,0.65
NREQ-000800,TAX-000056,contract_vehicle,procurement_vehicle,BPA,bpa,REQ-000606,dd067ed7e23d469dab6e5a622c30460b,Marketplace for Acquisition of Professional Services (MAPS),dd067ed7e23d469dab6e5a622c30460b_14.bin,0.65
NREQ-000801,TAX-000087,compliance_clause,regulatory,FAR,far,REQ-000606,dd067ed7e23d469dab6e5a622c30460b,Marketplace for Acquisition of Professional Services (MAPS),dd067ed7e23d469dab6e5a622c30460b_14.bin,0.65
NREQ-000802,TAX-000088,compliance_clause,regulatory,DFARS,dfars,REQ-000606,dd067ed7e23d469dab6e5a622c30460b,Marketplace for Acquisition of Professional Services (MAPS),dd067ed7e23d469dab6e5a622c30460b_14.bin,0.65
NREQ-000803,TAX-000056,contract_vehicle,procurement_vehicle,BPA,bpa,REQ-000607,dd067ed7e23d469dab6e5a622c30460b,Marketplace for Acquisition of Professional Services (MAPS),dd067ed7e23d469dab6e5a622c30460b_14.bin,0.7
NREQ-000804,TAX-000087,compliance_clause,regulatory,FAR,far,REQ-000607,dd067ed7e23d469dab6e5a622c30460b,Marketplace for Acquisition of Professional Services (MAPS),dd067ed7e23d469dab6e5a622c30460b_14.bin,0.7
NREQ-000805,TAX-000088,compliance_clause,regulatory,DFARS,dfars,REQ-000607,dd067ed7e23d469dab6e5a622c30460b,Marketplace for Acquisition of Professional Services (MAPS),dd067ed7e23d469dab6e5a622c30460b_14.bin,0.7
NREQ-000806,TAX-000056,contract_vehicle,procurement_vehicle,BPA,bpa,REQ-000608,dd067ed7e23d469dab6e5a622c30460b,Marketplace for Acquisition of Professional Services (MAPS),dd067ed7e23d469dab6e5a622c30460b_14.bin,0.7
NREQ-000807,TAX-000087,compliance_clause,regulatory,FAR,far,REQ-000608,dd067ed7e23d469dab6e5a622c30460b,Marketplace for Acquisition of Professional Services (MAPS),dd067ed7e23d469dab6e5a622c30460b_14.bin,0.7
NREQ-000808,TAX-000088,compliance_clause,regulatory,DFARS,dfars,REQ-000608,dd067ed7e23d469dab6e5a622c30460b,Marketplace for Acquisition of Professional Services (MAPS),dd067ed7e23d469dab6e5a622c30460b_14.bin,0.7
NREQ-000809,TAX-000056,contract_vehicle,procurement_vehicle,BPA,bpa,REQ-000609,dd067ed7e23d469dab6e5a622c30460b,Marketplace for Acquisition of Professional Services (MAPS),dd067ed7e23d469dab6e5a622c30460b_15.bin,0.7
NREQ-000810,TAX-000087,compliance_clause,regulatory,FAR,far,REQ-000609,dd067ed7e23d469dab6e5a622c30460b,Marketplace for Acquisition of Professional Services (MAPS),dd067ed7e23d469dab6e5a622c30460b_15.bin,0.7
NREQ-000811,TAX-000088,compliance_clause,regulatory,DFARS,dfars,REQ-000609,dd067ed7e23d469dab6e5a622c30460b,Marketplace for Acquisition of Professional Services (MAPS),dd067ed7e23d469dab6e5a622c30460b_15.bin,0.7
NREQ-000812,TAX-000038,evaluation_factor,source_selection,Price,price,REQ-000610,dd067ed7e23d469dab6e5a622c30460b,Marketplace for Acquisition of Professional Services (MAPS),dd067ed7e23d469dab6e5a622c30460b_15.bin,0.85
NREQ-000813,TAX-000056,contract_vehicle,procurement_vehicle,BPA,bpa,REQ-000610,dd067ed7e23d469dab6e5a622c30460b,Marketplace for Acquisition of Professional Services (MAPS),dd067ed7e23d469dab6e5a622c30460b_15.bin,0.85
NREQ-000814,TAX-000087,compliance_clause,regulatory,FAR,far,REQ-000610,dd067ed7e23d469dab6e5a622c30460b,Marketplace for Acquisition of Professional Services (MAPS),dd067ed7e23d469dab6e5a622c30460b_15.bin,0.85
NREQ-000815,TAX-000088,compliance_clause,regulatory,DFARS,dfars,REQ-000610,dd067ed7e23d469dab6e5a622c30460b,Marketplace for Acquisition of Professional Services (MAPS),dd067ed7e23d469dab6e5a622c30460b_15.bin,0.85
NREQ-000816,TAX-000038,evaluation_factor,source_selection,Price,price,REQ-000611,dd067ed7e23d469dab6e5a622c30460b,Marketplace for Acquisition of Professional Services (MAPS),dd067ed7e23d469dab6e5a622c30460b_15.bin,0.85
NREQ-000817,TAX-000056,contract_vehicle,procurement_vehicle,BPA,bpa,REQ-000611,dd067ed7e23d469dab6e5a622c30460b,Marketplace for Acquisition of Professional Services (MAPS),dd067ed7e23d469dab6e5a622c30460b_15.bin,0.85
NREQ-000818,TAX-000087,compliance_clause,regulatory,FAR,far,REQ-000611,dd067ed7e23d469dab6e5a622c30460b,Marketplace for Acquisition of Professional Services (MAPS),dd067ed7e23d469dab6e5a622c30460b_15.bin,0.85
NREQ-000819,TAX-000088,compliance_clause,regulatory,DFARS,dfars,REQ-000611,dd067ed7e23d469dab6e5a622c30460b,Marketplace for Acquisition of Professional Services (MAPS),dd067ed7e23d469dab6e5a622c30460b_15.bin,0.85
NREQ-000820,TAX-000038,evaluation_factor,source_selection,Price,price,REQ-000612,dd067ed7e23d469dab6e5a622c30460b,Marketplace for Acquisition of Professional Services (MAPS),dd067ed7e23d469dab6e5a622c30460b_15.bin,0.85
NREQ-000821,TAX-000056,contract_vehicle,procurement_vehicle,BPA,bpa,REQ-000612,dd067ed7e23d469dab6e5a622c30460b,Marketplace for Acquisition of Professional Services (MAPS),dd067ed7e23d469dab6e5a622c30460b_15.bin,0.85
NREQ-000822,TAX-000087,compliance_clause,regulatory,FAR,far,REQ-000612,dd067ed7e23d469dab6e5a622c30460b,Marketplace for Acquisition of Professional Services (MAPS),dd067ed7e23d469dab6e5a622c30460b_15.bin,0.85
NREQ-000823,TAX-000088,compliance_clause,regulatory,DFARS,dfars,REQ-000612,dd067ed7e23d469dab6e5a622c30460b,Marketplace for Acquisition of Professional Services (MAPS),dd067ed7e23d469dab6e5a622c30460b_15.bin,0.85
NREQ-000824,TAX-000056,contract_vehicle,procurement_vehicle,BPA,bpa,REQ-000613,dd067ed7e23d469dab6e5a622c30460b,Marketplace for Acquisition of Professional Services (MAPS),dd067ed7e23d469dab6e5a622c30460b_15.bin,0.7
NREQ-000825,TAX-000087,compliance_clause,regulatory,FAR,far,REQ-000613,dd067ed7e23d469dab6e5a622c30460b,Marketplace for Acquisition of Professional Services (MAPS),dd067ed7e23d469dab6e5a622c30460b_15.bin,0.7
NREQ-000826,TAX-000088,compliance_clause,regulatory,DFARS,dfars,REQ-000613,dd067ed7e23d469dab6e5a622c30460b,Marketplace for Acquisition of Professional Services (MAPS),dd067ed7e23d469dab6e5a622c30460b_15.bin,0.7
NREQ-000827,TAX-000056,contract_vehicle,procurement_vehicle,BPA,bpa,REQ-000614,dd067ed7e23d469dab6e5a622c30460b,Marketplace for Acquisition of Professional Services (MAPS),dd067ed7e23d469dab6e5a622c30460b_15.bin,0.75
NREQ-000828,TAX-000087,compliance_clause,regulatory,FAR,far,REQ-000614,dd067ed7e23d469dab6e5a622c30460b,Marketplace for Acquisition of Professional Services (MAPS),dd067ed7e23d469dab6e5a622c30460b_15.bin,0.75
NREQ-000829,TAX-000088,compliance_clause,regulatory,DFARS,dfars,REQ-000614,dd067ed7e23d469dab6e5a622c30460b,Marketplace for Acquisition of Professional Services (MAPS),dd067ed7e23d469dab6e5a622c30460b_15.bin,0.75
NREQ-000830,TAX-000056,contract_vehicle,procurement_vehicle,BPA,bpa,REQ-000615,dd067ed7e23d469dab6e5a622c30460b,Marketplace for Acquisition of Professional Services (MAPS),dd067ed7e23d469dab6e5a622c30460b_15.bin,0.8
NREQ-000831,TAX-000087,compliance_clause,regulatory,FAR,far,REQ-000615,dd067ed7e23d469dab6e5a622c30460b,Marketplace for Acquisition of Professional Services (MAPS),dd067ed7e23d469dab6e5a622c30460b_15.bin,0.8
NREQ-000832,TAX-000088,compliance_clause,regulatory,DFARS,dfars,REQ-000615,dd067ed7e23d469dab6e5a622c30460b,Marketplace for Acquisition of Professional Services (MAPS),dd067ed7e23d469dab6e5a622c30460b_15.bin,0.8
NREQ-000833,TAX-000056,contract_vehicle,procurement_vehicle,BPA,bpa,REQ-000616,dd067ed7e23d469dab6e5a622c30460b,Marketplace for Acquisition of Professional Services (MAPS),dd067ed7e23d469dab6e5a622c30460b_15.bin,0.7
NREQ-000834,TAX-000087,compliance_clause,regulatory,FAR,far,REQ-000616,dd067ed7e23d469dab6e5a622c30460b,Marketplace for Acquisition of Professional Services (MAPS),dd067ed7e23d469dab6e5a622c30460b_15.bin,0.7
NREQ-000835,TAX-000088,compliance_clause,regulatory,DFARS,dfars,REQ-000616,dd067ed7e23d469dab6e5a622c30460b,Marketplace for Acquisition of Professional Services (MAPS),dd067ed7e23d469dab6e5a622c30460b_15.bin,0.7
NREQ-000836,TAX-000056,contract_vehicle,procurement_vehicle,BPA,bpa,REQ-000617,dd067ed7e23d469dab6e5a622c30460b,Marketplace for Acquisition of Professional Services (MAPS),dd067ed7e23d469dab6e5a622c30460b_15.bin,0.7
NREQ-000837,TAX-000087,compliance_clause,regulatory,FAR,far,REQ-000617,dd067ed7e23d469dab6e5a622c30460b,Marketplace for Acquisition of Professional Services (MAPS),dd067ed7e23d469dab6e5a622c30460b_15.bin,0.7
NREQ-000838,TAX-000088,compliance_clause,regulatory,DFARS,dfars,REQ-000617,dd067ed7e23d469dab6e5a622c30460b,Marketplace for Acquisition of Professional Services (MAPS),dd067ed7e23d469dab6e5a622c30460b_15.bin,0.7
NREQ-000839,TAX-000038,evaluation_factor,source_selection,Price,price,REQ-000618,dd067ed7e23d469dab6e5a622c30460b,Marketplace for Acquisition of Professional Services (MAPS),dd067ed7e23d469dab6e5a622c30460b_15.bin,0.75
NREQ-000840,TAX-000056,contract_vehicle,procurement_vehicle,BPA,bpa,REQ-000618,dd067ed7e23d469dab6e5a622c30460b,Marketplace for Acquisition of Professional Services (MAPS),dd067ed7e23d469dab6e5a622c30460b_15.bin,0.75
NREQ-000841,TAX-000087,compliance_clause,regulatory,FAR,far,REQ-000618,dd067ed7e23d469dab6e5a622c30460b,Marketplace for Acquisition of Professional Services (MAPS),dd067ed7e23d469dab6e5a622c30460b_15.bin,0.75
NREQ-000842,TAX-000088,compliance_clause,regulatory,DFARS,dfars,REQ-000618,dd067ed7e23d469dab6e5a622c30460b,Marketplace for Acquisition of Professional Services (MAPS),dd067ed7e23d469dab6e5a622c30460b_15.bin,0.75
NREQ-000843,TAX-000038,evaluation_factor,source_selection,Price,price,REQ-000619,dd067ed7e23d469dab6e5a622c30460b,Marketplace for Acquisition of Professional Services (MAPS),dd067ed7e23d469dab6e5a622c30460b_15.bin,0.75
NREQ-000844,TAX-000056,contract_vehicle,procurement_vehicle,BPA,bpa,REQ-000619,dd067ed7e23d469dab6e5a622c30460b,Marketplace for Acquisition of Professional Services (MAPS),dd067ed7e23d469dab6e5a622c30460b_15.bin,0.75
NREQ-000845,TAX-000087,compliance_clause,regulatory,FAR,far,REQ-000619,dd067ed7e23d469dab6e5a622c30460b,Marketplace for Acquisition of Professional Services (MAPS),dd067ed7e23d469dab6e5a622c30460b_15.bin,0.75
NREQ-000846,TAX-000088,compliance_clause,regulatory,DFARS,dfars,REQ-000619,dd067ed7e23d469dab6e5a622c30460b,Marketplace for Acquisition of Professional Services (MAPS),dd067ed7e23d469dab6e5a622c30460b_15.bin,0.75
NREQ-000847,TAX-000038,evaluation_factor,source_selection,Price,price,REQ-000620,dd067ed7e23d469dab6e5a622c30460b,Marketplace for Acquisition of Professional Services (MAPS),dd067ed7e23d469dab6e5a622c30460b_15.bin,0.75
NREQ-000848,TAX-000056,contract_vehicle,procurement_vehicle,BPA,bpa,REQ-000620,dd067ed7e23d469dab6e5a622c30460b,Marketplace for Acquisition of Professional Services (MAPS),dd067ed7e23d469dab6e5a622c30460b_15.bin,0.75
NREQ-000849,TAX-000087,compliance_clause,regulatory,FAR,far,REQ-000620,dd067ed7e23d469dab6e5a622c30460b,Marketplace for Acquisition of Professional Services (MAPS),dd067ed7e23d469dab6e5a622c30460b_15.bin,0.75
NREQ-000850,TAX-000088,compliance_clause,regulatory,DFARS,dfars,REQ-000620,dd067ed7e23d469dab6e5a622c30460b,Marketplace for Acquisition of Professional Services (MAPS),dd067ed7e23d469dab6e5a622c30460b_15.bin,0.75
NREQ-000851,TAX-000009,certification,cybersecurity,CMMC,cmmc,REQ-000621,dd067ed7e23d469dab6e5a622c30460b,Marketplace for Acquisition of Professional Services (MAPS),dd067ed7e23d469dab6e5a622c30460b_15.bin,0.65
NREQ-000852,TAX-000056,contract_vehicle,procurement_vehicle,BPA,bpa,REQ-000621,dd067ed7e23d469dab6e5a622c30460b,Marketplace for Acquisition of Professional Services (MAPS),dd067ed7e23d469dab6e5a622c30460b_15.bin,0.65
NREQ-000853,TAX-000087,compliance_clause,regulatory,FAR,far,REQ-000621,dd067ed7e23d469dab6e5a622c30460b,Marketplace for Acquisition of Professional Services (MAPS),dd067ed7e23d469dab6e5a622c30460b_15.bin,0.65
NREQ-000854,TAX-000088,compliance_clause,regulatory,DFARS,dfars,REQ-000621,dd067ed7e23d469dab6e5a622c30460b,Marketplace for Acquisition of Professional Services (MAPS),dd067ed7e23d469dab6e5a622c30460b_15.bin,0.65
NREQ-000855,TAX-000056,contract_vehicle,procurement_vehicle,BPA,bpa,REQ-000622,dd067ed7e23d469dab6e5a622c30460b,Marketplace for Acquisition of Professional Services (MAPS),dd067ed7e23d469dab6e5a622c30460b_15.bin,0.7
NREQ-000856,TAX-000087,compliance_clause,regulatory,FAR,far,REQ-000622,dd067ed7e23d469dab6e5a622c30460b,Marketplace for Acquisition of Professional Services (MAPS),dd067ed7e23d469dab6e5a622c30460b_15.bin,0.7
NREQ-000857,TAX-000088,compliance_clause,regulatory,DFARS,dfars,REQ-000622,dd067ed7e23d469dab6e5a622c30460b,Marketplace for Acquisition of Professional Services (MAPS),dd067ed7e23d469dab6e5a622c30460b_15.bin,0.7
NREQ-000858,TAX-000056,contract_vehicle,procurement_vehicle,BPA,bpa,REQ-000623,dd067ed7e23d469dab6e5a622c30460b,Marketplace for Acquisition of Professional Services (MAPS),dd067ed7e23d469dab6e5a622c30460b_15.bin,0.7
NREQ-000859,TAX-000087,compliance_clause,regulatory,FAR,far,REQ-000623,dd067ed7e23d469dab6e5a622c30460b,Marketplace for Acquisition of Professional Services (MAPS),dd067ed7e23d469dab6e5a622c30460b_15.bin,0.7
NREQ-000860,TAX-000088,compliance_clause,regulatory,DFARS,dfars,REQ-000623,dd067ed7e23d469dab6e5a622c30460b,Marketplace for Acquisition of Professional Services (MAPS),dd067ed7e23d469dab6e5a622c30460b_15.bin,0.7
NREQ-000861,TAX-000056,contract_vehicle,procurement_vehicle,BPA,bpa,REQ-000624,dd067ed7e23d469dab6e5a622c30460b,Marketplace for Acquisition of Professional Services (MAPS),dd067ed7e23d469dab6e5a622c30460b_17.bin,0.7
NREQ-000862,TAX-000087,compliance_clause,regulatory,FAR,far,REQ-000624,dd067ed7e23d469dab6e5a622c30460b,Marketplace for Acquisition of Professional Services (MAPS),dd067ed7e23d469dab6e5a622c30460b_17.bin,0.7
NREQ-000863,TAX-000088,compliance_clause,regulatory,DFARS,dfars,REQ-000624,dd067ed7e23d469dab6e5a622c30460b,Marketplace for Acquisition of Professional Services (MAPS),dd067ed7e23d469dab6e5a622c30460b_17.bin,0.7
NREQ-000864,TAX-000038,evaluation_factor,source_selection,Price,price,REQ-000625,dd067ed7e23d469dab6e5a622c30460b,Marketplace for Acquisition of Professional Services (MAPS),dd067ed7e23d469dab6e5a622c30460b_17.bin,0.85
NREQ-000865,TAX-000056,contract_vehicle,procurement_vehicle,BPA,bpa,REQ-000625,dd067ed7e23d469dab6e5a622c30460b,Marketplace for Acquisition of Professional Services (MAPS),dd067ed7e23d469dab6e5a622c30460b_17.bin,0.85
NREQ-000866,TAX-000087,compliance_clause,regulatory,FAR,far,REQ-000625,dd067ed7e23d469dab6e5a622c30460b,Marketplace for Acquisition of Professional Services (MAPS),dd067ed7e23d469dab6e5a622c30460b_17.bin,0.85
NREQ-000867,TAX-000088,compliance_clause,regulatory,DFARS,dfars,REQ-000625,dd067ed7e23d469dab6e5a622c30460b,Marketplace for Acquisition of Professional Services (MAPS),dd067ed7e23d469dab6e5a622c30460b_17.bin,0.85
NREQ-000868,TAX-000038,evaluation_factor,source_selection,Price,price,REQ-000626,dd067ed7e23d469dab6e5a622c30460b,Marketplace for Acquisition of Professional Services (MAPS),dd067ed7e23d469dab6e5a622c30460b_17.bin,0.85
NREQ-000869,TAX-000056,contract_vehicle,procurement_vehicle,BPA,bpa,REQ-000626,dd067ed7e23d469dab6e5a622c30460b,Marketplace for Acquisition of Professional Services (MAPS),dd067ed7e23d469dab6e5a622c30460b_17.bin,0.85
NREQ-000870,TAX-000087,compliance_clause,regulatory,FAR,far,REQ-000626,dd067ed7e23d469dab6e5a622c30460b,Marketplace for Acquisition of Professional Services (MAPS),dd067ed7e23d469dab6e5a622c30460b_17.bin,0.85
NREQ-000871,TAX-000088,compliance_clause,regulatory,DFARS,dfars,REQ-000626,dd067ed7e23d469dab6e5a622c30460b,Marketplace for Acquisition of Professional Services (MAPS),dd067ed7e23d469dab6e5a622c30460b_17.bin,0.85
NREQ-000872,TAX-000038,evaluation_factor,source_selection,Price,price,REQ-000627,dd067ed7e23d469dab6e5a622c30460b,Marketplace for Acquisition of Professional Services (MAPS),dd067ed7e23d469dab6e5a622c30460b_17.bin,0.85
NREQ-000873,TAX-000056,contract_vehicle,procurement_vehicle,BPA,bpa,REQ-000627,dd067ed7e23d469dab6e5a622c30460b,Marketplace for Acquisition of Professional Services (MAPS),dd067ed7e23d469dab6e5a622c30460b_17.bin,0.85
NREQ-000874,TAX-000087,compliance_clause,regulatory,FAR,far,REQ-000627,dd067ed7e23d469dab6e5a622c30460b,Marketplace for Acquisition of Professional Services (MAPS),dd067ed7e23d469dab6e5a622c30460b_17.bin,0.85
NREQ-000875,TAX-000088,compliance_clause,regulatory,DFARS,dfars,REQ-000627,dd067ed7e23d469dab6e5a622c30460b,Marketplace for Acquisition of Professional Services (MAPS),dd067ed7e23d469dab6e5a622c30460b_17.bin,0.85
NREQ-000876,TAX-000056,contract_vehicle,procurement_vehicle,BPA,bpa,REQ-000628,dd067ed7e23d469dab6e5a622c30460b,Marketplace for Acquisition of Professional Services (MAPS),dd067ed7e23d469dab6e5a622c30460b_17.bin,0.7
NREQ-000877,TAX-000087,compliance_clause,regulatory,FAR,far,REQ-000628,dd067ed7e23d469dab6e5a622c30460b,Marketplace for Acquisition of Professional Services (MAPS),dd067ed7e23d469dab6e5a622c30460b_17.bin,0.7
NREQ-000878,TAX-000088,compliance_clause,regulatory,DFARS,dfars,REQ-000628,dd067ed7e23d469dab6e5a622c30460b,Marketplace for Acquisition of Professional Services (MAPS),dd067ed7e23d469dab6e5a622c30460b_17.bin,0.7
NREQ-000879,TAX-000056,contract_vehicle,procurement_vehicle,BPA,bpa,REQ-000629,dd067ed7e23d469dab6e5a622c30460b,Marketplace for Acquisition of Professional Services (MAPS),dd067ed7e23d469dab6e5a622c30460b_17.bin,0.75
NREQ-000880,TAX-000087,compliance_clause,regulatory,FAR,far,REQ-000629,dd067ed7e23d469dab6e5a622c30460b,Marketplace for Acquisition of Professional Services (MAPS),dd067ed7e23d469dab6e5a622c30460b_17.bin,0.75
NREQ-000881,TAX-000088,compliance_clause,regulatory,DFARS,dfars,REQ-000629,dd067ed7e23d469dab6e5a622c30460b,Marketplace for Acquisition of Professional Services (MAPS),dd067ed7e23d469dab6e5a622c30460b_17.bin,0.75
NREQ-000882,TAX-000056,contract_vehicle,procurement_vehicle,BPA,bpa,REQ-000630,dd067ed7e23d469dab6e5a622c30460b,Marketplace for Acquisition of Professional Services (MAPS),dd067ed7e23d469dab6e5a622c30460b_17.bin,0.8
NREQ-000883,TAX-000087,compliance_clause,regulatory,FAR,far,REQ-000630,dd067ed7e23d469dab6e5a622c30460b,Marketplace for Acquisition of Professional Services (MAPS),dd067ed7e23d469dab6e5a622c30460b_17.bin,0.8
NREQ-000884,TAX-000088,compliance_clause,regulatory,DFARS,dfars,REQ-000630,dd067ed7e23d469dab6e5a622c30460b,Marketplace for Acquisition of Professional Services (MAPS),dd067ed7e23d469dab6e5a622c30460b_17.bin,0.8
NREQ-000885,TAX-000056,contract_vehicle,procurement_vehicle,BPA,bpa,REQ-000631,dd067ed7e23d469dab6e5a622c30460b,Marketplace for Acquisition of Professional Services (MAPS),dd067ed7e23d469dab6e5a622c30460b_17.bin,0.7
NREQ-000886,TAX-000087,compliance_clause,regulatory,FAR,far,REQ-000631,dd067ed7e23d469dab6e5a622c30460b,Marketplace for Acquisition of Professional Services (MAPS),dd067ed7e23d469dab6e5a622c30460b_17.bin,0.7
NREQ-000887,TAX-000088,compliance_clause,regulatory,DFARS,dfars,REQ-000631,dd067ed7e23d469dab6e5a622c30460b,Marketplace for Acquisition of Professional Services (MAPS),dd067ed7e23d469dab6e5a622c30460b_17.bin,0.7
NREQ-000888,TAX-000056,contract_vehicle,procurement_vehicle,BPA,bpa,REQ-000632,dd067ed7e23d469dab6e5a622c30460b,Marketplace for Acquisition of Professional Services (MAPS),dd067ed7e23d469dab6e5a622c30460b_17.bin,0.7
NREQ-000889,TAX-000087,compliance_clause,regulatory,FAR,far,REQ-000632,dd067ed7e23d469dab6e5a622c30460b,Marketplace for Acquisition of Professional Services (MAPS),dd067ed7e23d469dab6e5a622c30460b_17.bin,0.7
NREQ-000890,TAX-000088,compliance_clause,regulatory,DFARS,dfars,REQ-000632,dd067ed7e23d469dab6e5a622c30460b,Marketplace for Acquisition of Professional Services (MAPS),dd067ed7e23d469dab6e5a622c30460b_17.bin,0.7
NREQ-000891,TAX-000038,evaluation_factor,source_selection,Price,price,REQ-000633,dd067ed7e23d469dab6e5a622c30460b,Marketplace for Acquisition of Professional Services (MAPS),dd067ed7e23d469dab6e5a622c30460b_17.bin,0.75
NREQ-000892,TAX-000056,contract_vehicle,procurement_vehicle,BPA,bpa,REQ-000633,dd067ed7e23d469dab6e5a622c30460b,Marketplace for Acquisition of Professional Services (MAPS),dd067ed7e23d469dab6e5a622c30460b_17.bin,0.75
NREQ-000893,TAX-000087,compliance_clause,regulatory,FAR,far,REQ-000633,dd067ed7e23d469dab6e5a622c30460b,Marketplace for Acquisition of Professional Services (MAPS),dd067ed7e23d469dab6e5a622c30460b_17.bin,0.75
NREQ-000894,TAX-000088,compliance_clause,regulatory,DFARS,dfars,REQ-000633,dd067ed7e23d469dab6e5a622c30460b,Marketplace for Acquisition of Professional Services (MAPS),dd067ed7e23d469dab6e5a622c30460b_17.bin,0.75
NREQ-000895,TAX-000038,evaluation_factor,source_selection,Price,price,REQ-000634,dd067ed7e23d469dab6e5a622c30460b,Marketplace for Acquisition of Professional Services (MAPS),dd067ed7e23d469dab6e5a622c30460b_17.bin,0.75
NREQ-000896,TAX-000056,contract_vehicle,procurement_vehicle,BPA,bpa,REQ-000634,dd067ed7e23d469dab6e5a622c30460b,Marketplace for Acquisition of Professional Services (MAPS),dd067ed7e23d469dab6e5a622c30460b_17.bin,0.75
NREQ-000897,TAX-000087,compliance_clause,regulatory,FAR,far,REQ-000634,dd067ed7e23d469dab6e5a622c30460b,Marketplace for Acquisition of Professional Services (MAPS),dd067ed7e23d469dab6e5a622c30460b_17.bin,0.75
NREQ-000898,TAX-000088,compliance_clause,regulatory,DFARS,dfars,REQ-000634,dd067ed7e23d469dab6e5a622c30460b,Marketplace for Acquisition of Professional Services (MAPS),dd067ed7e23d469dab6e5a622c30460b_17.bin,0.75
NREQ-000899,TAX-000038,evaluation_factor,source_selection,Price,price,REQ-000635,dd067ed7e23d469dab6e5a622c30460b,Marketplace for Acquisition of Professional Services (MAPS),dd067ed7e23d469dab6e5a622c30460b_17.bin,0.75
NREQ-000900,TAX-000056,contract_vehicle,procurement_vehicle,BPA,bpa,REQ-000635,dd067ed7e23d469dab6e5a622c30460b,Marketplace for Acquisition of Professional Services (MAPS),dd067ed7e23d469dab6e5a622c30460b_17.bin,0.75
NREQ-000901,TAX-000087,compliance_clause,regulatory,FAR,far,REQ-000635,dd067ed7e23d469dab6e5a622c30460b,Marketplace for Acquisition of Professional Services (MAPS),dd067ed7e23d469dab6e5a622c30460b_17.bin,0.75
NREQ-000902,TAX-000088,compliance_clause,regulatory,DFARS,dfars,REQ-000635,dd067ed7e23d469dab6e5a622c30460b,Marketplace for Acquisition of Professional Services (MAPS),dd067ed7e23d469dab6e5a622c30460b_17.bin,0.75
NREQ-000903,TAX-000009,certification,cybersecurity,CMMC,cmmc,REQ-000636,dd067ed7e23d469dab6e5a622c30460b,Marketplace for Acquisition of Professional Services (MAPS),dd067ed7e23d469dab6e5a622c30460b_17.bin,0.65
NREQ-000904,TAX-000056,contract_vehicle,procurement_vehicle,BPA,bpa,REQ-000636,dd067ed7e23d469dab6e5a622c30460b,Marketplace for Acquisition of Professional Services (MAPS),dd067ed7e23d469dab6e5a622c30460b_17.bin,0.65
NREQ-000905,TAX-000087,compliance_clause,regulatory,FAR,far,REQ-000636,dd067ed7e23d469dab6e5a622c30460b,Marketplace for Acquisition of Professional Services (MAPS),dd067ed7e23d469dab6e5a622c30460b_17.bin,0.65
NREQ-000906,TAX-000088,compliance_clause,regulatory,DFARS,dfars,REQ-000636,dd067ed7e23d469dab6e5a622c30460b,Marketplace for Acquisition of Professional Services (MAPS),dd067ed7e23d469dab6e5a622c30460b_17.bin,0.65
NREQ-000907,TAX-000056,contract_vehicle,procurement_vehicle,BPA,bpa,REQ-000637,dd067ed7e23d469dab6e5a622c30460b,Marketplace for Acquisition of Professional Services (MAPS),dd067ed7e23d469dab6e5a622c30460b_17.bin,0.7
NREQ-000908,TAX-000087,compliance_clause,regulatory,FAR,far,REQ-000637,dd067ed7e23d469dab6e5a622c30460b,Marketplace for Acquisition of Professional Services (MAPS),dd067ed7e23d469dab6e5a622c30460b_17.bin,0.7
NREQ-000909,TAX-000088,compliance_clause,regulatory,DFARS,dfars,REQ-000637,dd067ed7e23d469dab6e5a622c30460b,Marketplace for Acquisition of Professional Services (MAPS),dd067ed7e23d469dab6e5a622c30460b_17.bin,0.7
NREQ-000910,TAX-000056,contract_vehicle,procurement_vehicle,BPA,bpa,REQ-000638,dd067ed7e23d469dab6e5a622c30460b,Marketplace for Acquisition of Professional Services (MAPS),dd067ed7e23d469dab6e5a622c30460b_17.bin,0.7
NREQ-000911,TAX-000087,compliance_clause,regulatory,FAR,far,REQ-000638,dd067ed7e23d469dab6e5a622c30460b,Marketplace for Acquisition of Professional Services (MAPS),dd067ed7e23d469dab6e5a622c30460b_17.bin,0.7
NREQ-000912,TAX-000088,compliance_clause,regulatory,DFARS,dfars,REQ-000638,dd067ed7e23d469dab6e5a622c30460b,Marketplace for Acquisition of Professional Services (MAPS),dd067ed7e23d469dab6e5a622c30460b_17.bin,0.7
NREQ-000913,TAX-000062,contract_vehicle,procurement_vehicle,MAPS,maps,REQ-000639,dd067ed7e23d469dab6e5a622c30460b,Marketplace for Acquisition of Professional Services (MAPS),dd067ed7e23d469dab6e5a622c30460b_18.bin,0.7
NREQ-000914,TAX-000056,contract_vehicle,procurement_vehicle,BPA,bpa,REQ-000649,dd067ed7e23d469dab6e5a622c30460b,Marketplace for Acquisition of Professional Services (MAPS),dd067ed7e23d469dab6e5a622c30460b_22.bin,0.7
NREQ-000915,TAX-000087,compliance_clause,regulatory,FAR,far,REQ-000649,dd067ed7e23d469dab6e5a622c30460b,Marketplace for Acquisition of Professional Services (MAPS),dd067ed7e23d469dab6e5a622c30460b_22.bin,0.7
NREQ-000916,TAX-000088,compliance_clause,regulatory,DFARS,dfars,REQ-000649,dd067ed7e23d469dab6e5a622c30460b,Marketplace for Acquisition of Professional Services (MAPS),dd067ed7e23d469dab6e5a622c30460b_22.bin,0.7
NREQ-000917,TAX-000038,evaluation_factor,source_selection,Price,price,REQ-000650,dd067ed7e23d469dab6e5a622c30460b,Marketplace for Acquisition of Professional Services (MAPS),dd067ed7e23d469dab6e5a622c30460b_22.bin,0.85
NREQ-000918,TAX-000056,contract_vehicle,procurement_vehicle,BPA,bpa,REQ-000650,dd067ed7e23d469dab6e5a622c30460b,Marketplace for Acquisition of Professional Services (MAPS),dd067ed7e23d469dab6e5a622c30460b_22.bin,0.85
NREQ-000919,TAX-000087,compliance_clause,regulatory,FAR,far,REQ-000650,dd067ed7e23d469dab6e5a622c30460b,Marketplace for Acquisition of Professional Services (MAPS),dd067ed7e23d469dab6e5a622c30460b_22.bin,0.85
NREQ-000920,TAX-000088,compliance_clause,regulatory,DFARS,dfars,REQ-000650,dd067ed7e23d469dab6e5a622c30460b,Marketplace for Acquisition of Professional Services (MAPS),dd067ed7e23d469dab6e5a622c30460b_22.bin,0.85
NREQ-000921,TAX-000038,evaluation_factor,source_selection,Price,price,REQ-000651,dd067ed7e23d469dab6e5a622c30460b,Marketplace for Acquisition of Professional Services (MAPS),dd067ed7e23d469dab6e5a622c30460b_22.bin,0.85
NREQ-000922,TAX-000056,contract_vehicle,procurement_vehicle,BPA,bpa,REQ-000651,dd067ed7e23d469dab6e5a622c30460b,Marketplace for Acquisition of Professional Services (MAPS),dd067ed7e23d469dab6e5a622c30460b_22.bin,0.85
NREQ-000923,TAX-000087,compliance_clause,regulatory,FAR,far,REQ-000651,dd067ed7e23d469dab6e5a622c30460b,Marketplace for Acquisition of Professional Services (MAPS),dd067ed7e23d469dab6e5a622c30460b_22.bin,0.85
NREQ-000924,TAX-000088,compliance_clause,regulatory,DFARS,dfars,REQ-000651,dd067ed7e23d469dab6e5a622c30460b,Marketplace for Acquisition of Professional Services (MAPS),dd067ed7e23d469dab6e5a622c30460b_22.bin,0.85
NREQ-000925,TAX-000038,evaluation_factor,source_selection,Price,price,REQ-000652,dd067ed7e23d469dab6e5a622c30460b,Marketplace for Acquisition of Professional Services (MAPS),dd067ed7e23d469dab6e5a622c30460b_22.bin,0.85
NREQ-000926,TAX-000056,contract_vehicle,procurement_vehicle,BPA,bpa,REQ-000652,dd067ed7e23d469dab6e5a622c30460b,Marketplace for Acquisition of Professional Services (MAPS),dd067ed7e23d469dab6e5a622c30460b_22.bin,0.85
NREQ-000927,TAX-000087,compliance_clause,regulatory,FAR,far,REQ-000652,dd067ed7e23d469dab6e5a622c30460b,Marketplace for Acquisition of Professional Services (MAPS),dd067ed7e23d469dab6e5a622c30460b_22.bin,0.85
NREQ-000928,TAX-000088,compliance_clause,regulatory,DFARS,dfars,REQ-000652,dd067ed7e23d469dab6e5a622c30460b,Marketplace for Acquisition of Professional Services (MAPS),dd067ed7e23d469dab6e5a622c30460b_22.bin,0.85
NREQ-000929,TAX-000056,contract_vehicle,procurement_vehicle,BPA,bpa,REQ-000653,dd067ed7e23d469dab6e5a622c30460b,Marketplace for Acquisition of Professional Services (MAPS),dd067ed7e23d469dab6e5a622c30460b_22.bin,0.7
NREQ-000930,TAX-000087,compliance_clause,regulatory,FAR,far,REQ-000653,dd067ed7e23d469dab6e5a622c30460b,Marketplace for Acquisition of Professional Services (MAPS),dd067ed7e23d469dab6e5a622c30460b_22.bin,0.7
NREQ-000931,TAX-000088,compliance_clause,regulatory,DFARS,dfars,REQ-000653,dd067ed7e23d469dab6e5a622c30460b,Marketplace for Acquisition of Professional Services (MAPS),dd067ed7e23d469dab6e5a622c30460b_22.bin,0.7
NREQ-000932,TAX-000056,contract_vehicle,procurement_vehicle,BPA,bpa,REQ-000654,dd067ed7e23d469dab6e5a622c30460b,Marketplace for Acquisition of Professional Services (MAPS),dd067ed7e23d469dab6e5a622c30460b_22.bin,0.75
NREQ-000933,TAX-000087,compliance_clause,regulatory,FAR,far,REQ-000654,dd067ed7e23d469dab6e5a622c30460b,Marketplace for Acquisition of Professional Services (MAPS),dd067ed7e23d469dab6e5a622c30460b_22.bin,0.75
NREQ-000934,TAX-000088,compliance_clause,regulatory,DFARS,dfars,REQ-000654,dd067ed7e23d469dab6e5a622c30460b,Marketplace for Acquisition of Professional Services (MAPS),dd067ed7e23d469dab6e5a622c30460b_22.bin,0.75
NREQ-000935,TAX-000056,contract_vehicle,procurement_vehicle,BPA,bpa,REQ-000655,dd067ed7e23d469dab6e5a622c30460b,Marketplace for Acquisition of Professional Services (MAPS),dd067ed7e23d469dab6e5a622c30460b_22.bin,0.8
NREQ-000936,TAX-000087,compliance_clause,regulatory,FAR,far,REQ-000655,dd067ed7e23d469dab6e5a622c30460b,Marketplace for Acquisition of Professional Services (MAPS),dd067ed7e23d469dab6e5a622c30460b_22.bin,0.8
NREQ-000937,TAX-000088,compliance_clause,regulatory,DFARS,dfars,REQ-000655,dd067ed7e23d469dab6e5a622c30460b,Marketplace for Acquisition of Professional Services (MAPS),dd067ed7e23d469dab6e5a622c30460b_22.bin,0.8
NREQ-000938,TAX-000056,contract_vehicle,procurement_vehicle,BPA,bpa,REQ-000656,dd067ed7e23d469dab6e5a622c30460b,Marketplace for Acquisition of Professional Services (MAPS),dd067ed7e23d469dab6e5a622c30460b_22.bin,0.7
NREQ-000939,TAX-000087,compliance_clause,regulatory,FAR,far,REQ-000656,dd067ed7e23d469dab6e5a622c30460b,Marketplace for Acquisition of Professional Services (MAPS),dd067ed7e23d469dab6e5a622c30460b_22.bin,0.7
NREQ-000940,TAX-000088,compliance_clause,regulatory,DFARS,dfars,REQ-000656,dd067ed7e23d469dab6e5a622c30460b,Marketplace for Acquisition of Professional Services (MAPS),dd067ed7e23d469dab6e5a622c30460b_22.bin,0.7
NREQ-000941,TAX-000056,contract_vehicle,procurement_vehicle,BPA,bpa,REQ-000657,dd067ed7e23d469dab6e5a622c30460b,Marketplace for Acquisition of Professional Services (MAPS),dd067ed7e23d469dab6e5a622c30460b_22.bin,0.7
NREQ-000942,TAX-000087,compliance_clause,regulatory,FAR,far,REQ-000657,dd067ed7e23d469dab6e5a622c30460b,Marketplace for Acquisition of Professional Services (MAPS),dd067ed7e23d469dab6e5a622c30460b_22.bin,0.7
NREQ-000943,TAX-000088,compliance_clause,regulatory,DFARS,dfars,REQ-000657,dd067ed7e23d469dab6e5a622c30460b,Marketplace for Acquisition of Professional Services (MAPS),dd067ed7e23d469dab6e5a622c30460b_22.bin,0.7
NREQ-000944,TAX-000038,evaluation_factor,source_selection,Price,price,REQ-000658,dd067ed7e23d469dab6e5a622c30460b,Marketplace for Acquisition of Professional Services (MAPS),dd067ed7e23d469dab6e5a622c30460b_22.bin,0.75
NREQ-000945,TAX-000056,contract_vehicle,procurement_vehicle,BPA,bpa,REQ-000658,dd067ed7e23d469dab6e5a622c30460b,Marketplace for Acquisition of Professional Services (MAPS),dd067ed7e23d469dab6e5a622c30460b_22.bin,0.75
NREQ-000946,TAX-000087,compliance_clause,regulatory,FAR,far,REQ-000658,dd067ed7e23d469dab6e5a622c30460b,Marketplace for Acquisition of Professional Services (MAPS),dd067ed7e23d469dab6e5a622c30460b_22.bin,0.75
NREQ-000947,TAX-000088,compliance_clause,regulatory,DFARS,dfars,REQ-000658,dd067ed7e23d469dab6e5a622c30460b,Marketplace for Acquisition of Professional Services (MAPS),dd067ed7e23d469dab6e5a622c30460b_22.bin,0.75
NREQ-000948,TAX-000038,evaluation_factor,source_selection,Price,price,REQ-000659,dd067ed7e23d469dab6e5a622c30460b,Marketplace for Acquisition of Professional Services (MAPS),dd067ed7e23d469dab6e5a622c30460b_22.bin,0.75
NREQ-000949,TAX-000056,contract_vehicle,procurement_vehicle,BPA,bpa,REQ-000659,dd067ed7e23d469dab6e5a622c30460b,Marketplace for Acquisition of Professional Services (MAPS),dd067ed7e23d469dab6e5a622c30460b_22.bin,0.75
NREQ-000950,TAX-000087,compliance_clause,regulatory,FAR,far,REQ-000659,dd067ed7e23d469dab6e5a622c30460b,Marketplace for Acquisition of Professional Services (MAPS),dd067ed7e23d469dab6e5a622c30460b_22.bin,0.75
NREQ-000951,TAX-000088,compliance_clause,regulatory,DFARS,dfars,REQ-000659,dd067ed7e23d469dab6e5a622c30460b,Marketplace for Acquisition of Professional Services (MAPS),dd067ed7e23d469dab6e5a622c30460b_22.bin,0.75
NREQ-000952,TAX-000038,evaluation_factor,source_selection,Price,price,REQ-000660,dd067ed7e23d469dab6e5a622c30460b,Marketplace for Acquisition of Professional Services (MAPS),dd067ed7e23d469dab6e5a622c30460b_22.bin,0.75
NREQ-000953,TAX-000056,contract_vehicle,procurement_vehicle,BPA,bpa,REQ-000660,dd067ed7e23d469dab6e5a622c30460b,Marketplace for Acquisition of Professional Services (MAPS),dd067ed7e23d469dab6e5a622c30460b_22.bin,0.75
NREQ-000954,TAX-000087,compliance_clause,regulatory,FAR,far,REQ-000660,dd067ed7e23d469dab6e5a622c30460b,Marketplace for Acquisition of Professional Services (MAPS),dd067ed7e23d469dab6e5a622c30460b_22.bin,0.75
NREQ-000955,TAX-000088,compliance_clause,regulatory,DFARS,dfars,REQ-000660,dd067ed7e23d469dab6e5a622c30460b,Marketplace for Acquisition of Professional Services (MAPS),dd067ed7e23d469dab6e5a622c30460b_22.bin,0.75
NREQ-000956,TAX-000009,certification,cybersecurity,CMMC,cmmc,REQ-000661,dd067ed7e23d469dab6e5a622c30460b,Marketplace for Acquisition of Professional Services (MAPS),dd067ed7e23d469dab6e5a622c30460b_22.bin,0.65
NREQ-000957,TAX-000056,contract_vehicle,procurement_vehicle,BPA,bpa,REQ-000661,dd067ed7e23d469dab6e5a622c30460b,Marketplace for Acquisition of Professional Services (MAPS),dd067ed7e23d469dab6e5a622c30460b_22.bin,0.65
NREQ-000958,TAX-000087,compliance_clause,regulatory,FAR,far,REQ-000661,dd067ed7e23d469dab6e5a622c30460b,Marketplace for Acquisition of Professional Services (MAPS),dd067ed7e23d469dab6e5a622c30460b_22.bin,0.65
NREQ-000959,TAX-000088,compliance_clause,regulatory,DFARS,dfars,REQ-000661,dd067ed7e23d469dab6e5a622c30460b,Marketplace for Acquisition of Professional Services (MAPS),dd067ed7e23d469dab6e5a622c30460b_22.bin,0.65
NREQ-000960,TAX-000056,contract_vehicle,procurement_vehicle,BPA,bpa,REQ-000662,dd067ed7e23d469dab6e5a622c30460b,Marketplace for Acquisition of Professional Services (MAPS),dd067ed7e23d469dab6e5a622c30460b_22.bin,0.7
NREQ-000961,TAX-000087,compliance_clause,regulatory,FAR,far,REQ-000662,dd067ed7e23d469dab6e5a622c30460b,Marketplace for Acquisition of Professional Services (MAPS),dd067ed7e23d469dab6e5a622c30460b_22.bin,0.7
NREQ-000962,TAX-000088,compliance_clause,regulatory,DFARS,dfars,REQ-000662,dd067ed7e23d469dab6e5a622c30460b,Marketplace for Acquisition of Professional Services (MAPS),dd067ed7e23d469dab6e5a622c30460b_22.bin,0.7
NREQ-000963,TAX-000056,contract_vehicle,procurement_vehicle,BPA,bpa,REQ-000663,dd067ed7e23d469dab6e5a622c30460b,Marketplace for Acquisition of Professional Services (MAPS),dd067ed7e23d469dab6e5a622c30460b_22.bin,0.7
NREQ-000964,TAX-000087,compliance_clause,regulatory,FAR,far,REQ-000663,dd067ed7e23d469dab6e5a622c30460b,Marketplace for Acquisition of Professional Services (MAPS),dd067ed7e23d469dab6e5a622c30460b_22.bin,0.7
NREQ-000965,TAX-000088,compliance_clause,regulatory,DFARS,dfars,REQ-000663,dd067ed7e23d469dab6e5a622c30460b,Marketplace for Acquisition of Professional Services (MAPS),dd067ed7e23d469dab6e5a622c30460b_22.bin,0.7
NREQ-000966,TAX-000056,contract_vehicle,procurement_vehicle,BPA,bpa,REQ-000664,dd067ed7e23d469dab6e5a622c30460b,Marketplace for Acquisition of Professional Services (MAPS),dd067ed7e23d469dab6e5a622c30460b_23.bin,0.7
NREQ-000967,TAX-000087,compliance_clause,regulatory,FAR,far,REQ-000664,dd067ed7e23d469dab6e5a622c30460b,Marketplace for Acquisition of Professional Services (MAPS),dd067ed7e23d469dab6e5a622c30460b_23.bin,0.7
NREQ-000968,TAX-000088,compliance_clause,regulatory,DFARS,dfars,REQ-000664,dd067ed7e23d469dab6e5a622c30460b,Marketplace for Acquisition of Professional Services (MAPS),dd067ed7e23d469dab6e5a622c30460b_23.bin,0.7
NREQ-000969,TAX-000038,evaluation_factor,source_selection,Price,price,REQ-000665,dd067ed7e23d469dab6e5a622c30460b,Marketplace for Acquisition of Professional Services (MAPS),dd067ed7e23d469dab6e5a622c30460b_23.bin,0.85
NREQ-000970,TAX-000056,contract_vehicle,procurement_vehicle,BPA,bpa,REQ-000665,dd067ed7e23d469dab6e5a622c30460b,Marketplace for Acquisition of Professional Services (MAPS),dd067ed7e23d469dab6e5a622c30460b_23.bin,0.85
NREQ-000971,TAX-000087,compliance_clause,regulatory,FAR,far,REQ-000665,dd067ed7e23d469dab6e5a622c30460b,Marketplace for Acquisition of Professional Services (MAPS),dd067ed7e23d469dab6e5a622c30460b_23.bin,0.85
NREQ-000972,TAX-000088,compliance_clause,regulatory,DFARS,dfars,REQ-000665,dd067ed7e23d469dab6e5a622c30460b,Marketplace for Acquisition of Professional Services (MAPS),dd067ed7e23d469dab6e5a622c30460b_23.bin,0.85
NREQ-000973,TAX-000038,evaluation_factor,source_selection,Price,price,REQ-000666,dd067ed7e23d469dab6e5a622c30460b,Marketplace for Acquisition of Professional Services (MAPS),dd067ed7e23d469dab6e5a622c30460b_23.bin,0.85
NREQ-000974,TAX-000056,contract_vehicle,procurement_vehicle,BPA,bpa,REQ-000666,dd067ed7e23d469dab6e5a622c30460b,Marketplace for Acquisition of Professional Services (MAPS),dd067ed7e23d469dab6e5a622c30460b_23.bin,0.85
NREQ-000975,TAX-000087,compliance_clause,regulatory,FAR,far,REQ-000666,dd067ed7e23d469dab6e5a622c30460b,Marketplace for Acquisition of Professional Services (MAPS),dd067ed7e23d469dab6e5a622c30460b_23.bin,0.85
NREQ-000976,TAX-000088,compliance_clause,regulatory,DFARS,dfars,REQ-000666,dd067ed7e23d469dab6e5a622c30460b,Marketplace for Acquisition of Professional Services (MAPS),dd067ed7e23d469dab6e5a622c30460b_23.bin,0.85
NREQ-000977,TAX-000038,evaluation_factor,source_selection,Price,price,REQ-000667,dd067ed7e23d469dab6e5a622c30460b,Marketplace for Acquisition of Professional Services (MAPS),dd067ed7e23d469dab6e5a622c30460b_23.bin,0.85
NREQ-000978,TAX-000056,contract_vehicle,procurement_vehicle,BPA,bpa,REQ-000667,dd067ed7e23d469dab6e5a622c30460b,Marketplace for Acquisition of Professional Services (MAPS),dd067ed7e23d469dab6e5a622c30460b_23.bin,0.85
NREQ-000979,TAX-000087,compliance_clause,regulatory,FAR,far,REQ-000667,dd067ed7e23d469dab6e5a622c30460b,Marketplace for Acquisition of Professional Services (MAPS),dd067ed7e23d469dab6e5a622c30460b_23.bin,0.85
NREQ-000980,TAX-000088,compliance_clause,regulatory,DFARS,dfars,REQ-000667,dd067ed7e23d469dab6e5a622c30460b,Marketplace for Acquisition of Professional Services (MAPS),dd067ed7e23d469dab6e5a622c30460b_23.bin,0.85
NREQ-000981,TAX-000056,contract_vehicle,procurement_vehicle,BPA,bpa,REQ-000668,dd067ed7e23d469dab6e5a622c30460b,Marketplace for Acquisition of Professional Services (MAPS),dd067ed7e23d469dab6e5a622c30460b_23.bin,0.7
NREQ-000982,TAX-000087,compliance_clause,regulatory,FAR,far,REQ-000668,dd067ed7e23d469dab6e5a622c30460b,Marketplace for Acquisition of Professional Services (MAPS),dd067ed7e23d469dab6e5a622c30460b_23.bin,0.7
NREQ-000983,TAX-000088,compliance_clause,regulatory,DFARS,dfars,REQ-000668,dd067ed7e23d469dab6e5a622c30460b,Marketplace for Acquisition of Professional Services (MAPS),dd067ed7e23d469dab6e5a622c30460b_23.bin,0.7
NREQ-000984,TAX-000056,contract_vehicle,procurement_vehicle,BPA,bpa,REQ-000669,dd067ed7e23d469dab6e5a622c30460b,Marketplace for Acquisition of Professional Services (MAPS),dd067ed7e23d469dab6e5a622c30460b_23.bin,0.75
NREQ-000985,TAX-000087,compliance_clause,regulatory,FAR,far,REQ-000669,dd067ed7e23d469dab6e5a622c30460b,Marketplace for Acquisition of Professional Services (MAPS),dd067ed7e23d469dab6e5a622c30460b_23.bin,0.75
NREQ-000986,TAX-000088,compliance_clause,regulatory,DFARS,dfars,REQ-000669,dd067ed7e23d469dab6e5a622c30460b,Marketplace for Acquisition of Professional Services (MAPS),dd067ed7e23d469dab6e5a622c30460b_23.bin,0.75
NREQ-000987,TAX-000056,contract_vehicle,procurement_vehicle,BPA,bpa,REQ-000670,dd067ed7e23d469dab6e5a622c30460b,Marketplace for Acquisition of Professional Services (MAPS),dd067ed7e23d469dab6e5a622c30460b_23.bin,0.8
NREQ-000988,TAX-000087,compliance_clause,regulatory,FAR,far,REQ-000670,dd067ed7e23d469dab6e5a622c30460b,Marketplace for Acquisition of Professional Services (MAPS),dd067ed7e23d469dab6e5a622c30460b_23.bin,0.8
NREQ-000989,TAX-000088,compliance_clause,regulatory,DFARS,dfars,REQ-000670,dd067ed7e23d469dab6e5a622c30460b,Marketplace for Acquisition of Professional Services (MAPS),dd067ed7e23d469dab6e5a622c30460b_23.bin,0.8
NREQ-000990,TAX-000056,contract_vehicle,procurement_vehicle,BPA,bpa,REQ-000671,dd067ed7e23d469dab6e5a622c30460b,Marketplace for Acquisition of Professional Services (MAPS),dd067ed7e23d469dab6e5a622c30460b_23.bin,0.7
NREQ-000991,TAX-000087,compliance_clause,regulatory,FAR,far,REQ-000671,dd067ed7e23d469dab6e5a622c30460b,Marketplace for Acquisition of Professional Services (MAPS),dd067ed7e23d469dab6e5a622c30460b_23.bin,0.7
NREQ-000992,TAX-000088,compliance_clause,regulatory,DFARS,dfars,REQ-000671,dd067ed7e23d469dab6e5a622c30460b,Marketplace for Acquisition of Professional Services (MAPS),dd067ed7e23d469dab6e5a622c30460b_23.bin,0.7
NREQ-000993,TAX-000056,contract_vehicle,procurement_vehicle,BPA,bpa,REQ-000672,dd067ed7e23d469dab6e5a622c30460b,Marketplace for Acquisition of Professional Services (MAPS),dd067ed7e23d469dab6e5a622c30460b_23.bin,0.7
NREQ-000994,TAX-000087,compliance_clause,regulatory,FAR,far,REQ-000672,dd067ed7e23d469dab6e5a622c30460b,Marketplace for Acquisition of Professional Services (MAPS),dd067ed7e23d469dab6e5a622c30460b_23.bin,0.7
NREQ-000995,TAX-000088,compliance_clause,regulatory,DFARS,dfars,REQ-000672,dd067ed7e23d469dab6e5a622c30460b,Marketplace for Acquisition of Professional Services (MAPS),dd067ed7e23d469dab6e5a622c30460b_23.bin,0.7
NREQ-000996,TAX-000038,evaluation_factor,source_selection,Price,price,REQ-000673,dd067ed7e23d469dab6e5a622c30460b,Marketplace for Acquisition of Professional Services (MAPS),dd067ed7e23d469dab6e5a622c30460b_23.bin,0.75
NREQ-000997,TAX-000056,contract_vehicle,procurement_vehicle,BPA,bpa,REQ-000673,dd067ed7e23d469dab6e5a622c30460b,Marketplace for Acquisition of Professional Services (MAPS),dd067ed7e23d469dab6e5a622c30460b_23.bin,0.75
NREQ-000998,TAX-000087,compliance_clause,regulatory,FAR,far,REQ-000673,dd067ed7e23d469dab6e5a622c30460b,Marketplace for Acquisition of Professional Services (MAPS),dd067ed7e23d469dab6e5a622c30460b_23.bin,0.75
NREQ-000999,TAX-000088,compliance_clause,regulatory,DFARS,dfars,REQ-000673,dd067ed7e23d469dab6e5a622c30460b,Marketplace for Acquisition of Professional Services (MAPS),dd067ed7e23d469dab6e5a622c30460b_23.bin,0.75
NREQ-001000,TAX-000038,evaluation_factor,source_selection,Price,price,REQ-000674,dd067ed7e23d469dab6e5a622c30460b,Marketplace for Acquisition of Professional Services (MAPS),dd067ed7e23d469dab6e5a622c30460b_23.bin,0.75
NREQ-001001,TAX-000056,contract_vehicle,procurement_vehicle,BPA,bpa,REQ-000674,dd067ed7e23d469dab6e5a622c30460b,Marketplace for Acquisition of Professional Services (MAPS),dd067ed7e23d469dab6e5a622c30460b_23.bin,0.75
NREQ-001002,TAX-000087,compliance_clause,regulatory,FAR,far,REQ-000674,dd067ed7e23d469dab6e5a622c30460b,Marketplace for Acquisition of Professional Services (MAPS),dd067ed7e23d469dab6e5a622c30460b_23.bin,0.75
NREQ-001003,TAX-000088,compliance_clause,regulatory,DFARS,dfars,REQ-000674,dd067ed7e23d469dab6e5a622c30460b,Marketplace for Acquisition of Professional Services (MAPS),dd067ed7e23d469dab6e5a622c30460b_23.bin,0.75
NREQ-001004,TAX-000038,evaluation_factor,source_selection,Price,price,REQ-000675,dd067ed7e23d469dab6e5a622c30460b,Marketplace for Acquisition of Professional Services (MAPS),dd067ed7e23d469dab6e5a622c30460b_23.bin,0.75
NREQ-001005,TAX-000056,contract_vehicle,procurement_vehicle,BPA,bpa,REQ-000675,dd067ed7e23d469dab6e5a622c30460b,Marketplace for Acquisition of Professional Services (MAPS),dd067ed7e23d469dab6e5a622c30460b_23.bin,0.75
NREQ-001006,TAX-000087,compliance_clause,regulatory,FAR,far,REQ-000675,dd067ed7e23d469dab6e5a622c30460b,Marketplace for Acquisition of Professional Services (MAPS),dd067ed7e23d469dab6e5a622c30460b_23.bin,0.75
NREQ-001007,TAX-000088,compliance_clause,regulatory,DFARS,dfars,REQ-000675,dd067ed7e23d469dab6e5a622c30460b,Marketplace for Acquisition of Professional Services (MAPS),dd067ed7e23d469dab6e5a622c30460b_23.bin,0.75
NREQ-001008,TAX-000009,certification,cybersecurity,CMMC,cmmc,REQ-000676,dd067ed7e23d469dab6e5a622c30460b,Marketplace for Acquisition of Professional Services (MAPS),dd067ed7e23d469dab6e5a622c30460b_23.bin,0.65
NREQ-001009,TAX-000056,contract_vehicle,procurement_vehicle,BPA,bpa,REQ-000676,dd067ed7e23d469dab6e5a622c30460b,Marketplace for Acquisition of Professional Services (MAPS),dd067ed7e23d469dab6e5a622c30460b_23.bin,0.65
NREQ-001010,TAX-000087,compliance_clause,regulatory,FAR,far,REQ-000676,dd067ed7e23d469dab6e5a622c30460b,Marketplace for Acquisition of Professional Services (MAPS),dd067ed7e23d469dab6e5a622c30460b_23.bin,0.65
NREQ-001011,TAX-000088,compliance_clause,regulatory,DFARS,dfars,REQ-000676,dd067ed7e23d469dab6e5a622c30460b,Marketplace for Acquisition of Professional Services (MAPS),dd067ed7e23d469dab6e5a622c30460b_23.bin,0.65
NREQ-001012,TAX-000056,contract_vehicle,procurement_vehicle,BPA,bpa,REQ-000677,dd067ed7e23d469dab6e5a622c30460b,Marketplace for Acquisition of Professional Services (MAPS),dd067ed7e23d469dab6e5a622c30460b_23.bin,0.7
NREQ-001013,TAX-000087,compliance_clause,regulatory,FAR,far,REQ-000677,dd067ed7e23d469dab6e5a622c30460b,Marketplace for Acquisition of Professional Services (MAPS),dd067ed7e23d469dab6e5a622c30460b_23.bin,0.7
NREQ-001014,TAX-000088,compliance_clause,regulatory,DFARS,dfars,REQ-000677,dd067ed7e23d469dab6e5a622c30460b,Marketplace for Acquisition of Professional Services (MAPS),dd067ed7e23d469dab6e5a622c30460b_23.bin,0.7
NREQ-001015,TAX-000056,contract_vehicle,procurement_vehicle,BPA,bpa,REQ-000678,dd067ed7e23d469dab6e5a622c30460b,Marketplace for Acquisition of Professional Services (MAPS),dd067ed7e23d469dab6e5a622c30460b_23.bin,0.7
NREQ-001016,TAX-000087,compliance_clause,regulatory,FAR,far,REQ-000678,dd067ed7e23d469dab6e5a622c30460b,Marketplace for Acquisition of Professional Services (MAPS),dd067ed7e23d469dab6e5a622c30460b_23.bin,0.7
NREQ-001017,TAX-000088,compliance_clause,regulatory,DFARS,dfars,REQ-000678,dd067ed7e23d469dab6e5a622c30460b,Marketplace for Acquisition of Professional Services (MAPS),dd067ed7e23d469dab6e5a622c30460b_23.bin,0.7
NREQ-001018,TAX-000056,contract_vehicle,procurement_vehicle,BPA,bpa,REQ-000679,dd067ed7e23d469dab6e5a622c30460b,Marketplace for Acquisition of Professional Services (MAPS),dd067ed7e23d469dab6e5a622c30460b_24.bin,0.7
NREQ-001019,TAX-000087,compliance_clause,regulatory,FAR,far,REQ-000679,dd067ed7e23d469dab6e5a622c30460b,Marketplace for Acquisition of Professional Services (MAPS),dd067ed7e23d469dab6e5a622c30460b_24.bin,0.7
NREQ-001020,TAX-000088,compliance_clause,regulatory,DFARS,dfars,REQ-000679,dd067ed7e23d469dab6e5a622c30460b,Marketplace for Acquisition of Professional Services (MAPS),dd067ed7e23d469dab6e5a622c30460b_24.bin,0.7
NREQ-001021,TAX-000038,evaluation_factor,source_selection,Price,price,REQ-000680,dd067ed7e23d469dab6e5a622c30460b,Marketplace for Acquisition of Professional Services (MAPS),dd067ed7e23d469dab6e5a622c30460b_24.bin,0.85
NREQ-001022,TAX-000056,contract_vehicle,procurement_vehicle,BPA,bpa,REQ-000680,dd067ed7e23d469dab6e5a622c30460b,Marketplace for Acquisition of Professional Services (MAPS),dd067ed7e23d469dab6e5a622c30460b_24.bin,0.85
NREQ-001023,TAX-000087,compliance_clause,regulatory,FAR,far,REQ-000680,dd067ed7e23d469dab6e5a622c30460b,Marketplace for Acquisition of Professional Services (MAPS),dd067ed7e23d469dab6e5a622c30460b_24.bin,0.85
NREQ-001024,TAX-000088,compliance_clause,regulatory,DFARS,dfars,REQ-000680,dd067ed7e23d469dab6e5a622c30460b,Marketplace for Acquisition of Professional Services (MAPS),dd067ed7e23d469dab6e5a622c30460b_24.bin,0.85
NREQ-001025,TAX-000038,evaluation_factor,source_selection,Price,price,REQ-000681,dd067ed7e23d469dab6e5a622c30460b,Marketplace for Acquisition of Professional Services (MAPS),dd067ed7e23d469dab6e5a622c30460b_24.bin,0.85
NREQ-001026,TAX-000056,contract_vehicle,procurement_vehicle,BPA,bpa,REQ-000681,dd067ed7e23d469dab6e5a622c30460b,Marketplace for Acquisition of Professional Services (MAPS),dd067ed7e23d469dab6e5a622c30460b_24.bin,0.85
NREQ-001027,TAX-000087,compliance_clause,regulatory,FAR,far,REQ-000681,dd067ed7e23d469dab6e5a622c30460b,Marketplace for Acquisition of Professional Services (MAPS),dd067ed7e23d469dab6e5a622c30460b_24.bin,0.85
NREQ-001028,TAX-000088,compliance_clause,regulatory,DFARS,dfars,REQ-000681,dd067ed7e23d469dab6e5a622c30460b,Marketplace for Acquisition of Professional Services (MAPS),dd067ed7e23d469dab6e5a622c30460b_24.bin,0.85
NREQ-001029,TAX-000038,evaluation_factor,source_selection,Price,price,REQ-000682,dd067ed7e23d469dab6e5a622c30460b,Marketplace for Acquisition of Professional Services (MAPS),dd067ed7e23d469dab6e5a622c30460b_24.bin,0.85
NREQ-001030,TAX-000056,contract_vehicle,procurement_vehicle,BPA,bpa,REQ-000682,dd067ed7e23d469dab6e5a622c30460b,Marketplace for Acquisition of Professional Services (MAPS),dd067ed7e23d469dab6e5a622c30460b_24.bin,0.85
NREQ-001031,TAX-000087,compliance_clause,regulatory,FAR,far,REQ-000682,dd067ed7e23d469dab6e5a622c30460b,Marketplace for Acquisition of Professional Services (MAPS),dd067ed7e23d469dab6e5a622c30460b_24.bin,0.85
NREQ-001032,TAX-000088,compliance_clause,regulatory,DFARS,dfars,REQ-000682,dd067ed7e23d469dab6e5a622c30460b,Marketplace for Acquisition of Professional Services (MAPS),dd067ed7e23d469dab6e5a622c30460b_24.bin,0.85
NREQ-001033,TAX-000056,contract_vehicle,procurement_vehicle,BPA,bpa,REQ-000683,dd067ed7e23d469dab6e5a622c30460b,Marketplace for Acquisition of Professional Services (MAPS),dd067ed7e23d469dab6e5a622c30460b_24.bin,0.7
NREQ-001034,TAX-000087,compliance_clause,regulatory,FAR,far,REQ-000683,dd067ed7e23d469dab6e5a622c30460b,Marketplace for Acquisition of Professional Services (MAPS),dd067ed7e23d469dab6e5a622c30460b_24.bin,0.7
NREQ-001035,TAX-000088,compliance_clause,regulatory,DFARS,dfars,REQ-000683,dd067ed7e23d469dab6e5a622c30460b,Marketplace for Acquisition of Professional Services (MAPS),dd067ed7e23d469dab6e5a622c30460b_24.bin,0.7
NREQ-001036,TAX-000056,contract_vehicle,procurement_vehicle,BPA,bpa,REQ-000684,dd067ed7e23d469dab6e5a622c30460b,Marketplace for Acquisition of Professional Services (MAPS),dd067ed7e23d469dab6e5a622c30460b_24.bin,0.75
NREQ-001037,TAX-000087,compliance_clause,regulatory,FAR,far,REQ-000684,dd067ed7e23d469dab6e5a622c30460b,Marketplace for Acquisition of Professional Services (MAPS),dd067ed7e23d469dab6e5a622c30460b_24.bin,0.75
NREQ-001038,TAX-000088,compliance_clause,regulatory,DFARS,dfars,REQ-000684,dd067ed7e23d469dab6e5a622c30460b,Marketplace for Acquisition of Professional Services (MAPS),dd067ed7e23d469dab6e5a622c30460b_24.bin,0.75
NREQ-001039,TAX-000056,contract_vehicle,procurement_vehicle,BPA,bpa,REQ-000685,dd067ed7e23d469dab6e5a622c30460b,Marketplace for Acquisition of Professional Services (MAPS),dd067ed7e23d469dab6e5a622c30460b_24.bin,0.8
NREQ-001040,TAX-000087,compliance_clause,regulatory,FAR,far,REQ-000685,dd067ed7e23d469dab6e5a622c30460b,Marketplace for Acquisition of Professional Services (MAPS),dd067ed7e23d469dab6e5a622c30460b_24.bin,0.8
NREQ-001041,TAX-000088,compliance_clause,regulatory,DFARS,dfars,REQ-000685,dd067ed7e23d469dab6e5a622c30460b,Marketplace for Acquisition of Professional Services (MAPS),dd067ed7e23d469dab6e5a622c30460b_24.bin,0.8
NREQ-001042,TAX-000056,contract_vehicle,procurement_vehicle,BPA,bpa,REQ-000686,dd067ed7e23d469dab6e5a622c30460b,Marketplace for Acquisition of Professional Services (MAPS),dd067ed7e23d469dab6e5a622c30460b_24.bin,0.7
NREQ-001043,TAX-000087,compliance_clause,regulatory,FAR,far,REQ-000686,dd067ed7e23d469dab6e5a622c30460b,Marketplace for Acquisition of Professional Services (MAPS),dd067ed7e23d469dab6e5a622c30460b_24.bin,0.7
NREQ-001044,TAX-000088,compliance_clause,regulatory,DFARS,dfars,REQ-000686,dd067ed7e23d469dab6e5a622c30460b,Marketplace for Acquisition of Professional Services (MAPS),dd067ed7e23d469dab6e5a622c30460b_24.bin,0.7
NREQ-001045,TAX-000056,contract_vehicle,procurement_vehicle,BPA,bpa,REQ-000687,dd067ed7e23d469dab6e5a622c30460b,Marketplace for Acquisition of Professional Services (MAPS),dd067ed7e23d469dab6e5a622c30460b_24.bin,0.7
NREQ-001046,TAX-000087,compliance_clause,regulatory,FAR,far,REQ-000687,dd067ed7e23d469dab6e5a622c30460b,Marketplace for Acquisition of Professional Services (MAPS),dd067ed7e23d469dab6e5a622c30460b_24.bin,0.7
NREQ-001047,TAX-000088,compliance_clause,regulatory,DFARS,dfars,REQ-000687,dd067ed7e23d469dab6e5a622c30460b,Marketplace for Acquisition of Professional Services (MAPS),dd067ed7e23d469dab6e5a622c30460b_24.bin,0.7
NREQ-001048,TAX-000038,evaluation_factor,source_selection,Price,price,REQ-000688,dd067ed7e23d469dab6e5a622c30460b,Marketplace for Acquisition of Professional Services (MAPS),dd067ed7e23d469dab6e5a622c30460b_24.bin,0.75
NREQ-001049,TAX-000056,contract_vehicle,procurement_vehicle,BPA,bpa,REQ-000688,dd067ed7e23d469dab6e5a622c30460b,Marketplace for Acquisition of Professional Services (MAPS),dd067ed7e23d469dab6e5a622c30460b_24.bin,0.75
NREQ-001050,TAX-000087,compliance_clause,regulatory,FAR,far,REQ-000688,dd067ed7e23d469dab6e5a622c30460b,Marketplace for Acquisition of Professional Services (MAPS),dd067ed7e23d469dab6e5a622c30460b_24.bin,0.75
NREQ-001051,TAX-000088,compliance_clause,regulatory,DFARS,dfars,REQ-000688,dd067ed7e23d469dab6e5a622c30460b,Marketplace for Acquisition of Professional Services (MAPS),dd067ed7e23d469dab6e5a622c30460b_24.bin,0.75
NREQ-001052,TAX-000038,evaluation_factor,source_selection,Price,price,REQ-000689,dd067ed7e23d469dab6e5a622c30460b,Marketplace for Acquisition of Professional Services (MAPS),dd067ed7e23d469dab6e5a622c30460b_24.bin,0.75
NREQ-001053,TAX-000056,contract_vehicle,procurement_vehicle,BPA,bpa,REQ-000689,dd067ed7e23d469dab6e5a622c30460b,Marketplace for Acquisition of Professional Services (MAPS),dd067ed7e23d469dab6e5a622c30460b_24.bin,0.75
NREQ-001054,TAX-000087,compliance_clause,regulatory,FAR,far,REQ-000689,dd067ed7e23d469dab6e5a622c30460b,Marketplace for Acquisition of Professional Services (MAPS),dd067ed7e23d469dab6e5a622c30460b_24.bin,0.75
NREQ-001055,TAX-000088,compliance_clause,regulatory,DFARS,dfars,REQ-000689,dd067ed7e23d469dab6e5a622c30460b,Marketplace for Acquisition of Professional Services (MAPS),dd067ed7e23d469dab6e5a622c30460b_24.bin,0.75
NREQ-001056,TAX-000038,evaluation_factor,source_selection,Price,price,REQ-000690,dd067ed7e23d469dab6e5a622c30460b,Marketplace for Acquisition of Professional Services (MAPS),dd067ed7e23d469dab6e5a622c30460b_24.bin,0.75
NREQ-001057,TAX-000056,contract_vehicle,procurement_vehicle,BPA,bpa,REQ-000690,dd067ed7e23d469dab6e5a622c30460b,Marketplace for Acquisition of Professional Services (MAPS),dd067ed7e23d469dab6e5a622c30460b_24.bin,0.75
NREQ-001058,TAX-000087,compliance_clause,regulatory,FAR,far,REQ-000690,dd067ed7e23d469dab6e5a622c30460b,Marketplace for Acquisition of Professional Services (MAPS),dd067ed7e23d469dab6e5a622c30460b_24.bin,0.75
NREQ-001059,TAX-000088,compliance_clause,regulatory,DFARS,dfars,REQ-000690,dd067ed7e23d469dab6e5a622c30460b,Marketplace for Acquisition of Professional Services (MAPS),dd067ed7e23d469dab6e5a622c30460b_24.bin,0.75
NREQ-001060,TAX-000009,certification,cybersecurity,CMMC,cmmc,REQ-000691,dd067ed7e23d469dab6e5a622c30460b,Marketplace for Acquisition of Professional Services (MAPS),dd067ed7e23d469dab6e5a622c30460b_24.bin,0.65
NREQ-001061,TAX-000056,contract_vehicle,procurement_vehicle,BPA,bpa,REQ-000691,dd067ed7e23d469dab6e5a622c30460b,Marketplace for Acquisition of Professional Services (MAPS),dd067ed7e23d469dab6e5a622c30460b_24.bin,0.65
NREQ-001062,TAX-000087,compliance_clause,regulatory,FAR,far,REQ-000691,dd067ed7e23d469dab6e5a622c30460b,Marketplace for Acquisition of Professional Services (MAPS),dd067ed7e23d469dab6e5a622c30460b_24.bin,0.65
NREQ-001063,TAX-000088,compliance_clause,regulatory,DFARS,dfars,REQ-000691,dd067ed7e23d469dab6e5a622c30460b,Marketplace for Acquisition of Professional Services (MAPS),dd067ed7e23d469dab6e5a622c30460b_24.bin,0.65
NREQ-001064,TAX-000056,contract_vehicle,procurement_vehicle,BPA,bpa,REQ-000692,dd067ed7e23d469dab6e5a622c30460b,Marketplace for Acquisition of Professional Services (MAPS),dd067ed7e23d469dab6e5a622c30460b_24.bin,0.7
NREQ-001065,TAX-000087,compliance_clause,regulatory,FAR,far,REQ-000692,dd067ed7e23d469dab6e5a622c30460b,Marketplace for Acquisition of Professional Services (MAPS),dd067ed7e23d469dab6e5a622c30460b_24.bin,0.7
NREQ-001066,TAX-000088,compliance_clause,regulatory,DFARS,dfars,REQ-000692,dd067ed7e23d469dab6e5a622c30460b,Marketplace for Acquisition of Professional Services (MAPS),dd067ed7e23d469dab6e5a622c30460b_24.bin,0.7
NREQ-001067,TAX-000056,contract_vehicle,procurement_vehicle,BPA,bpa,REQ-000693,dd067ed7e23d469dab6e5a622c30460b,Marketplace for Acquisition of Professional Services (MAPS),dd067ed7e23d469dab6e5a622c30460b_24.bin,0.7
NREQ-001068,TAX-000087,compliance_clause,regulatory,FAR,far,REQ-000693,dd067ed7e23d469dab6e5a622c30460b,Marketplace for Acquisition of Professional Services (MAPS),dd067ed7e23d469dab6e5a622c30460b_24.bin,0.7
NREQ-001069,TAX-000088,compliance_clause,regulatory,DFARS,dfars,REQ-000693,dd067ed7e23d469dab6e5a622c30460b,Marketplace for Acquisition of Professional Services (MAPS),dd067ed7e23d469dab6e5a622c30460b_24.bin,0.7
NREQ-001070,TAX-000058,contract_vehicle,procurement_vehicle,MAS,mas,REQ-000696,d4b0cdaa6b81462db03813b232d2f491,NPSC Physician Services at the NNMC,d4b0cdaa6b81462db03813b232d2f491_2.bin,0.65
NREQ-001071,TAX-000058,contract_vehicle,procurement_vehicle,MAS,mas,REQ-000697,d4b0cdaa6b81462db03813b232d2f491,NPSC Physician Services at the NNMC,d4b0cdaa6b81462db03813b232d2f491_2.bin,0.65
NREQ-001072,TAX-000058,contract_vehicle,procurement_vehicle,MAS,mas,REQ-000698,d4b0cdaa6b81462db03813b232d2f491,NPSC Physician Services at the NNMC,d4b0cdaa6b81462db03813b232d2f491_2.bin,0.65
NREQ-001073,TAX-000058,contract_vehicle,procurement_vehicle,MAS,mas,REQ-000699,d4b0cdaa6b81462db03813b232d2f491,NPSC Physician Services at the NNMC,d4b0cdaa6b81462db03813b232d2f491_2.bin,0.65
NREQ-001074,TAX-000037,evaluation_factor,source_selection,Past Performance,past performance,REQ-000706,d4b0cdaa6b81462db03813b232d2f491,NPSC Physician Services at the NNMC,d4b0cdaa6b81462db03813b232d2f491_4.bin,0.75
NREQ-001075,TAX-000037,evaluation_factor,source_selection,Past Performance,past performance,REQ-000707,d4b0cdaa6b81462db03813b232d2f491,NPSC Physician Services at the NNMC,d4b0cdaa6b81462db03813b232d2f491_4.bin,0.75
NREQ-001076,TAX-000037,evaluation_factor,source_selection,Past Performance,past performance,REQ-000708,d4b0cdaa6b81462db03813b232d2f491,NPSC Physician Services at the NNMC,d4b0cdaa6b81462db03813b232d2f491_4.bin,0.75
NREQ-001077,TAX-000038,evaluation_factor,source_selection,Price,price,REQ-000713,d4b0cdaa6b81462db03813b232d2f491,NPSC Physician Services at the NNMC,d4b0cdaa6b81462db03813b232d2f491_5.bin,0.8
NREQ-001078,TAX-000038,evaluation_factor,source_selection,Price,price,REQ-000714,d4b0cdaa6b81462db03813b232d2f491,NPSC Physician Services at the NNMC,d4b0cdaa6b81462db03813b232d2f491_5.bin,0.8
NREQ-001079,TAX-000038,evaluation_factor,source_selection,Price,price,REQ-000721,d4b0cdaa6b81462db03813b232d2f491,NPSC Physician Services at the NNMC,d4b0cdaa6b81462db03813b232d2f491_5.bin,0.75
NREQ-001080,TAX-000038,evaluation_factor,source_selection,Price,price,REQ-000722,d4b0cdaa6b81462db03813b232d2f491,NPSC Physician Services at the NNMC,d4b0cdaa6b81462db03813b232d2f491_5.bin,0.75
NREQ-001081,TAX-000037,evaluation_factor,source_selection,Past Performance,past performance,REQ-000723,d4b0cdaa6b81462db03813b232d2f491,NPSC Physician Services at the NNMC,d4b0cdaa6b81462db03813b232d2f491_5.bin,0.75
NREQ-001082,TAX-000037,evaluation_factor,source_selection,Past Performance,past performance,REQ-000724,d4b0cdaa6b81462db03813b232d2f491,NPSC Physician Services at the NNMC,d4b0cdaa6b81462db03813b232d2f491_5.bin,0.75
NREQ-001083,TAX-000037,evaluation_factor,source_selection,Past Performance,past performance,REQ-000725,d4b0cdaa6b81462db03813b232d2f491,NPSC Physician Services at the NNMC,d4b0cdaa6b81462db03813b232d2f491_5.bin,0.75
NREQ-001084,TAX-000023,staffing_role,labor_category,Project Manager,project manager,REQ-000730,cbb1a9af3c004dc68e36a311cbef0ff9,Preventive Maintenance Services for Anti-Climb Bi-folding Gates,cbb1a9af3c004dc68e36a311cbef0ff9_1.bin,0.7
NREQ-001085,TAX-000038,evaluation_factor,source_selection,Price,price,REQ-000738,cbb1a9af3c004dc68e36a311cbef0ff9,Preventive Maintenance Services for Anti-Climb Bi-folding Gates,cbb1a9af3c004dc68e36a311cbef0ff9_2.bin,0.8
NREQ-001086,TAX-000038,evaluation_factor,source_selection,Price,price,REQ-000744,cbb1a9af3c004dc68e36a311cbef0ff9,Preventive Maintenance Services for Anti-Climb Bi-folding Gates,cbb1a9af3c004dc68e36a311cbef0ff9_3.bin,0.85
NREQ-001087,TAX-000087,compliance_clause,regulatory,FAR,far,REQ-000744,cbb1a9af3c004dc68e36a311cbef0ff9,Preventive Maintenance Services for Anti-Climb Bi-folding Gates,cbb1a9af3c004dc68e36a311cbef0ff9_3.bin,0.85
NREQ-001088,TAX-000038,evaluation_factor,source_selection,Price,price,REQ-000745,cbb1a9af3c004dc68e36a311cbef0ff9,Preventive Maintenance Services for Anti-Climb Bi-folding Gates,cbb1a9af3c004dc68e36a311cbef0ff9_3.bin,0.85
NREQ-001089,TAX-000087,compliance_clause,regulatory,FAR,far,REQ-000745,cbb1a9af3c004dc68e36a311cbef0ff9,Preventive Maintenance Services for Anti-Climb Bi-folding Gates,cbb1a9af3c004dc68e36a311cbef0ff9_3.bin,0.85
NREQ-001090,TAX-000038,evaluation_factor,source_selection,Price,price,REQ-000746,cbb1a9af3c004dc68e36a311cbef0ff9,Preventive Maintenance Services for Anti-Climb Bi-folding Gates,cbb1a9af3c004dc68e36a311cbef0ff9_3.bin,0.85
NREQ-001091,TAX-000087,compliance_clause,regulatory,FAR,far,REQ-000746,cbb1a9af3c004dc68e36a311cbef0ff9,Preventive Maintenance Services for Anti-Climb Bi-folding Gates,cbb1a9af3c004dc68e36a311cbef0ff9_3.bin,0.85
NREQ-001092,TAX-000038,evaluation_factor,source_selection,Price,price,REQ-000747,cbb1a9af3c004dc68e36a311cbef0ff9,Preventive Maintenance Services for Anti-Climb Bi-folding Gates,cbb1a9af3c004dc68e36a311cbef0ff9_3.bin,0.85
NREQ-001093,TAX-000087,compliance_clause,regulatory,FAR,far,REQ-000747,cbb1a9af3c004dc68e36a311cbef0ff9,Preventive Maintenance Services for Anti-Climb Bi-folding Gates,cbb1a9af3c004dc68e36a311cbef0ff9_3.bin,0.85
NREQ-001094,TAX-000038,evaluation_factor,source_selection,Price,price,REQ-000755,cbb1a9af3c004dc68e36a311cbef0ff9,Preventive Maintenance Services for Anti-Climb Bi-folding Gates,cbb1a9af3c004dc68e36a311cbef0ff9_3.bin,0.8
NREQ-001095,TAX-000038,evaluation_factor,source_selection,Price,price,REQ-000756,cbb1a9af3c004dc68e36a311cbef0ff9,Preventive Maintenance Services for Anti-Climb Bi-folding Gates,cbb1a9af3c004dc68e36a311cbef0ff9_3.bin,0.8
NREQ-001096,TAX-000038,evaluation_factor,source_selection,Price,price,REQ-000757,cbb1a9af3c004dc68e36a311cbef0ff9,Preventive Maintenance Services for Anti-Climb Bi-folding Gates,cbb1a9af3c004dc68e36a311cbef0ff9_3.bin,0.8
NREQ-001097,TAX-000038,evaluation_factor,source_selection,Price,price,REQ-000766,cbb1a9af3c004dc68e36a311cbef0ff9,Preventive Maintenance Services for Anti-Climb Bi-folding Gates,cbb1a9af3c004dc68e36a311cbef0ff9_4.bin,0.75
NREQ-001098,TAX-000038,evaluation_factor,source_selection,Price,price,REQ-000767,cbb1a9af3c004dc68e36a311cbef0ff9,Preventive Maintenance Services for Anti-Climb Bi-folding Gates,cbb1a9af3c004dc68e36a311cbef0ff9_4.bin,0.75
NREQ-001099,TAX-000038,evaluation_factor,source_selection,Price,price,REQ-000768,cbb1a9af3c004dc68e36a311cbef0ff9,Preventive Maintenance Services for Anti-Climb Bi-folding Gates,cbb1a9af3c004dc68e36a311cbef0ff9_4.bin,0.75
NREQ-001100,TAX-000038,evaluation_factor,source_selection,Price,price,REQ-000770,cbb1a9af3c004dc68e36a311cbef0ff9,Preventive Maintenance Services for Anti-Climb Bi-folding Gates,cbb1a9af3c004dc68e36a311cbef0ff9_5.bin,0.85
NREQ-001101,TAX-000038,evaluation_factor,source_selection,Price,price,REQ-000771,cbb1a9af3c004dc68e36a311cbef0ff9,Preventive Maintenance Services for Anti-Climb Bi-folding Gates,cbb1a9af3c004dc68e36a311cbef0ff9_5.bin,0.85
NREQ-001102,TAX-000038,evaluation_factor,source_selection,Price,price,REQ-000772,cbb1a9af3c004dc68e36a311cbef0ff9,Preventive Maintenance Services for Anti-Climb Bi-folding Gates,cbb1a9af3c004dc68e36a311cbef0ff9_5.bin,0.85
NREQ-001103,TAX-000038,evaluation_factor,source_selection,Price,price,REQ-000777,cbb1a9af3c004dc68e36a311cbef0ff9,Preventive Maintenance Services for Anti-Climb Bi-folding Gates,cbb1a9af3c004dc68e36a311cbef0ff9_5.bin,0.75
NREQ-001104,TAX-000038,evaluation_factor,source_selection,Price,price,REQ-000778,cbb1a9af3c004dc68e36a311cbef0ff9,Preventive Maintenance Services for Anti-Climb Bi-folding Gates,cbb1a9af3c004dc68e36a311cbef0ff9_5.bin,0.75
NREQ-001105,TAX-000038,evaluation_factor,source_selection,Price,price,REQ-000779,cbb1a9af3c004dc68e36a311cbef0ff9,Preventive Maintenance Services for Anti-Climb Bi-folding Gates,cbb1a9af3c004dc68e36a311cbef0ff9_5.bin,0.75
NREQ-001106,TAX-000038,evaluation_factor,source_selection,Price,price,REQ-000800,cb68614c729145b3835e8326258f5ea2,Shade Structure Canopy,cb68614c729145b3835e8326258f5ea2_3.bin,0.75
NREQ-001107,TAX-000089,compliance_clause,regulatory,Section 889,section 889,REQ-000800,cb68614c729145b3835e8326258f5ea2,Shade Structure Canopy,cb68614c729145b3835e8326258f5ea2_3.bin,0.75
NREQ-001108,TAX-000044,evaluation_factor,source_selection,Best Value,best value,REQ-000801,cb68614c729145b3835e8326258f5ea2,Shade Structure Canopy,cb68614c729145b3835e8326258f5ea2_3.bin,0.8
NREQ-001109,TAX-000085,procurement_method,acquisition_strategy,Best Value,best value,REQ-000801,cb68614c729145b3835e8326258f5ea2,Shade Structure Canopy,cb68614c729145b3835e8326258f5ea2_3.bin,0.8
NREQ-001110,TAX-000089,compliance_clause,regulatory,Section 889,section 889,REQ-000801,cb68614c729145b3835e8326258f5ea2,Shade Structure Canopy,cb68614c729145b3835e8326258f5ea2_3.bin,0.8
NREQ-001111,TAX-000044,evaluation_factor,source_selection,Best Value,best value,REQ-000802,cb68614c729145b3835e8326258f5ea2,Shade Structure Canopy,cb68614c729145b3835e8326258f5ea2_3.bin,0.8
NREQ-001112,TAX-000085,procurement_method,acquisition_strategy,Best Value,best value,REQ-000802,cb68614c729145b3835e8326258f5ea2,Shade Structure Canopy,cb68614c729145b3835e8326258f5ea2_3.bin,0.8
NREQ-001113,TAX-000089,compliance_clause,regulatory,Section 889,section 889,REQ-000802,cb68614c729145b3835e8326258f5ea2,Shade Structure Canopy,cb68614c729145b3835e8326258f5ea2_3.bin,0.8
NREQ-001114,TAX-000044,evaluation_factor,source_selection,Best Value,best value,REQ-000803,cb68614c729145b3835e8326258f5ea2,Shade Structure Canopy,cb68614c729145b3835e8326258f5ea2_3.bin,0.75
NREQ-001115,TAX-000085,procurement_method,acquisition_strategy,Best Value,best value,REQ-000803,cb68614c729145b3835e8326258f5ea2,Shade Structure Canopy,cb68614c729145b3835e8326258f5ea2_3.bin,0.75
NREQ-001116,TAX-000089,compliance_clause,regulatory,Section 889,section 889,REQ-000803,cb68614c729145b3835e8326258f5ea2,Shade Structure Canopy,cb68614c729145b3835e8326258f5ea2_3.bin,0.75
NREQ-001117,TAX-000089,compliance_clause,regulatory,Section 889,section 889,REQ-000804,cb68614c729145b3835e8326258f5ea2,Shade Structure Canopy,cb68614c729145b3835e8326258f5ea2_3.bin,0.7
NREQ-001118,TAX-000089,compliance_clause,regulatory,Section 889,section 889,REQ-000805,cb68614c729145b3835e8326258f5ea2,Shade Structure Canopy,cb68614c729145b3835e8326258f5ea2_3.bin,0.7
NREQ-001119,TAX-000038,evaluation_factor,source_selection,Price,price,REQ-000806,cb68614c729145b3835e8326258f5ea2,Shade Structure Canopy,cb68614c729145b3835e8326258f5ea2_3.bin,0.75
NREQ-001120,TAX-000089,compliance_clause,regulatory,Section 889,section 889,REQ-000806,cb68614c729145b3835e8326258f5ea2,Shade Structure Canopy,cb68614c729145b3835e8326258f5ea2_3.bin,0.75
NREQ-001121,TAX-000038,evaluation_factor,source_selection,Price,price,REQ-000807,cb68614c729145b3835e8326258f5ea2,Shade Structure Canopy,cb68614c729145b3835e8326258f5ea2_3.bin,0.75
NREQ-001122,TAX-000089,compliance_clause,regulatory,Section 889,section 889,REQ-000807,cb68614c729145b3835e8326258f5ea2,Shade Structure Canopy,cb68614c729145b3835e8326258f5ea2_3.bin,0.75
NREQ-001123,TAX-000038,evaluation_factor,source_selection,Price,price,REQ-000808,cb68614c729145b3835e8326258f5ea2,Shade Structure Canopy,cb68614c729145b3835e8326258f5ea2_3.bin,0.75
NREQ-001124,TAX-000089,compliance_clause,regulatory,Section 889,section 889,REQ-000808,cb68614c729145b3835e8326258f5ea2,Shade Structure Canopy,cb68614c729145b3835e8326258f5ea2_3.bin,0.75
NREQ-001125,TAX-000089,compliance_clause,regulatory,Section 889,section 889,REQ-000809,cb68614c729145b3835e8326258f5ea2,Shade Structure Canopy,cb68614c729145b3835e8326258f5ea2_3.bin,0.65
NREQ-001126,TAX-000089,compliance_clause,regulatory,Section 889,section 889,REQ-000810,cb68614c729145b3835e8326258f5ea2,Shade Structure Canopy,cb68614c729145b3835e8326258f5ea2_3.bin,0.65
NREQ-001127,TAX-000089,compliance_clause,regulatory,Section 889,section 889,REQ-000811,cb68614c729145b3835e8326258f5ea2,Shade Structure Canopy,cb68614c729145b3835e8326258f5ea2_3.bin,0.65
NREQ-001128,TAX-000089,compliance_clause,regulatory,Section 889,section 889,REQ-000812,cb68614c729145b3835e8326258f5ea2,Shade Structure Canopy,cb68614c729145b3835e8326258f5ea2_3.bin,0.7
NREQ-001129,TAX-000038,evaluation_factor,source_selection,Price,price,REQ-000817,c502adb5aeb8463f88d90c9be98eed6e,N--George Washington Birthplace National Monument- RE,c502adb5aeb8463f88d90c9be98eed6e_1.bin,0.8
NREQ-001130,TAX-000038,evaluation_factor,source_selection,Price,price,REQ-000818,c502adb5aeb8463f88d90c9be98eed6e,N--George Washington Birthplace National Monument- RE,c502adb5aeb8463f88d90c9be98eed6e_1.bin,0.8
NREQ-001131,TAX-000037,evaluation_factor,source_selection,Past Performance,past performance,REQ-000825,c502adb5aeb8463f88d90c9be98eed6e,N--George Washington Birthplace National Monument- RE,c502adb5aeb8463f88d90c9be98eed6e_2.bin,0.8
NREQ-001132,TAX-000037,evaluation_factor,source_selection,Past Performance,past performance,REQ-000826,c502adb5aeb8463f88d90c9be98eed6e,N--George Washington Birthplace National Monument- RE,c502adb5aeb8463f88d90c9be98eed6e_2.bin,0.8
NREQ-001133,TAX-000038,evaluation_factor,source_selection,Price,price,REQ-000836,c502adb5aeb8463f88d90c9be98eed6e,N--George Washington Birthplace National Monument- RE,c502adb5aeb8463f88d90c9be98eed6e_3.bin,0.75
NREQ-001134,TAX-000038,evaluation_factor,source_selection,Price,price,REQ-000837,c502adb5aeb8463f88d90c9be98eed6e,N--George Washington Birthplace National Monument- RE,c502adb5aeb8463f88d90c9be98eed6e_3.bin,0.75
NREQ-001135,TAX-000038,evaluation_factor,source_selection,Price,price,REQ-000838,c502adb5aeb8463f88d90c9be98eed6e,N--George Washington Birthplace National Monument- RE,c502adb5aeb8463f88d90c9be98eed6e_3.bin,0.75
NREQ-001136,TAX-000087,compliance_clause,regulatory,FAR,far,REQ-000840,c502adb5aeb8463f88d90c9be98eed6e,N--George Washington Birthplace National Monument- RE,c502adb5aeb8463f88d90c9be98eed6e_4.bin,0.85
NREQ-001137,TAX-000087,compliance_clause,regulatory,FAR,far,REQ-000841,c502adb5aeb8463f88d90c9be98eed6e,N--George Washington Birthplace National Monument- RE,c502adb5aeb8463f88d90c9be98eed6e_6.bin,0.7
NREQ-001138,TAX-000089,compliance_clause,regulatory,Section 889,section 889,REQ-000841,c502adb5aeb8463f88d90c9be98eed6e,N--George Washington Birthplace National Monument- RE,c502adb5aeb8463f88d90c9be98eed6e_6.bin,0.7
NREQ-001139,TAX-000087,compliance_clause,regulatory,FAR,far,REQ-000842,c502adb5aeb8463f88d90c9be98eed6e,N--George Washington Birthplace National Monument- RE,c502adb5aeb8463f88d90c9be98eed6e_6.bin,0.7
NREQ-001140,TAX-000089,compliance_clause,regulatory,Section 889,section 889,REQ-000842,c502adb5aeb8463f88d90c9be98eed6e,N--George Washington Birthplace National Monument- RE,c502adb5aeb8463f88d90c9be98eed6e_6.bin,0.7
NREQ-001141,TAX-000087,compliance_clause,regulatory,FAR,far,REQ-000843,c502adb5aeb8463f88d90c9be98eed6e,N--George Washington Birthplace National Monument- RE,c502adb5aeb8463f88d90c9be98eed6e_6.bin,0.7
NREQ-001142,TAX-000089,compliance_clause,regulatory,Section 889,section 889,REQ-000843,c502adb5aeb8463f88d90c9be98eed6e,N--George Washington Birthplace National Monument- RE,c502adb5aeb8463f88d90c9be98eed6e_6.bin,0.7
NREQ-001143,TAX-000038,evaluation_factor,source_selection,Price,price,REQ-000844,c502adb5aeb8463f88d90c9be98eed6e,N--George Washington Birthplace National Monument- RE,c502adb5aeb8463f88d90c9be98eed6e_6.bin,0.8
NREQ-001144,TAX-000087,compliance_clause,regulatory,FAR,far,REQ-000844,c502adb5aeb8463f88d90c9be98eed6e,N--George Washington Birthplace National Monument- RE,c502adb5aeb8463f88d90c9be98eed6e_6.bin,0.8
NREQ-001145,TAX-000089,compliance_clause,regulatory,Section 889,section 889,REQ-000844,c502adb5aeb8463f88d90c9be98eed6e,N--George Washington Birthplace National Monument- RE,c502adb5aeb8463f88d90c9be98eed6e_6.bin,0.8
NREQ-001146,TAX-000038,evaluation_factor,source_selection,Price,price,REQ-000845,c502adb5aeb8463f88d90c9be98eed6e,N--George Washington Birthplace National Monument- RE,c502adb5aeb8463f88d90c9be98eed6e_6.bin,0.8
NREQ-001147,TAX-000087,compliance_clause,regulatory,FAR,far,REQ-000845,c502adb5aeb8463f88d90c9be98eed6e,N--George Washington Birthplace National Monument- RE,c502adb5aeb8463f88d90c9be98eed6e_6.bin,0.8
NREQ-001148,TAX-000089,compliance_clause,regulatory,Section 889,section 889,REQ-000845,c502adb5aeb8463f88d90c9be98eed6e,N--George Washington Birthplace National Monument- RE,c502adb5aeb8463f88d90c9be98eed6e_6.bin,0.8
NREQ-001149,TAX-000037,evaluation_factor,source_selection,Past Performance,past performance,REQ-000846,c502adb5aeb8463f88d90c9be98eed6e,N--George Washington Birthplace National Monument- RE,c502adb5aeb8463f88d90c9be98eed6e_6.bin,0.75
NREQ-001150,TAX-000087,compliance_clause,regulatory,FAR,far,REQ-000846,c502adb5aeb8463f88d90c9be98eed6e,N--George Washington Birthplace National Monument- RE,c502adb5aeb8463f88d90c9be98eed6e_6.bin,0.75
NREQ-001151,TAX-000089,compliance_clause,regulatory,Section 889,section 889,REQ-000846,c502adb5aeb8463f88d90c9be98eed6e,N--George Washington Birthplace National Monument- RE,c502adb5aeb8463f88d90c9be98eed6e_6.bin,0.75
NREQ-001152,TAX-000037,evaluation_factor,source_selection,Past Performance,past performance,REQ-000847,c502adb5aeb8463f88d90c9be98eed6e,N--George Washington Birthplace National Monument- RE,c502adb5aeb8463f88d90c9be98eed6e_6.bin,0.75
NREQ-001153,TAX-000087,compliance_clause,regulatory,FAR,far,REQ-000847,c502adb5aeb8463f88d90c9be98eed6e,N--George Washington Birthplace National Monument- RE,c502adb5aeb8463f88d90c9be98eed6e_6.bin,0.75
NREQ-001154,TAX-000089,compliance_clause,regulatory,Section 889,section 889,REQ-000847,c502adb5aeb8463f88d90c9be98eed6e,N--George Washington Birthplace National Monument- RE,c502adb5aeb8463f88d90c9be98eed6e_6.bin,0.75
NREQ-001155,TAX-000037,evaluation_factor,source_selection,Past Performance,past performance,REQ-000848,c502adb5aeb8463f88d90c9be98eed6e,N--George Washington Birthplace National Monument- RE,c502adb5aeb8463f88d90c9be98eed6e_6.bin,0.75
NREQ-001156,TAX-000087,compliance_clause,regulatory,FAR,far,REQ-000848,c502adb5aeb8463f88d90c9be98eed6e,N--George Washington Birthplace National Monument- RE,c502adb5aeb8463f88d90c9be98eed6e_6.bin,0.75
NREQ-001157,TAX-000089,compliance_clause,regulatory,Section 889,section 889,REQ-000848,c502adb5aeb8463f88d90c9be98eed6e,N--George Washington Birthplace National Monument- RE,c502adb5aeb8463f88d90c9be98eed6e_6.bin,0.75
NREQ-001158,TAX-000087,compliance_clause,regulatory,FAR,far,REQ-000849,c502adb5aeb8463f88d90c9be98eed6e,N--George Washington Birthplace National Monument- RE,c502adb5aeb8463f88d90c9be98eed6e_6.bin,0.7
NREQ-001159,TAX-000089,compliance_clause,regulatory,Section 889,section 889,REQ-000849,c502adb5aeb8463f88d90c9be98eed6e,N--George Washington Birthplace National Monument- RE,c502adb5aeb8463f88d90c9be98eed6e_6.bin,0.7
NREQ-001160,TAX-000087,compliance_clause,regulatory,FAR,far,REQ-000850,c502adb5aeb8463f88d90c9be98eed6e,N--George Washington Birthplace National Monument- RE,c502adb5aeb8463f88d90c9be98eed6e_6.bin,0.7
NREQ-001161,TAX-000089,compliance_clause,regulatory,Section 889,section 889,REQ-000850,c502adb5aeb8463f88d90c9be98eed6e,N--George Washington Birthplace National Monument- RE,c502adb5aeb8463f88d90c9be98eed6e_6.bin,0.7
NREQ-001162,TAX-000087,compliance_clause,regulatory,FAR,far,REQ-000851,c502adb5aeb8463f88d90c9be98eed6e,N--George Washington Birthplace National Monument- RE,c502adb5aeb8463f88d90c9be98eed6e_6.bin,0.65
NREQ-001163,TAX-000089,compliance_clause,regulatory,Section 889,section 889,REQ-000851,c502adb5aeb8463f88d90c9be98eed6e,N--George Washington Birthplace National Monument- RE,c502adb5aeb8463f88d90c9be98eed6e_6.bin,0.65
NREQ-001164,TAX-000087,compliance_clause,regulatory,FAR,far,REQ-000852,c502adb5aeb8463f88d90c9be98eed6e,N--George Washington Birthplace National Monument- RE,c502adb5aeb8463f88d90c9be98eed6e_6.bin,0.65
NREQ-001165,TAX-000089,compliance_clause,regulatory,Section 889,section 889,REQ-000852,c502adb5aeb8463f88d90c9be98eed6e,N--George Washington Birthplace National Monument- RE,c502adb5aeb8463f88d90c9be98eed6e_6.bin,0.65
NREQ-001166,TAX-000087,compliance_clause,regulatory,FAR,far,REQ-000853,c502adb5aeb8463f88d90c9be98eed6e,N--George Washington Birthplace National Monument- RE,c502adb5aeb8463f88d90c9be98eed6e_6.bin,0.7
NREQ-001167,TAX-000089,compliance_clause,regulatory,Section 889,section 889,REQ-000853,c502adb5aeb8463f88d90c9be98eed6e,N--George Washington Birthplace National Monument- RE,c502adb5aeb8463f88d90c9be98eed6e_6.bin,0.7
NREQ-001168,TAX-000038,evaluation_factor,source_selection,Price,price,REQ-000858,b80dc335dcbb4f6abbff52eb54415e9a,EcoStruxure Panel Server Advanced (EnerlinX Series),b80dc335dcbb4f6abbff52eb54415e9a_1.bin,0.8
NREQ-001169,TAX-000049,proposal_component,proposal_structure,Price Proposal,price proposal,REQ-000858,b80dc335dcbb4f6abbff52eb54415e9a,EcoStruxure Panel Server Advanced (EnerlinX Series),b80dc335dcbb4f6abbff52eb54415e9a_1.bin,0.8
NREQ-001170,TAX-000038,evaluation_factor,source_selection,Price,price,REQ-000859,b80dc335dcbb4f6abbff52eb54415e9a,EcoStruxure Panel Server Advanced (EnerlinX Series),b80dc335dcbb4f6abbff52eb54415e9a_1.bin,0.8
NREQ-001171,TAX-000049,proposal_component,proposal_structure,Price Proposal,price proposal,REQ-000859,b80dc335dcbb4f6abbff52eb54415e9a,EcoStruxure Panel Server Advanced (EnerlinX Series),b80dc335dcbb4f6abbff52eb54415e9a_1.bin,0.8
NREQ-001172,TAX-000038,evaluation_factor,source_selection,Price,price,REQ-000860,b80dc335dcbb4f6abbff52eb54415e9a,EcoStruxure Panel Server Advanced (EnerlinX Series),b80dc335dcbb4f6abbff52eb54415e9a_1.bin,0.8
NREQ-001173,TAX-000038,evaluation_factor,source_selection,Price,price,REQ-000861,b80dc335dcbb4f6abbff52eb54415e9a,EcoStruxure Panel Server Advanced (EnerlinX Series),b80dc335dcbb4f6abbff52eb54415e9a_1.bin,0.75
NREQ-001174,TAX-000038,evaluation_factor,source_selection,Price,price,REQ-000862,b80dc335dcbb4f6abbff52eb54415e9a,EcoStruxure Panel Server Advanced (EnerlinX Series),b80dc335dcbb4f6abbff52eb54415e9a_1.bin,0.75
NREQ-001175,TAX-000038,evaluation_factor,source_selection,Price,price,REQ-000863,b80dc335dcbb4f6abbff52eb54415e9a,EcoStruxure Panel Server Advanced (EnerlinX Series),b80dc335dcbb4f6abbff52eb54415e9a_1.bin,0.75
NREQ-001176,TAX-000038,evaluation_factor,source_selection,Price,price,REQ-000864,b80dc335dcbb4f6abbff52eb54415e9a,EcoStruxure Panel Server Advanced (EnerlinX Series),b80dc335dcbb4f6abbff52eb54415e9a_1.bin,0.75
NREQ-001177,TAX-000038,evaluation_factor,source_selection,Price,price,REQ-000865,b80dc335dcbb4f6abbff52eb54415e9a,EcoStruxure Panel Server Advanced (EnerlinX Series),b80dc335dcbb4f6abbff52eb54415e9a_1.bin,0.75
NREQ-001178,TAX-000038,evaluation_factor,source_selection,Price,price,REQ-000867,b80dc335dcbb4f6abbff52eb54415e9a,EcoStruxure Panel Server Advanced (EnerlinX Series),b80dc335dcbb4f6abbff52eb54415e9a_1.bin,0.75
NREQ-001179,TAX-000038,evaluation_factor,source_selection,Price,price,REQ-000868,b80dc335dcbb4f6abbff52eb54415e9a,EcoStruxure Panel Server Advanced (EnerlinX Series),b80dc335dcbb4f6abbff52eb54415e9a_1.bin,0.75
NREQ-001180,TAX-000038,evaluation_factor,source_selection,Price,price,REQ-000869,b80dc335dcbb4f6abbff52eb54415e9a,EcoStruxure Panel Server Advanced (EnerlinX Series),b80dc335dcbb4f6abbff52eb54415e9a_1.bin,0.75
NREQ-001181,TAX-000038,evaluation_factor,source_selection,Price,price,REQ-000870,b80dc335dcbb4f6abbff52eb54415e9a,EcoStruxure Panel Server Advanced (EnerlinX Series),b80dc335dcbb4f6abbff52eb54415e9a_2.bin,0.8
NREQ-001182,TAX-000038,evaluation_factor,source_selection,Price,price,REQ-000871,b80dc335dcbb4f6abbff52eb54415e9a,EcoStruxure Panel Server Advanced (EnerlinX Series),b80dc335dcbb4f6abbff52eb54415e9a_2.bin,0.8
NREQ-001183,TAX-000038,evaluation_factor,source_selection,Price,price,REQ-000872,b80dc335dcbb4f6abbff52eb54415e9a,EcoStruxure Panel Server Advanced (EnerlinX Series),b80dc335dcbb4f6abbff52eb54415e9a_2.bin,0.75
NREQ-001184,TAX-000038,evaluation_factor,source_selection,Price,price,REQ-000873,b80dc335dcbb4f6abbff52eb54415e9a,EcoStruxure Panel Server Advanced (EnerlinX Series),b80dc335dcbb4f6abbff52eb54415e9a_2.bin,0.75
NREQ-001185,TAX-000089,compliance_clause,regulatory,Section 889,section 889,REQ-000874,b80dc335dcbb4f6abbff52eb54415e9a,EcoStruxure Panel Server Advanced (EnerlinX Series),b80dc335dcbb4f6abbff52eb54415e9a_3.bin,0.7
NREQ-001186,TAX-000089,compliance_clause,regulatory,Section 889,section 889,REQ-000875,b80dc335dcbb4f6abbff52eb54415e9a,EcoStruxure Panel Server Advanced (EnerlinX Series),b80dc335dcbb4f6abbff52eb54415e9a_3.bin,0.65
NREQ-001187,TAX-000089,compliance_clause,regulatory,Section 889,section 889,REQ-000876,b80dc335dcbb4f6abbff52eb54415e9a,EcoStruxure Panel Server Advanced (EnerlinX Series),b80dc335dcbb4f6abbff52eb54415e9a_3.bin,0.7
NREQ-001188,TAX-000089,compliance_clause,regulatory,Section 889,section 889,REQ-000877,b80dc335dcbb4f6abbff52eb54415e9a,EcoStruxure Panel Server Advanced (EnerlinX Series),b80dc335dcbb4f6abbff52eb54415e9a_3.bin,0.65
NREQ-001189,TAX-000089,compliance_clause,regulatory,Section 889,section 889,REQ-000878,b80dc335dcbb4f6abbff52eb54415e9a,EcoStruxure Panel Server Advanced (EnerlinX Series),b80dc335dcbb4f6abbff52eb54415e9a_3.bin,0.65
NREQ-001190,TAX-000089,compliance_clause,regulatory,Section 889,section 889,REQ-000879,b80dc335dcbb4f6abbff52eb54415e9a,EcoStruxure Panel Server Advanced (EnerlinX Series),b80dc335dcbb4f6abbff52eb54415e9a_3.bin,0.65
NREQ-001191,TAX-000089,compliance_clause,regulatory,Section 889,section 889,REQ-000880,b80dc335dcbb4f6abbff52eb54415e9a,EcoStruxure Panel Server Advanced (EnerlinX Series),b80dc335dcbb4f6abbff52eb54415e9a_3.bin,0.7
NREQ-001192,TAX-000038,evaluation_factor,source_selection,Price,price,REQ-000882,b80dc335dcbb4f6abbff52eb54415e9a,EcoStruxure Panel Server Advanced (EnerlinX Series),b80dc335dcbb4f6abbff52eb54415e9a_4.bin,0.75
NREQ-001193,TAX-000038,evaluation_factor,source_selection,Price,price,REQ-000883,b80dc335dcbb4f6abbff52eb54415e9a,EcoStruxure Panel Server Advanced (EnerlinX Series),b80dc335dcbb4f6abbff52eb54415e9a_4.bin,0.75
NREQ-001194,TAX-000038,evaluation_factor,source_selection,Price,price,REQ-000884,b80dc335dcbb4f6abbff52eb54415e9a,EcoStruxure Panel Server Advanced (EnerlinX Series),b80dc335dcbb4f6abbff52eb54415e9a_4.bin,0.75
NREQ-001195,TAX-000038,evaluation_factor,source_selection,Price,price,REQ-000887,b80dc335dcbb4f6abbff52eb54415e9a,EcoStruxure Panel Server Advanced (EnerlinX Series),b80dc335dcbb4f6abbff52eb54415e9a_5.bin,0.8
NREQ-001196,TAX-000038,evaluation_factor,source_selection,Price,price,REQ-000897,b1c5dab7c7e14227b62fa4e78e478d2a,Repair BEQ HP135,b1c5dab7c7e14227b62fa4e78e478d2a_1.bin,0.75
NREQ-001197,TAX-000038,evaluation_factor,source_selection,Price,price,REQ-000898,b1c5dab7c7e14227b62fa4e78e478d2a,Repair BEQ HP135,b1c5dab7c7e14227b62fa4e78e478d2a_1.bin,0.75
NREQ-001198,TAX-000038,evaluation_factor,source_selection,Price,price,REQ-000899,b1c5dab7c7e14227b62fa4e78e478d2a,Repair BEQ HP135,b1c5dab7c7e14227b62fa4e78e478d2a_1.bin,0.75
NREQ-001199,TAX-000087,compliance_clause,regulatory,FAR,far,REQ-000909,b1c5dab7c7e14227b62fa4e78e478d2a,Repair BEQ HP135,b1c5dab7c7e14227b62fa4e78e478d2a_5.bin,0.7
NREQ-001200,TAX-000038,evaluation_factor,source_selection,Price,price,REQ-000917,b1c5dab7c7e14227b62fa4e78e478d2a,Repair BEQ HP135,b1c5dab7c7e14227b62fa4e78e478d2a_8.bin,0.8
NREQ-001201,TAX-000038,evaluation_factor,source_selection,Price,price,REQ-000918,b1c5dab7c7e14227b62fa4e78e478d2a,Repair BEQ HP135,b1c5dab7c7e14227b62fa4e78e478d2a_8.bin,0.8
NREQ-001202,TAX-000038,evaluation_factor,source_selection,Price,price,REQ-000919,b1c5dab7c7e14227b62fa4e78e478d2a,Repair BEQ HP135,b1c5dab7c7e14227b62fa4e78e478d2a_8.bin,0.75
NREQ-001203,TAX-000038,evaluation_factor,source_selection,Price,price,REQ-000922,b1c5dab7c7e14227b62fa4e78e478d2a,Repair BEQ HP135,b1c5dab7c7e14227b62fa4e78e478d2a_8.bin,0.75
NREQ-001204,TAX-000038,evaluation_factor,source_selection,Price,price,REQ-000923,b1c5dab7c7e14227b62fa4e78e478d2a,Repair BEQ HP135,b1c5dab7c7e14227b62fa4e78e478d2a_8.bin,0.75
NREQ-001205,TAX-000023,staffing_role,labor_category,Project Manager,project manager,REQ-000930,b1c5dab7c7e14227b62fa4e78e478d2a,Repair BEQ HP135,b1c5dab7c7e14227b62fa4e78e478d2a_9.bin,0.7
NREQ-001206,TAX-000056,contract_vehicle,procurement_vehicle,BPA,bpa,REQ-000930,b1c5dab7c7e14227b62fa4e78e478d2a,Repair BEQ HP135,b1c5dab7c7e14227b62fa4e78e478d2a_9.bin,0.7
NREQ-001207,TAX-000056,contract_vehicle,procurement_vehicle,BPA,bpa,REQ-000931,b1c5dab7c7e14227b62fa4e78e478d2a,Repair BEQ HP135,b1c5dab7c7e14227b62fa4e78e478d2a_9.bin,0.65
NREQ-001208,TAX-000056,contract_vehicle,procurement_vehicle,BPA,bpa,REQ-000932,b1c5dab7c7e14227b62fa4e78e478d2a,Repair BEQ HP135,b1c5dab7c7e14227b62fa4e78e478d2a_9.bin,0.65
NREQ-001209,TAX-000056,contract_vehicle,procurement_vehicle,BPA,bpa,REQ-000933,b1c5dab7c7e14227b62fa4e78e478d2a,Repair BEQ HP135,b1c5dab7c7e14227b62fa4e78e478d2a_9.bin,0.65
NREQ-001210,TAX-000056,contract_vehicle,procurement_vehicle,BPA,bpa,REQ-000934,b1c5dab7c7e14227b62fa4e78e478d2a,Repair BEQ HP135,b1c5dab7c7e14227b62fa4e78e478d2a_9.bin,0.65
NREQ-001211,TAX-000056,contract_vehicle,procurement_vehicle,BPA,bpa,REQ-000935,b1c5dab7c7e14227b62fa4e78e478d2a,Repair BEQ HP135,b1c5dab7c7e14227b62fa4e78e478d2a_9.bin,0.65
NREQ-001212,TAX-000056,contract_vehicle,procurement_vehicle,BPA,bpa,REQ-000936,b1c5dab7c7e14227b62fa4e78e478d2a,Repair BEQ HP135,b1c5dab7c7e14227b62fa4e78e478d2a_9.bin,0.65
NREQ-001213,TAX-000038,evaluation_factor,source_selection,Price,price,REQ-000937,a466be2cf94e451f8b4b88177dd2f9dc,Secure Document Destruction - No Cost,a466be2cf94e451f8b4b88177dd2f9dc_1.bin,0.75
NREQ-001214,TAX-000089,compliance_clause,regulatory,Section 889,section 889,REQ-000937,a466be2cf94e451f8b4b88177dd2f9dc,Secure Document Destruction - No Cost,a466be2cf94e451f8b4b88177dd2f9dc_1.bin,0.75
NREQ-001215,TAX-000038,evaluation_factor,source_selection,Price,price,REQ-000938,a466be2cf94e451f8b4b88177dd2f9dc,Secure Document Destruction - No Cost,a466be2cf94e451f8b4b88177dd2f9dc_1.bin,0.7
NREQ-001216,TAX-000089,compliance_clause,regulatory,Section 889,section 889,REQ-000938,a466be2cf94e451f8b4b88177dd2f9dc,Secure Document Destruction - No Cost,a466be2cf94e451f8b4b88177dd2f9dc_1.bin,0.7
NREQ-001217,TAX-000038,evaluation_factor,source_selection,Price,price,REQ-000939,a466be2cf94e451f8b4b88177dd2f9dc,Secure Document Destruction - No Cost,a466be2cf94e451f8b4b88177dd2f9dc_1.bin,0.7
NREQ-001218,TAX-000089,compliance_clause,regulatory,Section 889,section 889,REQ-000939,a466be2cf94e451f8b4b88177dd2f9dc,Secure Document Destruction - No Cost,a466be2cf94e451f8b4b88177dd2f9dc_1.bin,0.7
NREQ-001219,TAX-000038,evaluation_factor,source_selection,Price,price,REQ-000940,a466be2cf94e451f8b4b88177dd2f9dc,Secure Document Destruction - No Cost,a466be2cf94e451f8b4b88177dd2f9dc_1.bin,0.75
NREQ-001220,TAX-000089,compliance_clause,regulatory,Section 889,section 889,REQ-000940,a466be2cf94e451f8b4b88177dd2f9dc,Secure Document Destruction - No Cost,a466be2cf94e451f8b4b88177dd2f9dc_1.bin,0.75
NREQ-001221,TAX-000038,evaluation_factor,source_selection,Price,price,REQ-000941,a466be2cf94e451f8b4b88177dd2f9dc,Secure Document Destruction - No Cost,a466be2cf94e451f8b4b88177dd2f9dc_1.bin,0.65
NREQ-001222,TAX-000089,compliance_clause,regulatory,Section 889,section 889,REQ-000941,a466be2cf94e451f8b4b88177dd2f9dc,Secure Document Destruction - No Cost,a466be2cf94e451f8b4b88177dd2f9dc_1.bin,0.65
NREQ-001223,TAX-000038,evaluation_factor,source_selection,Price,price,REQ-000942,a466be2cf94e451f8b4b88177dd2f9dc,Secure Document Destruction - No Cost,a466be2cf94e451f8b4b88177dd2f9dc_1.bin,0.8
NREQ-001224,TAX-000089,compliance_clause,regulatory,Section 889,section 889,REQ-000942,a466be2cf94e451f8b4b88177dd2f9dc,Secure Document Destruction - No Cost,a466be2cf94e451f8b4b88177dd2f9dc_1.bin,0.8
NREQ-001225,TAX-000038,evaluation_factor,source_selection,Price,price,REQ-000943,a466be2cf94e451f8b4b88177dd2f9dc,Secure Document Destruction - No Cost,a466be2cf94e451f8b4b88177dd2f9dc_1.bin,0.75
NREQ-001226,TAX-000089,compliance_clause,regulatory,Section 889,section 889,REQ-000943,a466be2cf94e451f8b4b88177dd2f9dc,Secure Document Destruction - No Cost,a466be2cf94e451f8b4b88177dd2f9dc_1.bin,0.75
NREQ-001227,TAX-000038,evaluation_factor,source_selection,Price,price,REQ-000944,a466be2cf94e451f8b4b88177dd2f9dc,Secure Document Destruction - No Cost,a466be2cf94e451f8b4b88177dd2f9dc_1.bin,0.7
NREQ-001228,TAX-000089,compliance_clause,regulatory,Section 889,section 889,REQ-000944,a466be2cf94e451f8b4b88177dd2f9dc,Secure Document Destruction - No Cost,a466be2cf94e451f8b4b88177dd2f9dc_1.bin,0.7
NREQ-001229,TAX-000038,evaluation_factor,source_selection,Price,price,REQ-000945,a466be2cf94e451f8b4b88177dd2f9dc,Secure Document Destruction - No Cost,a466be2cf94e451f8b4b88177dd2f9dc_1.bin,0.8
NREQ-001230,TAX-000044,evaluation_factor,source_selection,Best Value,best value,REQ-000945,a466be2cf94e451f8b4b88177dd2f9dc,Secure Document Destruction - No Cost,a466be2cf94e451f8b4b88177dd2f9dc_1.bin,0.8
NREQ-001231,TAX-000085,procurement_method,acquisition_strategy,Best Value,best value,REQ-000945,a466be2cf94e451f8b4b88177dd2f9dc,Secure Document Destruction - No Cost,a466be2cf94e451f8b4b88177dd2f9dc_1.bin,0.8
NREQ-001232,TAX-000089,compliance_clause,regulatory,Section 889,section 889,REQ-000945,a466be2cf94e451f8b4b88177dd2f9dc,Secure Document Destruction - No Cost,a466be2cf94e451f8b4b88177dd2f9dc_1.bin,0.8
NREQ-001233,TAX-000038,evaluation_factor,source_selection,Price,price,REQ-000946,a466be2cf94e451f8b4b88177dd2f9dc,Secure Document Destruction - No Cost,a466be2cf94e451f8b4b88177dd2f9dc_1.bin,0.7
NREQ-001234,TAX-000089,compliance_clause,regulatory,Section 889,section 889,REQ-000946,a466be2cf94e451f8b4b88177dd2f9dc,Secure Document Destruction - No Cost,a466be2cf94e451f8b4b88177dd2f9dc_1.bin,0.7
NREQ-001235,TAX-000038,evaluation_factor,source_selection,Price,price,REQ-000947,a466be2cf94e451f8b4b88177dd2f9dc,Secure Document Destruction - No Cost,a466be2cf94e451f8b4b88177dd2f9dc_1.bin,0.7
NREQ-001236,TAX-000089,compliance_clause,regulatory,Section 889,section 889,REQ-000947,a466be2cf94e451f8b4b88177dd2f9dc,Secure Document Destruction - No Cost,a466be2cf94e451f8b4b88177dd2f9dc_1.bin,0.7
NREQ-001237,TAX-000038,evaluation_factor,source_selection,Price,price,REQ-000948,a466be2cf94e451f8b4b88177dd2f9dc,Secure Document Destruction - No Cost,a466be2cf94e451f8b4b88177dd2f9dc_1.bin,0.75
NREQ-001238,TAX-000089,compliance_clause,regulatory,Section 889,section 889,REQ-000948,a466be2cf94e451f8b4b88177dd2f9dc,Secure Document Destruction - No Cost,a466be2cf94e451f8b4b88177dd2f9dc_1.bin,0.75
NREQ-001239,TAX-000038,evaluation_factor,source_selection,Price,price,REQ-000949,a466be2cf94e451f8b4b88177dd2f9dc,Secure Document Destruction - No Cost,a466be2cf94e451f8b4b88177dd2f9dc_1.bin,0.75
NREQ-001240,TAX-000089,compliance_clause,regulatory,Section 889,section 889,REQ-000949,a466be2cf94e451f8b4b88177dd2f9dc,Secure Document Destruction - No Cost,a466be2cf94e451f8b4b88177dd2f9dc_1.bin,0.75
NREQ-001241,TAX-000037,evaluation_factor,source_selection,Past Performance,past performance,REQ-000950,a466be2cf94e451f8b4b88177dd2f9dc,Secure Document Destruction - No Cost,a466be2cf94e451f8b4b88177dd2f9dc_1.bin,0.75
NREQ-001242,TAX-000038,evaluation_factor,source_selection,Price,price,REQ-000950,a466be2cf94e451f8b4b88177dd2f9dc,Secure Document Destruction - No Cost,a466be2cf94e451f8b4b88177dd2f9dc_1.bin,0.75
NREQ-001243,TAX-000089,compliance_clause,regulatory,Section 889,section 889,REQ-000950,a466be2cf94e451f8b4b88177dd2f9dc,Secure Document Destruction - No Cost,a466be2cf94e451f8b4b88177dd2f9dc_1.bin,0.75
NREQ-001244,TAX-000037,evaluation_factor,source_selection,Past Performance,past performance,REQ-000951,a466be2cf94e451f8b4b88177dd2f9dc,Secure Document Destruction - No Cost,a466be2cf94e451f8b4b88177dd2f9dc_1.bin,0.75
NREQ-001245,TAX-000038,evaluation_factor,source_selection,Price,price,REQ-000951,a466be2cf94e451f8b4b88177dd2f9dc,Secure Document Destruction - No Cost,a466be2cf94e451f8b4b88177dd2f9dc_1.bin,0.75
NREQ-001246,TAX-000089,compliance_clause,regulatory,Section 889,section 889,REQ-000951,a466be2cf94e451f8b4b88177dd2f9dc,Secure Document Destruction - No Cost,a466be2cf94e451f8b4b88177dd2f9dc_1.bin,0.75
NREQ-001247,TAX-000037,evaluation_factor,source_selection,Past Performance,past performance,REQ-000952,a466be2cf94e451f8b4b88177dd2f9dc,Secure Document Destruction - No Cost,a466be2cf94e451f8b4b88177dd2f9dc_1.bin,0.75
NREQ-001248,TAX-000038,evaluation_factor,source_selection,Price,price,REQ-000952,a466be2cf94e451f8b4b88177dd2f9dc,Secure Document Destruction - No Cost,a466be2cf94e451f8b4b88177dd2f9dc_1.bin,0.75
NREQ-001249,TAX-000089,compliance_clause,regulatory,Section 889,section 889,REQ-000952,a466be2cf94e451f8b4b88177dd2f9dc,Secure Document Destruction - No Cost,a466be2cf94e451f8b4b88177dd2f9dc_1.bin,0.75
NREQ-001250,TAX-000038,evaluation_factor,source_selection,Price,price,REQ-000953,a466be2cf94e451f8b4b88177dd2f9dc,Secure Document Destruction - No Cost,a466be2cf94e451f8b4b88177dd2f9dc_1.bin,0.65
NREQ-001251,TAX-000089,compliance_clause,regulatory,Section 889,section 889,REQ-000953,a466be2cf94e451f8b4b88177dd2f9dc,Secure Document Destruction - No Cost,a466be2cf94e451f8b4b88177dd2f9dc_1.bin,0.65
NREQ-001252,TAX-000038,evaluation_factor,source_selection,Price,price,REQ-000954,a466be2cf94e451f8b4b88177dd2f9dc,Secure Document Destruction - No Cost,a466be2cf94e451f8b4b88177dd2f9dc_1.bin,0.65
NREQ-001253,TAX-000089,compliance_clause,regulatory,Section 889,section 889,REQ-000954,a466be2cf94e451f8b4b88177dd2f9dc,Secure Document Destruction - No Cost,a466be2cf94e451f8b4b88177dd2f9dc_1.bin,0.65
NREQ-001254,TAX-000038,evaluation_factor,source_selection,Price,price,REQ-000955,a466be2cf94e451f8b4b88177dd2f9dc,Secure Document Destruction - No Cost,a466be2cf94e451f8b4b88177dd2f9dc_1.bin,0.65
NREQ-001255,TAX-000089,compliance_clause,regulatory,Section 889,section 889,REQ-000955,a466be2cf94e451f8b4b88177dd2f9dc,Secure Document Destruction - No Cost,a466be2cf94e451f8b4b88177dd2f9dc_1.bin,0.65
NREQ-001256,TAX-000038,evaluation_factor,source_selection,Price,price,REQ-000956,a466be2cf94e451f8b4b88177dd2f9dc,Secure Document Destruction - No Cost,a466be2cf94e451f8b4b88177dd2f9dc_1.bin,0.65
NREQ-001257,TAX-000089,compliance_clause,regulatory,Section 889,section 889,REQ-000956,a466be2cf94e451f8b4b88177dd2f9dc,Secure Document Destruction - No Cost,a466be2cf94e451f8b4b88177dd2f9dc_1.bin,0.65
NREQ-001258,TAX-000038,evaluation_factor,source_selection,Price,price,REQ-000957,a466be2cf94e451f8b4b88177dd2f9dc,Secure Document Destruction - No Cost,a466be2cf94e451f8b4b88177dd2f9dc_1.bin,0.7
NREQ-001259,TAX-000089,compliance_clause,regulatory,Section 889,section 889,REQ-000957,a466be2cf94e451f8b4b88177dd2f9dc,Secure Document Destruction - No Cost,a466be2cf94e451f8b4b88177dd2f9dc_1.bin,0.7
NREQ-001260,TAX-000090,compliance_clause,regulatory,Service Contract Act,service contract act,REQ-000959,a466be2cf94e451f8b4b88177dd2f9dc,Secure Document Destruction - No Cost,a466be2cf94e451f8b4b88177dd2f9dc_3.bin,0.65
NREQ-001261,TAX-000063,contract_vehicle,procurement_vehicle,MAC,mac,REQ-000963,a466be2cf94e451f8b4b88177dd2f9dc,Secure Document Destruction - No Cost,a466be2cf94e451f8b4b88177dd2f9dc_3.bin,0.85
NREQ-001262,TAX-000090,compliance_clause,regulatory,Service Contract Act,service contract act,REQ-000968,a466be2cf94e451f8b4b88177dd2f9dc,Secure Document Destruction - No Cost,a466be2cf94e451f8b4b88177dd2f9dc_3.bin,0.65
NREQ-001263,TAX-000090,compliance_clause,regulatory,Service Contract Act,service contract act,REQ-000970,a466be2cf94e451f8b4b88177dd2f9dc,Secure Document Destruction - No Cost,a466be2cf94e451f8b4b88177dd2f9dc_4.bin,0.65
NREQ-001264,TAX-000063,contract_vehicle,procurement_vehicle,MAC,mac,REQ-000974,a466be2cf94e451f8b4b88177dd2f9dc,Secure Document Destruction - No Cost,a466be2cf94e451f8b4b88177dd2f9dc_4.bin,0.85
NREQ-001265,TAX-000090,compliance_clause,regulatory,Service Contract Act,service contract act,REQ-000979,a466be2cf94e451f8b4b88177dd2f9dc,Secure Document Destruction - No Cost,a466be2cf94e451f8b4b88177dd2f9dc_4.bin,0.65
NREQ-001266,TAX-000090,compliance_clause,regulatory,Service Contract Act,service contract act,REQ-000981,a466be2cf94e451f8b4b88177dd2f9dc,Secure Document Destruction - No Cost,a466be2cf94e451f8b4b88177dd2f9dc_5.bin,0.65
NREQ-001267,TAX-000063,contract_vehicle,procurement_vehicle,MAC,mac,REQ-000985,a466be2cf94e451f8b4b88177dd2f9dc,Secure Document Destruction - No Cost,a466be2cf94e451f8b4b88177dd2f9dc_5.bin,0.85
NREQ-001268,TAX-000090,compliance_clause,regulatory,Service Contract Act,service contract act,REQ-000990,a466be2cf94e451f8b4b88177dd2f9dc,Secure Document Destruction - No Cost,a466be2cf94e451f8b4b88177dd2f9dc_5.bin,0.65
NREQ-001269,TAX-000090,compliance_clause,regulatory,Service Contract Act,service contract act,REQ-000992,a466be2cf94e451f8b4b88177dd2f9dc,Secure Document Destruction - No Cost,a466be2cf94e451f8b4b88177dd2f9dc_6.bin,0.65
NREQ-001270,TAX-000063,contract_vehicle,procurement_vehicle,MAC,mac,REQ-000996,a466be2cf94e451f8b4b88177dd2f9dc,Secure Document Destruction - No Cost,a466be2cf94e451f8b4b88177dd2f9dc_6.bin,0.85
NREQ-001271,TAX-000090,compliance_clause,regulatory,Service Contract Act,service contract act,REQ-001001,a466be2cf94e451f8b4b88177dd2f9dc,Secure Document Destruction - No Cost,a466be2cf94e451f8b4b88177dd2f9dc_6.bin,0.65
NREQ-001272,TAX-000090,compliance_clause,regulatory,Service Contract Act,service contract act,REQ-001003,a466be2cf94e451f8b4b88177dd2f9dc,Secure Document Destruction - No Cost,a466be2cf94e451f8b4b88177dd2f9dc_7.bin,0.65
NREQ-001273,TAX-000063,contract_vehicle,procurement_vehicle,MAC,mac,REQ-001007,a466be2cf94e451f8b4b88177dd2f9dc,Secure Document Destruction - No Cost,a466be2cf94e451f8b4b88177dd2f9dc_7.bin,0.85
NREQ-001274,TAX-000090,compliance_clause,regulatory,Service Contract Act,service contract act,REQ-001012,a466be2cf94e451f8b4b88177dd2f9dc,Secure Document Destruction - No Cost,a466be2cf94e451f8b4b88177dd2f9dc_7.bin,0.65
NREQ-001275,TAX-000090,compliance_clause,regulatory,Service Contract Act,service contract act,REQ-001014,a466be2cf94e451f8b4b88177dd2f9dc,Secure Document Destruction - No Cost,a466be2cf94e451f8b4b88177dd2f9dc_8.bin,0.65
NREQ-001276,TAX-000058,contract_vehicle,procurement_vehicle,MAS,mas,REQ-001018,a466be2cf94e451f8b4b88177dd2f9dc,Secure Document Destruction - No Cost,a466be2cf94e451f8b4b88177dd2f9dc_8.bin,0.7
NREQ-001277,TAX-000090,compliance_clause,regulatory,Service Contract Act,service contract act,REQ-001023,a466be2cf94e451f8b4b88177dd2f9dc,Secure Document Destruction - No Cost,a466be2cf94e451f8b4b88177dd2f9dc_8.bin,0.65
NREQ-001278,TAX-000038,evaluation_factor,source_selection,Price,price,REQ-001024,a3e0948c660849a5815153897d456f7d,EcoStruxure Panel Server Wired by Design (a universal concentrator Modbus gateway),a3e0948c660849a5815153897d456f7d_1.bin,0.8
NREQ-001279,TAX-000038,evaluation_factor,source_selection,Price,price,REQ-001025,a3e0948c660849a5815153897d456f7d,EcoStruxure Panel Server Wired by Design (a universal concentrator Modbus gateway),a3e0948c660849a5815153897d456f7d_1.bin,0.8
NREQ-001280,TAX-000038,evaluation_factor,source_selection,Price,price,REQ-001026,a3e0948c660849a5815153897d456f7d,EcoStruxure Panel Server Wired by Design (a universal concentrator Modbus gateway),a3e0948c660849a5815153897d456f7d_1.bin,0.75
NREQ-001281,TAX-000038,evaluation_factor,source_selection,Price,price,REQ-001027,a3e0948c660849a5815153897d456f7d,EcoStruxure Panel Server Wired by Design (a universal concentrator Modbus gateway),a3e0948c660849a5815153897d456f7d_1.bin,0.75
NREQ-001282,TAX-000038,evaluation_factor,source_selection,Price,price,REQ-001028,a3e0948c660849a5815153897d456f7d,EcoStruxure Panel Server Wired by Design (a universal concentrator Modbus gateway),a3e0948c660849a5815153897d456f7d_2.bin,0.8
NREQ-001283,TAX-000038,evaluation_factor,source_selection,Price,price,REQ-001035,a3e0948c660849a5815153897d456f7d,EcoStruxure Panel Server Wired by Design (a universal concentrator Modbus gateway),a3e0948c660849a5815153897d456f7d_3.bin,0.8
NREQ-001284,TAX-000049,proposal_component,proposal_structure,Price Proposal,price proposal,REQ-001035,a3e0948c660849a5815153897d456f7d,EcoStruxure Panel Server Wired by Design (a universal concentrator Modbus gateway),a3e0948c660849a5815153897d456f7d_3.bin,0.8
NREQ-001285,TAX-000038,evaluation_factor,source_selection,Price,price,REQ-001036,a3e0948c660849a5815153897d456f7d,EcoStruxure Panel Server Wired by Design (a universal concentrator Modbus gateway),a3e0948c660849a5815153897d456f7d_3.bin,0.8
NREQ-001286,TAX-000049,proposal_component,proposal_structure,Price Proposal,price proposal,REQ-001036,a3e0948c660849a5815153897d456f7d,EcoStruxure Panel Server Wired by Design (a universal concentrator Modbus gateway),a3e0948c660849a5815153897d456f7d_3.bin,0.8
NREQ-001287,TAX-000038,evaluation_factor,source_selection,Price,price,REQ-001037,a3e0948c660849a5815153897d456f7d,EcoStruxure Panel Server Wired by Design (a universal concentrator Modbus gateway),a3e0948c660849a5815153897d456f7d_3.bin,0.8
NREQ-001288,TAX-000038,evaluation_factor,source_selection,Price,price,REQ-001038,a3e0948c660849a5815153897d456f7d,EcoStruxure Panel Server Wired by Design (a universal concentrator Modbus gateway),a3e0948c660849a5815153897d456f7d_3.bin,0.75
NREQ-001289,TAX-000038,evaluation_factor,source_selection,Price,price,REQ-001039,a3e0948c660849a5815153897d456f7d,EcoStruxure Panel Server Wired by Design (a universal concentrator Modbus gateway),a3e0948c660849a5815153897d456f7d_3.bin,0.75
NREQ-001290,TAX-000038,evaluation_factor,source_selection,Price,price,REQ-001040,a3e0948c660849a5815153897d456f7d,EcoStruxure Panel Server Wired by Design (a universal concentrator Modbus gateway),a3e0948c660849a5815153897d456f7d_3.bin,0.75
NREQ-001291,TAX-000038,evaluation_factor,source_selection,Price,price,REQ-001041,a3e0948c660849a5815153897d456f7d,EcoStruxure Panel Server Wired by Design (a universal concentrator Modbus gateway),a3e0948c660849a5815153897d456f7d_3.bin,0.75
NREQ-001292,TAX-000038,evaluation_factor,source_selection,Price,price,REQ-001042,a3e0948c660849a5815153897d456f7d,EcoStruxure Panel Server Wired by Design (a universal concentrator Modbus gateway),a3e0948c660849a5815153897d456f7d_3.bin,0.75
NREQ-001293,TAX-000038,evaluation_factor,source_selection,Price,price,REQ-001044,a3e0948c660849a5815153897d456f7d,EcoStruxure Panel Server Wired by Design (a universal concentrator Modbus gateway),a3e0948c660849a5815153897d456f7d_3.bin,0.75
NREQ-001294,TAX-000038,evaluation_factor,source_selection,Price,price,REQ-001045,a3e0948c660849a5815153897d456f7d,EcoStruxure Panel Server Wired by Design (a universal concentrator Modbus gateway),a3e0948c660849a5815153897d456f7d_3.bin,0.75
NREQ-001295,TAX-000038,evaluation_factor,source_selection,Price,price,REQ-001046,a3e0948c660849a5815153897d456f7d,EcoStruxure Panel Server Wired by Design (a universal concentrator Modbus gateway),a3e0948c660849a5815153897d456f7d_3.bin,0.75
NREQ-001296,TAX-000089,compliance_clause,regulatory,Section 889,section 889,REQ-001047,a3e0948c660849a5815153897d456f7d,EcoStruxure Panel Server Wired by Design (a universal concentrator Modbus gateway),a3e0948c660849a5815153897d456f7d_4.bin,0.7
NREQ-001297,TAX-000089,compliance_clause,regulatory,Section 889,section 889,REQ-001048,a3e0948c660849a5815153897d456f7d,EcoStruxure Panel Server Wired by Design (a universal concentrator Modbus gateway),a3e0948c660849a5815153897d456f7d_4.bin,0.65
NREQ-001298,TAX-000089,compliance_clause,regulatory,Section 889,section 889,REQ-001049,a3e0948c660849a5815153897d456f7d,EcoStruxure Panel Server Wired by Design (a universal concentrator Modbus gateway),a3e0948c660849a5815153897d456f7d_4.bin,0.7
NREQ-001299,TAX-000089,compliance_clause,regulatory,Section 889,section 889,REQ-001050,a3e0948c660849a5815153897d456f7d,EcoStruxure Panel Server Wired by Design (a universal concentrator Modbus gateway),a3e0948c660849a5815153897d456f7d_4.bin,0.65
NREQ-001300,TAX-000089,compliance_clause,regulatory,Section 889,section 889,REQ-001051,a3e0948c660849a5815153897d456f7d,EcoStruxure Panel Server Wired by Design (a universal concentrator Modbus gateway),a3e0948c660849a5815153897d456f7d_4.bin,0.65
NREQ-001301,TAX-000089,compliance_clause,regulatory,Section 889,section 889,REQ-001052,a3e0948c660849a5815153897d456f7d,EcoStruxure Panel Server Wired by Design (a universal concentrator Modbus gateway),a3e0948c660849a5815153897d456f7d_4.bin,0.65
NREQ-001302,TAX-000089,compliance_clause,regulatory,Section 889,section 889,REQ-001053,a3e0948c660849a5815153897d456f7d,EcoStruxure Panel Server Wired by Design (a universal concentrator Modbus gateway),a3e0948c660849a5815153897d456f7d_4.bin,0.7
NREQ-001303,TAX-000038,evaluation_factor,source_selection,Price,price,REQ-001055,a3e0948c660849a5815153897d456f7d,EcoStruxure Panel Server Wired by Design (a universal concentrator Modbus gateway),a3e0948c660849a5815153897d456f7d_5.bin,0.75
NREQ-001304,TAX-000038,evaluation_factor,source_selection,Price,price,REQ-001056,a3e0948c660849a5815153897d456f7d,EcoStruxure Panel Server Wired by Design (a universal concentrator Modbus gateway),a3e0948c660849a5815153897d456f7d_5.bin,0.75
NREQ-001305,TAX-000038,evaluation_factor,source_selection,Price,price,REQ-001057,a3e0948c660849a5815153897d456f7d,EcoStruxure Panel Server Wired by Design (a universal concentrator Modbus gateway),a3e0948c660849a5815153897d456f7d_5.bin,0.75
NREQ-001306,TAX-000038,evaluation_factor,source_selection,Price,price,REQ-001070,9bca2be24fb64fbe833ab48ae2b41b2a,Atlanta Job Corps Center Caretaker and Security Services,9bca2be24fb64fbe833ab48ae2b41b2a_1.bin,0.75
NREQ-001307,TAX-000038,evaluation_factor,source_selection,Price,price,REQ-001071,9bca2be24fb64fbe833ab48ae2b41b2a,Atlanta Job Corps Center Caretaker and Security Services,9bca2be24fb64fbe833ab48ae2b41b2a_1.bin,0.75
NREQ-001308,TAX-000038,evaluation_factor,source_selection,Price,price,REQ-001072,9bca2be24fb64fbe833ab48ae2b41b2a,Atlanta Job Corps Center Caretaker and Security Services,9bca2be24fb64fbe833ab48ae2b41b2a_1.bin,0.75
NREQ-001309,TAX-000038,evaluation_factor,source_selection,Price,price,REQ-001080,9bca2be24fb64fbe833ab48ae2b41b2a,Atlanta Job Corps Center Caretaker and Security Services,9bca2be24fb64fbe833ab48ae2b41b2a_2.bin,0.75
NREQ-001310,TAX-000038,evaluation_factor,source_selection,Price,price,REQ-001081,9bca2be24fb64fbe833ab48ae2b41b2a,Atlanta Job Corps Center Caretaker and Security Services,9bca2be24fb64fbe833ab48ae2b41b2a_2.bin,0.75
NREQ-001311,TAX-000038,evaluation_factor,source_selection,Price,price,REQ-001082,9bca2be24fb64fbe833ab48ae2b41b2a,Atlanta Job Corps Center Caretaker and Security Services,9bca2be24fb64fbe833ab48ae2b41b2a_2.bin,0.75
NREQ-001312,TAX-000038,evaluation_factor,source_selection,Price,price,REQ-001087,9bca2be24fb64fbe833ab48ae2b41b2a,Atlanta Job Corps Center Caretaker and Security Services,9bca2be24fb64fbe833ab48ae2b41b2a_3.bin,0.65
NREQ-001313,TAX-000038,evaluation_factor,source_selection,Price,price,REQ-001088,9bca2be24fb64fbe833ab48ae2b41b2a,Atlanta Job Corps Center Caretaker and Security Services,9bca2be24fb64fbe833ab48ae2b41b2a_3.bin,0.7
NREQ-001314,TAX-000038,evaluation_factor,source_selection,Price,price,REQ-001089,9bca2be24fb64fbe833ab48ae2b41b2a,Atlanta Job Corps Center Caretaker and Security Services,9bca2be24fb64fbe833ab48ae2b41b2a_3.bin,0.7
NREQ-001315,TAX-000038,evaluation_factor,source_selection,Price,price,REQ-001090,9bca2be24fb64fbe833ab48ae2b41b2a,Atlanta Job Corps Center Caretaker and Security Services,9bca2be24fb64fbe833ab48ae2b41b2a_3.bin,0.8
NREQ-001316,TAX-000038,evaluation_factor,source_selection,Price,price,REQ-001091,9bca2be24fb64fbe833ab48ae2b41b2a,Atlanta Job Corps Center Caretaker and Security Services,9bca2be24fb64fbe833ab48ae2b41b2a_3.bin,0.8
NREQ-001317,TAX-000038,evaluation_factor,source_selection,Price,price,REQ-001092,9bca2be24fb64fbe833ab48ae2b41b2a,Atlanta Job Corps Center Caretaker and Security Services,9bca2be24fb64fbe833ab48ae2b41b2a_3.bin,0.7
NREQ-001318,TAX-000038,evaluation_factor,source_selection,Price,price,REQ-001093,9bca2be24fb64fbe833ab48ae2b41b2a,Atlanta Job Corps Center Caretaker and Security Services,9bca2be24fb64fbe833ab48ae2b41b2a_3.bin,0.8
NREQ-001319,TAX-000044,evaluation_factor,source_selection,Best Value,best value,REQ-001093,9bca2be24fb64fbe833ab48ae2b41b2a,Atlanta Job Corps Center Caretaker and Security Services,9bca2be24fb64fbe833ab48ae2b41b2a_3.bin,0.8
NREQ-001320,TAX-000085,procurement_method,acquisition_strategy,Best Value,best value,REQ-001093,9bca2be24fb64fbe833ab48ae2b41b2a,Atlanta Job Corps Center Caretaker and Security Services,9bca2be24fb64fbe833ab48ae2b41b2a_3.bin,0.8
NREQ-001321,TAX-000038,evaluation_factor,source_selection,Price,price,REQ-001094,9bca2be24fb64fbe833ab48ae2b41b2a,Atlanta Job Corps Center Caretaker and Security Services,9bca2be24fb64fbe833ab48ae2b41b2a_3.bin,0.7
NREQ-001322,TAX-000038,evaluation_factor,source_selection,Price,price,REQ-001095,9bca2be24fb64fbe833ab48ae2b41b2a,Atlanta Job Corps Center Caretaker and Security Services,9bca2be24fb64fbe833ab48ae2b41b2a_3.bin,0.7
NREQ-001323,TAX-000038,evaluation_factor,source_selection,Price,price,REQ-001096,9bca2be24fb64fbe833ab48ae2b41b2a,Atlanta Job Corps Center Caretaker and Security Services,9bca2be24fb64fbe833ab48ae2b41b2a_3.bin,0.75
NREQ-001324,TAX-000038,evaluation_factor,source_selection,Price,price,REQ-001097,9bca2be24fb64fbe833ab48ae2b41b2a,Atlanta Job Corps Center Caretaker and Security Services,9bca2be24fb64fbe833ab48ae2b41b2a_3.bin,0.75
NREQ-001325,TAX-000037,evaluation_factor,source_selection,Past Performance,past performance,REQ-001098,9bca2be24fb64fbe833ab48ae2b41b2a,Atlanta Job Corps Center Caretaker and Security Services,9bca2be24fb64fbe833ab48ae2b41b2a_3.bin,0.75
NREQ-001326,TAX-000038,evaluation_factor,source_selection,Price,price,REQ-001098,9bca2be24fb64fbe833ab48ae2b41b2a,Atlanta Job Corps Center Caretaker and Security Services,9bca2be24fb64fbe833ab48ae2b41b2a_3.bin,0.75
NREQ-001327,TAX-000037,evaluation_factor,source_selection,Past Performance,past performance,REQ-001099,9bca2be24fb64fbe833ab48ae2b41b2a,Atlanta Job Corps Center Caretaker and Security Services,9bca2be24fb64fbe833ab48ae2b41b2a_3.bin,0.75
NREQ-001328,TAX-000038,evaluation_factor,source_selection,Price,price,REQ-001099,9bca2be24fb64fbe833ab48ae2b41b2a,Atlanta Job Corps Center Caretaker and Security Services,9bca2be24fb64fbe833ab48ae2b41b2a_3.bin,0.75
NREQ-001329,TAX-000037,evaluation_factor,source_selection,Past Performance,past performance,REQ-001100,9bca2be24fb64fbe833ab48ae2b41b2a,Atlanta Job Corps Center Caretaker and Security Services,9bca2be24fb64fbe833ab48ae2b41b2a_3.bin,0.75
NREQ-001330,TAX-000038,evaluation_factor,source_selection,Price,price,REQ-001100,9bca2be24fb64fbe833ab48ae2b41b2a,Atlanta Job Corps Center Caretaker and Security Services,9bca2be24fb64fbe833ab48ae2b41b2a_3.bin,0.75
NREQ-001331,TAX-000038,evaluation_factor,source_selection,Price,price,REQ-001101,9bca2be24fb64fbe833ab48ae2b41b2a,Atlanta Job Corps Center Caretaker and Security Services,9bca2be24fb64fbe833ab48ae2b41b2a_3.bin,0.65
NREQ-001332,TAX-000038,evaluation_factor,source_selection,Price,price,REQ-001102,9bca2be24fb64fbe833ab48ae2b41b2a,Atlanta Job Corps Center Caretaker and Security Services,9bca2be24fb64fbe833ab48ae2b41b2a_3.bin,0.65
NREQ-001333,TAX-000038,evaluation_factor,source_selection,Price,price,REQ-001103,9bca2be24fb64fbe833ab48ae2b41b2a,Atlanta Job Corps Center Caretaker and Security Services,9bca2be24fb64fbe833ab48ae2b41b2a_3.bin,0.65
NREQ-001334,TAX-000038,evaluation_factor,source_selection,Price,price,REQ-001104,9bca2be24fb64fbe833ab48ae2b41b2a,Atlanta Job Corps Center Caretaker and Security Services,9bca2be24fb64fbe833ab48ae2b41b2a_3.bin,0.65
NREQ-001335,TAX-000038,evaluation_factor,source_selection,Price,price,REQ-001105,9bca2be24fb64fbe833ab48ae2b41b2a,Atlanta Job Corps Center Caretaker and Security Services,9bca2be24fb64fbe833ab48ae2b41b2a_3.bin,0.7
NREQ-001336,TAX-000090,compliance_clause,regulatory,Service Contract Act,service contract act,REQ-001118,9bca2be24fb64fbe833ab48ae2b41b2a,Atlanta Job Corps Center Caretaker and Security Services,9bca2be24fb64fbe833ab48ae2b41b2a_6.bin,0.65
NREQ-001337,TAX-000090,compliance_clause,regulatory,Service Contract Act,service contract act,REQ-001127,9bca2be24fb64fbe833ab48ae2b41b2a,Atlanta Job Corps Center Caretaker and Security Services,9bca2be24fb64fbe833ab48ae2b41b2a_6.bin,0.65
NREQ-001338,TAX-000038,evaluation_factor,source_selection,Price,price,REQ-001139,9bca2be24fb64fbe833ab48ae2b41b2a,Atlanta Job Corps Center Caretaker and Security Services,9bca2be24fb64fbe833ab48ae2b41b2a_7.bin,0.75
NREQ-001339,TAX-000038,evaluation_factor,source_selection,Price,price,REQ-001140,9bca2be24fb64fbe833ab48ae2b41b2a,Atlanta Job Corps Center Caretaker and Security Services,9bca2be24fb64fbe833ab48ae2b41b2a_7.bin,0.75
NREQ-001340,TAX-000038,evaluation_factor,source_selection,Price,price,REQ-001141,9bca2be24fb64fbe833ab48ae2b41b2a,Atlanta Job Corps Center Caretaker and Security Services,9bca2be24fb64fbe833ab48ae2b41b2a_7.bin,0.75
