expression_evidence_id,expression_id,canonical_statement_id,grounded_statement_id,notice_id,opportunity_title,source_file,created_at
PELEV-000001,PEL-000001,CGS-000001,GSTMT-000001,4238a30a23b544cf94743e18c87feccb,Selective Service System Website Modernization,4238a30a23b544cf94743e18c87feccb_1.bin,2026-06-26 09:36:38
PELEV-000002,PEL-000001,CGS-000001,GSTMT-000002,4238a30a23b544cf94743e18c87feccb,Selective Service System Website Modernization,4238a30a23b544cf94743e18c87feccb_1.bin,2026-06-26 09:36:38
PELEV-000003,PEL-000002,CGS-000002,GSTMT-000003,4238a30a23b544cf94743e18c87feccb,Selective Service System Website Modernization,4238a30a23b544cf94743e18c87feccb_1.bin,2026-06-26 09:36:38
PELEV-000004,PEL-000003,CGS-000003,GSTMT-000004,4238a30a23b544cf94743e18c87feccb,Selective Service System Website Modernization,4238a30a23b544cf94743e18c87feccb_1.bin,2026-06-26 09:36:38
PELEV-000005,PEL-000004,CGS-000004,GSTMT-000005,4238a30a23b544cf94743e18c87feccb,Selective Service System Website Modernization,4238a30a23b544cf94743e18c87feccb_1.bin,2026-06-26 09:36:38
PELEV-000006,PEL-000005,CGS-000005,GSTMT-000006,4238a30a23b544cf94743e18c87feccb,Selective Service System Website Modernization,4238a30a23b544cf94743e18c87feccb_1.bin,2026-06-26 09:36:38
PELEV-000007,PEL-000005,CGS-000005,GSTMT-000007,4238a30a23b544cf94743e18c87feccb,Selective Service System Website Modernization,4238a30a23b544cf94743e18c87feccb_1.bin,2026-06-26 09:36:38
PELEV-000008,PEL-000005,CGS-000005,GSTMT-000008,4238a30a23b544cf94743e18c87feccb,Selective Service System Website Modernization,4238a30a23b544cf94743e18c87feccb_1.bin,2026-06-26 09:36:38
PELEV-000009,PEL-000005,CGS-000005,GSTMT-000009,4238a30a23b544cf94743e18c87feccb,Selective Service System Website Modernization,4238a30a23b544cf94743e18c87feccb_1.bin,2026-06-26 09:36:38
PELEV-000010,PEL-000006,CGS-000006,GSTMT-000010,4238a30a23b544cf94743e18c87feccb,Selective Service System Website Modernization,4238a30a23b544cf94743e18c87feccb_1.bin,2026-06-26 09:36:38
PELEV-000011,PEL-000006,CGS-000006,GSTMT-000011,4238a30a23b544cf94743e18c87feccb,Selective Service System Website Modernization,4238a30a23b544cf94743e18c87feccb_1.bin,2026-06-26 09:36:38
PELEV-000012,PEL-000007,CGS-000007,GSTMT-000012,4238a30a23b544cf94743e18c87feccb,Selective Service System Website Modernization,4238a30a23b544cf94743e18c87feccb_1.bin,2026-06-26 09:36:38
PELEV-000013,PEL-000007,CGS-000007,GSTMT-000013,4238a30a23b544cf94743e18c87feccb,Selective Service System Website Modernization,4238a30a23b544cf94743e18c87feccb_1.bin,2026-06-26 09:36:38
PELEV-000014,PEL-000008,CGS-000008,GSTMT-000014,4238a30a23b544cf94743e18c87feccb,Selective Service System Website Modernization,4238a30a23b544cf94743e18c87feccb_1.bin,2026-06-26 09:36:38
PELEV-000015,PEL-000008,CGS-000008,GSTMT-000015,4238a30a23b544cf94743e18c87feccb,Selective Service System Website Modernization,4238a30a23b544cf94743e18c87feccb_1.bin,2026-06-26 09:36:38
PELEV-000016,PEL-000009,CGS-000009,GSTMT-000016,4238a30a23b544cf94743e18c87feccb,Selective Service System Website Modernization,4238a30a23b544cf94743e18c87feccb_1.bin,2026-06-26 09:36:38
PELEV-000017,PEL-000010,CGS-000010,GSTMT-000017,4238a30a23b544cf94743e18c87feccb,Selective Service System Website Modernization,4238a30a23b544cf94743e18c87feccb_1.bin,2026-06-26 09:36:38
PELEV-000018,PEL-000011,CGS-000011,GSTMT-000018,4238a30a23b544cf94743e18c87feccb,Selective Service System Website Modernization,4238a30a23b544cf94743e18c87feccb_2.bin,2026-06-26 09:36:38
PELEV-000019,PEL-000011,CGS-000011,GSTMT-000019,4238a30a23b544cf94743e18c87feccb,Selective Service System Website Modernization,4238a30a23b544cf94743e18c87feccb_2.bin,2026-06-26 09:36:38
PELEV-000020,PEL-000011,CGS-000011,GSTMT-000020,4238a30a23b544cf94743e18c87feccb,Selective Service System Website Modernization,4238a30a23b544cf94743e18c87feccb_3.bin,2026-06-26 09:36:38
PELEV-000021,PEL-000011,CGS-000011,GSTMT-000021,4238a30a23b544cf94743e18c87feccb,Selective Service System Website Modernization,4238a30a23b544cf94743e18c87feccb_3.bin,2026-06-26 09:36:38
PELEV-000022,PEL-000012,CGS-000012,GSTMT-000022,4238a30a23b544cf94743e18c87feccb,Selective Service System Website Modernization,4238a30a23b544cf94743e18c87feccb_4.bin,2026-06-26 09:36:38
PELEV-000023,PEL-000013,CGS-000013,GSTMT-000023,4238a30a23b544cf94743e18c87feccb,Selective Service System Website Modernization,4238a30a23b544cf94743e18c87feccb_4.bin,2026-06-26 09:36:38
PELEV-000024,PEL-000014,CGS-000014,GSTMT-000024,4238a30a23b544cf94743e18c87feccb,Selective Service System Website Modernization,4238a30a23b544cf94743e18c87feccb_4.bin,2026-06-26 09:36:38
PELEV-000025,PEL-000015,CGS-000015,GSTMT-000025,4238a30a23b544cf94743e18c87feccb,Selective Service System Website Modernization,4238a30a23b544cf94743e18c87feccb_4.bin,2026-06-26 09:36:38
PELEV-000026,PEL-000016,CGS-000016,GSTMT-000026,4238a30a23b544cf94743e18c87feccb,Selective Service System Website Modernization,4238a30a23b544cf94743e18c87feccb_4.bin,2026-06-26 09:36:38
PELEV-000027,PEL-000016,CGS-000016,GSTMT-000039,4238a30a23b544cf94743e18c87feccb,Selective Service System Website Modernization,4238a30a23b544cf94743e18c87feccb_6.bin,2026-06-26 09:36:38
PELEV-000028,PEL-000016,CGS-000016,GSTMT-000080,dc7183e7aab342788a9dff786e444f8a,JSCG-P Cristobal Colon Base Life Support,dc7183e7aab342788a9dff786e444f8a_6.bin,2026-06-26 09:36:38
PELEV-000029,PEL-000016,CGS-000016,GSTMT-000199,38811fa6a48a41e0979b84f46b44b030,Cape Canaveral National Cemetery Ornamental Grass Renovation and Irrigation National Shrine Project,38811fa6a48a41e0979b84f46b44b030_13.bin,2026-06-26 09:36:38
PELEV-000030,PEL-000016,CGS-000016,GSTMT-000228,3164fcc003e84650b53a7bdb56485b05,"USAG DHR, Fort Bragg ID Card Services",3164fcc003e84650b53a7bdb56485b05_4.bin,2026-06-26 09:36:38
PELEV-000031,PEL-000016,CGS-000016,GSTMT-000256,f33e54c1c9644aa8bb2eb283b82a85ad,31 CES n. 25 military gear lockers.,f33e54c1c9644aa8bb2eb283b82a85ad_1.bin,2026-06-26 09:36:38
PELEV-000032,PEL-000016,CGS-000016,GSTMT-000265,f33e54c1c9644aa8bb2eb283b82a85ad,31 CES n. 25 military gear lockers.,f33e54c1c9644aa8bb2eb283b82a85ad_3.bin,2026-06-26 09:36:38
PELEV-000033,PEL-000016,CGS-000016,GSTMT-000418,cbb1a9af3c004dc68e36a311cbef0ff9,Preventive Maintenance Services for Anti-Climb Bi-folding Gates,cbb1a9af3c004dc68e36a311cbef0ff9_6.bin,2026-06-26 09:36:38
PELEV-000034,PEL-000016,CGS-000016,GSTMT-000458,c502adb5aeb8463f88d90c9be98eed6e,N--George Washington Birthplace National Monument- RE,c502adb5aeb8463f88d90c9be98eed6e_3.bin,2026-06-26 09:36:38
PELEV-000035,PEL-000016,CGS-000016,GSTMT-000598,9bca2be24fb64fbe833ab48ae2b41b2a,Atlanta Job Corps Center Caretaker and Security Services,9bca2be24fb64fbe833ab48ae2b41b2a_1.bin,2026-06-26 09:36:38
PELEV-000036,PEL-000016,CGS-000016,GSTMT-000624,9bca2be24fb64fbe833ab48ae2b41b2a,Atlanta Job Corps Center Caretaker and Security Services,9bca2be24fb64fbe833ab48ae2b41b2a_7.bin,2026-06-26 09:36:38
PELEV-000037,PEL-000017,CGS-000017,GSTMT-000027,4238a30a23b544cf94743e18c87feccb,Selective Service System Website Modernization,4238a30a23b544cf94743e18c87feccb_4.bin,2026-06-26 09:36:38
PELEV-000038,PEL-000017,CGS-000017,GSTMT-000040,4238a30a23b544cf94743e18c87feccb,Selective Service System Website Modernization,4238a30a23b544cf94743e18c87feccb_6.bin,2026-06-26 09:36:38
PELEV-000039,PEL-000017,CGS-000017,GSTMT-000081,dc7183e7aab342788a9dff786e444f8a,JSCG-P Cristobal Colon Base Life Support,dc7183e7aab342788a9dff786e444f8a_6.bin,2026-06-26 09:36:38
PELEV-000040,PEL-000017,CGS-000017,GSTMT-000229,3164fcc003e84650b53a7bdb56485b05,"USAG DHR, Fort Bragg ID Card Services",3164fcc003e84650b53a7bdb56485b05_4.bin,2026-06-26 09:36:38
PELEV-000041,PEL-000017,CGS-000017,GSTMT-000599,9bca2be24fb64fbe833ab48ae2b41b2a,Atlanta Job Corps Center Caretaker and Security Services,9bca2be24fb64fbe833ab48ae2b41b2a_1.bin,2026-06-26 09:36:38
PELEV-000042,PEL-000018,CGS-000018,GSTMT-000028,4238a30a23b544cf94743e18c87feccb,Selective Service System Website Modernization,4238a30a23b544cf94743e18c87feccb_4.bin,2026-06-26 09:36:38
PELEV-000043,PEL-000018,CGS-000018,GSTMT-000041,4238a30a23b544cf94743e18c87feccb,Selective Service System Website Modernization,4238a30a23b544cf94743e18c87feccb_6.bin,2026-06-26 09:36:38
PELEV-000044,PEL-000018,CGS-000018,GSTMT-000082,dc7183e7aab342788a9dff786e444f8a,JSCG-P Cristobal Colon Base Life Support,dc7183e7aab342788a9dff786e444f8a_6.bin,2026-06-26 09:36:38
PELEV-000045,PEL-000018,CGS-000018,GSTMT-000201,38811fa6a48a41e0979b84f46b44b030,Cape Canaveral National Cemetery Ornamental Grass Renovation and Irrigation National Shrine Project,38811fa6a48a41e0979b84f46b44b030_13.bin,2026-06-26 09:36:38
PELEV-000046,PEL-000018,CGS-000018,GSTMT-000230,3164fcc003e84650b53a7bdb56485b05,"USAG DHR, Fort Bragg ID Card Services",3164fcc003e84650b53a7bdb56485b05_4.bin,2026-06-26 09:36:38
PELEV-000047,PEL-000018,CGS-000018,GSTMT-000258,f33e54c1c9644aa8bb2eb283b82a85ad,31 CES n. 25 military gear lockers.,f33e54c1c9644aa8bb2eb283b82a85ad_1.bin,2026-06-26 09:36:38
PELEV-000048,PEL-000018,CGS-000018,GSTMT-000267,f33e54c1c9644aa8bb2eb283b82a85ad,31 CES n. 25 military gear lockers.,f33e54c1c9644aa8bb2eb283b82a85ad_3.bin,2026-06-26 09:36:38
PELEV-000049,PEL-000018,CGS-000018,GSTMT-000420,cbb1a9af3c004dc68e36a311cbef0ff9,Preventive Maintenance Services for Anti-Climb Bi-folding Gates,cbb1a9af3c004dc68e36a311cbef0ff9_6.bin,2026-06-26 09:36:38
PELEV-000050,PEL-000018,CGS-000018,GSTMT-000460,c502adb5aeb8463f88d90c9be98eed6e,N--George Washington Birthplace National Monument- RE,c502adb5aeb8463f88d90c9be98eed6e_3.bin,2026-06-26 09:36:38
PELEV-000051,PEL-000018,CGS-000018,GSTMT-000600,9bca2be24fb64fbe833ab48ae2b41b2a,Atlanta Job Corps Center Caretaker and Security Services,9bca2be24fb64fbe833ab48ae2b41b2a_1.bin,2026-06-26 09:36:38
PELEV-000052,PEL-000018,CGS-000018,GSTMT-000626,9bca2be24fb64fbe833ab48ae2b41b2a,Atlanta Job Corps Center Caretaker and Security Services,9bca2be24fb64fbe833ab48ae2b41b2a_7.bin,2026-06-26 09:36:38
PELEV-000053,PEL-000019,CGS-000019,GSTMT-000029,4238a30a23b544cf94743e18c87feccb,Selective Service System Website Modernization,4238a30a23b544cf94743e18c87feccb_4.bin,2026-06-26 09:36:38
PELEV-000054,PEL-000019,CGS-000019,GSTMT-000042,4238a30a23b544cf94743e18c87feccb,Selective Service System Website Modernization,4238a30a23b544cf94743e18c87feccb_6.bin,2026-06-26 09:36:38
PELEV-000055,PEL-000019,CGS-000019,GSTMT-000083,dc7183e7aab342788a9dff786e444f8a,JSCG-P Cristobal Colon Base Life Support,dc7183e7aab342788a9dff786e444f8a_6.bin,2026-06-26 09:36:38
PELEV-000056,PEL-000019,CGS-000019,GSTMT-000231,3164fcc003e84650b53a7bdb56485b05,"USAG DHR, Fort Bragg ID Card Services",3164fcc003e84650b53a7bdb56485b05_4.bin,2026-06-26 09:36:38
PELEV-000057,PEL-000019,CGS-000019,GSTMT-000259,f33e54c1c9644aa8bb2eb283b82a85ad,31 CES n. 25 military gear lockers.,f33e54c1c9644aa8bb2eb283b82a85ad_1.bin,2026-06-26 09:36:38
PELEV-000058,PEL-000019,CGS-000019,GSTMT-000268,f33e54c1c9644aa8bb2eb283b82a85ad,31 CES n. 25 military gear lockers.,f33e54c1c9644aa8bb2eb283b82a85ad_3.bin,2026-06-26 09:36:38
PELEV-000059,PEL-000019,CGS-000019,GSTMT-000421,cbb1a9af3c004dc68e36a311cbef0ff9,Preventive Maintenance Services for Anti-Climb Bi-folding Gates,cbb1a9af3c004dc68e36a311cbef0ff9_6.bin,2026-06-26 09:36:38
PELEV-000060,PEL-000019,CGS-000019,GSTMT-000461,c502adb5aeb8463f88d90c9be98eed6e,N--George Washington Birthplace National Monument- RE,c502adb5aeb8463f88d90c9be98eed6e_3.bin,2026-06-26 09:36:38
PELEV-000061,PEL-000019,CGS-000019,GSTMT-000601,9bca2be24fb64fbe833ab48ae2b41b2a,Atlanta Job Corps Center Caretaker and Security Services,9bca2be24fb64fbe833ab48ae2b41b2a_1.bin,2026-06-26 09:36:38
PELEV-000062,PEL-000019,CGS-000019,GSTMT-000627,9bca2be24fb64fbe833ab48ae2b41b2a,Atlanta Job Corps Center Caretaker and Security Services,9bca2be24fb64fbe833ab48ae2b41b2a_7.bin,2026-06-26 09:36:38
PELEV-000063,PEL-000020,CGS-000020,GSTMT-000030,4238a30a23b544cf94743e18c87feccb,Selective Service System Website Modernization,4238a30a23b544cf94743e18c87feccb_5.bin,2026-06-26 09:36:38
PELEV-000064,PEL-000021,CGS-000021,GSTMT-000031,4238a30a23b544cf94743e18c87feccb,Selective Service System Website Modernization,4238a30a23b544cf94743e18c87feccb_5.bin,2026-06-26 09:36:38
PELEV-000065,PEL-000022,CGS-000022,GSTMT-000032,4238a30a23b544cf94743e18c87feccb,Selective Service System Website Modernization,4238a30a23b544cf94743e18c87feccb_5.bin,2026-06-26 09:36:38
PELEV-000066,PEL-000023,CGS-000023,GSTMT-000033,4238a30a23b544cf94743e18c87feccb,Selective Service System Website Modernization,4238a30a23b544cf94743e18c87feccb_5.bin,2026-06-26 09:36:38
PELEV-000067,PEL-000023,CGS-000023,GSTMT-000034,4238a30a23b544cf94743e18c87feccb,Selective Service System Website Modernization,4238a30a23b544cf94743e18c87feccb_5.bin,2026-06-26 09:36:38
PELEV-000068,PEL-000024,CGS-000024,GSTMT-000035,4238a30a23b544cf94743e18c87feccb,Selective Service System Website Modernization,4238a30a23b544cf94743e18c87feccb_6.bin,2026-06-26 09:36:38
PELEV-000069,PEL-000024,CGS-000024,GSTMT-000076,dc7183e7aab342788a9dff786e444f8a,JSCG-P Cristobal Colon Base Life Support,dc7183e7aab342788a9dff786e444f8a_6.bin,2026-06-26 09:36:38
PELEV-000070,PEL-000024,CGS-000024,GSTMT-000224,3164fcc003e84650b53a7bdb56485b05,"USAG DHR, Fort Bragg ID Card Services",3164fcc003e84650b53a7bdb56485b05_4.bin,2026-06-26 09:36:38
PELEV-000071,PEL-000025,CGS-000025,GSTMT-000036,4238a30a23b544cf94743e18c87feccb,Selective Service System Website Modernization,4238a30a23b544cf94743e18c87feccb_6.bin,2026-06-26 09:36:38
PELEV-000072,PEL-000025,CGS-000025,GSTMT-000077,dc7183e7aab342788a9dff786e444f8a,JSCG-P Cristobal Colon Base Life Support,dc7183e7aab342788a9dff786e444f8a_6.bin,2026-06-26 09:36:38
PELEV-000073,PEL-000025,CGS-000025,GSTMT-000225,3164fcc003e84650b53a7bdb56485b05,"USAG DHR, Fort Bragg ID Card Services",3164fcc003e84650b53a7bdb56485b05_4.bin,2026-06-26 09:36:38
PELEV-000074,PEL-000026,CGS-000026,GSTMT-000037,4238a30a23b544cf94743e18c87feccb,Selective Service System Website Modernization,4238a30a23b544cf94743e18c87feccb_6.bin,2026-06-26 09:36:38
PELEV-000075,PEL-000026,CGS-000026,GSTMT-000078,dc7183e7aab342788a9dff786e444f8a,JSCG-P Cristobal Colon Base Life Support,dc7183e7aab342788a9dff786e444f8a_6.bin,2026-06-26 09:36:38
PELEV-000076,PEL-000026,CGS-000026,GSTMT-000226,3164fcc003e84650b53a7bdb56485b05,"USAG DHR, Fort Bragg ID Card Services",3164fcc003e84650b53a7bdb56485b05_4.bin,2026-06-26 09:36:38
PELEV-000077,PEL-000027,CGS-000027,GSTMT-000038,4238a30a23b544cf94743e18c87feccb,Selective Service System Website Modernization,4238a30a23b544cf94743e18c87feccb_6.bin,2026-06-26 09:36:38
PELEV-000078,PEL-000027,CGS-000027,GSTMT-000079,dc7183e7aab342788a9dff786e444f8a,JSCG-P Cristobal Colon Base Life Support,dc7183e7aab342788a9dff786e444f8a_6.bin,2026-06-26 09:36:38
PELEV-000079,PEL-000027,CGS-000027,GSTMT-000227,3164fcc003e84650b53a7bdb56485b05,"USAG DHR, Fort Bragg ID Card Services",3164fcc003e84650b53a7bdb56485b05_4.bin,2026-06-26 09:36:38
PELEV-000080,PEL-000027,CGS-000027,GSTMT-000255,f33e54c1c9644aa8bb2eb283b82a85ad,31 CES n. 25 military gear lockers.,f33e54c1c9644aa8bb2eb283b82a85ad_1.bin,2026-06-26 09:36:38
PELEV-000081,PEL-000027,CGS-000027,GSTMT-000264,f33e54c1c9644aa8bb2eb283b82a85ad,31 CES n. 25 military gear lockers.,f33e54c1c9644aa8bb2eb283b82a85ad_3.bin,2026-06-26 09:36:38
PELEV-000082,PEL-000027,CGS-000027,GSTMT-000417,cbb1a9af3c004dc68e36a311cbef0ff9,Preventive Maintenance Services for Anti-Climb Bi-folding Gates,cbb1a9af3c004dc68e36a311cbef0ff9_6.bin,2026-06-26 09:36:38
PELEV-000083,PEL-000028,CGS-000028,GSTMT-000043,4238a30a23b544cf94743e18c87feccb,Selective Service System Website Modernization,4238a30a23b544cf94743e18c87feccb_6.bin,2026-06-26 09:36:38
PELEV-000084,PEL-000029,CGS-000029,GSTMT-000044,dc7183e7aab342788a9dff786e444f8a,JSCG-P Cristobal Colon Base Life Support,dc7183e7aab342788a9dff786e444f8a_1.bin,2026-06-26 09:36:38
PELEV-000085,PEL-000029,CGS-000029,GSTMT-000045,dc7183e7aab342788a9dff786e444f8a,JSCG-P Cristobal Colon Base Life Support,dc7183e7aab342788a9dff786e444f8a_1.bin,2026-06-26 09:36:38
PELEV-000086,PEL-000030,CGS-000030,GSTMT-000046,dc7183e7aab342788a9dff786e444f8a,JSCG-P Cristobal Colon Base Life Support,dc7183e7aab342788a9dff786e444f8a_1.bin,2026-06-26 09:36:38
PELEV-000087,PEL-000031,CGS-000031,GSTMT-000047,dc7183e7aab342788a9dff786e444f8a,JSCG-P Cristobal Colon Base Life Support,dc7183e7aab342788a9dff786e444f8a_1.bin,2026-06-26 09:36:38
PELEV-000088,PEL-000032,CGS-000032,GSTMT-000048,dc7183e7aab342788a9dff786e444f8a,JSCG-P Cristobal Colon Base Life Support,dc7183e7aab342788a9dff786e444f8a_1.bin,2026-06-26 09:36:38
PELEV-000089,PEL-000033,CGS-000033,GSTMT-000049,dc7183e7aab342788a9dff786e444f8a,JSCG-P Cristobal Colon Base Life Support,dc7183e7aab342788a9dff786e444f8a_1.bin,2026-06-26 09:36:38
PELEV-000090,PEL-000034,CGS-000034,GSTMT-000050,dc7183e7aab342788a9dff786e444f8a,JSCG-P Cristobal Colon Base Life Support,dc7183e7aab342788a9dff786e444f8a_1.bin,2026-06-26 09:36:38
PELEV-000091,PEL-000035,CGS-000035,GSTMT-000051,dc7183e7aab342788a9dff786e444f8a,JSCG-P Cristobal Colon Base Life Support,dc7183e7aab342788a9dff786e444f8a_1.bin,2026-06-26 09:36:38
PELEV-000092,PEL-000036,CGS-000036,GSTMT-000052,dc7183e7aab342788a9dff786e444f8a,JSCG-P Cristobal Colon Base Life Support,dc7183e7aab342788a9dff786e444f8a_2.bin,2026-06-26 09:36:38
PELEV-000093,PEL-000037,CGS-000037,GSTMT-000053,dc7183e7aab342788a9dff786e444f8a,JSCG-P Cristobal Colon Base Life Support,dc7183e7aab342788a9dff786e444f8a_2.bin,2026-06-26 09:36:38
PELEV-000094,PEL-000038,CGS-000038,GSTMT-000054,dc7183e7aab342788a9dff786e444f8a,JSCG-P Cristobal Colon Base Life Support,dc7183e7aab342788a9dff786e444f8a_2.bin,2026-06-26 09:36:38
PELEV-000095,PEL-000039,CGS-000039,GSTMT-000055,dc7183e7aab342788a9dff786e444f8a,JSCG-P Cristobal Colon Base Life Support,dc7183e7aab342788a9dff786e444f8a_2.bin,2026-06-26 09:36:38
PELEV-000096,PEL-000040,CGS-000040,GSTMT-000056,dc7183e7aab342788a9dff786e444f8a,JSCG-P Cristobal Colon Base Life Support,dc7183e7aab342788a9dff786e444f8a_2.bin,2026-06-26 09:36:38
PELEV-000097,PEL-000040,CGS-000040,GSTMT-000057,dc7183e7aab342788a9dff786e444f8a,JSCG-P Cristobal Colon Base Life Support,dc7183e7aab342788a9dff786e444f8a_2.bin,2026-06-26 09:36:38
PELEV-000098,PEL-000040,CGS-000040,GSTMT-000058,dc7183e7aab342788a9dff786e444f8a,JSCG-P Cristobal Colon Base Life Support,dc7183e7aab342788a9dff786e444f8a_2.bin,2026-06-26 09:36:38
PELEV-000099,PEL-000041,CGS-000041,GSTMT-000059,dc7183e7aab342788a9dff786e444f8a,JSCG-P Cristobal Colon Base Life Support,dc7183e7aab342788a9dff786e444f8a_4.bin,2026-06-26 09:36:38
PELEV-000100,PEL-000041,CGS-000041,GSTMT-000220,3164fcc003e84650b53a7bdb56485b05,"USAG DHR, Fort Bragg ID Card Services",3164fcc003e84650b53a7bdb56485b05_3.bin,2026-06-26 09:36:38
PELEV-000101,PEL-000042,CGS-000042,GSTMT-000060,dc7183e7aab342788a9dff786e444f8a,JSCG-P Cristobal Colon Base Life Support,dc7183e7aab342788a9dff786e444f8a_4.bin,2026-06-26 09:36:38
PELEV-000102,PEL-000042,CGS-000042,GSTMT-000221,3164fcc003e84650b53a7bdb56485b05,"USAG DHR, Fort Bragg ID Card Services",3164fcc003e84650b53a7bdb56485b05_3.bin,2026-06-26 09:36:38
PELEV-000103,PEL-000043,CGS-000043,GSTMT-000061,dc7183e7aab342788a9dff786e444f8a,JSCG-P Cristobal Colon Base Life Support,dc7183e7aab342788a9dff786e444f8a_4.bin,2026-06-26 09:36:38
PELEV-000104,PEL-000043,CGS-000043,GSTMT-000062,dc7183e7aab342788a9dff786e444f8a,JSCG-P Cristobal Colon Base Life Support,dc7183e7aab342788a9dff786e444f8a_4.bin,2026-06-26 09:36:38
PELEV-000105,PEL-000043,CGS-000043,GSTMT-000222,3164fcc003e84650b53a7bdb56485b05,"USAG DHR, Fort Bragg ID Card Services",3164fcc003e84650b53a7bdb56485b05_3.bin,2026-06-26 09:36:38
PELEV-000106,PEL-000043,CGS-000043,GSTMT-000223,3164fcc003e84650b53a7bdb56485b05,"USAG DHR, Fort Bragg ID Card Services",3164fcc003e84650b53a7bdb56485b05_3.bin,2026-06-26 09:36:38
PELEV-000107,PEL-000044,CGS-000044,GSTMT-000063,dc7183e7aab342788a9dff786e444f8a,JSCG-P Cristobal Colon Base Life Support,dc7183e7aab342788a9dff786e444f8a_5.bin,2026-06-26 09:36:38
PELEV-000108,PEL-000045,CGS-000045,GSTMT-000064,dc7183e7aab342788a9dff786e444f8a,JSCG-P Cristobal Colon Base Life Support,dc7183e7aab342788a9dff786e444f8a_5.bin,2026-06-26 09:36:38
PELEV-000109,PEL-000046,CGS-000046,GSTMT-000065,dc7183e7aab342788a9dff786e444f8a,JSCG-P Cristobal Colon Base Life Support,dc7183e7aab342788a9dff786e444f8a_5.bin,2026-06-26 09:36:38
PELEV-000110,PEL-000047,CGS-000047,GSTMT-000066,dc7183e7aab342788a9dff786e444f8a,JSCG-P Cristobal Colon Base Life Support,dc7183e7aab342788a9dff786e444f8a_5.bin,2026-06-26 09:36:38
PELEV-000111,PEL-000047,CGS-000047,GSTMT-000067,dc7183e7aab342788a9dff786e444f8a,JSCG-P Cristobal Colon Base Life Support,dc7183e7aab342788a9dff786e444f8a_5.bin,2026-06-26 09:36:38
PELEV-000112,PEL-000048,CGS-000048,GSTMT-000068,dc7183e7aab342788a9dff786e444f8a,JSCG-P Cristobal Colon Base Life Support,dc7183e7aab342788a9dff786e444f8a_5.bin,2026-06-26 09:36:38
PELEV-000113,PEL-000048,CGS-000048,GSTMT-000069,dc7183e7aab342788a9dff786e444f8a,JSCG-P Cristobal Colon Base Life Support,dc7183e7aab342788a9dff786e444f8a_5.bin,2026-06-26 09:36:38
PELEV-000114,PEL-000049,CGS-000049,GSTMT-000070,dc7183e7aab342788a9dff786e444f8a,JSCG-P Cristobal Colon Base Life Support,dc7183e7aab342788a9dff786e444f8a_5.bin,2026-06-26 09:36:38
PELEV-000115,PEL-000049,CGS-000049,GSTMT-000071,dc7183e7aab342788a9dff786e444f8a,JSCG-P Cristobal Colon Base Life Support,dc7183e7aab342788a9dff786e444f8a_5.bin,2026-06-26 09:36:38
PELEV-000116,PEL-000050,CGS-000050,GSTMT-000072,dc7183e7aab342788a9dff786e444f8a,JSCG-P Cristobal Colon Base Life Support,dc7183e7aab342788a9dff786e444f8a_5.bin,2026-06-26 09:36:38
PELEV-000117,PEL-000051,CGS-000051,GSTMT-000073,dc7183e7aab342788a9dff786e444f8a,JSCG-P Cristobal Colon Base Life Support,dc7183e7aab342788a9dff786e444f8a_5.bin,2026-06-26 09:36:38
PELEV-000118,PEL-000052,CGS-000052,GSTMT-000074,dc7183e7aab342788a9dff786e444f8a,JSCG-P Cristobal Colon Base Life Support,dc7183e7aab342788a9dff786e444f8a_5.bin,2026-06-26 09:36:38
PELEV-000119,PEL-000053,CGS-000053,GSTMT-000075,dc7183e7aab342788a9dff786e444f8a,JSCG-P Cristobal Colon Base Life Support,dc7183e7aab342788a9dff786e444f8a_5.bin,2026-06-26 09:36:38
PELEV-000120,PEL-000054,CGS-000054,GSTMT-000084,dc7183e7aab342788a9dff786e444f8a,JSCG-P Cristobal Colon Base Life Support,dc7183e7aab342788a9dff786e444f8a_6.bin,2026-06-26 09:36:38
PELEV-000121,PEL-000054,CGS-000054,GSTMT-000232,3164fcc003e84650b53a7bdb56485b05,"USAG DHR, Fort Bragg ID Card Services",3164fcc003e84650b53a7bdb56485b05_4.bin,2026-06-26 09:36:38
PELEV-000122,PEL-000055,CGS-000055,GSTMT-000085,b9d0ecdbad264ff4a301649e05fdf09f,Socket Head Cap Screws,b9d0ecdbad264ff4a301649e05fdf09f_2.bin,2026-06-26 09:36:38
PELEV-000123,PEL-000056,CGS-000056,GSTMT-000086,b9d0ecdbad264ff4a301649e05fdf09f,Socket Head Cap Screws,b9d0ecdbad264ff4a301649e05fdf09f_2.bin,2026-06-26 09:36:38
PELEV-000124,PEL-000056,CGS-000056,GSTMT-000286,f29a122869e64fa19982e9655482f397,Hex Jam Nuts,f29a122869e64fa19982e9655482f397_2.bin,2026-06-26 09:36:38
PELEV-000125,PEL-000057,CGS-000057,GSTMT-000087,b9d0ecdbad264ff4a301649e05fdf09f,Socket Head Cap Screws,b9d0ecdbad264ff4a301649e05fdf09f_2.bin,2026-06-26 09:36:38
PELEV-000126,PEL-000057,CGS-000057,GSTMT-000287,f29a122869e64fa19982e9655482f397,Hex Jam Nuts,f29a122869e64fa19982e9655482f397_2.bin,2026-06-26 09:36:38
PELEV-000127,PEL-000058,CGS-000058,GSTMT-000088,b9d0ecdbad264ff4a301649e05fdf09f,Socket Head Cap Screws,b9d0ecdbad264ff4a301649e05fdf09f_2.bin,2026-06-26 09:36:38
PELEV-000128,PEL-000058,CGS-000058,GSTMT-000288,f29a122869e64fa19982e9655482f397,Hex Jam Nuts,f29a122869e64fa19982e9655482f397_2.bin,2026-06-26 09:36:38
PELEV-000129,PEL-000059,CGS-000059,GSTMT-000089,b9d0ecdbad264ff4a301649e05fdf09f,Socket Head Cap Screws,b9d0ecdbad264ff4a301649e05fdf09f_2.bin,2026-06-26 09:36:38
PELEV-000130,PEL-000059,CGS-000059,GSTMT-000289,f29a122869e64fa19982e9655482f397,Hex Jam Nuts,f29a122869e64fa19982e9655482f397_2.bin,2026-06-26 09:36:38
PELEV-000131,PEL-000060,CGS-000060,GSTMT-000090,b9d0ecdbad264ff4a301649e05fdf09f,Socket Head Cap Screws,b9d0ecdbad264ff4a301649e05fdf09f_2.bin,2026-06-26 09:36:38
PELEV-000132,PEL-000060,CGS-000060,GSTMT-000290,f29a122869e64fa19982e9655482f397,Hex Jam Nuts,f29a122869e64fa19982e9655482f397_2.bin,2026-06-26 09:36:38
PELEV-000133,PEL-000061,CGS-000061,GSTMT-000091,b9d0ecdbad264ff4a301649e05fdf09f,Socket Head Cap Screws,b9d0ecdbad264ff4a301649e05fdf09f_2.bin,2026-06-26 09:36:38
PELEV-000134,PEL-000061,CGS-000061,GSTMT-000092,b9d0ecdbad264ff4a301649e05fdf09f,Socket Head Cap Screws,b9d0ecdbad264ff4a301649e05fdf09f_2.bin,2026-06-26 09:36:38
PELEV-000135,PEL-000061,CGS-000061,GSTMT-000291,f29a122869e64fa19982e9655482f397,Hex Jam Nuts,f29a122869e64fa19982e9655482f397_2.bin,2026-06-26 09:36:38
PELEV-000136,PEL-000061,CGS-000061,GSTMT-000292,f29a122869e64fa19982e9655482f397,Hex Jam Nuts,f29a122869e64fa19982e9655482f397_2.bin,2026-06-26 09:36:38
PELEV-000137,PEL-000062,CGS-000062,GSTMT-000093,b9d0ecdbad264ff4a301649e05fdf09f,Socket Head Cap Screws,b9d0ecdbad264ff4a301649e05fdf09f_2.bin,2026-06-26 09:36:38
PELEV-000138,PEL-000062,CGS-000062,GSTMT-000293,f29a122869e64fa19982e9655482f397,Hex Jam Nuts,f29a122869e64fa19982e9655482f397_2.bin,2026-06-26 09:36:38
PELEV-000139,PEL-000063,CGS-000063,GSTMT-000094,b9d0ecdbad264ff4a301649e05fdf09f,Socket Head Cap Screws,b9d0ecdbad264ff4a301649e05fdf09f_3.bin,2026-06-26 09:36:38
PELEV-000140,PEL-000063,CGS-000063,GSTMT-000105,b9d0ecdbad264ff4a301649e05fdf09f,Socket Head Cap Screws,b9d0ecdbad264ff4a301649e05fdf09f_5.bin,2026-06-26 09:36:38
PELEV-000141,PEL-000064,CGS-000064,GSTMT-000095,b9d0ecdbad264ff4a301649e05fdf09f,Socket Head Cap Screws,b9d0ecdbad264ff4a301649e05fdf09f_3.bin,2026-06-26 09:36:38
PELEV-000142,PEL-000065,CGS-000065,GSTMT-000096,b9d0ecdbad264ff4a301649e05fdf09f,Socket Head Cap Screws,b9d0ecdbad264ff4a301649e05fdf09f_3.bin,2026-06-26 09:36:38
PELEV-000143,PEL-000065,CGS-000065,GSTMT-000107,b9d0ecdbad264ff4a301649e05fdf09f,Socket Head Cap Screws,b9d0ecdbad264ff4a301649e05fdf09f_5.bin,2026-06-26 09:36:38
PELEV-000144,PEL-000066,CGS-000066,GSTMT-000097,b9d0ecdbad264ff4a301649e05fdf09f,Socket Head Cap Screws,b9d0ecdbad264ff4a301649e05fdf09f_3.bin,2026-06-26 09:36:38
PELEV-000145,PEL-000066,CGS-000066,GSTMT-000108,b9d0ecdbad264ff4a301649e05fdf09f,Socket Head Cap Screws,b9d0ecdbad264ff4a301649e05fdf09f_5.bin,2026-06-26 09:36:38
PELEV-000146,PEL-000067,CGS-000067,GSTMT-000098,b9d0ecdbad264ff4a301649e05fdf09f,Socket Head Cap Screws,b9d0ecdbad264ff4a301649e05fdf09f_3.bin,2026-06-26 09:36:38
PELEV-000147,PEL-000067,CGS-000067,GSTMT-000109,b9d0ecdbad264ff4a301649e05fdf09f,Socket Head Cap Screws,b9d0ecdbad264ff4a301649e05fdf09f_5.bin,2026-06-26 09:36:38
PELEV-000148,PEL-000068,CGS-000068,GSTMT-000099,b9d0ecdbad264ff4a301649e05fdf09f,Socket Head Cap Screws,b9d0ecdbad264ff4a301649e05fdf09f_3.bin,2026-06-26 09:36:38
PELEV-000149,PEL-000068,CGS-000068,GSTMT-000110,b9d0ecdbad264ff4a301649e05fdf09f,Socket Head Cap Screws,b9d0ecdbad264ff4a301649e05fdf09f_5.bin,2026-06-26 09:36:38
PELEV-000150,PEL-000069,CGS-000069,GSTMT-000100,b9d0ecdbad264ff4a301649e05fdf09f,Socket Head Cap Screws,b9d0ecdbad264ff4a301649e05fdf09f_3.bin,2026-06-26 09:36:38
PELEV-000151,PEL-000069,CGS-000069,GSTMT-000111,b9d0ecdbad264ff4a301649e05fdf09f,Socket Head Cap Screws,b9d0ecdbad264ff4a301649e05fdf09f_5.bin,2026-06-26 09:36:38
PELEV-000152,PEL-000070,CGS-000070,GSTMT-000101,b9d0ecdbad264ff4a301649e05fdf09f,Socket Head Cap Screws,b9d0ecdbad264ff4a301649e05fdf09f_3.bin,2026-06-26 09:36:38
PELEV-000153,PEL-000070,CGS-000070,GSTMT-000102,b9d0ecdbad264ff4a301649e05fdf09f,Socket Head Cap Screws,b9d0ecdbad264ff4a301649e05fdf09f_3.bin,2026-06-26 09:36:38
PELEV-000154,PEL-000070,CGS-000070,GSTMT-000112,b9d0ecdbad264ff4a301649e05fdf09f,Socket Head Cap Screws,b9d0ecdbad264ff4a301649e05fdf09f_5.bin,2026-06-26 09:36:38
PELEV-000155,PEL-000070,CGS-000070,GSTMT-000113,b9d0ecdbad264ff4a301649e05fdf09f,Socket Head Cap Screws,b9d0ecdbad264ff4a301649e05fdf09f_5.bin,2026-06-26 09:36:38
PELEV-000156,PEL-000071,CGS-000071,GSTMT-000103,b9d0ecdbad264ff4a301649e05fdf09f,Socket Head Cap Screws,b9d0ecdbad264ff4a301649e05fdf09f_3.bin,2026-06-26 09:36:38
PELEV-000157,PEL-000071,CGS-000071,GSTMT-000114,b9d0ecdbad264ff4a301649e05fdf09f,Socket Head Cap Screws,b9d0ecdbad264ff4a301649e05fdf09f_5.bin,2026-06-26 09:36:38
PELEV-000158,PEL-000072,CGS-000072,GSTMT-000104,b9d0ecdbad264ff4a301649e05fdf09f,Socket Head Cap Screws,b9d0ecdbad264ff4a301649e05fdf09f_3.bin,2026-06-26 09:36:38
PELEV-000159,PEL-000072,CGS-000072,GSTMT-000115,b9d0ecdbad264ff4a301649e05fdf09f,Socket Head Cap Screws,b9d0ecdbad264ff4a301649e05fdf09f_5.bin,2026-06-26 09:36:38
PELEV-000160,PEL-000073,CGS-000073,GSTMT-000106,b9d0ecdbad264ff4a301649e05fdf09f,Socket Head Cap Screws,b9d0ecdbad264ff4a301649e05fdf09f_5.bin,2026-06-26 09:36:38
PELEV-000161,PEL-000074,CGS-000074,GSTMT-000116,71ca1faee86e4a5e9cbbaf154af5bd47,7195--Solar Shades - B3 PACT,71ca1faee86e4a5e9cbbaf154af5bd47_1.bin,2026-06-26 09:36:38
PELEV-000162,PEL-000075,CGS-000075,GSTMT-000117,6b408e7c185a4f70a8ed51e4fb0b3c2b,7195--Solar Shades - B3 PACT,6b408e7c185a4f70a8ed51e4fb0b3c2b_1.bin,2026-06-26 09:36:38
PELEV-000163,PEL-000076,CGS-000076,GSTMT-000118,6b408e7c185a4f70a8ed51e4fb0b3c2b,7195--Solar Shades - B3 PACT,6b408e7c185a4f70a8ed51e4fb0b3c2b_1.bin,2026-06-26 09:36:38
PELEV-000164,PEL-000077,CGS-000077,GSTMT-000119,6b408e7c185a4f70a8ed51e4fb0b3c2b,7195--Solar Shades - B3 PACT,6b408e7c185a4f70a8ed51e4fb0b3c2b_1.bin,2026-06-26 09:36:38
PELEV-000165,PEL-000078,CGS-000078,GSTMT-000120,6934753cfbdf45f1b93928b67e93355a,Non-Research Long-Term Care facility needed for the enrichment and socialization of Non-Human Primate colony,6934753cfbdf45f1b93928b67e93355a_1.bin,2026-06-26 09:36:38
PELEV-000166,PEL-000079,CGS-000079,GSTMT-000121,5f4071db397f4714a047d288a033de87,6515--Dental Panoramic Machine,5f4071db397f4714a047d288a033de87_1.bin,2026-06-26 09:36:38
PELEV-000167,PEL-000080,CGS-000080,GSTMT-000122,5f4071db397f4714a047d288a033de87,6515--Dental Panoramic Machine,5f4071db397f4714a047d288a033de87_1.bin,2026-06-26 09:36:38
PELEV-000168,PEL-000081,CGS-000081,GSTMT-000123,5f4071db397f4714a047d288a033de87,6515--Dental Panoramic Machine,5f4071db397f4714a047d288a033de87_1.bin,2026-06-26 09:36:38
PELEV-000169,PEL-000082,CGS-000082,GSTMT-000124,5f4071db397f4714a047d288a033de87,6515--Dental Panoramic Machine,5f4071db397f4714a047d288a033de87_1.bin,2026-06-26 09:36:38
PELEV-000170,PEL-000083,CGS-000083,GSTMT-000125,5f4071db397f4714a047d288a033de87,6515--Dental Panoramic Machine,5f4071db397f4714a047d288a033de87_1.bin,2026-06-26 09:36:38
PELEV-000171,PEL-000084,CGS-000084,GSTMT-000126,441459c8d2a34c49a903966dc6678ca5,Consolidated Synopsis Aggregate Materials Black Hills National Cemetery,441459c8d2a34c49a903966dc6678ca5_1.bin,2026-06-26 09:36:38
PELEV-000172,PEL-000085,CGS-000085,GSTMT-000127,441459c8d2a34c49a903966dc6678ca5,Consolidated Synopsis Aggregate Materials Black Hills National Cemetery,441459c8d2a34c49a903966dc6678ca5_1.bin,2026-06-26 09:36:38
PELEV-000173,PEL-000086,CGS-000086,GSTMT-000128,441459c8d2a34c49a903966dc6678ca5,Consolidated Synopsis Aggregate Materials Black Hills National Cemetery,441459c8d2a34c49a903966dc6678ca5_1.bin,2026-06-26 09:36:38
PELEV-000174,PEL-000087,CGS-000087,GSTMT-000129,441459c8d2a34c49a903966dc6678ca5,Consolidated Synopsis Aggregate Materials Black Hills National Cemetery,441459c8d2a34c49a903966dc6678ca5_1.bin,2026-06-26 09:36:38
PELEV-000175,PEL-000088,CGS-000088,GSTMT-000130,441459c8d2a34c49a903966dc6678ca5,Consolidated Synopsis Aggregate Materials Black Hills National Cemetery,441459c8d2a34c49a903966dc6678ca5_1.bin,2026-06-26 09:36:38
PELEV-000176,PEL-000088,CGS-000088,GSTMT-000131,441459c8d2a34c49a903966dc6678ca5,Consolidated Synopsis Aggregate Materials Black Hills National Cemetery,441459c8d2a34c49a903966dc6678ca5_1.bin,2026-06-26 09:36:38
PELEV-000177,PEL-000089,CGS-000089,GSTMT-000132,441459c8d2a34c49a903966dc6678ca5,Consolidated Synopsis Aggregate Materials Black Hills National Cemetery,441459c8d2a34c49a903966dc6678ca5_1.bin,2026-06-26 09:36:38
PELEV-000178,PEL-000090,CGS-000090,GSTMT-000133,441459c8d2a34c49a903966dc6678ca5,Consolidated Synopsis Aggregate Materials Black Hills National Cemetery,441459c8d2a34c49a903966dc6678ca5_1.bin,2026-06-26 09:36:38
PELEV-000179,PEL-000091,CGS-000091,GSTMT-000134,441459c8d2a34c49a903966dc6678ca5,Consolidated Synopsis Aggregate Materials Black Hills National Cemetery,441459c8d2a34c49a903966dc6678ca5_1.bin,2026-06-26 09:36:38
PELEV-000180,PEL-000092,CGS-000092,GSTMT-000135,441459c8d2a34c49a903966dc6678ca5,Consolidated Synopsis Aggregate Materials Black Hills National Cemetery,441459c8d2a34c49a903966dc6678ca5_4.bin,2026-06-26 09:36:38
PELEV-000181,PEL-000093,CGS-000093,GSTMT-000136,441459c8d2a34c49a903966dc6678ca5,Consolidated Synopsis Aggregate Materials Black Hills National Cemetery,441459c8d2a34c49a903966dc6678ca5_4.bin,2026-06-26 09:36:38
PELEV-000182,PEL-000094,CGS-000094,GSTMT-000137,441459c8d2a34c49a903966dc6678ca5,Consolidated Synopsis Aggregate Materials Black Hills National Cemetery,441459c8d2a34c49a903966dc6678ca5_4.bin,2026-06-26 09:36:38
PELEV-000183,PEL-000095,CGS-000095,GSTMT-000138,441459c8d2a34c49a903966dc6678ca5,Consolidated Synopsis Aggregate Materials Black Hills National Cemetery,441459c8d2a34c49a903966dc6678ca5_4.bin,2026-06-26 09:36:38
PELEV-000184,PEL-000095,CGS-000095,GSTMT-000139,441459c8d2a34c49a903966dc6678ca5,Consolidated Synopsis Aggregate Materials Black Hills National Cemetery,441459c8d2a34c49a903966dc6678ca5_4.bin,2026-06-26 09:36:38
PELEV-000185,PEL-000096,CGS-000096,GSTMT-000140,441459c8d2a34c49a903966dc6678ca5,Consolidated Synopsis Aggregate Materials Black Hills National Cemetery,441459c8d2a34c49a903966dc6678ca5_5.bin,2026-06-26 09:36:38
PELEV-000186,PEL-000097,CGS-000097,GSTMT-000141,441459c8d2a34c49a903966dc6678ca5,Consolidated Synopsis Aggregate Materials Black Hills National Cemetery,441459c8d2a34c49a903966dc6678ca5_5.bin,2026-06-26 09:36:38
PELEV-000187,PEL-000098,CGS-000098,GSTMT-000142,441459c8d2a34c49a903966dc6678ca5,Consolidated Synopsis Aggregate Materials Black Hills National Cemetery,441459c8d2a34c49a903966dc6678ca5_5.bin,2026-06-26 09:36:38
PELEV-000188,PEL-000099,CGS-000099,GSTMT-000143,441459c8d2a34c49a903966dc6678ca5,Consolidated Synopsis Aggregate Materials Black Hills National Cemetery,441459c8d2a34c49a903966dc6678ca5_5.bin,2026-06-26 09:36:38
PELEV-000189,PEL-000100,CGS-000100,GSTMT-000144,441459c8d2a34c49a903966dc6678ca5,Consolidated Synopsis Aggregate Materials Black Hills National Cemetery,441459c8d2a34c49a903966dc6678ca5_5.bin,2026-06-26 09:36:38
PELEV-000190,PEL-000101,CGS-000101,GSTMT-000145,441459c8d2a34c49a903966dc6678ca5,Consolidated Synopsis Aggregate Materials Black Hills National Cemetery,441459c8d2a34c49a903966dc6678ca5_5.bin,2026-06-26 09:36:38
PELEV-000191,PEL-000102,CGS-000102,GSTMT-000146,441459c8d2a34c49a903966dc6678ca5,Consolidated Synopsis Aggregate Materials Black Hills National Cemetery,441459c8d2a34c49a903966dc6678ca5_6.bin,2026-06-26 09:36:38
PELEV-000192,PEL-000103,CGS-000103,GSTMT-000147,441459c8d2a34c49a903966dc6678ca5,Consolidated Synopsis Aggregate Materials Black Hills National Cemetery,441459c8d2a34c49a903966dc6678ca5_6.bin,2026-06-26 09:36:38
PELEV-000193,PEL-000104,CGS-000104,GSTMT-000148,441459c8d2a34c49a903966dc6678ca5,Consolidated Synopsis Aggregate Materials Black Hills National Cemetery,441459c8d2a34c49a903966dc6678ca5_6.bin,2026-06-26 09:36:38
PELEV-000194,PEL-000104,CGS-000104,GSTMT-000149,441459c8d2a34c49a903966dc6678ca5,Consolidated Synopsis Aggregate Materials Black Hills National Cemetery,441459c8d2a34c49a903966dc6678ca5_6.bin,2026-06-26 09:36:38
PELEV-000195,PEL-000104,CGS-000104,GSTMT-000150,441459c8d2a34c49a903966dc6678ca5,Consolidated Synopsis Aggregate Materials Black Hills National Cemetery,441459c8d2a34c49a903966dc6678ca5_6.bin,2026-06-26 09:36:38
PELEV-000196,PEL-000105,CGS-000105,GSTMT-000151,441459c8d2a34c49a903966dc6678ca5,Consolidated Synopsis Aggregate Materials Black Hills National Cemetery,441459c8d2a34c49a903966dc6678ca5_6.bin,2026-06-26 09:36:38
PELEV-000197,PEL-000105,CGS-000105,GSTMT-000439,cb68614c729145b3835e8326258f5ea2,Shade Structure Canopy,cb68614c729145b3835e8326258f5ea2_3.bin,2026-06-26 09:36:38
PELEV-000198,PEL-000106,CGS-000106,GSTMT-000152,441459c8d2a34c49a903966dc6678ca5,Consolidated Synopsis Aggregate Materials Black Hills National Cemetery,441459c8d2a34c49a903966dc6678ca5_6.bin,2026-06-26 09:36:38
PELEV-000199,PEL-000107,CGS-000107,GSTMT-000153,441459c8d2a34c49a903966dc6678ca5,Consolidated Synopsis Aggregate Materials Black Hills National Cemetery,441459c8d2a34c49a903966dc6678ca5_6.bin,2026-06-26 09:36:38
PELEV-000200,PEL-000108,CGS-000108,GSTMT-000154,3b8ae850899e4ab298f3c2bff29ef889,Notice of Intent to Sole Source- Investigative Services  Houston Police Deparment,3b8ae850899e4ab298f3c2bff29ef889_1.bin,2026-06-26 09:36:38
PELEV-000201,PEL-000109,CGS-000109,GSTMT-000155,3b8ae850899e4ab298f3c2bff29ef889,Notice of Intent to Sole Source- Investigative Services  Houston Police Deparment,3b8ae850899e4ab298f3c2bff29ef889_1.bin,2026-06-26 09:36:38
PELEV-000202,PEL-000110,CGS-000110,GSTMT-000156,3b8ae850899e4ab298f3c2bff29ef889,Notice of Intent to Sole Source- Investigative Services  Houston Police Deparment,3b8ae850899e4ab298f3c2bff29ef889_1.bin,2026-06-26 09:36:38
PELEV-000203,PEL-000111,CGS-000111,GSTMT-000157,3b8ae850899e4ab298f3c2bff29ef889,Notice of Intent to Sole Source- Investigative Services  Houston Police Deparment,3b8ae850899e4ab298f3c2bff29ef889_1.bin,2026-06-26 09:36:38
PELEV-000204,PEL-000112,CGS-000112,GSTMT-000158,3986c6c299c04c119ed7d79cb2b5cef5,Request for Information: FDA IT Infrastructure Services,3986c6c299c04c119ed7d79cb2b5cef5_1.bin,2026-06-26 09:36:38
PELEV-000205,PEL-000113,CGS-000113,GSTMT-000159,3986c6c299c04c119ed7d79cb2b5cef5,Request for Information: FDA IT Infrastructure Services,3986c6c299c04c119ed7d79cb2b5cef5_1.bin,2026-06-26 09:36:38
PELEV-000206,PEL-000114,CGS-000114,GSTMT-000160,3986c6c299c04c119ed7d79cb2b5cef5,Request for Information: FDA IT Infrastructure Services,3986c6c299c04c119ed7d79cb2b5cef5_1.bin,2026-06-26 09:36:38
PELEV-000207,PEL-000115,CGS-000115,GSTMT-000161,3986c6c299c04c119ed7d79cb2b5cef5,Request for Information: FDA IT Infrastructure Services,3986c6c299c04c119ed7d79cb2b5cef5_1.bin,2026-06-26 09:36:38
PELEV-000208,PEL-000116,CGS-000116,GSTMT-000162,3986c6c299c04c119ed7d79cb2b5cef5,Request for Information: FDA IT Infrastructure Services,3986c6c299c04c119ed7d79cb2b5cef5_1.bin,2026-06-26 09:36:38
PELEV-000209,PEL-000117,CGS-000117,GSTMT-000163,3986c6c299c04c119ed7d79cb2b5cef5,Request for Information: FDA IT Infrastructure Services,3986c6c299c04c119ed7d79cb2b5cef5_1.bin,2026-06-26 09:36:38
PELEV-000210,PEL-000118,CGS-000118,GSTMT-000164,38811fa6a48a41e0979b84f46b44b030,Cape Canaveral National Cemetery Ornamental Grass Renovation and Irrigation National Shrine Project,38811fa6a48a41e0979b84f46b44b030_1.bin,2026-06-26 09:36:38
PELEV-000211,PEL-000118,CGS-000118,GSTMT-000165,38811fa6a48a41e0979b84f46b44b030,Cape Canaveral National Cemetery Ornamental Grass Renovation and Irrigation National Shrine Project,38811fa6a48a41e0979b84f46b44b030_1.bin,2026-06-26 09:36:38
PELEV-000212,PEL-000119,CGS-000119,GSTMT-000166,38811fa6a48a41e0979b84f46b44b030,Cape Canaveral National Cemetery Ornamental Grass Renovation and Irrigation National Shrine Project,38811fa6a48a41e0979b84f46b44b030_2.bin,2026-06-26 09:36:38
PELEV-000213,PEL-000120,CGS-000120,GSTMT-000167,38811fa6a48a41e0979b84f46b44b030,Cape Canaveral National Cemetery Ornamental Grass Renovation and Irrigation National Shrine Project,38811fa6a48a41e0979b84f46b44b030_2.bin,2026-06-26 09:36:38
PELEV-000214,PEL-000121,CGS-000121,GSTMT-000168,38811fa6a48a41e0979b84f46b44b030,Cape Canaveral National Cemetery Ornamental Grass Renovation and Irrigation National Shrine Project,38811fa6a48a41e0979b84f46b44b030_2.bin,2026-06-26 09:36:38
PELEV-000215,PEL-000122,CGS-000122,GSTMT-000169,38811fa6a48a41e0979b84f46b44b030,Cape Canaveral National Cemetery Ornamental Grass Renovation and Irrigation National Shrine Project,38811fa6a48a41e0979b84f46b44b030_2.bin,2026-06-26 09:36:38
PELEV-000216,PEL-000123,CGS-000123,GSTMT-000170,38811fa6a48a41e0979b84f46b44b030,Cape Canaveral National Cemetery Ornamental Grass Renovation and Irrigation National Shrine Project,38811fa6a48a41e0979b84f46b44b030_4.bin,2026-06-26 09:36:38
PELEV-000217,PEL-000124,CGS-000124,GSTMT-000171,38811fa6a48a41e0979b84f46b44b030,Cape Canaveral National Cemetery Ornamental Grass Renovation and Irrigation National Shrine Project,38811fa6a48a41e0979b84f46b44b030_4.bin,2026-06-26 09:36:38
PELEV-000218,PEL-000125,CGS-000125,GSTMT-000172,38811fa6a48a41e0979b84f46b44b030,Cape Canaveral National Cemetery Ornamental Grass Renovation and Irrigation National Shrine Project,38811fa6a48a41e0979b84f46b44b030_5.bin,2026-06-26 09:36:38
PELEV-000219,PEL-000126,CGS-000126,GSTMT-000173,38811fa6a48a41e0979b84f46b44b030,Cape Canaveral National Cemetery Ornamental Grass Renovation and Irrigation National Shrine Project,38811fa6a48a41e0979b84f46b44b030_5.bin,2026-06-26 09:36:38
PELEV-000220,PEL-000127,CGS-000127,GSTMT-000174,38811fa6a48a41e0979b84f46b44b030,Cape Canaveral National Cemetery Ornamental Grass Renovation and Irrigation National Shrine Project,38811fa6a48a41e0979b84f46b44b030_6.bin,2026-06-26 09:36:38
PELEV-000221,PEL-000128,CGS-000128,GSTMT-000175,38811fa6a48a41e0979b84f46b44b030,Cape Canaveral National Cemetery Ornamental Grass Renovation and Irrigation National Shrine Project,38811fa6a48a41e0979b84f46b44b030_6.bin,2026-06-26 09:36:38
PELEV-000222,PEL-000129,CGS-000129,GSTMT-000176,38811fa6a48a41e0979b84f46b44b030,Cape Canaveral National Cemetery Ornamental Grass Renovation and Irrigation National Shrine Project,38811fa6a48a41e0979b84f46b44b030_6.bin,2026-06-26 09:36:38
PELEV-000223,PEL-000130,CGS-000130,GSTMT-000177,38811fa6a48a41e0979b84f46b44b030,Cape Canaveral National Cemetery Ornamental Grass Renovation and Irrigation National Shrine Project,38811fa6a48a41e0979b84f46b44b030_6.bin,2026-06-26 09:36:38
PELEV-000224,PEL-000131,CGS-000131,GSTMT-000178,38811fa6a48a41e0979b84f46b44b030,Cape Canaveral National Cemetery Ornamental Grass Renovation and Irrigation National Shrine Project,38811fa6a48a41e0979b84f46b44b030_6.bin,2026-06-26 09:36:38
PELEV-000225,PEL-000132,CGS-000132,GSTMT-000179,38811fa6a48a41e0979b84f46b44b030,Cape Canaveral National Cemetery Ornamental Grass Renovation and Irrigation National Shrine Project,38811fa6a48a41e0979b84f46b44b030_6.bin,2026-06-26 09:36:38
PELEV-000226,PEL-000133,CGS-000133,GSTMT-000180,38811fa6a48a41e0979b84f46b44b030,Cape Canaveral National Cemetery Ornamental Grass Renovation and Irrigation National Shrine Project,38811fa6a48a41e0979b84f46b44b030_6.bin,2026-06-26 09:36:38
PELEV-000227,PEL-000134,CGS-000134,GSTMT-000181,38811fa6a48a41e0979b84f46b44b030,Cape Canaveral National Cemetery Ornamental Grass Renovation and Irrigation National Shrine Project,38811fa6a48a41e0979b84f46b44b030_8.bin,2026-06-26 09:36:38
PELEV-000228,PEL-000135,CGS-000135,GSTMT-000182,38811fa6a48a41e0979b84f46b44b030,Cape Canaveral National Cemetery Ornamental Grass Renovation and Irrigation National Shrine Project,38811fa6a48a41e0979b84f46b44b030_10.bin,2026-06-26 09:36:38
PELEV-000229,PEL-000136,CGS-000136,GSTMT-000183,38811fa6a48a41e0979b84f46b44b030,Cape Canaveral National Cemetery Ornamental Grass Renovation and Irrigation National Shrine Project,38811fa6a48a41e0979b84f46b44b030_10.bin,2026-06-26 09:36:38
PELEV-000230,PEL-000137,CGS-000137,GSTMT-000184,38811fa6a48a41e0979b84f46b44b030,Cape Canaveral National Cemetery Ornamental Grass Renovation and Irrigation National Shrine Project,38811fa6a48a41e0979b84f46b44b030_10.bin,2026-06-26 09:36:38
PELEV-000231,PEL-000138,CGS-000138,GSTMT-000185,38811fa6a48a41e0979b84f46b44b030,Cape Canaveral National Cemetery Ornamental Grass Renovation and Irrigation National Shrine Project,38811fa6a48a41e0979b84f46b44b030_10.bin,2026-06-26 09:36:38
PELEV-000232,PEL-000139,CGS-000139,GSTMT-000186,38811fa6a48a41e0979b84f46b44b030,Cape Canaveral National Cemetery Ornamental Grass Renovation and Irrigation National Shrine Project,38811fa6a48a41e0979b84f46b44b030_10.bin,2026-06-26 09:36:38
PELEV-000233,PEL-000140,CGS-000140,GSTMT-000187,38811fa6a48a41e0979b84f46b44b030,Cape Canaveral National Cemetery Ornamental Grass Renovation and Irrigation National Shrine Project,38811fa6a48a41e0979b84f46b44b030_11.bin,2026-06-26 09:36:38
PELEV-000234,PEL-000141,CGS-000141,GSTMT-000188,38811fa6a48a41e0979b84f46b44b030,Cape Canaveral National Cemetery Ornamental Grass Renovation and Irrigation National Shrine Project,38811fa6a48a41e0979b84f46b44b030_11.bin,2026-06-26 09:36:38
PELEV-000235,PEL-000142,CGS-000142,GSTMT-000189,38811fa6a48a41e0979b84f46b44b030,Cape Canaveral National Cemetery Ornamental Grass Renovation and Irrigation National Shrine Project,38811fa6a48a41e0979b84f46b44b030_11.bin,2026-06-26 09:36:38
PELEV-000236,PEL-000143,CGS-000143,GSTMT-000190,38811fa6a48a41e0979b84f46b44b030,Cape Canaveral National Cemetery Ornamental Grass Renovation and Irrigation National Shrine Project,38811fa6a48a41e0979b84f46b44b030_11.bin,2026-06-26 09:36:38
PELEV-000237,PEL-000144,CGS-000144,GSTMT-000191,38811fa6a48a41e0979b84f46b44b030,Cape Canaveral National Cemetery Ornamental Grass Renovation and Irrigation National Shrine Project,38811fa6a48a41e0979b84f46b44b030_11.bin,2026-06-26 09:36:38
PELEV-000238,PEL-000145,CGS-000145,GSTMT-000192,38811fa6a48a41e0979b84f46b44b030,Cape Canaveral National Cemetery Ornamental Grass Renovation and Irrigation National Shrine Project,38811fa6a48a41e0979b84f46b44b030_11.bin,2026-06-26 09:36:38
PELEV-000239,PEL-000146,CGS-000146,GSTMT-000193,38811fa6a48a41e0979b84f46b44b030,Cape Canaveral National Cemetery Ornamental Grass Renovation and Irrigation National Shrine Project,38811fa6a48a41e0979b84f46b44b030_11.bin,2026-06-26 09:36:38
PELEV-000240,PEL-000147,CGS-000147,GSTMT-000194,38811fa6a48a41e0979b84f46b44b030,Cape Canaveral National Cemetery Ornamental Grass Renovation and Irrigation National Shrine Project,38811fa6a48a41e0979b84f46b44b030_11.bin,2026-06-26 09:36:38
PELEV-000241,PEL-000148,CGS-000148,GSTMT-000195,38811fa6a48a41e0979b84f46b44b030,Cape Canaveral National Cemetery Ornamental Grass Renovation and Irrigation National Shrine Project,38811fa6a48a41e0979b84f46b44b030_13.bin,2026-06-26 09:36:38
PELEV-000242,PEL-000149,CGS-000149,GSTMT-000196,38811fa6a48a41e0979b84f46b44b030,Cape Canaveral National Cemetery Ornamental Grass Renovation and Irrigation National Shrine Project,38811fa6a48a41e0979b84f46b44b030_13.bin,2026-06-26 09:36:38
PELEV-000243,PEL-000150,CGS-000150,GSTMT-000197,38811fa6a48a41e0979b84f46b44b030,Cape Canaveral National Cemetery Ornamental Grass Renovation and Irrigation National Shrine Project,38811fa6a48a41e0979b84f46b44b030_13.bin,2026-06-26 09:36:38
PELEV-000244,PEL-000151,CGS-000151,GSTMT-000198,38811fa6a48a41e0979b84f46b44b030,Cape Canaveral National Cemetery Ornamental Grass Renovation and Irrigation National Shrine Project,38811fa6a48a41e0979b84f46b44b030_13.bin,2026-06-26 09:36:38
PELEV-000245,PEL-000152,CGS-000152,GSTMT-000200,38811fa6a48a41e0979b84f46b44b030,Cape Canaveral National Cemetery Ornamental Grass Renovation and Irrigation National Shrine Project,38811fa6a48a41e0979b84f46b44b030_13.bin,2026-06-26 09:36:38
PELEV-000246,PEL-000152,CGS-000152,GSTMT-000257,f33e54c1c9644aa8bb2eb283b82a85ad,31 CES n. 25 military gear lockers.,f33e54c1c9644aa8bb2eb283b82a85ad_1.bin,2026-06-26 09:36:38
PELEV-000247,PEL-000152,CGS-000152,GSTMT-000266,f33e54c1c9644aa8bb2eb283b82a85ad,31 CES n. 25 military gear lockers.,f33e54c1c9644aa8bb2eb283b82a85ad_3.bin,2026-06-26 09:36:38
PELEV-000248,PEL-000152,CGS-000152,GSTMT-000459,c502adb5aeb8463f88d90c9be98eed6e,N--George Washington Birthplace National Monument- RE,c502adb5aeb8463f88d90c9be98eed6e_3.bin,2026-06-26 09:36:38
PELEV-000249,PEL-000152,CGS-000152,GSTMT-000625,9bca2be24fb64fbe833ab48ae2b41b2a,Atlanta Job Corps Center Caretaker and Security Services,9bca2be24fb64fbe833ab48ae2b41b2a_7.bin,2026-06-26 09:36:38
PELEV-000250,PEL-000153,CGS-000153,GSTMT-000202,38811fa6a48a41e0979b84f46b44b030,Cape Canaveral National Cemetery Ornamental Grass Renovation and Irrigation National Shrine Project,38811fa6a48a41e0979b84f46b44b030_13.bin,2026-06-26 09:36:38
PELEV-000251,PEL-000154,CGS-000154,GSTMT-000203,38811fa6a48a41e0979b84f46b44b030,Cape Canaveral National Cemetery Ornamental Grass Renovation and Irrigation National Shrine Project,38811fa6a48a41e0979b84f46b44b030_14.bin,2026-06-26 09:36:38
PELEV-000252,PEL-000155,CGS-000155,GSTMT-000204,38811fa6a48a41e0979b84f46b44b030,Cape Canaveral National Cemetery Ornamental Grass Renovation and Irrigation National Shrine Project,38811fa6a48a41e0979b84f46b44b030_14.bin,2026-06-26 09:36:38
PELEV-000253,PEL-000156,CGS-000156,GSTMT-000205,38811fa6a48a41e0979b84f46b44b030,Cape Canaveral National Cemetery Ornamental Grass Renovation and Irrigation National Shrine Project,38811fa6a48a41e0979b84f46b44b030_15.bin,2026-06-26 09:36:38
PELEV-000254,PEL-000157,CGS-000157,GSTMT-000206,38811fa6a48a41e0979b84f46b44b030,Cape Canaveral National Cemetery Ornamental Grass Renovation and Irrigation National Shrine Project,38811fa6a48a41e0979b84f46b44b030_15.bin,2026-06-26 09:36:38
PELEV-000255,PEL-000158,CGS-000158,GSTMT-000207,38811fa6a48a41e0979b84f46b44b030,Cape Canaveral National Cemetery Ornamental Grass Renovation and Irrigation National Shrine Project,38811fa6a48a41e0979b84f46b44b030_15.bin,2026-06-26 09:36:38
PELEV-000256,PEL-000159,CGS-000159,GSTMT-000208,38811fa6a48a41e0979b84f46b44b030,Cape Canaveral National Cemetery Ornamental Grass Renovation and Irrigation National Shrine Project,38811fa6a48a41e0979b84f46b44b030_15.bin,2026-06-26 09:36:38
PELEV-000257,PEL-000160,CGS-000160,GSTMT-000209,38811fa6a48a41e0979b84f46b44b030,Cape Canaveral National Cemetery Ornamental Grass Renovation and Irrigation National Shrine Project,38811fa6a48a41e0979b84f46b44b030_15.bin,2026-06-26 09:36:38
PELEV-000258,PEL-000161,CGS-000161,GSTMT-000210,38811fa6a48a41e0979b84f46b44b030,Cape Canaveral National Cemetery Ornamental Grass Renovation and Irrigation National Shrine Project,38811fa6a48a41e0979b84f46b44b030_16.bin,2026-06-26 09:36:38
PELEV-000259,PEL-000162,CGS-000162,GSTMT-000211,38811fa6a48a41e0979b84f46b44b030,Cape Canaveral National Cemetery Ornamental Grass Renovation and Irrigation National Shrine Project,38811fa6a48a41e0979b84f46b44b030_16.bin,2026-06-26 09:36:38
PELEV-000260,PEL-000163,CGS-000163,GSTMT-000212,38811fa6a48a41e0979b84f46b44b030,Cape Canaveral National Cemetery Ornamental Grass Renovation and Irrigation National Shrine Project,38811fa6a48a41e0979b84f46b44b030_16.bin,2026-06-26 09:36:38
PELEV-000261,PEL-000164,CGS-000164,GSTMT-000213,38811fa6a48a41e0979b84f46b44b030,Cape Canaveral National Cemetery Ornamental Grass Renovation and Irrigation National Shrine Project,38811fa6a48a41e0979b84f46b44b030_16.bin,2026-06-26 09:36:38
PELEV-000262,PEL-000165,CGS-000165,GSTMT-000214,38811fa6a48a41e0979b84f46b44b030,Cape Canaveral National Cemetery Ornamental Grass Renovation and Irrigation National Shrine Project,38811fa6a48a41e0979b84f46b44b030_16.bin,2026-06-26 09:36:38
PELEV-000263,PEL-000166,CGS-000166,GSTMT-000215,3164fcc003e84650b53a7bdb56485b05,"USAG DHR, Fort Bragg ID Card Services",3164fcc003e84650b53a7bdb56485b05_1.bin,2026-06-26 09:36:38
PELEV-000264,PEL-000166,CGS-000166,GSTMT-000216,3164fcc003e84650b53a7bdb56485b05,"USAG DHR, Fort Bragg ID Card Services",3164fcc003e84650b53a7bdb56485b05_1.bin,2026-06-26 09:36:38
PELEV-000265,PEL-000167,CGS-000167,GSTMT-000217,3164fcc003e84650b53a7bdb56485b05,"USAG DHR, Fort Bragg ID Card Services",3164fcc003e84650b53a7bdb56485b05_1.bin,2026-06-26 09:36:38
PELEV-000266,PEL-000168,CGS-000168,GSTMT-000218,3164fcc003e84650b53a7bdb56485b05,"USAG DHR, Fort Bragg ID Card Services",3164fcc003e84650b53a7bdb56485b05_1.bin,2026-06-26 09:36:38
PELEV-000267,PEL-000169,CGS-000169,GSTMT-000219,3164fcc003e84650b53a7bdb56485b05,"USAG DHR, Fort Bragg ID Card Services",3164fcc003e84650b53a7bdb56485b05_1.bin,2026-06-26 09:36:38
PELEV-000268,PEL-000170,CGS-000170,GSTMT-000233,09ce44adca35468fb46ab77206c9afb7,6515--NetApp,09ce44adca35468fb46ab77206c9afb7_1.bin,2026-06-26 09:36:38
PELEV-000269,PEL-000170,CGS-000170,GSTMT-000244,09ce44adca35468fb46ab77206c9afb7,6515--NetApp,09ce44adca35468fb46ab77206c9afb7_3.bin,2026-06-26 09:36:38
PELEV-000270,PEL-000171,CGS-000171,GSTMT-000234,09ce44adca35468fb46ab77206c9afb7,6515--NetApp,09ce44adca35468fb46ab77206c9afb7_2.bin,2026-06-26 09:36:38
PELEV-000271,PEL-000172,CGS-000172,GSTMT-000235,09ce44adca35468fb46ab77206c9afb7,6515--NetApp,09ce44adca35468fb46ab77206c9afb7_2.bin,2026-06-26 09:36:38
PELEV-000272,PEL-000172,CGS-000172,GSTMT-000236,09ce44adca35468fb46ab77206c9afb7,6515--NetApp,09ce44adca35468fb46ab77206c9afb7_2.bin,2026-06-26 09:36:38
PELEV-000273,PEL-000173,CGS-000173,GSTMT-000237,09ce44adca35468fb46ab77206c9afb7,6515--NetApp,09ce44adca35468fb46ab77206c9afb7_2.bin,2026-06-26 09:36:38
PELEV-000274,PEL-000174,CGS-000174,GSTMT-000238,09ce44adca35468fb46ab77206c9afb7,6515--NetApp,09ce44adca35468fb46ab77206c9afb7_2.bin,2026-06-26 09:36:38
PELEV-000275,PEL-000174,CGS-000174,GSTMT-000239,09ce44adca35468fb46ab77206c9afb7,6515--NetApp,09ce44adca35468fb46ab77206c9afb7_2.bin,2026-06-26 09:36:38
PELEV-000276,PEL-000175,CGS-000175,GSTMT-000240,09ce44adca35468fb46ab77206c9afb7,6515--NetApp,09ce44adca35468fb46ab77206c9afb7_2.bin,2026-06-26 09:36:38
PELEV-000277,PEL-000176,CGS-000176,GSTMT-000241,09ce44adca35468fb46ab77206c9afb7,6515--NetApp,09ce44adca35468fb46ab77206c9afb7_2.bin,2026-06-26 09:36:38
PELEV-000278,PEL-000177,CGS-000177,GSTMT-000242,09ce44adca35468fb46ab77206c9afb7,6515--NetApp,09ce44adca35468fb46ab77206c9afb7_2.bin,2026-06-26 09:36:38
PELEV-000279,PEL-000178,CGS-000178,GSTMT-000243,09ce44adca35468fb46ab77206c9afb7,6515--NetApp,09ce44adca35468fb46ab77206c9afb7_2.bin,2026-06-26 09:36:38
PELEV-000280,PEL-000179,CGS-000179,GSTMT-000245,09ce44adca35468fb46ab77206c9afb7,6515--NetApp,09ce44adca35468fb46ab77206c9afb7_4.bin,2026-06-26 09:36:38
PELEV-000281,PEL-000179,CGS-000179,GSTMT-000246,09ce44adca35468fb46ab77206c9afb7,6515--NetApp,09ce44adca35468fb46ab77206c9afb7_4.bin,2026-06-26 09:36:38
PELEV-000282,PEL-000180,CGS-000180,GSTMT-000247,09ce44adca35468fb46ab77206c9afb7,6515--NetApp,09ce44adca35468fb46ab77206c9afb7_4.bin,2026-06-26 09:36:38
PELEV-000283,PEL-000181,CGS-000181,GSTMT-000248,09ce44adca35468fb46ab77206c9afb7,6515--NetApp,09ce44adca35468fb46ab77206c9afb7_4.bin,2026-06-26 09:36:38
PELEV-000284,PEL-000182,CGS-000182,GSTMT-000249,09ce44adca35468fb46ab77206c9afb7,6515--NetApp,09ce44adca35468fb46ab77206c9afb7_4.bin,2026-06-26 09:36:38
PELEV-000285,PEL-000183,CGS-000183,GSTMT-000250,09ce44adca35468fb46ab77206c9afb7,6515--NetApp,09ce44adca35468fb46ab77206c9afb7_4.bin,2026-06-26 09:36:38
PELEV-000286,PEL-000184,CGS-000184,GSTMT-000251,09ce44adca35468fb46ab77206c9afb7,6515--NetApp,09ce44adca35468fb46ab77206c9afb7_4.bin,2026-06-26 09:36:38
PELEV-000287,PEL-000185,CGS-000185,GSTMT-000252,f33e54c1c9644aa8bb2eb283b82a85ad,31 CES n. 25 military gear lockers.,f33e54c1c9644aa8bb2eb283b82a85ad_1.bin,2026-06-26 09:36:38
PELEV-000288,PEL-000185,CGS-000185,GSTMT-000261,f33e54c1c9644aa8bb2eb283b82a85ad,31 CES n. 25 military gear lockers.,f33e54c1c9644aa8bb2eb283b82a85ad_3.bin,2026-06-26 09:36:38
PELEV-000289,PEL-000186,CGS-000186,GSTMT-000253,f33e54c1c9644aa8bb2eb283b82a85ad,31 CES n. 25 military gear lockers.,f33e54c1c9644aa8bb2eb283b82a85ad_1.bin,2026-06-26 09:36:38
PELEV-000290,PEL-000186,CGS-000186,GSTMT-000262,f33e54c1c9644aa8bb2eb283b82a85ad,31 CES n. 25 military gear lockers.,f33e54c1c9644aa8bb2eb283b82a85ad_3.bin,2026-06-26 09:36:38
PELEV-000291,PEL-000187,CGS-000187,GSTMT-000254,f33e54c1c9644aa8bb2eb283b82a85ad,31 CES n. 25 military gear lockers.,f33e54c1c9644aa8bb2eb283b82a85ad_1.bin,2026-06-26 09:36:38
PELEV-000292,PEL-000187,CGS-000187,GSTMT-000263,f33e54c1c9644aa8bb2eb283b82a85ad,31 CES n. 25 military gear lockers.,f33e54c1c9644aa8bb2eb283b82a85ad_3.bin,2026-06-26 09:36:38
PELEV-000293,PEL-000188,CGS-000188,GSTMT-000260,f33e54c1c9644aa8bb2eb283b82a85ad,31 CES n. 25 military gear lockers.,f33e54c1c9644aa8bb2eb283b82a85ad_2.bin,2026-06-26 09:36:38
PELEV-000294,PEL-000189,CGS-000189,GSTMT-000269,f33e54c1c9644aa8bb2eb283b82a85ad,31 CES n. 25 military gear lockers.,f33e54c1c9644aa8bb2eb283b82a85ad_4.bin,2026-06-26 09:36:38
PELEV-000295,PEL-000190,CGS-000190,GSTMT-000270,f33e54c1c9644aa8bb2eb283b82a85ad,31 CES n. 25 military gear lockers.,f33e54c1c9644aa8bb2eb283b82a85ad_4.bin,2026-06-26 09:36:38
PELEV-000296,PEL-000191,CGS-000191,GSTMT-000271,f33e54c1c9644aa8bb2eb283b82a85ad,31 CES n. 25 military gear lockers.,f33e54c1c9644aa8bb2eb283b82a85ad_5.bin,2026-06-26 09:36:38
PELEV-000297,PEL-000192,CGS-000192,GSTMT-000272,f33e54c1c9644aa8bb2eb283b82a85ad,31 CES n. 25 military gear lockers.,f33e54c1c9644aa8bb2eb283b82a85ad_6.bin,2026-06-26 09:36:38
PELEV-000298,PEL-000193,CGS-000193,GSTMT-000273,f33e54c1c9644aa8bb2eb283b82a85ad,31 CES n. 25 military gear lockers.,f33e54c1c9644aa8bb2eb283b82a85ad_6.bin,2026-06-26 09:36:38
PELEV-000299,PEL-000194,CGS-000194,GSTMT-000274,f33e54c1c9644aa8bb2eb283b82a85ad,31 CES n. 25 military gear lockers.,f33e54c1c9644aa8bb2eb283b82a85ad_6.bin,2026-06-26 09:36:38
PELEV-000300,PEL-000195,CGS-000195,GSTMT-000275,f33e54c1c9644aa8bb2eb283b82a85ad,31 CES n. 25 military gear lockers.,f33e54c1c9644aa8bb2eb283b82a85ad_6.bin,2026-06-26 09:36:38
PELEV-000301,PEL-000196,CGS-000196,GSTMT-000276,f33e54c1c9644aa8bb2eb283b82a85ad,31 CES n. 25 military gear lockers.,f33e54c1c9644aa8bb2eb283b82a85ad_6.bin,2026-06-26 09:36:38
PELEV-000302,PEL-000197,CGS-000197,GSTMT-000277,f33e54c1c9644aa8bb2eb283b82a85ad,31 CES n. 25 military gear lockers.,f33e54c1c9644aa8bb2eb283b82a85ad_6.bin,2026-06-26 09:36:38
PELEV-000303,PEL-000198,CGS-000198,GSTMT-000278,f33e54c1c9644aa8bb2eb283b82a85ad,31 CES n. 25 military gear lockers.,f33e54c1c9644aa8bb2eb283b82a85ad_7.bin,2026-06-26 09:36:38
PELEV-000304,PEL-000199,CGS-000199,GSTMT-000279,f33e54c1c9644aa8bb2eb283b82a85ad,31 CES n. 25 military gear lockers.,f33e54c1c9644aa8bb2eb283b82a85ad_7.bin,2026-06-26 09:36:38
PELEV-000305,PEL-000200,CGS-000200,GSTMT-000280,f33e54c1c9644aa8bb2eb283b82a85ad,31 CES n. 25 military gear lockers.,f33e54c1c9644aa8bb2eb283b82a85ad_7.bin,2026-06-26 09:36:38
PELEV-000306,PEL-000201,CGS-000201,GSTMT-000281,f29a122869e64fa19982e9655482f397,Hex Jam Nuts,f29a122869e64fa19982e9655482f397_1.bin,2026-06-26 09:36:38
PELEV-000307,PEL-000202,CGS-000202,GSTMT-000282,f29a122869e64fa19982e9655482f397,Hex Jam Nuts,f29a122869e64fa19982e9655482f397_1.bin,2026-06-26 09:36:38
PELEV-000308,PEL-000203,CGS-000203,GSTMT-000283,f29a122869e64fa19982e9655482f397,Hex Jam Nuts,f29a122869e64fa19982e9655482f397_1.bin,2026-06-26 09:36:38
PELEV-000309,PEL-000204,CGS-000204,GSTMT-000284,f29a122869e64fa19982e9655482f397,Hex Jam Nuts,f29a122869e64fa19982e9655482f397_1.bin,2026-06-26 09:36:38
PELEV-000310,PEL-000205,CGS-000205,GSTMT-000285,f29a122869e64fa19982e9655482f397,Hex Jam Nuts,f29a122869e64fa19982e9655482f397_2.bin,2026-06-26 09:36:38
PELEV-000311,PEL-000206,CGS-000206,GSTMT-000294,f29a122869e64fa19982e9655482f397,Hex Jam Nuts,f29a122869e64fa19982e9655482f397_3.bin,2026-06-26 09:36:38
PELEV-000312,PEL-000207,CGS-000207,GSTMT-000295,f29a122869e64fa19982e9655482f397,Hex Jam Nuts,f29a122869e64fa19982e9655482f397_3.bin,2026-06-26 09:36:38
PELEV-000313,PEL-000208,CGS-000208,GSTMT-000296,f29a122869e64fa19982e9655482f397,Hex Jam Nuts,f29a122869e64fa19982e9655482f397_3.bin,2026-06-26 09:36:38
PELEV-000314,PEL-000209,CGS-000209,GSTMT-000297,f29a122869e64fa19982e9655482f397,Hex Jam Nuts,f29a122869e64fa19982e9655482f397_3.bin,2026-06-26 09:36:38
PELEV-000315,PEL-000210,CGS-000210,GSTMT-000298,f29a122869e64fa19982e9655482f397,Hex Jam Nuts,f29a122869e64fa19982e9655482f397_3.bin,2026-06-26 09:36:38
PELEV-000316,PEL-000211,CGS-000211,GSTMT-000299,dedd02b3424a4149b2823ccee9a76082,Patient Ceiling Lift Slings Replacement,dedd02b3424a4149b2823ccee9a76082_1.bin,2026-06-26 09:36:38
PELEV-000317,PEL-000212,CGS-000212,GSTMT-000300,dedd02b3424a4149b2823ccee9a76082,Patient Ceiling Lift Slings Replacement,dedd02b3424a4149b2823ccee9a76082_1.bin,2026-06-26 09:36:38
PELEV-000318,PEL-000213,CGS-000213,GSTMT-000301,dedd02b3424a4149b2823ccee9a76082,Patient Ceiling Lift Slings Replacement,dedd02b3424a4149b2823ccee9a76082_1.bin,2026-06-26 09:36:38
PELEV-000319,PEL-000214,CGS-000214,GSTMT-000302,dedd02b3424a4149b2823ccee9a76082,Patient Ceiling Lift Slings Replacement,dedd02b3424a4149b2823ccee9a76082_1.bin,2026-06-26 09:36:38
PELEV-000320,PEL-000215,CGS-000215,GSTMT-000303,dd067ed7e23d469dab6e5a622c30460b,Marketplace for Acquisition of Professional Services (MAPS),dd067ed7e23d469dab6e5a622c30460b_2.bin,2026-06-26 09:36:38
PELEV-000321,PEL-000215,CGS-000215,GSTMT-000307,dd067ed7e23d469dab6e5a622c30460b,Marketplace for Acquisition of Professional Services (MAPS),dd067ed7e23d469dab6e5a622c30460b_5.bin,2026-06-26 09:36:38
PELEV-000322,PEL-000215,CGS-000215,GSTMT-000311,dd067ed7e23d469dab6e5a622c30460b,Marketplace for Acquisition of Professional Services (MAPS),dd067ed7e23d469dab6e5a622c30460b_6.bin,2026-06-26 09:36:38
PELEV-000323,PEL-000215,CGS-000215,GSTMT-000315,dd067ed7e23d469dab6e5a622c30460b,Marketplace for Acquisition of Professional Services (MAPS),dd067ed7e23d469dab6e5a622c30460b_9.bin,2026-06-26 09:36:38
PELEV-000324,PEL-000215,CGS-000215,GSTMT-000324,dd067ed7e23d469dab6e5a622c30460b,Marketplace for Acquisition of Professional Services (MAPS),dd067ed7e23d469dab6e5a622c30460b_14.bin,2026-06-26 09:36:38
PELEV-000325,PEL-000215,CGS-000215,GSTMT-000328,dd067ed7e23d469dab6e5a622c30460b,Marketplace for Acquisition of Professional Services (MAPS),dd067ed7e23d469dab6e5a622c30460b_15.bin,2026-06-26 09:36:38
PELEV-000326,PEL-000215,CGS-000215,GSTMT-000332,dd067ed7e23d469dab6e5a622c30460b,Marketplace for Acquisition of Professional Services (MAPS),dd067ed7e23d469dab6e5a622c30460b_17.bin,2026-06-26 09:36:38
PELEV-000327,PEL-000215,CGS-000215,GSTMT-000350,dd067ed7e23d469dab6e5a622c30460b,Marketplace for Acquisition of Professional Services (MAPS),dd067ed7e23d469dab6e5a622c30460b_22.bin,2026-06-26 09:36:38
PELEV-000328,PEL-000215,CGS-000215,GSTMT-000354,dd067ed7e23d469dab6e5a622c30460b,Marketplace for Acquisition of Professional Services (MAPS),dd067ed7e23d469dab6e5a622c30460b_23.bin,2026-06-26 09:36:38
PELEV-000329,PEL-000215,CGS-000215,GSTMT-000358,dd067ed7e23d469dab6e5a622c30460b,Marketplace for Acquisition of Professional Services (MAPS),dd067ed7e23d469dab6e5a622c30460b_24.bin,2026-06-26 09:36:38
PELEV-000330,PEL-000216,CGS-000216,GSTMT-000304,dd067ed7e23d469dab6e5a622c30460b,Marketplace for Acquisition of Professional Services (MAPS),dd067ed7e23d469dab6e5a622c30460b_2.bin,2026-06-26 09:36:38
PELEV-000331,PEL-000216,CGS-000216,GSTMT-000308,dd067ed7e23d469dab6e5a622c30460b,Marketplace for Acquisition of Professional Services (MAPS),dd067ed7e23d469dab6e5a622c30460b_5.bin,2026-06-26 09:36:38
PELEV-000332,PEL-000216,CGS-000216,GSTMT-000312,dd067ed7e23d469dab6e5a622c30460b,Marketplace for Acquisition of Professional Services (MAPS),dd067ed7e23d469dab6e5a622c30460b_6.bin,2026-06-26 09:36:38
PELEV-000333,PEL-000216,CGS-000216,GSTMT-000316,dd067ed7e23d469dab6e5a622c30460b,Marketplace for Acquisition of Professional Services (MAPS),dd067ed7e23d469dab6e5a622c30460b_9.bin,2026-06-26 09:36:38
PELEV-000334,PEL-000216,CGS-000216,GSTMT-000325,dd067ed7e23d469dab6e5a622c30460b,Marketplace for Acquisition of Professional Services (MAPS),dd067ed7e23d469dab6e5a622c30460b_14.bin,2026-06-26 09:36:38
PELEV-000335,PEL-000216,CGS-000216,GSTMT-000329,dd067ed7e23d469dab6e5a622c30460b,Marketplace for Acquisition of Professional Services (MAPS),dd067ed7e23d469dab6e5a622c30460b_15.bin,2026-06-26 09:36:38
PELEV-000336,PEL-000216,CGS-000216,GSTMT-000333,dd067ed7e23d469dab6e5a622c30460b,Marketplace for Acquisition of Professional Services (MAPS),dd067ed7e23d469dab6e5a622c30460b_17.bin,2026-06-26 09:36:38
PELEV-000337,PEL-000216,CGS-000216,GSTMT-000351,dd067ed7e23d469dab6e5a622c30460b,Marketplace for Acquisition of Professional Services (MAPS),dd067ed7e23d469dab6e5a622c30460b_22.bin,2026-06-26 09:36:38
PELEV-000338,PEL-000216,CGS-000216,GSTMT-000355,dd067ed7e23d469dab6e5a622c30460b,Marketplace for Acquisition of Professional Services (MAPS),dd067ed7e23d469dab6e5a622c30460b_23.bin,2026-06-26 09:36:38
PELEV-000339,PEL-000216,CGS-000216,GSTMT-000359,dd067ed7e23d469dab6e5a622c30460b,Marketplace for Acquisition of Professional Services (MAPS),dd067ed7e23d469dab6e5a622c30460b_24.bin,2026-06-26 09:36:38
PELEV-000340,PEL-000217,CGS-000217,GSTMT-000305,dd067ed7e23d469dab6e5a622c30460b,Marketplace for Acquisition of Professional Services (MAPS),dd067ed7e23d469dab6e5a622c30460b_2.bin,2026-06-26 09:36:38
PELEV-000341,PEL-000217,CGS-000217,GSTMT-000306,dd067ed7e23d469dab6e5a622c30460b,Marketplace for Acquisition of Professional Services (MAPS),dd067ed7e23d469dab6e5a622c30460b_2.bin,2026-06-26 09:36:38
PELEV-000342,PEL-000217,CGS-000217,GSTMT-000309,dd067ed7e23d469dab6e5a622c30460b,Marketplace for Acquisition of Professional Services (MAPS),dd067ed7e23d469dab6e5a622c30460b_5.bin,2026-06-26 09:36:38
PELEV-000343,PEL-000217,CGS-000217,GSTMT-000310,dd067ed7e23d469dab6e5a622c30460b,Marketplace for Acquisition of Professional Services (MAPS),dd067ed7e23d469dab6e5a622c30460b_5.bin,2026-06-26 09:36:38
PELEV-000344,PEL-000217,CGS-000217,GSTMT-000313,dd067ed7e23d469dab6e5a622c30460b,Marketplace for Acquisition of Professional Services (MAPS),dd067ed7e23d469dab6e5a622c30460b_6.bin,2026-06-26 09:36:38
PELEV-000345,PEL-000217,CGS-000217,GSTMT-000314,dd067ed7e23d469dab6e5a622c30460b,Marketplace for Acquisition of Professional Services (MAPS),dd067ed7e23d469dab6e5a622c30460b_6.bin,2026-06-26 09:36:38
PELEV-000346,PEL-000217,CGS-000217,GSTMT-000317,dd067ed7e23d469dab6e5a622c30460b,Marketplace for Acquisition of Professional Services (MAPS),dd067ed7e23d469dab6e5a622c30460b_9.bin,2026-06-26 09:36:38
PELEV-000347,PEL-000217,CGS-000217,GSTMT-000318,dd067ed7e23d469dab6e5a622c30460b,Marketplace for Acquisition of Professional Services (MAPS),dd067ed7e23d469dab6e5a622c30460b_9.bin,2026-06-26 09:36:38
PELEV-000348,PEL-000217,CGS-000217,GSTMT-000326,dd067ed7e23d469dab6e5a622c30460b,Marketplace for Acquisition of Professional Services (MAPS),dd067ed7e23d469dab6e5a622c30460b_14.bin,2026-06-26 09:36:38
PELEV-000349,PEL-000217,CGS-000217,GSTMT-000327,dd067ed7e23d469dab6e5a622c30460b,Marketplace for Acquisition of Professional Services (MAPS),dd067ed7e23d469dab6e5a622c30460b_14.bin,2026-06-26 09:36:38
PELEV-000350,PEL-000217,CGS-000217,GSTMT-000330,dd067ed7e23d469dab6e5a622c30460b,Marketplace for Acquisition of Professional Services (MAPS),dd067ed7e23d469dab6e5a622c30460b_15.bin,2026-06-26 09:36:38
PELEV-000351,PEL-000217,CGS-000217,GSTMT-000331,dd067ed7e23d469dab6e5a622c30460b,Marketplace for Acquisition of Professional Services (MAPS),dd067ed7e23d469dab6e5a622c30460b_15.bin,2026-06-26 09:36:38
PELEV-000352,PEL-000217,CGS-000217,GSTMT-000334,dd067ed7e23d469dab6e5a622c30460b,Marketplace for Acquisition of Professional Services (MAPS),dd067ed7e23d469dab6e5a622c30460b_17.bin,2026-06-26 09:36:38
PELEV-000353,PEL-000217,CGS-000217,GSTMT-000335,dd067ed7e23d469dab6e5a622c30460b,Marketplace for Acquisition of Professional Services (MAPS),dd067ed7e23d469dab6e5a622c30460b_17.bin,2026-06-26 09:36:38
PELEV-000354,PEL-000217,CGS-000217,GSTMT-000352,dd067ed7e23d469dab6e5a622c30460b,Marketplace for Acquisition of Professional Services (MAPS),dd067ed7e23d469dab6e5a622c30460b_22.bin,2026-06-26 09:36:38
PELEV-000355,PEL-000217,CGS-000217,GSTMT-000353,dd067ed7e23d469dab6e5a622c30460b,Marketplace for Acquisition of Professional Services (MAPS),dd067ed7e23d469dab6e5a622c30460b_22.bin,2026-06-26 09:36:38
PELEV-000356,PEL-000217,CGS-000217,GSTMT-000356,dd067ed7e23d469dab6e5a622c30460b,Marketplace for Acquisition of Professional Services (MAPS),dd067ed7e23d469dab6e5a622c30460b_23.bin,2026-06-26 09:36:38
PELEV-000357,PEL-000217,CGS-000217,GSTMT-000357,dd067ed7e23d469dab6e5a622c30460b,Marketplace for Acquisition of Professional Services (MAPS),dd067ed7e23d469dab6e5a622c30460b_23.bin,2026-06-26 09:36:38
PELEV-000358,PEL-000217,CGS-000217,GSTMT-000360,dd067ed7e23d469dab6e5a622c30460b,Marketplace for Acquisition of Professional Services (MAPS),dd067ed7e23d469dab6e5a622c30460b_24.bin,2026-06-26 09:36:38
PELEV-000359,PEL-000217,CGS-000217,GSTMT-000361,dd067ed7e23d469dab6e5a622c30460b,Marketplace for Acquisition of Professional Services (MAPS),dd067ed7e23d469dab6e5a622c30460b_24.bin,2026-06-26 09:36:38
PELEV-000360,PEL-000218,CGS-000218,GSTMT-000319,dd067ed7e23d469dab6e5a622c30460b,Marketplace for Acquisition of Professional Services (MAPS),dd067ed7e23d469dab6e5a622c30460b_10.bin,2026-06-26 09:36:38
PELEV-000361,PEL-000218,CGS-000218,GSTMT-000320,dd067ed7e23d469dab6e5a622c30460b,Marketplace for Acquisition of Professional Services (MAPS),dd067ed7e23d469dab6e5a622c30460b_10.bin,2026-06-26 09:36:38
PELEV-000362,PEL-000219,CGS-000219,GSTMT-000321,dd067ed7e23d469dab6e5a622c30460b,Marketplace for Acquisition of Professional Services (MAPS),dd067ed7e23d469dab6e5a622c30460b_10.bin,2026-06-26 09:36:38
PELEV-000363,PEL-000220,CGS-000220,GSTMT-000322,dd067ed7e23d469dab6e5a622c30460b,Marketplace for Acquisition of Professional Services (MAPS),dd067ed7e23d469dab6e5a622c30460b_10.bin,2026-06-26 09:36:38
PELEV-000364,PEL-000221,CGS-000221,GSTMT-000323,dd067ed7e23d469dab6e5a622c30460b,Marketplace for Acquisition of Professional Services (MAPS),dd067ed7e23d469dab6e5a622c30460b_10.bin,2026-06-26 09:36:38
PELEV-000365,PEL-000222,CGS-000222,GSTMT-000336,dd067ed7e23d469dab6e5a622c30460b,Marketplace for Acquisition of Professional Services (MAPS),dd067ed7e23d469dab6e5a622c30460b_18.bin,2026-06-26 09:36:38
PELEV-000366,PEL-000222,CGS-000222,GSTMT-000337,dd067ed7e23d469dab6e5a622c30460b,Marketplace for Acquisition of Professional Services (MAPS),dd067ed7e23d469dab6e5a622c30460b_18.bin,2026-06-26 09:36:38
PELEV-000367,PEL-000223,CGS-000223,GSTMT-000338,dd067ed7e23d469dab6e5a622c30460b,Marketplace for Acquisition of Professional Services (MAPS),dd067ed7e23d469dab6e5a622c30460b_18.bin,2026-06-26 09:36:38
PELEV-000368,PEL-000224,CGS-000224,GSTMT-000339,dd067ed7e23d469dab6e5a622c30460b,Marketplace for Acquisition of Professional Services (MAPS),dd067ed7e23d469dab6e5a622c30460b_18.bin,2026-06-26 09:36:38
PELEV-000369,PEL-000225,CGS-000225,GSTMT-000340,dd067ed7e23d469dab6e5a622c30460b,Marketplace for Acquisition of Professional Services (MAPS),dd067ed7e23d469dab6e5a622c30460b_18.bin,2026-06-26 09:36:38
PELEV-000370,PEL-000226,CGS-000226,GSTMT-000341,dd067ed7e23d469dab6e5a622c30460b,Marketplace for Acquisition of Professional Services (MAPS),dd067ed7e23d469dab6e5a622c30460b_18.bin,2026-06-26 09:36:38
PELEV-000371,PEL-000227,CGS-000227,GSTMT-000342,dd067ed7e23d469dab6e5a622c30460b,Marketplace for Acquisition of Professional Services (MAPS),dd067ed7e23d469dab6e5a622c30460b_18.bin,2026-06-26 09:36:38
PELEV-000372,PEL-000228,CGS-000228,GSTMT-000343,dd067ed7e23d469dab6e5a622c30460b,Marketplace for Acquisition of Professional Services (MAPS),dd067ed7e23d469dab6e5a622c30460b_18.bin,2026-06-26 09:36:38
PELEV-000373,PEL-000229,CGS-000229,GSTMT-000344,dd067ed7e23d469dab6e5a622c30460b,Marketplace for Acquisition of Professional Services (MAPS),dd067ed7e23d469dab6e5a622c30460b_18.bin,2026-06-26 09:36:38
PELEV-000374,PEL-000230,CGS-000230,GSTMT-000345,dd067ed7e23d469dab6e5a622c30460b,Marketplace for Acquisition of Professional Services (MAPS),dd067ed7e23d469dab6e5a622c30460b_18.bin,2026-06-26 09:36:38
PELEV-000375,PEL-000231,CGS-000231,GSTMT-000346,dd067ed7e23d469dab6e5a622c30460b,Marketplace for Acquisition of Professional Services (MAPS),dd067ed7e23d469dab6e5a622c30460b_19.bin,2026-06-26 09:36:38
PELEV-000376,PEL-000232,CGS-000232,GSTMT-000347,dd067ed7e23d469dab6e5a622c30460b,Marketplace for Acquisition of Professional Services (MAPS),dd067ed7e23d469dab6e5a622c30460b_19.bin,2026-06-26 09:36:38
PELEV-000377,PEL-000233,CGS-000233,GSTMT-000348,dd067ed7e23d469dab6e5a622c30460b,Marketplace for Acquisition of Professional Services (MAPS),dd067ed7e23d469dab6e5a622c30460b_19.bin,2026-06-26 09:36:38
PELEV-000378,PEL-000234,CGS-000234,GSTMT-000349,dd067ed7e23d469dab6e5a622c30460b,Marketplace for Acquisition of Professional Services (MAPS),dd067ed7e23d469dab6e5a622c30460b_19.bin,2026-06-26 09:36:38
PELEV-000379,PEL-000235,CGS-000235,GSTMT-000362,d4b0cdaa6b81462db03813b232d2f491,NPSC Physician Services at the NNMC,d4b0cdaa6b81462db03813b232d2f491_1.bin,2026-06-26 09:36:38
PELEV-000380,PEL-000236,CGS-000236,GSTMT-000363,d4b0cdaa6b81462db03813b232d2f491,NPSC Physician Services at the NNMC,d4b0cdaa6b81462db03813b232d2f491_1.bin,2026-06-26 09:36:38
PELEV-000381,PEL-000237,CGS-000237,GSTMT-000364,d4b0cdaa6b81462db03813b232d2f491,NPSC Physician Services at the NNMC,d4b0cdaa6b81462db03813b232d2f491_1.bin,2026-06-26 09:36:38
PELEV-000382,PEL-000238,CGS-000238,GSTMT-000365,d4b0cdaa6b81462db03813b232d2f491,NPSC Physician Services at the NNMC,d4b0cdaa6b81462db03813b232d2f491_2.bin,2026-06-26 09:36:38
PELEV-000383,PEL-000239,CGS-000239,GSTMT-000366,d4b0cdaa6b81462db03813b232d2f491,NPSC Physician Services at the NNMC,d4b0cdaa6b81462db03813b232d2f491_2.bin,2026-06-26 09:36:38
PELEV-000384,PEL-000240,CGS-000240,GSTMT-000367,d4b0cdaa6b81462db03813b232d2f491,NPSC Physician Services at the NNMC,d4b0cdaa6b81462db03813b232d2f491_2.bin,2026-06-26 09:36:38
PELEV-000385,PEL-000241,CGS-000241,GSTMT-000368,d4b0cdaa6b81462db03813b232d2f491,NPSC Physician Services at the NNMC,d4b0cdaa6b81462db03813b232d2f491_2.bin,2026-06-26 09:36:38
PELEV-000386,PEL-000242,CGS-000242,GSTMT-000369,d4b0cdaa6b81462db03813b232d2f491,NPSC Physician Services at the NNMC,d4b0cdaa6b81462db03813b232d2f491_2.bin,2026-06-26 09:36:38
PELEV-000387,PEL-000243,CGS-000243,GSTMT-000370,d4b0cdaa6b81462db03813b232d2f491,NPSC Physician Services at the NNMC,d4b0cdaa6b81462db03813b232d2f491_2.bin,2026-06-26 09:36:38
PELEV-000388,PEL-000244,CGS-000244,GSTMT-000371,d4b0cdaa6b81462db03813b232d2f491,NPSC Physician Services at the NNMC,d4b0cdaa6b81462db03813b232d2f491_4.bin,2026-06-26 09:36:38
PELEV-000389,PEL-000245,CGS-000245,GSTMT-000372,d4b0cdaa6b81462db03813b232d2f491,NPSC Physician Services at the NNMC,d4b0cdaa6b81462db03813b232d2f491_4.bin,2026-06-26 09:36:38
PELEV-000390,PEL-000246,CGS-000246,GSTMT-000373,d4b0cdaa6b81462db03813b232d2f491,NPSC Physician Services at the NNMC,d4b0cdaa6b81462db03813b232d2f491_4.bin,2026-06-26 09:36:38
PELEV-000391,PEL-000247,CGS-000247,GSTMT-000374,d4b0cdaa6b81462db03813b232d2f491,NPSC Physician Services at the NNMC,d4b0cdaa6b81462db03813b232d2f491_4.bin,2026-06-26 09:36:38
PELEV-000392,PEL-000248,CGS-000248,GSTMT-000375,d4b0cdaa6b81462db03813b232d2f491,NPSC Physician Services at the NNMC,d4b0cdaa6b81462db03813b232d2f491_4.bin,2026-06-26 09:36:38
PELEV-000393,PEL-000249,CGS-000249,GSTMT-000376,d4b0cdaa6b81462db03813b232d2f491,NPSC Physician Services at the NNMC,d4b0cdaa6b81462db03813b232d2f491_5.bin,2026-06-26 09:36:38
PELEV-000394,PEL-000250,CGS-000250,GSTMT-000377,d4b0cdaa6b81462db03813b232d2f491,NPSC Physician Services at the NNMC,d4b0cdaa6b81462db03813b232d2f491_5.bin,2026-06-26 09:36:38
PELEV-000395,PEL-000250,CGS-000250,GSTMT-000378,d4b0cdaa6b81462db03813b232d2f491,NPSC Physician Services at the NNMC,d4b0cdaa6b81462db03813b232d2f491_5.bin,2026-06-26 09:36:38
PELEV-000396,PEL-000251,CGS-000251,GSTMT-000379,d4b0cdaa6b81462db03813b232d2f491,NPSC Physician Services at the NNMC,d4b0cdaa6b81462db03813b232d2f491_5.bin,2026-06-26 09:36:38
PELEV-000397,PEL-000252,CGS-000252,GSTMT-000380,d4b0cdaa6b81462db03813b232d2f491,NPSC Physician Services at the NNMC,d4b0cdaa6b81462db03813b232d2f491_5.bin,2026-06-26 09:36:38
PELEV-000398,PEL-000253,CGS-000253,GSTMT-000381,d4b0cdaa6b81462db03813b232d2f491,NPSC Physician Services at the NNMC,d4b0cdaa6b81462db03813b232d2f491_5.bin,2026-06-26 09:36:38
PELEV-000399,PEL-000254,CGS-000254,GSTMT-000382,cbb1a9af3c004dc68e36a311cbef0ff9,Preventive Maintenance Services for Anti-Climb Bi-folding Gates,cbb1a9af3c004dc68e36a311cbef0ff9_1.bin,2026-06-26 09:36:38
PELEV-000400,PEL-000255,CGS-000255,GSTMT-000383,cbb1a9af3c004dc68e36a311cbef0ff9,Preventive Maintenance Services for Anti-Climb Bi-folding Gates,cbb1a9af3c004dc68e36a311cbef0ff9_1.bin,2026-06-26 09:36:38
PELEV-000401,PEL-000256,CGS-000256,GSTMT-000384,cbb1a9af3c004dc68e36a311cbef0ff9,Preventive Maintenance Services for Anti-Climb Bi-folding Gates,cbb1a9af3c004dc68e36a311cbef0ff9_1.bin,2026-06-26 09:36:38
PELEV-000402,PEL-000257,CGS-000257,GSTMT-000385,cbb1a9af3c004dc68e36a311cbef0ff9,Preventive Maintenance Services for Anti-Climb Bi-folding Gates,cbb1a9af3c004dc68e36a311cbef0ff9_1.bin,2026-06-26 09:36:38
PELEV-000403,PEL-000258,CGS-000258,GSTMT-000386,cbb1a9af3c004dc68e36a311cbef0ff9,Preventive Maintenance Services for Anti-Climb Bi-folding Gates,cbb1a9af3c004dc68e36a311cbef0ff9_1.bin,2026-06-26 09:36:38
PELEV-000404,PEL-000259,CGS-000259,GSTMT-000387,cbb1a9af3c004dc68e36a311cbef0ff9,Preventive Maintenance Services for Anti-Climb Bi-folding Gates,cbb1a9af3c004dc68e36a311cbef0ff9_1.bin,2026-06-26 09:36:38
PELEV-000405,PEL-000260,CGS-000260,GSTMT-000388,cbb1a9af3c004dc68e36a311cbef0ff9,Preventive Maintenance Services for Anti-Climb Bi-folding Gates,cbb1a9af3c004dc68e36a311cbef0ff9_1.bin,2026-06-26 09:36:38
PELEV-000406,PEL-000261,CGS-000261,GSTMT-000389,cbb1a9af3c004dc68e36a311cbef0ff9,Preventive Maintenance Services for Anti-Climb Bi-folding Gates,cbb1a9af3c004dc68e36a311cbef0ff9_2.bin,2026-06-26 09:36:38
PELEV-000407,PEL-000262,CGS-000262,GSTMT-000390,cbb1a9af3c004dc68e36a311cbef0ff9,Preventive Maintenance Services for Anti-Climb Bi-folding Gates,cbb1a9af3c004dc68e36a311cbef0ff9_2.bin,2026-06-26 09:36:38
PELEV-000408,PEL-000263,CGS-000263,GSTMT-000391,cbb1a9af3c004dc68e36a311cbef0ff9,Preventive Maintenance Services for Anti-Climb Bi-folding Gates,cbb1a9af3c004dc68e36a311cbef0ff9_2.bin,2026-06-26 09:36:38
PELEV-000409,PEL-000263,CGS-000263,GSTMT-000392,cbb1a9af3c004dc68e36a311cbef0ff9,Preventive Maintenance Services for Anti-Climb Bi-folding Gates,cbb1a9af3c004dc68e36a311cbef0ff9_2.bin,2026-06-26 09:36:38
PELEV-000410,PEL-000264,CGS-000264,GSTMT-000393,cbb1a9af3c004dc68e36a311cbef0ff9,Preventive Maintenance Services for Anti-Climb Bi-folding Gates,cbb1a9af3c004dc68e36a311cbef0ff9_2.bin,2026-06-26 09:36:38
PELEV-000411,PEL-000265,CGS-000265,GSTMT-000394,cbb1a9af3c004dc68e36a311cbef0ff9,Preventive Maintenance Services for Anti-Climb Bi-folding Gates,cbb1a9af3c004dc68e36a311cbef0ff9_2.bin,2026-06-26 09:36:38
PELEV-000412,PEL-000266,CGS-000266,GSTMT-000395,cbb1a9af3c004dc68e36a311cbef0ff9,Preventive Maintenance Services for Anti-Climb Bi-folding Gates,cbb1a9af3c004dc68e36a311cbef0ff9_2.bin,2026-06-26 09:36:38
PELEV-000413,PEL-000267,CGS-000267,GSTMT-000396,cbb1a9af3c004dc68e36a311cbef0ff9,Preventive Maintenance Services for Anti-Climb Bi-folding Gates,cbb1a9af3c004dc68e36a311cbef0ff9_3.bin,2026-06-26 09:36:38
PELEV-000414,PEL-000267,CGS-000267,GSTMT-000397,cbb1a9af3c004dc68e36a311cbef0ff9,Preventive Maintenance Services for Anti-Climb Bi-folding Gates,cbb1a9af3c004dc68e36a311cbef0ff9_3.bin,2026-06-26 09:36:38
PELEV-000415,PEL-000267,CGS-000267,GSTMT-000398,cbb1a9af3c004dc68e36a311cbef0ff9,Preventive Maintenance Services for Anti-Climb Bi-folding Gates,cbb1a9af3c004dc68e36a311cbef0ff9_3.bin,2026-06-26 09:36:38
PELEV-000416,PEL-000267,CGS-000267,GSTMT-000399,cbb1a9af3c004dc68e36a311cbef0ff9,Preventive Maintenance Services for Anti-Climb Bi-folding Gates,cbb1a9af3c004dc68e36a311cbef0ff9_3.bin,2026-06-26 09:36:38
PELEV-000417,PEL-000267,CGS-000267,GSTMT-000400,cbb1a9af3c004dc68e36a311cbef0ff9,Preventive Maintenance Services for Anti-Climb Bi-folding Gates,cbb1a9af3c004dc68e36a311cbef0ff9_3.bin,2026-06-26 09:36:38
PELEV-000418,PEL-000268,CGS-000268,GSTMT-000401,cbb1a9af3c004dc68e36a311cbef0ff9,Preventive Maintenance Services for Anti-Climb Bi-folding Gates,cbb1a9af3c004dc68e36a311cbef0ff9_3.bin,2026-06-26 09:36:38
PELEV-000419,PEL-000269,CGS-000269,GSTMT-000402,cbb1a9af3c004dc68e36a311cbef0ff9,Preventive Maintenance Services for Anti-Climb Bi-folding Gates,cbb1a9af3c004dc68e36a311cbef0ff9_3.bin,2026-06-26 09:36:38
PELEV-000420,PEL-000270,CGS-000270,GSTMT-000403,cbb1a9af3c004dc68e36a311cbef0ff9,Preventive Maintenance Services for Anti-Climb Bi-folding Gates,cbb1a9af3c004dc68e36a311cbef0ff9_4.bin,2026-06-26 09:36:38
PELEV-000421,PEL-000271,CGS-000271,GSTMT-000404,cbb1a9af3c004dc68e36a311cbef0ff9,Preventive Maintenance Services for Anti-Climb Bi-folding Gates,cbb1a9af3c004dc68e36a311cbef0ff9_5.bin,2026-06-26 09:36:38
PELEV-000422,PEL-000272,CGS-000272,GSTMT-000405,cbb1a9af3c004dc68e36a311cbef0ff9,Preventive Maintenance Services for Anti-Climb Bi-folding Gates,cbb1a9af3c004dc68e36a311cbef0ff9_5.bin,2026-06-26 09:36:38
PELEV-000423,PEL-000273,CGS-000273,GSTMT-000406,cbb1a9af3c004dc68e36a311cbef0ff9,Preventive Maintenance Services for Anti-Climb Bi-folding Gates,cbb1a9af3c004dc68e36a311cbef0ff9_5.bin,2026-06-26 09:36:38
PELEV-000424,PEL-000274,CGS-000274,GSTMT-000407,cbb1a9af3c004dc68e36a311cbef0ff9,Preventive Maintenance Services for Anti-Climb Bi-folding Gates,cbb1a9af3c004dc68e36a311cbef0ff9_5.bin,2026-06-26 09:36:38
PELEV-000425,PEL-000275,CGS-000275,GSTMT-000408,cbb1a9af3c004dc68e36a311cbef0ff9,Preventive Maintenance Services for Anti-Climb Bi-folding Gates,cbb1a9af3c004dc68e36a311cbef0ff9_5.bin,2026-06-26 09:36:38
PELEV-000426,PEL-000275,CGS-000275,GSTMT-000409,cbb1a9af3c004dc68e36a311cbef0ff9,Preventive Maintenance Services for Anti-Climb Bi-folding Gates,cbb1a9af3c004dc68e36a311cbef0ff9_5.bin,2026-06-26 09:36:38
PELEV-000427,PEL-000275,CGS-000275,GSTMT-000410,cbb1a9af3c004dc68e36a311cbef0ff9,Preventive Maintenance Services for Anti-Climb Bi-folding Gates,cbb1a9af3c004dc68e36a311cbef0ff9_5.bin,2026-06-26 09:36:38
PELEV-000428,PEL-000275,CGS-000275,GSTMT-000411,cbb1a9af3c004dc68e36a311cbef0ff9,Preventive Maintenance Services for Anti-Climb Bi-folding Gates,cbb1a9af3c004dc68e36a311cbef0ff9_5.bin,2026-06-26 09:36:38
PELEV-000429,PEL-000275,CGS-000275,GSTMT-000412,cbb1a9af3c004dc68e36a311cbef0ff9,Preventive Maintenance Services for Anti-Climb Bi-folding Gates,cbb1a9af3c004dc68e36a311cbef0ff9_5.bin,2026-06-26 09:36:38
PELEV-000430,PEL-000276,CGS-000276,GSTMT-000413,cbb1a9af3c004dc68e36a311cbef0ff9,Preventive Maintenance Services for Anti-Climb Bi-folding Gates,cbb1a9af3c004dc68e36a311cbef0ff9_5.bin,2026-06-26 09:36:38
PELEV-000431,PEL-000277,CGS-000277,GSTMT-000414,cbb1a9af3c004dc68e36a311cbef0ff9,Preventive Maintenance Services for Anti-Climb Bi-folding Gates,cbb1a9af3c004dc68e36a311cbef0ff9_6.bin,2026-06-26 09:36:38
PELEV-000432,PEL-000277,CGS-000277,GSTMT-000454,c502adb5aeb8463f88d90c9be98eed6e,N--George Washington Birthplace National Monument- RE,c502adb5aeb8463f88d90c9be98eed6e_3.bin,2026-06-26 09:36:38
PELEV-000433,PEL-000277,CGS-000277,GSTMT-000594,9bca2be24fb64fbe833ab48ae2b41b2a,Atlanta Job Corps Center Caretaker and Security Services,9bca2be24fb64fbe833ab48ae2b41b2a_1.bin,2026-06-26 09:36:38
PELEV-000434,PEL-000278,CGS-000278,GSTMT-000415,cbb1a9af3c004dc68e36a311cbef0ff9,Preventive Maintenance Services for Anti-Climb Bi-folding Gates,cbb1a9af3c004dc68e36a311cbef0ff9_6.bin,2026-06-26 09:36:38
PELEV-000435,PEL-000279,CGS-000279,GSTMT-000416,cbb1a9af3c004dc68e36a311cbef0ff9,Preventive Maintenance Services for Anti-Climb Bi-folding Gates,cbb1a9af3c004dc68e36a311cbef0ff9_6.bin,2026-06-26 09:36:38
PELEV-000436,PEL-000280,CGS-000280,GSTMT-000419,cbb1a9af3c004dc68e36a311cbef0ff9,Preventive Maintenance Services for Anti-Climb Bi-folding Gates,cbb1a9af3c004dc68e36a311cbef0ff9_6.bin,2026-06-26 09:36:38
PELEV-000437,PEL-000281,CGS-000281,GSTMT-000422,cb68614c729145b3835e8326258f5ea2,Shade Structure Canopy,cb68614c729145b3835e8326258f5ea2_1.bin,2026-06-26 09:36:38
PELEV-000438,PEL-000282,CGS-000282,GSTMT-000423,cb68614c729145b3835e8326258f5ea2,Shade Structure Canopy,cb68614c729145b3835e8326258f5ea2_1.bin,2026-06-26 09:36:38
PELEV-000439,PEL-000283,CGS-000283,GSTMT-000424,cb68614c729145b3835e8326258f5ea2,Shade Structure Canopy,cb68614c729145b3835e8326258f5ea2_1.bin,2026-06-26 09:36:38
PELEV-000440,PEL-000284,CGS-000284,GSTMT-000425,cb68614c729145b3835e8326258f5ea2,Shade Structure Canopy,cb68614c729145b3835e8326258f5ea2_1.bin,2026-06-26 09:36:38
PELEV-000441,PEL-000285,CGS-000285,GSTMT-000426,cb68614c729145b3835e8326258f5ea2,Shade Structure Canopy,cb68614c729145b3835e8326258f5ea2_1.bin,2026-06-26 09:36:38
PELEV-000442,PEL-000286,CGS-000286,GSTMT-000427,cb68614c729145b3835e8326258f5ea2,Shade Structure Canopy,cb68614c729145b3835e8326258f5ea2_1.bin,2026-06-26 09:36:38
PELEV-000443,PEL-000287,CGS-000287,GSTMT-000428,cb68614c729145b3835e8326258f5ea2,Shade Structure Canopy,cb68614c729145b3835e8326258f5ea2_1.bin,2026-06-26 09:36:38
PELEV-000444,PEL-000288,CGS-000288,GSTMT-000429,cb68614c729145b3835e8326258f5ea2,Shade Structure Canopy,cb68614c729145b3835e8326258f5ea2_1.bin,2026-06-26 09:36:38
PELEV-000445,PEL-000289,CGS-000289,GSTMT-000430,cb68614c729145b3835e8326258f5ea2,Shade Structure Canopy,cb68614c729145b3835e8326258f5ea2_1.bin,2026-06-26 09:36:38
PELEV-000446,PEL-000290,CGS-000290,GSTMT-000431,cb68614c729145b3835e8326258f5ea2,Shade Structure Canopy,cb68614c729145b3835e8326258f5ea2_1.bin,2026-06-26 09:36:38
PELEV-000447,PEL-000291,CGS-000291,GSTMT-000432,cb68614c729145b3835e8326258f5ea2,Shade Structure Canopy,cb68614c729145b3835e8326258f5ea2_1.bin,2026-06-26 09:36:38
PELEV-000448,PEL-000292,CGS-000292,GSTMT-000433,cb68614c729145b3835e8326258f5ea2,Shade Structure Canopy,cb68614c729145b3835e8326258f5ea2_2.bin,2026-06-26 09:36:38
PELEV-000449,PEL-000293,CGS-000293,GSTMT-000434,cb68614c729145b3835e8326258f5ea2,Shade Structure Canopy,cb68614c729145b3835e8326258f5ea2_2.bin,2026-06-26 09:36:38
PELEV-000450,PEL-000294,CGS-000294,GSTMT-000435,cb68614c729145b3835e8326258f5ea2,Shade Structure Canopy,cb68614c729145b3835e8326258f5ea2_2.bin,2026-06-26 09:36:38
PELEV-000451,PEL-000295,CGS-000295,GSTMT-000436,cb68614c729145b3835e8326258f5ea2,Shade Structure Canopy,cb68614c729145b3835e8326258f5ea2_2.bin,2026-06-26 09:36:38
PELEV-000452,PEL-000296,CGS-000296,GSTMT-000437,cb68614c729145b3835e8326258f5ea2,Shade Structure Canopy,cb68614c729145b3835e8326258f5ea2_2.bin,2026-06-26 09:36:38
PELEV-000453,PEL-000297,CGS-000297,GSTMT-000438,cb68614c729145b3835e8326258f5ea2,Shade Structure Canopy,cb68614c729145b3835e8326258f5ea2_3.bin,2026-06-26 09:36:38
PELEV-000454,PEL-000298,CGS-000298,GSTMT-000440,cb68614c729145b3835e8326258f5ea2,Shade Structure Canopy,cb68614c729145b3835e8326258f5ea2_3.bin,2026-06-26 09:36:38
PELEV-000455,PEL-000299,CGS-000299,GSTMT-000441,cb68614c729145b3835e8326258f5ea2,Shade Structure Canopy,cb68614c729145b3835e8326258f5ea2_3.bin,2026-06-26 09:36:38
PELEV-000456,PEL-000300,CGS-000300,GSTMT-000442,cb68614c729145b3835e8326258f5ea2,Shade Structure Canopy,cb68614c729145b3835e8326258f5ea2_3.bin,2026-06-26 09:36:38
PELEV-000457,PEL-000301,CGS-000301,GSTMT-000443,cb68614c729145b3835e8326258f5ea2,Shade Structure Canopy,cb68614c729145b3835e8326258f5ea2_3.bin,2026-06-26 09:36:38
PELEV-000458,PEL-000302,CGS-000302,GSTMT-000444,cb68614c729145b3835e8326258f5ea2,Shade Structure Canopy,cb68614c729145b3835e8326258f5ea2_3.bin,2026-06-26 09:36:38
PELEV-000459,PEL-000303,CGS-000303,GSTMT-000445,cb68614c729145b3835e8326258f5ea2,Shade Structure Canopy,cb68614c729145b3835e8326258f5ea2_3.bin,2026-06-26 09:36:38
PELEV-000460,PEL-000304,CGS-000304,GSTMT-000446,cb68614c729145b3835e8326258f5ea2,Shade Structure Canopy,cb68614c729145b3835e8326258f5ea2_3.bin,2026-06-26 09:36:38
PELEV-000461,PEL-000305,CGS-000305,GSTMT-000447,c502adb5aeb8463f88d90c9be98eed6e,N--George Washington Birthplace National Monument- RE,c502adb5aeb8463f88d90c9be98eed6e_1.bin,2026-06-26 09:36:38
PELEV-000462,PEL-000306,CGS-000306,GSTMT-000448,c502adb5aeb8463f88d90c9be98eed6e,N--George Washington Birthplace National Monument- RE,c502adb5aeb8463f88d90c9be98eed6e_2.bin,2026-06-26 09:36:38
PELEV-000463,PEL-000306,CGS-000306,GSTMT-000449,c502adb5aeb8463f88d90c9be98eed6e,N--George Washington Birthplace National Monument- RE,c502adb5aeb8463f88d90c9be98eed6e_2.bin,2026-06-26 09:36:38
PELEV-000464,PEL-000307,CGS-000307,GSTMT-000450,c502adb5aeb8463f88d90c9be98eed6e,N--George Washington Birthplace National Monument- RE,c502adb5aeb8463f88d90c9be98eed6e_2.bin,2026-06-26 09:36:38
PELEV-000465,PEL-000308,CGS-000308,GSTMT-000451,c502adb5aeb8463f88d90c9be98eed6e,N--George Washington Birthplace National Monument- RE,c502adb5aeb8463f88d90c9be98eed6e_2.bin,2026-06-26 09:36:38
PELEV-000466,PEL-000309,CGS-000309,GSTMT-000452,c502adb5aeb8463f88d90c9be98eed6e,N--George Washington Birthplace National Monument- RE,c502adb5aeb8463f88d90c9be98eed6e_2.bin,2026-06-26 09:36:38
PELEV-000467,PEL-000310,CGS-000310,GSTMT-000453,c502adb5aeb8463f88d90c9be98eed6e,N--George Washington Birthplace National Monument- RE,c502adb5aeb8463f88d90c9be98eed6e_2.bin,2026-06-26 09:36:38
PELEV-000468,PEL-000311,CGS-000311,GSTMT-000455,c502adb5aeb8463f88d90c9be98eed6e,N--George Washington Birthplace National Monument- RE,c502adb5aeb8463f88d90c9be98eed6e_3.bin,2026-06-26 09:36:38
PELEV-000469,PEL-000312,CGS-000312,GSTMT-000456,c502adb5aeb8463f88d90c9be98eed6e,N--George Washington Birthplace National Monument- RE,c502adb5aeb8463f88d90c9be98eed6e_3.bin,2026-06-26 09:36:38
PELEV-000470,PEL-000313,CGS-000313,GSTMT-000457,c502adb5aeb8463f88d90c9be98eed6e,N--George Washington Birthplace National Monument- RE,c502adb5aeb8463f88d90c9be98eed6e_3.bin,2026-06-26 09:36:38
PELEV-000471,PEL-000313,CGS-000313,GSTMT-000597,9bca2be24fb64fbe833ab48ae2b41b2a,Atlanta Job Corps Center Caretaker and Security Services,9bca2be24fb64fbe833ab48ae2b41b2a_1.bin,2026-06-26 09:36:38
PELEV-000472,PEL-000313,CGS-000313,GSTMT-000623,9bca2be24fb64fbe833ab48ae2b41b2a,Atlanta Job Corps Center Caretaker and Security Services,9bca2be24fb64fbe833ab48ae2b41b2a_7.bin,2026-06-26 09:36:38
PELEV-000473,PEL-000314,CGS-000314,GSTMT-000462,c502adb5aeb8463f88d90c9be98eed6e,N--George Washington Birthplace National Monument- RE,c502adb5aeb8463f88d90c9be98eed6e_4.bin,2026-06-26 09:36:38
PELEV-000474,PEL-000315,CGS-000315,GSTMT-000463,c502adb5aeb8463f88d90c9be98eed6e,N--George Washington Birthplace National Monument- RE,c502adb5aeb8463f88d90c9be98eed6e_6.bin,2026-06-26 09:36:38
PELEV-000475,PEL-000316,CGS-000316,GSTMT-000464,c502adb5aeb8463f88d90c9be98eed6e,N--George Washington Birthplace National Monument- RE,c502adb5aeb8463f88d90c9be98eed6e_6.bin,2026-06-26 09:36:38
PELEV-000476,PEL-000317,CGS-000317,GSTMT-000465,c502adb5aeb8463f88d90c9be98eed6e,N--George Washington Birthplace National Monument- RE,c502adb5aeb8463f88d90c9be98eed6e_6.bin,2026-06-26 09:36:38
PELEV-000477,PEL-000318,CGS-000318,GSTMT-000466,c502adb5aeb8463f88d90c9be98eed6e,N--George Washington Birthplace National Monument- RE,c502adb5aeb8463f88d90c9be98eed6e_6.bin,2026-06-26 09:36:38
PELEV-000478,PEL-000319,CGS-000319,GSTMT-000467,c502adb5aeb8463f88d90c9be98eed6e,N--George Washington Birthplace National Monument- RE,c502adb5aeb8463f88d90c9be98eed6e_6.bin,2026-06-26 09:36:38
PELEV-000479,PEL-000320,CGS-000320,GSTMT-000468,c502adb5aeb8463f88d90c9be98eed6e,N--George Washington Birthplace National Monument- RE,c502adb5aeb8463f88d90c9be98eed6e_8.bin,2026-06-26 09:36:38
PELEV-000480,PEL-000321,CGS-000321,GSTMT-000469,c502adb5aeb8463f88d90c9be98eed6e,N--George Washington Birthplace National Monument- RE,c502adb5aeb8463f88d90c9be98eed6e_8.bin,2026-06-26 09:36:38
PELEV-000481,PEL-000322,CGS-000322,GSTMT-000470,c502adb5aeb8463f88d90c9be98eed6e,N--George Washington Birthplace National Monument- RE,c502adb5aeb8463f88d90c9be98eed6e_9.bin,2026-06-26 09:36:38
PELEV-000482,PEL-000323,CGS-000323,GSTMT-000471,b80dc335dcbb4f6abbff52eb54415e9a,EcoStruxure Panel Server Advanced (EnerlinX Series),b80dc335dcbb4f6abbff52eb54415e9a_1.bin,2026-06-26 09:36:38
PELEV-000483,PEL-000323,CGS-000323,GSTMT-000472,b80dc335dcbb4f6abbff52eb54415e9a,EcoStruxure Panel Server Advanced (EnerlinX Series),b80dc335dcbb4f6abbff52eb54415e9a_1.bin,2026-06-26 09:36:38
PELEV-000484,PEL-000323,CGS-000323,GSTMT-000473,b80dc335dcbb4f6abbff52eb54415e9a,EcoStruxure Panel Server Advanced (EnerlinX Series),b80dc335dcbb4f6abbff52eb54415e9a_1.bin,2026-06-26 09:36:38
PELEV-000485,PEL-000324,CGS-000324,GSTMT-000474,b80dc335dcbb4f6abbff52eb54415e9a,EcoStruxure Panel Server Advanced (EnerlinX Series),b80dc335dcbb4f6abbff52eb54415e9a_1.bin,2026-06-26 09:36:38
PELEV-000486,PEL-000324,CGS-000324,GSTMT-000475,b80dc335dcbb4f6abbff52eb54415e9a,EcoStruxure Panel Server Advanced (EnerlinX Series),b80dc335dcbb4f6abbff52eb54415e9a_1.bin,2026-06-26 09:36:38
PELEV-000487,PEL-000324,CGS-000324,GSTMT-000576,a3e0948c660849a5815153897d456f7d,EcoStruxure Panel Server Wired by Design (a universal concentrator Modbus gateway),a3e0948c660849a5815153897d456f7d_3.bin,2026-06-26 09:36:38
PELEV-000488,PEL-000324,CGS-000324,GSTMT-000577,a3e0948c660849a5815153897d456f7d,EcoStruxure Panel Server Wired by Design (a universal concentrator Modbus gateway),a3e0948c660849a5815153897d456f7d_3.bin,2026-06-26 09:36:38
PELEV-000489,PEL-000325,CGS-000325,GSTMT-000476,b80dc335dcbb4f6abbff52eb54415e9a,EcoStruxure Panel Server Advanced (EnerlinX Series),b80dc335dcbb4f6abbff52eb54415e9a_1.bin,2026-06-26 09:36:38
PELEV-000490,PEL-000325,CGS-000325,GSTMT-000477,b80dc335dcbb4f6abbff52eb54415e9a,EcoStruxure Panel Server Advanced (EnerlinX Series),b80dc335dcbb4f6abbff52eb54415e9a_1.bin,2026-06-26 09:36:38
PELEV-000491,PEL-000325,CGS-000325,GSTMT-000578,a3e0948c660849a5815153897d456f7d,EcoStruxure Panel Server Wired by Design (a universal concentrator Modbus gateway),a3e0948c660849a5815153897d456f7d_3.bin,2026-06-26 09:36:38
PELEV-000492,PEL-000325,CGS-000325,GSTMT-000579,a3e0948c660849a5815153897d456f7d,EcoStruxure Panel Server Wired by Design (a universal concentrator Modbus gateway),a3e0948c660849a5815153897d456f7d_3.bin,2026-06-26 09:36:38
PELEV-000493,PEL-000326,CGS-000326,GSTMT-000478,b80dc335dcbb4f6abbff52eb54415e9a,EcoStruxure Panel Server Advanced (EnerlinX Series),b80dc335dcbb4f6abbff52eb54415e9a_1.bin,2026-06-26 09:36:38
PELEV-000494,PEL-000327,CGS-000327,GSTMT-000479,b80dc335dcbb4f6abbff52eb54415e9a,EcoStruxure Panel Server Advanced (EnerlinX Series),b80dc335dcbb4f6abbff52eb54415e9a_1.bin,2026-06-26 09:36:38
PELEV-000495,PEL-000327,CGS-000327,GSTMT-000581,a3e0948c660849a5815153897d456f7d,EcoStruxure Panel Server Wired by Design (a universal concentrator Modbus gateway),a3e0948c660849a5815153897d456f7d_3.bin,2026-06-26 09:36:38
PELEV-000496,PEL-000328,CGS-000328,GSTMT-000480,b80dc335dcbb4f6abbff52eb54415e9a,EcoStruxure Panel Server Advanced (EnerlinX Series),b80dc335dcbb4f6abbff52eb54415e9a_1.bin,2026-06-26 09:36:38
PELEV-000497,PEL-000328,CGS-000328,GSTMT-000481,b80dc335dcbb4f6abbff52eb54415e9a,EcoStruxure Panel Server Advanced (EnerlinX Series),b80dc335dcbb4f6abbff52eb54415e9a_1.bin,2026-06-26 09:36:38
PELEV-000498,PEL-000328,CGS-000328,GSTMT-000482,b80dc335dcbb4f6abbff52eb54415e9a,EcoStruxure Panel Server Advanced (EnerlinX Series),b80dc335dcbb4f6abbff52eb54415e9a_1.bin,2026-06-26 09:36:38
PELEV-000499,PEL-000328,CGS-000328,GSTMT-000582,a3e0948c660849a5815153897d456f7d,EcoStruxure Panel Server Wired by Design (a universal concentrator Modbus gateway),a3e0948c660849a5815153897d456f7d_3.bin,2026-06-26 09:36:38
PELEV-000500,PEL-000328,CGS-000328,GSTMT-000583,a3e0948c660849a5815153897d456f7d,EcoStruxure Panel Server Wired by Design (a universal concentrator Modbus gateway),a3e0948c660849a5815153897d456f7d_3.bin,2026-06-26 09:36:38
PELEV-000501,PEL-000328,CGS-000328,GSTMT-000584,a3e0948c660849a5815153897d456f7d,EcoStruxure Panel Server Wired by Design (a universal concentrator Modbus gateway),a3e0948c660849a5815153897d456f7d_3.bin,2026-06-26 09:36:38
PELEV-000502,PEL-000329,CGS-000329,GSTMT-000483,b80dc335dcbb4f6abbff52eb54415e9a,EcoStruxure Panel Server Advanced (EnerlinX Series),b80dc335dcbb4f6abbff52eb54415e9a_1.bin,2026-06-26 09:36:38
PELEV-000503,PEL-000330,CGS-000330,GSTMT-000484,b80dc335dcbb4f6abbff52eb54415e9a,EcoStruxure Panel Server Advanced (EnerlinX Series),b80dc335dcbb4f6abbff52eb54415e9a_2.bin,2026-06-26 09:36:38
PELEV-000504,PEL-000330,CGS-000330,GSTMT-000485,b80dc335dcbb4f6abbff52eb54415e9a,EcoStruxure Panel Server Advanced (EnerlinX Series),b80dc335dcbb4f6abbff52eb54415e9a_2.bin,2026-06-26 09:36:38
PELEV-000505,PEL-000330,CGS-000330,GSTMT-000486,b80dc335dcbb4f6abbff52eb54415e9a,EcoStruxure Panel Server Advanced (EnerlinX Series),b80dc335dcbb4f6abbff52eb54415e9a_2.bin,2026-06-26 09:36:38
PELEV-000506,PEL-000330,CGS-000330,GSTMT-000487,b80dc335dcbb4f6abbff52eb54415e9a,EcoStruxure Panel Server Advanced (EnerlinX Series),b80dc335dcbb4f6abbff52eb54415e9a_2.bin,2026-06-26 09:36:38
PELEV-000507,PEL-000331,CGS-000331,GSTMT-000488,b80dc335dcbb4f6abbff52eb54415e9a,EcoStruxure Panel Server Advanced (EnerlinX Series),b80dc335dcbb4f6abbff52eb54415e9a_3.bin,2026-06-26 09:36:38
PELEV-000508,PEL-000331,CGS-000331,GSTMT-000586,a3e0948c660849a5815153897d456f7d,EcoStruxure Panel Server Wired by Design (a universal concentrator Modbus gateway),a3e0948c660849a5815153897d456f7d_4.bin,2026-06-26 09:36:38
PELEV-000509,PEL-000332,CGS-000332,GSTMT-000489,b80dc335dcbb4f6abbff52eb54415e9a,EcoStruxure Panel Server Advanced (EnerlinX Series),b80dc335dcbb4f6abbff52eb54415e9a_3.bin,2026-06-26 09:36:38
PELEV-000510,PEL-000332,CGS-000332,GSTMT-000587,a3e0948c660849a5815153897d456f7d,EcoStruxure Panel Server Wired by Design (a universal concentrator Modbus gateway),a3e0948c660849a5815153897d456f7d_4.bin,2026-06-26 09:36:38
PELEV-000511,PEL-000333,CGS-000333,GSTMT-000490,b80dc335dcbb4f6abbff52eb54415e9a,EcoStruxure Panel Server Advanced (EnerlinX Series),b80dc335dcbb4f6abbff52eb54415e9a_3.bin,2026-06-26 09:36:38
PELEV-000512,PEL-000333,CGS-000333,GSTMT-000588,a3e0948c660849a5815153897d456f7d,EcoStruxure Panel Server Wired by Design (a universal concentrator Modbus gateway),a3e0948c660849a5815153897d456f7d_4.bin,2026-06-26 09:36:38
PELEV-000513,PEL-000334,CGS-000334,GSTMT-000491,b80dc335dcbb4f6abbff52eb54415e9a,EcoStruxure Panel Server Advanced (EnerlinX Series),b80dc335dcbb4f6abbff52eb54415e9a_4.bin,2026-06-26 09:36:38
PELEV-000514,PEL-000334,CGS-000334,GSTMT-000589,a3e0948c660849a5815153897d456f7d,EcoStruxure Panel Server Wired by Design (a universal concentrator Modbus gateway),a3e0948c660849a5815153897d456f7d_5.bin,2026-06-26 09:36:38
PELEV-000515,PEL-000335,CGS-000335,GSTMT-000492,b80dc335dcbb4f6abbff52eb54415e9a,EcoStruxure Panel Server Advanced (EnerlinX Series),b80dc335dcbb4f6abbff52eb54415e9a_4.bin,2026-06-26 09:36:38
PELEV-000516,PEL-000335,CGS-000335,GSTMT-000590,a3e0948c660849a5815153897d456f7d,EcoStruxure Panel Server Wired by Design (a universal concentrator Modbus gateway),a3e0948c660849a5815153897d456f7d_5.bin,2026-06-26 09:36:38
PELEV-000517,PEL-000336,CGS-000336,GSTMT-000493,b80dc335dcbb4f6abbff52eb54415e9a,EcoStruxure Panel Server Advanced (EnerlinX Series),b80dc335dcbb4f6abbff52eb54415e9a_4.bin,2026-06-26 09:36:38
PELEV-000518,PEL-000336,CGS-000336,GSTMT-000591,a3e0948c660849a5815153897d456f7d,EcoStruxure Panel Server Wired by Design (a universal concentrator Modbus gateway),a3e0948c660849a5815153897d456f7d_5.bin,2026-06-26 09:36:38
PELEV-000519,PEL-000337,CGS-000337,GSTMT-000494,b80dc335dcbb4f6abbff52eb54415e9a,EcoStruxure Panel Server Advanced (EnerlinX Series),b80dc335dcbb4f6abbff52eb54415e9a_4.bin,2026-06-26 09:36:38
PELEV-000520,PEL-000337,CGS-000337,GSTMT-000592,a3e0948c660849a5815153897d456f7d,EcoStruxure Panel Server Wired by Design (a universal concentrator Modbus gateway),a3e0948c660849a5815153897d456f7d_5.bin,2026-06-26 09:36:38
PELEV-000521,PEL-000338,CGS-000338,GSTMT-000495,b80dc335dcbb4f6abbff52eb54415e9a,EcoStruxure Panel Server Advanced (EnerlinX Series),b80dc335dcbb4f6abbff52eb54415e9a_4.bin,2026-06-26 09:36:38
PELEV-000522,PEL-000338,CGS-000338,GSTMT-000593,a3e0948c660849a5815153897d456f7d,EcoStruxure Panel Server Wired by Design (a universal concentrator Modbus gateway),a3e0948c660849a5815153897d456f7d_5.bin,2026-06-26 09:36:38
PELEV-000523,PEL-000339,CGS-000339,GSTMT-000496,b80dc335dcbb4f6abbff52eb54415e9a,EcoStruxure Panel Server Advanced (EnerlinX Series),b80dc335dcbb4f6abbff52eb54415e9a_5.bin,2026-06-26 09:36:38
PELEV-000524,PEL-000339,CGS-000339,GSTMT-000566,a3e0948c660849a5815153897d456f7d,EcoStruxure Panel Server Wired by Design (a universal concentrator Modbus gateway),a3e0948c660849a5815153897d456f7d_2.bin,2026-06-26 09:36:38
PELEV-000525,PEL-000340,CGS-000340,GSTMT-000497,b80dc335dcbb4f6abbff52eb54415e9a,EcoStruxure Panel Server Advanced (EnerlinX Series),b80dc335dcbb4f6abbff52eb54415e9a_5.bin,2026-06-26 09:36:38
PELEV-000526,PEL-000340,CGS-000340,GSTMT-000567,a3e0948c660849a5815153897d456f7d,EcoStruxure Panel Server Wired by Design (a universal concentrator Modbus gateway),a3e0948c660849a5815153897d456f7d_2.bin,2026-06-26 09:36:38
PELEV-000527,PEL-000341,CGS-000341,GSTMT-000498,b80dc335dcbb4f6abbff52eb54415e9a,EcoStruxure Panel Server Advanced (EnerlinX Series),b80dc335dcbb4f6abbff52eb54415e9a_5.bin,2026-06-26 09:36:38
PELEV-000528,PEL-000341,CGS-000341,GSTMT-000568,a3e0948c660849a5815153897d456f7d,EcoStruxure Panel Server Wired by Design (a universal concentrator Modbus gateway),a3e0948c660849a5815153897d456f7d_2.bin,2026-06-26 09:36:38
PELEV-000529,PEL-000342,CGS-000342,GSTMT-000499,b80dc335dcbb4f6abbff52eb54415e9a,EcoStruxure Panel Server Advanced (EnerlinX Series),b80dc335dcbb4f6abbff52eb54415e9a_5.bin,2026-06-26 09:36:38
PELEV-000530,PEL-000342,CGS-000342,GSTMT-000569,a3e0948c660849a5815153897d456f7d,EcoStruxure Panel Server Wired by Design (a universal concentrator Modbus gateway),a3e0948c660849a5815153897d456f7d_2.bin,2026-06-26 09:36:38
PELEV-000531,PEL-000343,CGS-000343,GSTMT-000500,b80dc335dcbb4f6abbff52eb54415e9a,EcoStruxure Panel Server Advanced (EnerlinX Series),b80dc335dcbb4f6abbff52eb54415e9a_5.bin,2026-06-26 09:36:38
PELEV-000532,PEL-000343,CGS-000343,GSTMT-000570,a3e0948c660849a5815153897d456f7d,EcoStruxure Panel Server Wired by Design (a universal concentrator Modbus gateway),a3e0948c660849a5815153897d456f7d_2.bin,2026-06-26 09:36:38
PELEV-000533,PEL-000344,CGS-000344,GSTMT-000501,b80dc335dcbb4f6abbff52eb54415e9a,EcoStruxure Panel Server Advanced (EnerlinX Series),b80dc335dcbb4f6abbff52eb54415e9a_5.bin,2026-06-26 09:36:38
PELEV-000534,PEL-000344,CGS-000344,GSTMT-000571,a3e0948c660849a5815153897d456f7d,EcoStruxure Panel Server Wired by Design (a universal concentrator Modbus gateway),a3e0948c660849a5815153897d456f7d_2.bin,2026-06-26 09:36:38
PELEV-000535,PEL-000345,CGS-000345,GSTMT-000502,b80dc335dcbb4f6abbff52eb54415e9a,EcoStruxure Panel Server Advanced (EnerlinX Series),b80dc335dcbb4f6abbff52eb54415e9a_5.bin,2026-06-26 09:36:38
PELEV-000536,PEL-000345,CGS-000345,GSTMT-000572,a3e0948c660849a5815153897d456f7d,EcoStruxure Panel Server Wired by Design (a universal concentrator Modbus gateway),a3e0948c660849a5815153897d456f7d_2.bin,2026-06-26 09:36:38
PELEV-000537,PEL-000346,CGS-000346,GSTMT-000503,b1c5dab7c7e14227b62fa4e78e478d2a,Repair BEQ HP135,b1c5dab7c7e14227b62fa4e78e478d2a_1.bin,2026-06-26 09:36:38
PELEV-000538,PEL-000347,CGS-000347,GSTMT-000504,b1c5dab7c7e14227b62fa4e78e478d2a,Repair BEQ HP135,b1c5dab7c7e14227b62fa4e78e478d2a_1.bin,2026-06-26 09:36:38
PELEV-000539,PEL-000348,CGS-000348,GSTMT-000505,b1c5dab7c7e14227b62fa4e78e478d2a,Repair BEQ HP135,b1c5dab7c7e14227b62fa4e78e478d2a_1.bin,2026-06-26 09:36:38
PELEV-000540,PEL-000349,CGS-000349,GSTMT-000506,b1c5dab7c7e14227b62fa4e78e478d2a,Repair BEQ HP135,b1c5dab7c7e14227b62fa4e78e478d2a_2.bin,2026-06-26 09:36:38
PELEV-000541,PEL-000350,CGS-000350,GSTMT-000507,b1c5dab7c7e14227b62fa4e78e478d2a,Repair BEQ HP135,b1c5dab7c7e14227b62fa4e78e478d2a_2.bin,2026-06-26 09:36:38
PELEV-000542,PEL-000351,CGS-000351,GSTMT-000508,b1c5dab7c7e14227b62fa4e78e478d2a,Repair BEQ HP135,b1c5dab7c7e14227b62fa4e78e478d2a_3.bin,2026-06-26 09:36:38
PELEV-000543,PEL-000352,CGS-000352,GSTMT-000509,b1c5dab7c7e14227b62fa4e78e478d2a,Repair BEQ HP135,b1c5dab7c7e14227b62fa4e78e478d2a_3.bin,2026-06-26 09:36:38
PELEV-000544,PEL-000353,CGS-000353,GSTMT-000510,b1c5dab7c7e14227b62fa4e78e478d2a,Repair BEQ HP135,b1c5dab7c7e14227b62fa4e78e478d2a_4.bin,2026-06-26 09:36:38
PELEV-000545,PEL-000354,CGS-000354,GSTMT-000511,b1c5dab7c7e14227b62fa4e78e478d2a,Repair BEQ HP135,b1c5dab7c7e14227b62fa4e78e478d2a_4.bin,2026-06-26 09:36:38
PELEV-000546,PEL-000355,CGS-000355,GSTMT-000512,b1c5dab7c7e14227b62fa4e78e478d2a,Repair BEQ HP135,b1c5dab7c7e14227b62fa4e78e478d2a_4.bin,2026-06-26 09:36:38
PELEV-000547,PEL-000356,CGS-000356,GSTMT-000513,b1c5dab7c7e14227b62fa4e78e478d2a,Repair BEQ HP135,b1c5dab7c7e14227b62fa4e78e478d2a_4.bin,2026-06-26 09:36:38
PELEV-000548,PEL-000357,CGS-000357,GSTMT-000514,b1c5dab7c7e14227b62fa4e78e478d2a,Repair BEQ HP135,b1c5dab7c7e14227b62fa4e78e478d2a_5.bin,2026-06-26 09:36:38
PELEV-000549,PEL-000358,CGS-000358,GSTMT-000515,b1c5dab7c7e14227b62fa4e78e478d2a,Repair BEQ HP135,b1c5dab7c7e14227b62fa4e78e478d2a_5.bin,2026-06-26 09:36:38
PELEV-000550,PEL-000359,CGS-000359,GSTMT-000516,b1c5dab7c7e14227b62fa4e78e478d2a,Repair BEQ HP135,b1c5dab7c7e14227b62fa4e78e478d2a_5.bin,2026-06-26 09:36:38
PELEV-000551,PEL-000360,CGS-000360,GSTMT-000517,b1c5dab7c7e14227b62fa4e78e478d2a,Repair BEQ HP135,b1c5dab7c7e14227b62fa4e78e478d2a_5.bin,2026-06-26 09:36:38
PELEV-000552,PEL-000361,CGS-000361,GSTMT-000518,b1c5dab7c7e14227b62fa4e78e478d2a,Repair BEQ HP135,b1c5dab7c7e14227b62fa4e78e478d2a_7.bin,2026-06-26 09:36:38
PELEV-000553,PEL-000362,CGS-000362,GSTMT-000519,b1c5dab7c7e14227b62fa4e78e478d2a,Repair BEQ HP135,b1c5dab7c7e14227b62fa4e78e478d2a_7.bin,2026-06-26 09:36:38
PELEV-000554,PEL-000363,CGS-000363,GSTMT-000520,b1c5dab7c7e14227b62fa4e78e478d2a,Repair BEQ HP135,b1c5dab7c7e14227b62fa4e78e478d2a_7.bin,2026-06-26 09:36:38
PELEV-000555,PEL-000364,CGS-000364,GSTMT-000521,b1c5dab7c7e14227b62fa4e78e478d2a,Repair BEQ HP135,b1c5dab7c7e14227b62fa4e78e478d2a_8.bin,2026-06-26 09:36:38
PELEV-000556,PEL-000365,CGS-000365,GSTMT-000522,b1c5dab7c7e14227b62fa4e78e478d2a,Repair BEQ HP135,b1c5dab7c7e14227b62fa4e78e478d2a_8.bin,2026-06-26 09:36:38
PELEV-000557,PEL-000365,CGS-000365,GSTMT-000523,b1c5dab7c7e14227b62fa4e78e478d2a,Repair BEQ HP135,b1c5dab7c7e14227b62fa4e78e478d2a_8.bin,2026-06-26 09:36:38
PELEV-000558,PEL-000366,CGS-000366,GSTMT-000524,b1c5dab7c7e14227b62fa4e78e478d2a,Repair BEQ HP135,b1c5dab7c7e14227b62fa4e78e478d2a_8.bin,2026-06-26 09:36:38
PELEV-000559,PEL-000367,CGS-000367,GSTMT-000525,b1c5dab7c7e14227b62fa4e78e478d2a,Repair BEQ HP135,b1c5dab7c7e14227b62fa4e78e478d2a_8.bin,2026-06-26 09:36:38
PELEV-000560,PEL-000368,CGS-000368,GSTMT-000526,b1c5dab7c7e14227b62fa4e78e478d2a,Repair BEQ HP135,b1c5dab7c7e14227b62fa4e78e478d2a_9.bin,2026-06-26 09:36:38
PELEV-000561,PEL-000369,CGS-000369,GSTMT-000527,b1c5dab7c7e14227b62fa4e78e478d2a,Repair BEQ HP135,b1c5dab7c7e14227b62fa4e78e478d2a_9.bin,2026-06-26 09:36:38
PELEV-000562,PEL-000370,CGS-000370,GSTMT-000528,b1c5dab7c7e14227b62fa4e78e478d2a,Repair BEQ HP135,b1c5dab7c7e14227b62fa4e78e478d2a_9.bin,2026-06-26 09:36:38
PELEV-000563,PEL-000370,CGS-000370,GSTMT-000529,b1c5dab7c7e14227b62fa4e78e478d2a,Repair BEQ HP135,b1c5dab7c7e14227b62fa4e78e478d2a_9.bin,2026-06-26 09:36:38
PELEV-000564,PEL-000371,CGS-000371,GSTMT-000530,b1c5dab7c7e14227b62fa4e78e478d2a,Repair BEQ HP135,b1c5dab7c7e14227b62fa4e78e478d2a_9.bin,2026-06-26 09:36:38
PELEV-000565,PEL-000372,CGS-000372,GSTMT-000531,b1c5dab7c7e14227b62fa4e78e478d2a,Repair BEQ HP135,b1c5dab7c7e14227b62fa4e78e478d2a_9.bin,2026-06-26 09:36:38
PELEV-000566,PEL-000373,CGS-000373,GSTMT-000532,a466be2cf94e451f8b4b88177dd2f9dc,Secure Document Destruction - No Cost,a466be2cf94e451f8b4b88177dd2f9dc_1.bin,2026-06-26 09:36:38
PELEV-000567,PEL-000374,CGS-000374,GSTMT-000533,a466be2cf94e451f8b4b88177dd2f9dc,Secure Document Destruction - No Cost,a466be2cf94e451f8b4b88177dd2f9dc_1.bin,2026-06-26 09:36:38
PELEV-000568,PEL-000375,CGS-000375,GSTMT-000534,a466be2cf94e451f8b4b88177dd2f9dc,Secure Document Destruction - No Cost,a466be2cf94e451f8b4b88177dd2f9dc_1.bin,2026-06-26 09:36:38
PELEV-000569,PEL-000375,CGS-000375,GSTMT-000535,a466be2cf94e451f8b4b88177dd2f9dc,Secure Document Destruction - No Cost,a466be2cf94e451f8b4b88177dd2f9dc_1.bin,2026-06-26 09:36:38
PELEV-000570,PEL-000376,CGS-000376,GSTMT-000536,a466be2cf94e451f8b4b88177dd2f9dc,Secure Document Destruction - No Cost,a466be2cf94e451f8b4b88177dd2f9dc_1.bin,2026-06-26 09:36:38
PELEV-000571,PEL-000376,CGS-000376,GSTMT-000537,a466be2cf94e451f8b4b88177dd2f9dc,Secure Document Destruction - No Cost,a466be2cf94e451f8b4b88177dd2f9dc_1.bin,2026-06-26 09:36:38
PELEV-000572,PEL-000377,CGS-000377,GSTMT-000538,a466be2cf94e451f8b4b88177dd2f9dc,Secure Document Destruction - No Cost,a466be2cf94e451f8b4b88177dd2f9dc_1.bin,2026-06-26 09:36:38
PELEV-000573,PEL-000378,CGS-000378,GSTMT-000539,a466be2cf94e451f8b4b88177dd2f9dc,Secure Document Destruction - No Cost,a466be2cf94e451f8b4b88177dd2f9dc_3.bin,2026-06-26 09:36:38
PELEV-000574,PEL-000378,CGS-000378,GSTMT-000540,a466be2cf94e451f8b4b88177dd2f9dc,Secure Document Destruction - No Cost,a466be2cf94e451f8b4b88177dd2f9dc_3.bin,2026-06-26 09:36:38
PELEV-000575,PEL-000378,CGS-000378,GSTMT-000543,a466be2cf94e451f8b4b88177dd2f9dc,Secure Document Destruction - No Cost,a466be2cf94e451f8b4b88177dd2f9dc_4.bin,2026-06-26 09:36:38
PELEV-000576,PEL-000378,CGS-000378,GSTMT-000544,a466be2cf94e451f8b4b88177dd2f9dc,Secure Document Destruction - No Cost,a466be2cf94e451f8b4b88177dd2f9dc_4.bin,2026-06-26 09:36:38
PELEV-000577,PEL-000378,CGS-000378,GSTMT-000547,a466be2cf94e451f8b4b88177dd2f9dc,Secure Document Destruction - No Cost,a466be2cf94e451f8b4b88177dd2f9dc_5.bin,2026-06-26 09:36:38
PELEV-000578,PEL-000378,CGS-000378,GSTMT-000548,a466be2cf94e451f8b4b88177dd2f9dc,Secure Document Destruction - No Cost,a466be2cf94e451f8b4b88177dd2f9dc_5.bin,2026-06-26 09:36:38
PELEV-000579,PEL-000378,CGS-000378,GSTMT-000551,a466be2cf94e451f8b4b88177dd2f9dc,Secure Document Destruction - No Cost,a466be2cf94e451f8b4b88177dd2f9dc_6.bin,2026-06-26 09:36:38
PELEV-000580,PEL-000378,CGS-000378,GSTMT-000552,a466be2cf94e451f8b4b88177dd2f9dc,Secure Document Destruction - No Cost,a466be2cf94e451f8b4b88177dd2f9dc_6.bin,2026-06-26 09:36:38
PELEV-000581,PEL-000378,CGS-000378,GSTMT-000555,a466be2cf94e451f8b4b88177dd2f9dc,Secure Document Destruction - No Cost,a466be2cf94e451f8b4b88177dd2f9dc_7.bin,2026-06-26 09:36:38
PELEV-000582,PEL-000378,CGS-000378,GSTMT-000556,a466be2cf94e451f8b4b88177dd2f9dc,Secure Document Destruction - No Cost,a466be2cf94e451f8b4b88177dd2f9dc_7.bin,2026-06-26 09:36:38
PELEV-000583,PEL-000378,CGS-000378,GSTMT-000559,a466be2cf94e451f8b4b88177dd2f9dc,Secure Document Destruction - No Cost,a466be2cf94e451f8b4b88177dd2f9dc_8.bin,2026-06-26 09:36:38
PELEV-000584,PEL-000378,CGS-000378,GSTMT-000560,a466be2cf94e451f8b4b88177dd2f9dc,Secure Document Destruction - No Cost,a466be2cf94e451f8b4b88177dd2f9dc_8.bin,2026-06-26 09:36:38
PELEV-000585,PEL-000378,CGS-000378,GSTMT-000616,9bca2be24fb64fbe833ab48ae2b41b2a,Atlanta Job Corps Center Caretaker and Security Services,9bca2be24fb64fbe833ab48ae2b41b2a_6.bin,2026-06-26 09:36:38
PELEV-000586,PEL-000378,CGS-000378,GSTMT-000617,9bca2be24fb64fbe833ab48ae2b41b2a,Atlanta Job Corps Center Caretaker and Security Services,9bca2be24fb64fbe833ab48ae2b41b2a_6.bin,2026-06-26 09:36:38
PELEV-000587,PEL-000379,CGS-000379,GSTMT-000541,a466be2cf94e451f8b4b88177dd2f9dc,Secure Document Destruction - No Cost,a466be2cf94e451f8b4b88177dd2f9dc_3.bin,2026-06-26 09:36:38
PELEV-000588,PEL-000379,CGS-000379,GSTMT-000542,a466be2cf94e451f8b4b88177dd2f9dc,Secure Document Destruction - No Cost,a466be2cf94e451f8b4b88177dd2f9dc_3.bin,2026-06-26 09:36:38
PELEV-000589,PEL-000380,CGS-000380,GSTMT-000545,a466be2cf94e451f8b4b88177dd2f9dc,Secure Document Destruction - No Cost,a466be2cf94e451f8b4b88177dd2f9dc_4.bin,2026-06-26 09:36:38
PELEV-000590,PEL-000380,CGS-000380,GSTMT-000546,a466be2cf94e451f8b4b88177dd2f9dc,Secure Document Destruction - No Cost,a466be2cf94e451f8b4b88177dd2f9dc_4.bin,2026-06-26 09:36:38
PELEV-000591,PEL-000380,CGS-000380,GSTMT-000557,a466be2cf94e451f8b4b88177dd2f9dc,Secure Document Destruction - No Cost,a466be2cf94e451f8b4b88177dd2f9dc_7.bin,2026-06-26 09:36:38
PELEV-000592,PEL-000380,CGS-000380,GSTMT-000558,a466be2cf94e451f8b4b88177dd2f9dc,Secure Document Destruction - No Cost,a466be2cf94e451f8b4b88177dd2f9dc_7.bin,2026-06-26 09:36:38
PELEV-000593,PEL-000381,CGS-000381,GSTMT-000549,a466be2cf94e451f8b4b88177dd2f9dc,Secure Document Destruction - No Cost,a466be2cf94e451f8b4b88177dd2f9dc_5.bin,2026-06-26 09:36:38
PELEV-000594,PEL-000381,CGS-000381,GSTMT-000550,a466be2cf94e451f8b4b88177dd2f9dc,Secure Document Destruction - No Cost,a466be2cf94e451f8b4b88177dd2f9dc_5.bin,2026-06-26 09:36:38
PELEV-000595,PEL-000382,CGS-000382,GSTMT-000553,a466be2cf94e451f8b4b88177dd2f9dc,Secure Document Destruction - No Cost,a466be2cf94e451f8b4b88177dd2f9dc_6.bin,2026-06-26 09:36:38
PELEV-000596,PEL-000382,CGS-000382,GSTMT-000554,a466be2cf94e451f8b4b88177dd2f9dc,Secure Document Destruction - No Cost,a466be2cf94e451f8b4b88177dd2f9dc_6.bin,2026-06-26 09:36:38
PELEV-000597,PEL-000383,CGS-000383,GSTMT-000561,a466be2cf94e451f8b4b88177dd2f9dc,Secure Document Destruction - No Cost,a466be2cf94e451f8b4b88177dd2f9dc_8.bin,2026-06-26 09:36:38
PELEV-000598,PEL-000384,CGS-000384,GSTMT-000562,a3e0948c660849a5815153897d456f7d,EcoStruxure Panel Server Wired by Design (a universal concentrator Modbus gateway),a3e0948c660849a5815153897d456f7d_1.bin,2026-06-26 09:36:38
PELEV-000599,PEL-000384,CGS-000384,GSTMT-000563,a3e0948c660849a5815153897d456f7d,EcoStruxure Panel Server Wired by Design (a universal concentrator Modbus gateway),a3e0948c660849a5815153897d456f7d_1.bin,2026-06-26 09:36:38
PELEV-000600,PEL-000384,CGS-000384,GSTMT-000564,a3e0948c660849a5815153897d456f7d,EcoStruxure Panel Server Wired by Design (a universal concentrator Modbus gateway),a3e0948c660849a5815153897d456f7d_1.bin,2026-06-26 09:36:38
PELEV-000601,PEL-000384,CGS-000384,GSTMT-000565,a3e0948c660849a5815153897d456f7d,EcoStruxure Panel Server Wired by Design (a universal concentrator Modbus gateway),a3e0948c660849a5815153897d456f7d_1.bin,2026-06-26 09:36:38
PELEV-000602,PEL-000385,CGS-000385,GSTMT-000573,a3e0948c660849a5815153897d456f7d,EcoStruxure Panel Server Wired by Design (a universal concentrator Modbus gateway),a3e0948c660849a5815153897d456f7d_3.bin,2026-06-26 09:36:38
PELEV-000603,PEL-000385,CGS-000385,GSTMT-000574,a3e0948c660849a5815153897d456f7d,EcoStruxure Panel Server Wired by Design (a universal concentrator Modbus gateway),a3e0948c660849a5815153897d456f7d_3.bin,2026-06-26 09:36:38
PELEV-000604,PEL-000385,CGS-000385,GSTMT-000575,a3e0948c660849a5815153897d456f7d,EcoStruxure Panel Server Wired by Design (a universal concentrator Modbus gateway),a3e0948c660849a5815153897d456f7d_3.bin,2026-06-26 09:36:38
PELEV-000605,PEL-000386,CGS-000386,GSTMT-000580,a3e0948c660849a5815153897d456f7d,EcoStruxure Panel Server Wired by Design (a universal concentrator Modbus gateway),a3e0948c660849a5815153897d456f7d_3.bin,2026-06-26 09:36:38
PELEV-000606,PEL-000387,CGS-000387,GSTMT-000585,a3e0948c660849a5815153897d456f7d,EcoStruxure Panel Server Wired by Design (a universal concentrator Modbus gateway),a3e0948c660849a5815153897d456f7d_3.bin,2026-06-26 09:36:38
PELEV-000607,PEL-000388,CGS-000388,GSTMT-000595,9bca2be24fb64fbe833ab48ae2b41b2a,Atlanta Job Corps Center Caretaker and Security Services,9bca2be24fb64fbe833ab48ae2b41b2a_1.bin,2026-06-26 09:36:38
PELEV-000608,PEL-000388,CGS-000388,GSTMT-000621,9bca2be24fb64fbe833ab48ae2b41b2a,Atlanta Job Corps Center Caretaker and Security Services,9bca2be24fb64fbe833ab48ae2b41b2a_7.bin,2026-06-26 09:36:38
PELEV-000609,PEL-000389,CGS-000389,GSTMT-000596,9bca2be24fb64fbe833ab48ae2b41b2a,Atlanta Job Corps Center Caretaker and Security Services,9bca2be24fb64fbe833ab48ae2b41b2a_1.bin,2026-06-26 09:36:38
PELEV-000610,PEL-000389,CGS-000389,GSTMT-000622,9bca2be24fb64fbe833ab48ae2b41b2a,Atlanta Job Corps Center Caretaker and Security Services,9bca2be24fb64fbe833ab48ae2b41b2a_7.bin,2026-06-26 09:36:38
PELEV-000611,PEL-000390,CGS-000390,GSTMT-000602,9bca2be24fb64fbe833ab48ae2b41b2a,Atlanta Job Corps Center Caretaker and Security Services,9bca2be24fb64fbe833ab48ae2b41b2a_2.bin,2026-06-26 09:36:38
PELEV-000612,PEL-000391,CGS-000391,GSTMT-000603,9bca2be24fb64fbe833ab48ae2b41b2a,Atlanta Job Corps Center Caretaker and Security Services,9bca2be24fb64fbe833ab48ae2b41b2a_2.bin,2026-06-26 09:36:38
PELEV-000613,PEL-000392,CGS-000392,GSTMT-000604,9bca2be24fb64fbe833ab48ae2b41b2a,Atlanta Job Corps Center Caretaker and Security Services,9bca2be24fb64fbe833ab48ae2b41b2a_2.bin,2026-06-26 09:36:38
PELEV-000614,PEL-000393,CGS-000393,GSTMT-000605,9bca2be24fb64fbe833ab48ae2b41b2a,Atlanta Job Corps Center Caretaker and Security Services,9bca2be24fb64fbe833ab48ae2b41b2a_2.bin,2026-06-26 09:36:38
PELEV-000615,PEL-000394,CGS-000394,GSTMT-000606,9bca2be24fb64fbe833ab48ae2b41b2a,Atlanta Job Corps Center Caretaker and Security Services,9bca2be24fb64fbe833ab48ae2b41b2a_2.bin,2026-06-26 09:36:38
PELEV-000616,PEL-000395,CGS-000395,GSTMT-000607,9bca2be24fb64fbe833ab48ae2b41b2a,Atlanta Job Corps Center Caretaker and Security Services,9bca2be24fb64fbe833ab48ae2b41b2a_2.bin,2026-06-26 09:36:38
PELEV-000617,PEL-000396,CGS-000396,GSTMT-000608,9bca2be24fb64fbe833ab48ae2b41b2a,Atlanta Job Corps Center Caretaker and Security Services,9bca2be24fb64fbe833ab48ae2b41b2a_2.bin,2026-06-26 09:36:38
PELEV-000618,PEL-000397,CGS-000397,GSTMT-000609,9bca2be24fb64fbe833ab48ae2b41b2a,Atlanta Job Corps Center Caretaker and Security Services,9bca2be24fb64fbe833ab48ae2b41b2a_2.bin,2026-06-26 09:36:38
PELEV-000619,PEL-000398,CGS-000398,GSTMT-000610,9bca2be24fb64fbe833ab48ae2b41b2a,Atlanta Job Corps Center Caretaker and Security Services,9bca2be24fb64fbe833ab48ae2b41b2a_3.bin,2026-06-26 09:36:38
PELEV-000620,PEL-000399,CGS-000399,GSTMT-000611,9bca2be24fb64fbe833ab48ae2b41b2a,Atlanta Job Corps Center Caretaker and Security Services,9bca2be24fb64fbe833ab48ae2b41b2a_3.bin,2026-06-26 09:36:38
PELEV-000621,PEL-000400,CGS-000400,GSTMT-000612,9bca2be24fb64fbe833ab48ae2b41b2a,Atlanta Job Corps Center Caretaker and Security Services,9bca2be24fb64fbe833ab48ae2b41b2a_3.bin,2026-06-26 09:36:38
PELEV-000622,PEL-000401,CGS-000401,GSTMT-000613,9bca2be24fb64fbe833ab48ae2b41b2a,Atlanta Job Corps Center Caretaker and Security Services,9bca2be24fb64fbe833ab48ae2b41b2a_3.bin,2026-06-26 09:36:38
PELEV-000623,PEL-000402,CGS-000402,GSTMT-000614,9bca2be24fb64fbe833ab48ae2b41b2a,Atlanta Job Corps Center Caretaker and Security Services,9bca2be24fb64fbe833ab48ae2b41b2a_5.bin,2026-06-26 09:36:38
PELEV-000624,PEL-000403,CGS-000403,GSTMT-000615,9bca2be24fb64fbe833ab48ae2b41b2a,Atlanta Job Corps Center Caretaker and Security Services,9bca2be24fb64fbe833ab48ae2b41b2a_5.bin,2026-06-26 09:36:38
PELEV-000625,PEL-000404,CGS-000404,GSTMT-000618,9bca2be24fb64fbe833ab48ae2b41b2a,Atlanta Job Corps Center Caretaker and Security Services,9bca2be24fb64fbe833ab48ae2b41b2a_6.bin,2026-06-26 09:36:38
PELEV-000626,PEL-000404,CGS-000404,GSTMT-000619,9bca2be24fb64fbe833ab48ae2b41b2a,Atlanta Job Corps Center Caretaker and Security Services,9bca2be24fb64fbe833ab48ae2b41b2a_6.bin,2026-06-26 09:36:38
PELEV-000627,PEL-000405,CGS-000405,GSTMT-000620,9bca2be24fb64fbe833ab48ae2b41b2a,Atlanta Job Corps Center Caretaker and Security Services,9bca2be24fb64fbe833ab48ae2b41b2a_7.bin,2026-06-26 09:36:38
