requirement_object_id,object_type,object_text,mandatory_flag,source_requirement_id,notice_id,opportunity_title,source_file,source_category,source_confidence,object_confidence
ROBJ-000001,evaluation_factor,evaluation factors. Please confirm whether Volume V is e | Section 2 | Section L | Section 2.4. Please clarify the level and format of det,unknown,REQ-000001,4238a30a23b544cf94743e18c87feccb,Selective Service System Website Modernization,4238a30a23b544cf94743e18c87feccb_1.bin,certification,0.75,0.75
ROBJ-000002,proposal_volume,Volume I – Administrative Proposal • Volume II – Technical Proposal • Volume III – Past Per,unknown,REQ-000004,4238a30a23b544cf94743e18c87feccb,Selective Service System Website Modernization,4238a30a23b544cf94743e18c87feccb_1.bin,certification,0.8,0.75
ROBJ-000003,proposal_volume,Volume II – Technical Proposal • Volume III – Past Performance • Volume IV – Price Proposal,unknown,REQ-000004,4238a30a23b544cf94743e18c87feccb,Selective Service System Website Modernization,4238a30a23b544cf94743e18c87feccb_1.bin,certification,0.8,0.75
ROBJ-000004,proposal_volume,Volume III – Past Performance • Volume IV – Price Proposal • Volume V – Contract Documentatio,unknown,REQ-000004,4238a30a23b544cf94743e18c87feccb,Selective Service System Website Modernization,4238a30a23b544cf94743e18c87feccb_1.bin,certification,0.8,0.75
ROBJ-000005,proposal_volume,Volume IV – Price Proposal • Volume V – Contract Documentation Offerors should prepare and s,yes,REQ-000004,4238a30a23b544cf94743e18c87feccb,Selective Service System Website Modernization,4238a30a23b544cf94743e18c87feccb_1.bin,certification,0.8,0.9
ROBJ-000006,proposal_volume,Volume V – Contract Documentation Offerors should prepare and submit all five volumes in ac,yes,REQ-000004,4238a30a23b544cf94743e18c87feccb,Selective Service System Website Modernization,4238a30a23b544cf94743e18c87feccb_1.bin,certification,0.8,0.9
ROBJ-000007,evaluation_factor,Past Performance,unknown,REQ-000004,4238a30a23b544cf94743e18c87feccb,Selective Service System Website Modernization,4238a30a23b544cf94743e18c87feccb_1.bin,certification,0.8,0.55
ROBJ-000008,evaluation_factor,Price,unknown,REQ-000004,4238a30a23b544cf94743e18c87feccb,Selective Service System Website Modernization,4238a30a23b544cf94743e18c87feccb_1.bin,certification,0.8,0.55
ROBJ-000009,experience_requirement,Past Performance • Volume IV – Price Proposal • Volume V – Contract Documentation Offerors should prepare and submit all five volumes in,yes,REQ-000004,4238a30a23b544cf94743e18c87feccb,Selective Service System Website Modernization,4238a30a23b544cf94743e18c87feccb_1.bin,certification,0.8,0.8
ROBJ-000010,evaluation_factor,"Evaluation Factors -Table 1 identifies Volume V as “Factor 5 – Contract Documentation,” but Section 52.212-2 lists only four evaluation fa",unknown,REQ-000008,4238a30a23b544cf94743e18c87feccb,Selective Service System Website Modernization,4238a30a23b544cf94743e18c87feccb_1.bin,evaluation,0.85,0.65
ROBJ-000011,evaluation_factor,evaluation factors. Section 1 | Section L 2.a states four | Section L 2.a | Section 52.212-2 lists only four evaluation factors. Please co,unknown,REQ-000011,4238a30a23b544cf94743e18c87feccb,Selective Service System Website Modernization,4238a30a23b544cf94743e18c87feccb_1.bin,evaluation,0.8,0.75
ROBJ-000012,evaluation_factor,"evaluation factors"", ""section m""], ""proposal_instructions"": Section 1 | Section L 2.a states four | Section L 2.a | Section 52.212-2 lists",unknown,REQ-000013,4238a30a23b544cf94743e18c87feccb,Selective Service System Website Modernization,4238a30a23b544cf94743e18c87feccb_1.bin,evaluation,0.85,0.75
ROBJ-000013,pricing_requirement,"clin"", ""pricing""], ""past_performance"": Section 1 | Section L 2.a states four | Section L 2.a | Section 52.212-2 lists only f",unknown,REQ-000016,4238a30a23b544cf94743e18c87feccb,Selective Service System Website Modernization,4238a30a23b544cf94743e18c87feccb_1.bin,pricing,0.65,0.75
ROBJ-000014,experience_requirement,"recent and relevant""], ""staffing"": Section 1 | Section L 2.a states four | Section L 2.a | Section 52.212-2 lists only four evaluation fact",unknown,REQ-000017,4238a30a23b544cf94743e18c87feccb,Selective Service System Website Modernization,4238a30a23b544cf94743e18c87feccb_1.bin,evaluation,0.75,0.75
ROBJ-000015,experience_requirement,"past performance"", ""references"", ""recent and relevant""], ""staffing"": Section 1 | Section L 2.a states four | Section L 2.a | Section 52.",unknown,REQ-000017,4238a30a23b544cf94743e18c87feccb,Selective Service System Website Modernization,4238a30a23b544cf94743e18c87feccb_1.bin,evaluation,0.75,0.75
ROBJ-000016,staffing_requirement,"qualifications""], ""certifications"": Section 1 | Section L 2.a states four | Section L 2.a | Section 52.212-2 lists only four evaluatio",unknown,REQ-000020,4238a30a23b544cf94743e18c87feccb,Selective Service System Website Modernization,4238a30a23b544cf94743e18c87feccb_1.bin,certification,0.65,0.75
ROBJ-000017,certification_requirement,"fedramp""], ""security"": Section 1 | Section L 2.a states four | Section L 2.a | Section 52.212-2 lists only",unknown,REQ-000022,4238a30a23b544cf94743e18c87feccb,Selective Service System Website Modernization,4238a30a23b544cf94743e18c87feccb_1.bin,certification,0.65,0.85
ROBJ-000018,evaluation_factor,Price,unknown,REQ-000023,4238a30a23b544cf94743e18c87feccb,Selective Service System Website Modernization,4238a30a23b544cf94743e18c87feccb_2.bin,certification,0.7,0.55
ROBJ-000019,certification_requirement,Section 508 Accessibility Conformance Report | Section B-Supplies or Services and Price | Section and refer to the Section | section or Page num,unknown,REQ-000023,4238a30a23b544cf94743e18c87feccb,Selective Service System Website Modernization,4238a30a23b544cf94743e18c87feccb_2.bin,certification,0.7,0.75
ROBJ-000020,deliverable_requirement,Accessibility Conformance Report | Section B-Supplies or Services and Price | Section and refer to the Section | section or Page number. Questions | sec,unknown,REQ-000023,4238a30a23b544cf94743e18c87feccb,Selective Service System Website Modernization,4238a30a23b544cf94743e18c87feccb_2.bin,certification,0.7,0.65
ROBJ-000021,evaluation_factor,"evaluation factors"", ""basis for award"", ""best value""], ""proposal_instructions"": Section II | Section III | Section IV | Section V | sectio",unknown,REQ-000028,4238a30a23b544cf94743e18c87feccb,Selective Service System Website Modernization,4238a30a23b544cf94743e18c87feccb_2.bin,evaluation,0.85,0.75
ROBJ-000022,evaluation_factor,"basis for award"", ""best value""], ""proposal_instructions"": Section II | Section III | Section IV | Section V | section 743 of Division E",unknown,REQ-000028,4238a30a23b544cf94743e18c87feccb,Selective Service System Website Modernization,4238a30a23b544cf94743e18c87feccb_2.bin,evaluation,0.85,0.75
ROBJ-000023,evaluation_factor,best value,unknown,REQ-000028,4238a30a23b544cf94743e18c87feccb,Selective Service System Website Modernization,4238a30a23b544cf94743e18c87feccb_2.bin,evaluation,0.85,0.55
ROBJ-000024,pricing_requirement,"firm fixed price""], ""past_performance"": Section II | Section III | Section IV | Section V | section 743 of Division E | Section 1634 of",unknown,REQ-000031,4238a30a23b544cf94743e18c87feccb,Selective Service System Website Modernization,4238a30a23b544cf94743e18c87feccb_2.bin,evaluation,0.8,0.65
ROBJ-000025,pricing_requirement,"unit price"", ""total price"", ""clin"", ""pricing"", ""firm fixed price""], ""past_performance"": Section II | Section III | Section IV | Se",unknown,REQ-000031,4238a30a23b544cf94743e18c87feccb,Selective Service System Website Modernization,4238a30a23b544cf94743e18c87feccb_2.bin,evaluation,0.8,0.65
ROBJ-000026,pricing_requirement,"clin"", ""pricing"", ""firm fixed price""], ""past_performance"": Section II | Section III | Section IV | Section V | section 743 o",unknown,REQ-000031,4238a30a23b544cf94743e18c87feccb,Selective Service System Website Modernization,4238a30a23b544cf94743e18c87feccb_2.bin,evaluation,0.8,0.65
ROBJ-000027,evaluation_factor,past performance,unknown,REQ-000033,4238a30a23b544cf94743e18c87feccb,Selective Service System Website Modernization,4238a30a23b544cf94743e18c87feccb_2.bin,evaluation,0.75,0.55
ROBJ-000028,experience_requirement,"past performance"", ""references""], ""staffing"": Section II | Section III | Section IV | Section V | section 743 of Division E | Section 16",unknown,REQ-000033,4238a30a23b544cf94743e18c87feccb,Selective Service System Website Modernization,4238a30a23b544cf94743e18c87feccb_2.bin,evaluation,0.75,0.65
ROBJ-000029,staffing_requirement,"key personnel"", ""staffing"", ""resume"", ""qualifications""], ""certifications"": Section II | Section III | Section IV | Section V | sectio",unknown,REQ-000036,4238a30a23b544cf94743e18c87feccb,Selective Service System Website Modernization,4238a30a23b544cf94743e18c87feccb_2.bin,certification,0.65,0.65
ROBJ-000030,staffing_requirement,"resume"", ""qualifications""], ""certifications"": Section II | Section III | Section IV | Section V | section 743 of Division E |",unknown,REQ-000036,4238a30a23b544cf94743e18c87feccb,Selective Service System Website Modernization,4238a30a23b544cf94743e18c87feccb_2.bin,certification,0.65,0.65
ROBJ-000031,staffing_requirement,"qualifications""], ""certifications"": Section II | Section III | Section IV | Section V | section 743 of Division E | Section 1634 of Pu",unknown,REQ-000036,4238a30a23b544cf94743e18c87feccb,Selective Service System Website Modernization,4238a30a23b544cf94743e18c87feccb_2.bin,certification,0.65,0.65
ROBJ-000032,certification_requirement,"fedramp""], ""security"": Section II | Section III | Section IV | Section V | section 743 of Division E | Sect",unknown,REQ-000038,4238a30a23b544cf94743e18c87feccb,Selective Service System Website Modernization,4238a30a23b544cf94743e18c87feccb_2.bin,certification,0.65,0.75
ROBJ-000033,procurement_form_or_artifact,"sf 1449"", ""representations and certifications""], ""drawings"": Section II | Section III | Section IV | Section V | section 743 of",unknown,REQ-000039,4238a30a23b544cf94743e18c87feccb,Selective Service System Website Modernization,4238a30a23b544cf94743e18c87feccb_2.bin,certification,0.7,0.65
ROBJ-000034,procurement_form_or_artifact,"drawings"": Section II | Section III | Section IV | Section V | section 743 of Division E | Section 1634 of Pub. L. 115-91 | Sec",unknown,REQ-000039,4238a30a23b544cf94743e18c87feccb,Selective Service System Website Modernization,4238a30a23b544cf94743e18c87feccb_2.bin,certification,0.7,0.65
ROBJ-000035,evaluation_factor,Price,unknown,REQ-000040,4238a30a23b544cf94743e18c87feccb,Selective Service System Website Modernization,4238a30a23b544cf94743e18c87feccb_3.bin,certification,0.7,0.55
ROBJ-000036,certification_requirement,Section 508 Accessibility Conformance Report | Section B-Supplies or Services and Price | Section and refer to the Section | section or Page num,unknown,REQ-000040,4238a30a23b544cf94743e18c87feccb,Selective Service System Website Modernization,4238a30a23b544cf94743e18c87feccb_3.bin,certification,0.7,0.75
ROBJ-000037,deliverable_requirement,Accessibility Conformance Report | Section B-Supplies or Services and Price | Section and refer to the Section | section or Page number. Questions | sec,unknown,REQ-000040,4238a30a23b544cf94743e18c87feccb,Selective Service System Website Modernization,4238a30a23b544cf94743e18c87feccb_3.bin,certification,0.7,0.65
ROBJ-000038,evaluation_factor,"evaluation factors"", ""basis for award"", ""best value""], ""proposal_instructions"": Section II | Section III | Section IV | Section V | sectio",unknown,REQ-000045,4238a30a23b544cf94743e18c87feccb,Selective Service System Website Modernization,4238a30a23b544cf94743e18c87feccb_3.bin,evaluation,0.85,0.75
ROBJ-000039,evaluation_factor,"basis for award"", ""best value""], ""proposal_instructions"": Section II | Section III | Section IV | Section V | section 743 of Division E",unknown,REQ-000045,4238a30a23b544cf94743e18c87feccb,Selective Service System Website Modernization,4238a30a23b544cf94743e18c87feccb_3.bin,evaluation,0.85,0.75
ROBJ-000040,evaluation_factor,best value,unknown,REQ-000045,4238a30a23b544cf94743e18c87feccb,Selective Service System Website Modernization,4238a30a23b544cf94743e18c87feccb_3.bin,evaluation,0.85,0.55
ROBJ-000041,pricing_requirement,"firm fixed price""], ""past_performance"": Section II | Section III | Section IV | Section V | section 743 of Division E | Section 1634 of",unknown,REQ-000048,4238a30a23b544cf94743e18c87feccb,Selective Service System Website Modernization,4238a30a23b544cf94743e18c87feccb_3.bin,evaluation,0.8,0.65
ROBJ-000042,pricing_requirement,"unit price"", ""total price"", ""clin"", ""pricing"", ""firm fixed price""], ""past_performance"": Section II | Section III | Section IV | Se",unknown,REQ-000048,4238a30a23b544cf94743e18c87feccb,Selective Service System Website Modernization,4238a30a23b544cf94743e18c87feccb_3.bin,evaluation,0.8,0.65
ROBJ-000043,pricing_requirement,"clin"", ""pricing"", ""firm fixed price""], ""past_performance"": Section II | Section III | Section IV | Section V | section 743 o",unknown,REQ-000048,4238a30a23b544cf94743e18c87feccb,Selective Service System Website Modernization,4238a30a23b544cf94743e18c87feccb_3.bin,evaluation,0.8,0.65
ROBJ-000044,evaluation_factor,past performance,unknown,REQ-000050,4238a30a23b544cf94743e18c87feccb,Selective Service System Website Modernization,4238a30a23b544cf94743e18c87feccb_3.bin,evaluation,0.75,0.55
ROBJ-000045,experience_requirement,"past performance"", ""references""], ""staffing"": Section II | Section III | Section IV | Section V | section 743 of Division E | Section 16",unknown,REQ-000050,4238a30a23b544cf94743e18c87feccb,Selective Service System Website Modernization,4238a30a23b544cf94743e18c87feccb_3.bin,evaluation,0.75,0.65
ROBJ-000046,staffing_requirement,"key personnel"", ""staffing"", ""resume"", ""qualifications""], ""certifications"": Section II | Section III | Section IV | Section V | sectio",unknown,REQ-000053,4238a30a23b544cf94743e18c87feccb,Selective Service System Website Modernization,4238a30a23b544cf94743e18c87feccb_3.bin,certification,0.65,0.65
ROBJ-000047,staffing_requirement,"resume"", ""qualifications""], ""certifications"": Section II | Section III | Section IV | Section V | section 743 of Division E |",unknown,REQ-000053,4238a30a23b544cf94743e18c87feccb,Selective Service System Website Modernization,4238a30a23b544cf94743e18c87feccb_3.bin,certification,0.65,0.65
ROBJ-000048,staffing_requirement,"qualifications""], ""certifications"": Section II | Section III | Section IV | Section V | section 743 of Division E | Section 1634 of Pu",unknown,REQ-000053,4238a30a23b544cf94743e18c87feccb,Selective Service System Website Modernization,4238a30a23b544cf94743e18c87feccb_3.bin,certification,0.65,0.65
ROBJ-000049,certification_requirement,"fedramp""], ""security"": Section II | Section III | Section IV | Section V | section 743 of Division E | Sect",unknown,REQ-000055,4238a30a23b544cf94743e18c87feccb,Selective Service System Website Modernization,4238a30a23b544cf94743e18c87feccb_3.bin,certification,0.65,0.75
ROBJ-000050,procurement_form_or_artifact,"sf 1449"", ""representations and certifications""], ""drawings"": Section II | Section III | Section IV | Section V | section 743 of",unknown,REQ-000056,4238a30a23b544cf94743e18c87feccb,Selective Service System Website Modernization,4238a30a23b544cf94743e18c87feccb_3.bin,certification,0.7,0.65
ROBJ-000051,procurement_form_or_artifact,"drawings"": Section II | Section III | Section IV | Section V | section 743 of Division E | Section 1634 of Pub. L. 115-91 | Sec",unknown,REQ-000056,4238a30a23b544cf94743e18c87feccb,Selective Service System Website Modernization,4238a30a23b544cf94743e18c87feccb_3.bin,certification,0.7,0.65
ROBJ-000052,procurement_form_or_artifact,AMENDMENT OF SOLICITATION/MODIFICATION OF CONTRACT 1. section headings,unknown,REQ-000057,4238a30a23b544cf94743e18c87feccb,Selective Service System Website Modernization,4238a30a23b544cf94743e18c87feccb_4.bin,amendment,0.65,0.65
ROBJ-000053,procurement_form_or_artifact,AMENDMENT OF SOLICITATION NUMBER 90MC0026R0004 181 (SEE ITEM 11) 9B. section headings,unknown,REQ-000060,4238a30a23b544cf94743e18c87feccb,Selective Service System Website Modernization,4238a30a23b544cf94743e18c87feccb_4.bin,amendment,0.65,0.65
ROBJ-000054,procurement_form_or_artifact,"amendment of solicitation"", ""modification of contract""], ""forms"": section headings",unknown,REQ-000069,4238a30a23b544cf94743e18c87feccb,Selective Service System Website Modernization,4238a30a23b544cf94743e18c87feccb_4.bin,amendment,0.65,0.65
ROBJ-000055,evaluation_factor,past performance,unknown,REQ-000070,4238a30a23b544cf94743e18c87feccb,Selective Service System Website Modernization,4238a30a23b544cf94743e18c87feccb_5.bin,evaluation,0.8,0.55
ROBJ-000056,experience_requirement,"past performance evaluation, please indicate another POC for the contacting officer/contract specialist to contact.",unknown,REQ-000070,4238a30a23b544cf94743e18c87feccb,Selective Service System Website Modernization,4238a30a23b544cf94743e18c87feccb_5.bin,evaluation,0.8,0.65
ROBJ-000057,procurement_form_or_artifact,AMENDMENT OF SOLICITATION/MODIFICATION OF CONTRACT 2. section headings | Section IV | Part 2.4 | Part 2 | Part 3 | Attachment 1 Selective Service,unknown,REQ-000072,4238a30a23b544cf94743e18c87feccb,Selective Service System Website Modernization,4238a30a23b544cf94743e18c87feccb_6.bin,amendment,0.7,0.65
ROBJ-000058,procurement_form_or_artifact,Attachment 1 Selective Service System Website Modernization Requirement Q | Attachment 1 A5 | Attachment 1 A9 | Attachment 1 Q14 | F,unknown,REQ-000072,4238a30a23b544cf94743e18c87feccb,Selective Service System Website Modernization,4238a30a23b544cf94743e18c87feccb_6.bin,amendment,0.7,0.65
ROBJ-000059,procurement_form_or_artifact,AMENDMENT OF SOLICITATION NUMBER 9B. section headings | Section IV | Part 2.4 | Part 2 | Part 3 | Attachment 1 Selective Service System Website M,unknown,REQ-000075,4238a30a23b544cf94743e18c87feccb,Selective Service System Website Modernization,4238a30a23b544cf94743e18c87feccb_6.bin,amendment,0.65,0.65
ROBJ-000060,evaluation_factor,past performance,unknown,REQ-000083,4238a30a23b544cf94743e18c87feccb,Selective Service System Website Modernization,4238a30a23b544cf94743e18c87feccb_6.bin,certification,0.75,0.55
ROBJ-000061,experience_requirement,"past performance"", ""references""], ""certifications"": section headings | Section IV | Part 2.4 | Part 2 | Part 3 | Attachment 1 Selective",unknown,REQ-000083,4238a30a23b544cf94743e18c87feccb,Selective Service System Website Modernization,4238a30a23b544cf94743e18c87feccb_6.bin,certification,0.75,0.65
ROBJ-000062,certification_requirement,"fedramp""], ""q_and_a"": section headings | Section IV | Part 2.4 | Part 2 | Part 3 | Attachment 1 Selective S",unknown,REQ-000086,4238a30a23b544cf94743e18c87feccb,Selective Service System Website Modernization,4238a30a23b544cf94743e18c87feccb_6.bin,certification,0.65,0.75
ROBJ-000063,procurement_form_or_artifact,"amendment of solicitation"", ""modification of contract""], ""forms"": section headings | Section IV | Part 2.4 | Part 2 | Part 3 | Attachment 1 Selec",unknown,REQ-000089,4238a30a23b544cf94743e18c87feccb,Selective Service System Website Modernization,4238a30a23b544cf94743e18c87feccb_6.bin,amendment,0.65,0.65
ROBJ-000064,procurement_form_or_artifact,"Attachment 1 June 3 {""pricing_schedule"": Part 2 | Part 3 | Part 4 | Part 5 | Part 6 | Attachment 1 June 3",unknown,REQ-000090,4238a30a23b544cf94743e18c87feccb,Selective Service System Website Modernization,4238a30a23b544cf94743e18c87feccb_7.bin,pricing,0.65,0.65
ROBJ-000065,pricing_requirement,"clin""], ""certifications"": Part 2 | Part 3 | Part 4 | Part 5 | Part 6 | Attachment 1 June 3",unknown,REQ-000091,4238a30a23b544cf94743e18c87feccb,Selective Service System Website Modernization,4238a30a23b544cf94743e18c87feccb_7.bin,certification,0.65,0.65
ROBJ-000066,procurement_form_or_artifact,Attachment 1 June 3,unknown,REQ-000091,4238a30a23b544cf94743e18c87feccb,Selective Service System Website Modernization,4238a30a23b544cf94743e18c87feccb_7.bin,certification,0.65,0.55
ROBJ-000067,evaluation_factor,best value,unknown,REQ-000097,dc7183e7aab342788a9dff786e444f8a,JSCG-P Cristobal Colon Base Life Support,dc7183e7aab342788a9dff786e444f8a_1.bin,evaluation,0.75,0.55
ROBJ-000068,evaluation_factor,price,unknown,REQ-000099,dc7183e7aab342788a9dff786e444f8a,JSCG-P Cristobal Colon Base Life Support,dc7183e7aab342788a9dff786e444f8a_1.bin,evaluation,0.75,0.55
ROBJ-000069,pricing_requirement,"firm fixed price""], ""past_performance"": Section 5 of this PWS. Required services include billeting tents | Section 5.13 Surge Requiremen",yes,REQ-000099,dc7183e7aab342788a9dff786e444f8a,JSCG-P Cristobal Colon Base Life Support,dc7183e7aab342788a9dff786e444f8a_1.bin,evaluation,0.75,0.8
ROBJ-000070,pricing_requirement,"clin"", ""pricing"", ""firm fixed price""], ""past_performance"": Section 5 of this PWS. Required services include billeting tents",yes,REQ-000099,dc7183e7aab342788a9dff786e444f8a,JSCG-P Cristobal Colon Base Life Support,dc7183e7aab342788a9dff786e444f8a_1.bin,evaluation,0.75,0.8
ROBJ-000071,staffing_requirement,"key personnel"", ""staffing"", ""resume"", ""qualifications""], ""certifications"": Section 5 of this PWS. Required services include billeting",yes,REQ-000103,dc7183e7aab342788a9dff786e444f8a,JSCG-P Cristobal Colon Base Life Support,dc7183e7aab342788a9dff786e444f8a_1.bin,certification,0.65,0.8
ROBJ-000072,staffing_requirement,"resume"", ""qualifications""], ""certifications"": Section 5 of this PWS. Required services include billeting tents | Section 5.13",yes,REQ-000103,dc7183e7aab342788a9dff786e444f8a,JSCG-P Cristobal Colon Base Life Support,dc7183e7aab342788a9dff786e444f8a_1.bin,certification,0.65,0.8
ROBJ-000073,staffing_requirement,"qualifications""], ""certifications"": Section 5 of this PWS. Required services include billeting tents | Section 5.13 Surge Requirements",yes,REQ-000103,dc7183e7aab342788a9dff786e444f8a,JSCG-P Cristobal Colon Base Life Support,dc7183e7aab342788a9dff786e444f8a_1.bin,certification,0.65,0.8
ROBJ-000074,evaluation_factor,past performance,unknown,REQ-000107,dc7183e7aab342788a9dff786e444f8a,JSCG-P Cristobal Colon Base Life Support,dc7183e7aab342788a9dff786e444f8a_2.bin,proposal_instruction,0.7,0.55
ROBJ-000075,experience_requirement,past performance experience in working other base life support,unknown,REQ-000107,dc7183e7aab342788a9dff786e444f8a,JSCG-P Cristobal Colon Base Life Support,dc7183e7aab342788a9dff786e444f8a_2.bin,proposal_instruction,0.7,0.65
ROBJ-000076,evaluation_factor,Price,unknown,REQ-000111,dc7183e7aab342788a9dff786e444f8a,JSCG-P Cristobal Colon Base Life Support,dc7183e7aab342788a9dff786e444f8a_2.bin,evaluation,0.8,0.55
ROBJ-000077,experience_requirement,"past performance experience in working other base life support {""statement_of_work"": section that outlines your past performance experie",unknown,REQ-000111,dc7183e7aab342788a9dff786e444f8a,JSCG-P Cristobal Colon Base Life Support,dc7183e7aab342788a9dff786e444f8a_2.bin,evaluation,0.8,0.65
ROBJ-000078,pricing_requirement,Firm Fixed Price (FFP) contract resulting from this solicitation to the responsible offeror whose quote conforms to these instructions a,unknown,REQ-000111,dc7183e7aab342788a9dff786e444f8a,JSCG-P Cristobal Colon Base Life Support,dc7183e7aab342788a9dff786e444f8a_2.bin,evaluation,0.8,0.65
ROBJ-000079,pricing_requirement,FFP) contract resulting from this solicitation to the responsible offeror whose quote conforms to these instructions and wi,unknown,REQ-000111,dc7183e7aab342788a9dff786e444f8a,JSCG-P Cristobal Colon Base Life Support,dc7183e7aab342788a9dff786e444f8a_2.bin,evaluation,0.8,0.65
ROBJ-000080,evaluation_factor,"evaluation factors""], ""proposal_instructions"": section that outlines your past performance experience in working other base life support",unknown,REQ-000115,dc7183e7aab342788a9dff786e444f8a,JSCG-P Cristobal Colon Base Life Support,dc7183e7aab342788a9dff786e444f8a_2.bin,evaluation,0.8,0.65
ROBJ-000081,deliverable_requirement,"technical plan""], ""pricing_schedule"": section that outlines your past performance experience in working other base life support",unknown,REQ-000116,dc7183e7aab342788a9dff786e444f8a,JSCG-P Cristobal Colon Base Life Support,dc7183e7aab342788a9dff786e444f8a_2.bin,proposal_instruction,0.75,0.65
ROBJ-000082,pricing_requirement,"firm fixed price""], ""past_performance"": section that outlines your past performance experience in working other base life support",unknown,REQ-000118,dc7183e7aab342788a9dff786e444f8a,JSCG-P Cristobal Colon Base Life Support,dc7183e7aab342788a9dff786e444f8a_2.bin,evaluation,0.75,0.65
ROBJ-000083,pricing_requirement,"unit price"", ""clin"", ""firm fixed price""], ""past_performance"": section that outlines your past performance experience in working ot",unknown,REQ-000118,dc7183e7aab342788a9dff786e444f8a,JSCG-P Cristobal Colon Base Life Support,dc7183e7aab342788a9dff786e444f8a_2.bin,evaluation,0.75,0.65
ROBJ-000084,pricing_requirement,"clin"", ""firm fixed price""], ""past_performance"": section that outlines your past performance experience in working other base",unknown,REQ-000118,dc7183e7aab342788a9dff786e444f8a,JSCG-P Cristobal Colon Base Life Support,dc7183e7aab342788a9dff786e444f8a_2.bin,evaluation,0.75,0.65
ROBJ-000085,experience_requirement,"past performance"", ""references""], ""staffing"": section that outlines your past performance experience in working other base life support",unknown,REQ-000120,dc7183e7aab342788a9dff786e444f8a,JSCG-P Cristobal Colon Base Life Support,dc7183e7aab342788a9dff786e444f8a_2.bin,evaluation,0.75,0.65
ROBJ-000086,evaluation_factor,PRICE,unknown,REQ-000124,dc7183e7aab342788a9dff786e444f8a,JSCG-P Cristobal Colon Base Life Support,dc7183e7aab342788a9dff786e444f8a_4.bin,evaluation,0.85,0.55
ROBJ-000087,pricing_requirement,UNIT PRICE AMOUNT (Use Reverse and/or Attach Additional Shee Section 5.1 and all applicable sections of the Performance Work State,unknown,REQ-000124,dc7183e7aab342788a9dff786e444f8a,JSCG-P Cristobal Colon Base Life Support,dc7183e7aab342788a9dff786e444f8a_4.bin,evaluation,0.85,0.65
ROBJ-000088,pricing_requirement,"firm fixed price""], ""certifications"": Section 5.1 and all applicable sections of the Performance Work Statement. System Identif | sectio",unknown,REQ-000138,dc7183e7aab342788a9dff786e444f8a,JSCG-P Cristobal Colon Base Life Support,dc7183e7aab342788a9dff786e444f8a_4.bin,certification,0.75,0.65
ROBJ-000089,pricing_requirement,"unit price"", ""clin"", ""pricing"", ""firm fixed price""], ""certifications"": Section 5.1 and all applicable sections of the Performance",unknown,REQ-000138,dc7183e7aab342788a9dff786e444f8a,JSCG-P Cristobal Colon Base Life Support,dc7183e7aab342788a9dff786e444f8a_4.bin,certification,0.75,0.65
ROBJ-000090,pricing_requirement,"clin"", ""pricing"", ""firm fixed price""], ""certifications"": Section 5.1 and all applicable sections of the Performance Work Sta",unknown,REQ-000138,dc7183e7aab342788a9dff786e444f8a,JSCG-P Cristobal Colon Base Life Support,dc7183e7aab342788a9dff786e444f8a_4.bin,certification,0.75,0.65
ROBJ-000091,evaluation_factor,Basis for Award. part 13 | part 12 | Part 9 | Factor 1 | Factor 2 - Past Performance | Factor 3,unknown,REQ-000141,dc7183e7aab342788a9dff786e444f8a,JSCG-P Cristobal Colon Base Life Support,dc7183e7aab342788a9dff786e444f8a_5.bin,evaluation,0.85,0.75
ROBJ-000092,evaluation_factor,Past Performance,unknown,REQ-000141,dc7183e7aab342788a9dff786e444f8a,JSCG-P Cristobal Colon Base Life Support,dc7183e7aab342788a9dff786e444f8a_5.bin,evaluation,0.85,0.55
ROBJ-000093,experience_requirement,Past Performance | Factor 3,unknown,REQ-000141,dc7183e7aab342788a9dff786e444f8a,JSCG-P Cristobal Colon Base Life Support,dc7183e7aab342788a9dff786e444f8a_5.bin,evaluation,0.85,0.55
ROBJ-000094,evaluation_factor,price,unknown,REQ-000142,dc7183e7aab342788a9dff786e444f8a,JSCG-P Cristobal Colon Base Life Support,dc7183e7aab342788a9dff786e444f8a_5.bin,evaluation,0.8,0.55
ROBJ-000095,evaluation_factor,Lowest Price Technically Acceptable,unknown,REQ-000143,dc7183e7aab342788a9dff786e444f8a,JSCG-P Cristobal Colon Base Life Support,dc7183e7aab342788a9dff786e444f8a_5.bin,evaluation,0.8,0.55
ROBJ-000096,evaluation_factor,best value,unknown,REQ-000143,dc7183e7aab342788a9dff786e444f8a,JSCG-P Cristobal Colon Base Life Support,dc7183e7aab342788a9dff786e444f8a_5.bin,evaluation,0.8,0.55
ROBJ-000097,evaluation_factor,Technical Capability,unknown,REQ-000143,dc7183e7aab342788a9dff786e444f8a,JSCG-P Cristobal Colon Base Life Support,dc7183e7aab342788a9dff786e444f8a_5.bin,evaluation,0.8,0.55
ROBJ-000098,experience_requirement,Past Performance c) Price This competitive best value selection will be conducted using the Lowest Price Technically Acceptable (LPTA) s,unknown,REQ-000143,dc7183e7aab342788a9dff786e444f8a,JSCG-P Cristobal Colon Base Life Support,dc7183e7aab342788a9dff786e444f8a_5.bin,evaluation,0.8,0.65
ROBJ-000099,experience_requirement,past performance and price are also important to the overall contract award decision. part 13 | part 12 | Part 9 | Factor 1 | Factor 2 -,unknown,REQ-000145,dc7183e7aab342788a9dff786e444f8a,JSCG-P Cristobal Colon Base Life Support,dc7183e7aab342788a9dff786e444f8a_5.bin,evaluation,0.8,0.65
ROBJ-000100,experience_requirement,Past Performance part 13 | part 12 | Part 9 | Factor 1 | Factor 2 - Past Performance | Factor 3,unknown,REQ-000149,dc7183e7aab342788a9dff786e444f8a,JSCG-P Cristobal Colon Base Life Support,dc7183e7aab342788a9dff786e444f8a_5.bin,evaluation,0.75,0.65
ROBJ-000101,evaluation_factor,"basis for award"", ""lpta"", ""best value""], ""proposal_instructions"": part 13 | part 12 | Part 9 | Factor 1 | Factor 2 - Past Performance |",unknown,REQ-000151,dc7183e7aab342788a9dff786e444f8a,JSCG-P Cristobal Colon Base Life Support,dc7183e7aab342788a9dff786e444f8a_5.bin,evaluation,0.85,0.75
ROBJ-000102,deliverable_requirement,"technical plan""], ""pricing_schedule"": part 13 | part 12 | Part 9 | Factor 1 | Factor 2 - Past Performance | Factor 3",unknown,REQ-000152,dc7183e7aab342788a9dff786e444f8a,JSCG-P Cristobal Colon Base Life Support,dc7183e7aab342788a9dff786e444f8a_5.bin,proposal_instruction,0.65,0.65
ROBJ-000103,pricing_requirement,"clin"", ""pricing""], ""past_performance"": part 13 | part 12 | Part 9 | Factor 1 | Factor 2 - Past Performance | Factor 3",unknown,REQ-000154,dc7183e7aab342788a9dff786e444f8a,JSCG-P Cristobal Colon Base Life Support,dc7183e7aab342788a9dff786e444f8a_5.bin,evaluation,0.75,0.65
ROBJ-000104,experience_requirement,"recent and relevant""]} part 13 | part 12 | Part 9 | Factor 1 | Factor 2 - Past Performance | Factor 3",unknown,REQ-000156,dc7183e7aab342788a9dff786e444f8a,JSCG-P Cristobal Colon Base Life Support,dc7183e7aab342788a9dff786e444f8a_5.bin,evaluation,0.75,0.65
ROBJ-000105,experience_requirement,"past performance"", ""references"", ""recent and relevant""]} part 13 | part 12 | Part 9 | Factor 1 | Factor 2 - Past Performance | Factor 3",unknown,REQ-000156,dc7183e7aab342788a9dff786e444f8a,JSCG-P Cristobal Colon Base Life Support,dc7183e7aab342788a9dff786e444f8a_5.bin,evaluation,0.75,0.65
ROBJ-000106,procurement_form_or_artifact,AMENDMENT OF SOLICITATION/MODIFICATION OF CONTRACT 2. section headings | section hour availability to respond to and 5.11 and applicable sections,unknown,REQ-000158,dc7183e7aab342788a9dff786e444f8a,JSCG-P Cristobal Colon Base Life Support,dc7183e7aab342788a9dff786e444f8a_6.bin,amendment,0.7,0.65
ROBJ-000107,procurement_form_or_artifact,AMENDMENT OF SOLICITATION NUMBER 9B. section headings | section hour availability to respond to and 5.11 and applicable sections of perform unsch,unknown,REQ-000161,dc7183e7aab342788a9dff786e444f8a,JSCG-P Cristobal Colon Base Life Support,dc7183e7aab342788a9dff786e444f8a_6.bin,amendment,0.65,0.65
ROBJ-000108,pricing_requirement,"clin""], ""certifications"": section headings | section hour availability to respond to and 5.11 and applicable sections of per",unknown,REQ-000170,dc7183e7aab342788a9dff786e444f8a,JSCG-P Cristobal Colon Base Life Support,dc7183e7aab342788a9dff786e444f8a_6.bin,certification,0.65,0.65
ROBJ-000109,procurement_form_or_artifact,"amendment of solicitation"", ""modification of contract"", ""sf 30""], ""forms"": section headings | section hour availability to respond to and 5.11 an",unknown,REQ-000172,dc7183e7aab342788a9dff786e444f8a,JSCG-P Cristobal Colon Base Life Support,dc7183e7aab342788a9dff786e444f8a_6.bin,amendment,0.65,0.65
ROBJ-000110,evaluation_factor,PRICE,unknown,REQ-000173,b9d0ecdbad264ff4a301649e05fdf09f,Socket Head Cap Screws,b9d0ecdbad264ff4a301649e05fdf09f_2.bin,evaluation,0.8,0.55
ROBJ-000111,procurement_form_or_artifact,EXHIBIT A | Attachment 2. 0002 DATA REQUIREMENTS 1 EA ___NSP____ ___NSP_____ A001 EXHIBIT B | EXHIBIT A | EXHIBIT B,unknown,REQ-000173,b9d0ecdbad264ff4a301649e05fdf09f,Socket Head Cap Screws,b9d0ecdbad264ff4a301649e05fdf09f_2.bin,evaluation,0.8,0.65
ROBJ-000112,procurement_form_or_artifact,Attachment 1. 0002 DATA REQUIREMENTS 1 EA ___NSP____ ___NSP_____ A001 EXHIBIT A | Attachment 2. 0002 DATA REQUIREMENTS 1 EA ___NSP__,unknown,REQ-000173,b9d0ecdbad264ff4a301649e05fdf09f,Socket Head Cap Screws,b9d0ecdbad264ff4a301649e05fdf09f_2.bin,evaluation,0.8,0.65
ROBJ-000113,pricing_requirement,"unit price"", ""total price"", ""pricing""], ""certifications"": Attachment 1. 0002 DATA REQUIREMENTS 1 EA ___NSP____ ___NSP_____ A001 EX",unknown,REQ-000179,b9d0ecdbad264ff4a301649e05fdf09f,Socket Head Cap Screws,b9d0ecdbad264ff4a301649e05fdf09f_2.bin,certification,0.75,0.65
ROBJ-000114,certification_requirement,"certificate of compliance"", ""nist""], ""security"": Attachment 1. 0002 DATA REQUIREMENTS 1 EA ___NSP____ ___NSP_____ A001 EXHIBI",unknown,REQ-000182,b9d0ecdbad264ff4a301649e05fdf09f,Socket Head Cap Screws,b9d0ecdbad264ff4a301649e05fdf09f_2.bin,certification,0.65,0.75
ROBJ-000115,clearance_requirement,"secret"", ""classified"", ""cui""]} Attachment 1. 0002 DATA REQUIREMENTS 1 EA ___NSP____ __",unknown,REQ-000183,b9d0ecdbad264ff4a301649e05fdf09f,Socket Head Cap Screws,b9d0ecdbad264ff4a301649e05fdf09f_2.bin,security,0.65,0.75
ROBJ-000116,clearance_requirement,"cui""]} Attachment 1. 0002 DATA REQUIREMENTS 1 EA ___NSP____ ___NSP_____ A001 EXHIBI",unknown,REQ-000183,b9d0ecdbad264ff4a301649e05fdf09f,Socket Head Cap Screws,b9d0ecdbad264ff4a301649e05fdf09f_2.bin,security,0.65,0.75
ROBJ-000117,certification_requirement,CERTIFICATE OF COMPLIANCE COMPLIANCE 4. SECTION C. 2 CODE 245 7.DD 250 REQ 9.DIST 10.FREQUENCY 12.DATE OF 1st 14.DISTRIBUTION,unknown,REQ-000184,b9d0ecdbad264ff4a301649e05fdf09f,Socket Head Cap Screws,b9d0ecdbad264ff4a301649e05fdf09f_3.bin,certification,0.65,0.75
ROBJ-000118,procurement_form_or_artifact,EXHIBIT C.CATEGORY 0001 A TDP TM ______ OTHER______ D.SYSTEM,unknown,REQ-000184,b9d0ecdbad264ff4a301649e05fdf09f,Socket Head Cap Screws,b9d0ecdbad264ff4a301649e05fdf09f_3.bin,certification,0.65,0.65
ROBJ-000119,certification_requirement,CHEMICAL & MECHANICAL CERTIFICATION A002 CERTIFICATION DATA / REPORT 4.AUTHORITY 5.CONTRACT REFERENCE 6. SECTION C. 2 CODE 245 7.DD 250,unknown,REQ-000185,b9d0ecdbad264ff4a301649e05fdf09f,Socket Head Cap Screws,b9d0ecdbad264ff4a301649e05fdf09f_3.bin,certification,0.7,0.75
ROBJ-000120,procurement_form_or_artifact,"EXHIBIT C.CATEGORY 0001 A TDP TM ______ OTHER______ D.SYSTEM {""certifications"": SECTION C. 2 CODE 245 7.DD 250 REQ 9.DIST 10.FREQ",unknown,REQ-000186,b9d0ecdbad264ff4a301649e05fdf09f,Socket Head Cap Screws,b9d0ecdbad264ff4a301649e05fdf09f_3.bin,certification,0.65,0.65
ROBJ-000121,certification_requirement,"certificate of compliance""]} SECTION C. 2 CODE 245 7.DD 250 REQ 9.DIST 10.FREQUENCY 12.DATE OF 1st 14.DISTRIBUTION STA | SECT",unknown,REQ-000187,b9d0ecdbad264ff4a301649e05fdf09f,Socket Head Cap Screws,b9d0ecdbad264ff4a301649e05fdf09f_3.bin,certification,0.65,0.75
ROBJ-000122,certification_requirement,CERTIFICATE OF COMPLIANCE COMPLIANCE 4. SECTION C. 2 CODE 245 7.DD 250 REQ 9.DIST 10.FREQUENCY 12.DATE OF 1st 14.DISTRIBUTION,unknown,REQ-000188,b9d0ecdbad264ff4a301649e05fdf09f,Socket Head Cap Screws,b9d0ecdbad264ff4a301649e05fdf09f_5.bin,certification,0.65,0.75
ROBJ-000123,procurement_form_or_artifact,EXHIBIT C.CATEGORY 0002 B TDP TM ______ OTHER______ D.SYSTEM,unknown,REQ-000188,b9d0ecdbad264ff4a301649e05fdf09f,Socket Head Cap Screws,b9d0ecdbad264ff4a301649e05fdf09f_5.bin,certification,0.65,0.65
ROBJ-000124,certification_requirement,CHEMICAL & MECHANICAL CERTIFICATION A002 CERTIFICATION DATA / REPORT 4.AUTHORITY 5.CONTRACT REFERENCE 6. SECTION C. 2 CODE 245 7.DD 250,unknown,REQ-000189,b9d0ecdbad264ff4a301649e05fdf09f,Socket Head Cap Screws,b9d0ecdbad264ff4a301649e05fdf09f_5.bin,certification,0.7,0.75
ROBJ-000125,procurement_form_or_artifact,"EXHIBIT C.CATEGORY 0002 B TDP TM ______ OTHER______ D.SYSTEM {""certifications"": SECTION C. 2 CODE 245 7.DD 250 REQ 9.DIST 10.FREQ",unknown,REQ-000190,b9d0ecdbad264ff4a301649e05fdf09f,Socket Head Cap Screws,b9d0ecdbad264ff4a301649e05fdf09f_5.bin,certification,0.65,0.65
ROBJ-000126,certification_requirement,"certificate of compliance""]} SECTION C. 2 CODE 245 7.DD 250 REQ 9.DIST 10.FREQUENCY 12.DATE OF 1st 14.DISTRIBUTION STA | SECT",unknown,REQ-000191,b9d0ecdbad264ff4a301649e05fdf09f,Socket Head Cap Screws,b9d0ecdbad264ff4a301649e05fdf09f_5.bin,certification,0.65,0.75
ROBJ-000127,evaluation_factor,Price,unknown,REQ-000192,71ca1faee86e4a5e9cbbaf154af5bd47,7195--Solar Shades - B3 PACT,71ca1faee86e4a5e9cbbaf154af5bd47_1.bin,certification,0.7,0.55
ROBJ-000128,pricing_requirement,unit price and extended pric | Section B of the solicitation. No other formats will be accepted. | section 8 | section 4 | Section,unknown,REQ-000192,71ca1faee86e4a5e9cbbaf154af5bd47,7195--Solar Shades - B3 PACT,71ca1faee86e4a5e9cbbaf154af5bd47_1.bin,certification,0.7,0.65
ROBJ-000129,procurement_form_or_artifact,SF 1449 BLOCKS .............................................. | SECTION C - CONTRACT CLAUSES ..................................,unknown,REQ-000192,71ca1faee86e4a5e9cbbaf154af5bd47,7195--Solar Shades - B3 PACT,71ca1faee86e4a5e9cbbaf154af5bd47_1.bin,certification,0.7,0.65
ROBJ-000130,procurement_form_or_artifact,SF 1449 BLOCKS B.1 CONTRACT ADMINISTRATION DATA 1. Contract A | SECTION C - CONTRACT CLAUSES C.1 52.252-2 CLAUSES INCORPORATED,unknown,REQ-000192,71ca1faee86e4a5e9cbbaf154af5bd47,7195--Solar Shades - B3 PACT,71ca1faee86e4a5e9cbbaf154af5bd47_1.bin,certification,0.7,0.65
ROBJ-000131,procurement_form_or_artifact,SF 1449. The quote shall include a signed copy of the SF 1449 and an acknowledg | Section II Price. Quoters must also provide p,yes,REQ-000192,71ca1faee86e4a5e9cbbaf154af5bd47,7195--Solar Shades - B3 PACT,71ca1faee86e4a5e9cbbaf154af5bd47_1.bin,certification,0.7,0.8
ROBJ-000132,procurement_form_or_artifact,SF 1449 BLOCKS B.1 CONTRACT ADMINISTRATION DATA 1. Section E. POC | SECTION A .................................................,unknown,REQ-000193,71ca1faee86e4a5e9cbbaf154af5bd47,7195--Solar Shades - B3 PACT,71ca1faee86e4a5e9cbbaf154af5bd47_1.bin,certification,0.65,0.65
ROBJ-000133,pricing_requirement,unit price and extended pric Section E. POC | SECTION A ..........................................................................,unknown,REQ-000195,71ca1faee86e4a5e9cbbaf154af5bd47,7195--Solar Shades - B3 PACT,71ca1faee86e4a5e9cbbaf154af5bd47_1.bin,evaluation,0.9,0.65
ROBJ-000134,evaluation_factor,best value,unknown,REQ-000198,71ca1faee86e4a5e9cbbaf154af5bd47,7195--Solar Shades - B3 PACT,71ca1faee86e4a5e9cbbaf154af5bd47_1.bin,evaluation,0.75,0.55
ROBJ-000135,pricing_requirement,"unit price"", ""clin"", ""pricing""], ""past_performance"": Section E. POC | SECTION A ..................................................",unknown,REQ-000201,71ca1faee86e4a5e9cbbaf154af5bd47,7195--Solar Shades - B3 PACT,71ca1faee86e4a5e9cbbaf154af5bd47_1.bin,evaluation,0.75,0.65
ROBJ-000136,pricing_requirement,"clin"", ""pricing""], ""past_performance"": Section E. POC | SECTION A ..........................................................",unknown,REQ-000201,71ca1faee86e4a5e9cbbaf154af5bd47,7195--Solar Shades - B3 PACT,71ca1faee86e4a5e9cbbaf154af5bd47_1.bin,evaluation,0.75,0.65
ROBJ-000137,staffing_requirement,"qualifications""], ""certifications"": Section E. POC | SECTION A .......................................................................",unknown,REQ-000205,71ca1faee86e4a5e9cbbaf154af5bd47,7195--Solar Shades - B3 PACT,71ca1faee86e4a5e9cbbaf154af5bd47_1.bin,certification,0.65,0.65
ROBJ-000138,clearance_requirement,"top secret"", ""classified"", ""background check""], ""forms"": Section E. POC | SECTION A ......",unknown,REQ-000208,71ca1faee86e4a5e9cbbaf154af5bd47,7195--Solar Shades - B3 PACT,71ca1faee86e4a5e9cbbaf154af5bd47_1.bin,security,0.7,0.75
ROBJ-000139,clearance_requirement,"secret"", ""top secret"", ""classified"", ""background check""], ""forms"": Section E. POC | SE",unknown,REQ-000208,71ca1faee86e4a5e9cbbaf154af5bd47,7195--Solar Shades - B3 PACT,71ca1faee86e4a5e9cbbaf154af5bd47_1.bin,security,0.7,0.75
ROBJ-000140,procurement_form_or_artifact,"sf 1449"", ""representations and certifications""], ""drawings"": Section E. POC | SECTION A .......................................",unknown,REQ-000209,71ca1faee86e4a5e9cbbaf154af5bd47,7195--Solar Shades - B3 PACT,71ca1faee86e4a5e9cbbaf154af5bd47_1.bin,certification,0.7,0.65
ROBJ-000141,procurement_form_or_artifact,"drawings"": Section E. POC | SECTION A ............................................................................... | SECTION",unknown,REQ-000209,71ca1faee86e4a5e9cbbaf154af5bd47,7195--Solar Shades - B3 PACT,71ca1faee86e4a5e9cbbaf154af5bd47_1.bin,certification,0.7,0.65
ROBJ-000142,evaluation_factor,price,unknown,REQ-000210,6934753cfbdf45f1b93928b67e93355a,Non-Research Long-Term Care facility needed for the enrichment and socialization of Non-Human Primate colony,6934753cfbdf45f1b93928b67e93355a_1.bin,evaluation,0.8,0.55
ROBJ-000143,evaluation_factor,"evaluation factors"", ""basis for award"", ""best value""], ""proposal_instructions"": SECTION 1 | SECTION 2 | SECTION 3 | SECTION 4 | SECTION 5",unknown,REQ-000212,6934753cfbdf45f1b93928b67e93355a,Non-Research Long-Term Care facility needed for the enrichment and socialization of Non-Human Primate colony,6934753cfbdf45f1b93928b67e93355a_1.bin,evaluation,0.85,0.75
ROBJ-000144,evaluation_factor,"basis for award"", ""best value""], ""proposal_instructions"": SECTION 1 | SECTION 2 | SECTION 3 | SECTION 4 | SECTION 5 | SECTION 6 | SECTI",unknown,REQ-000212,6934753cfbdf45f1b93928b67e93355a,Non-Research Long-Term Care facility needed for the enrichment and socialization of Non-Human Primate colony,6934753cfbdf45f1b93928b67e93355a_1.bin,evaluation,0.85,0.75
ROBJ-000145,evaluation_factor,best value,unknown,REQ-000212,6934753cfbdf45f1b93928b67e93355a,Non-Research Long-Term Care facility needed for the enrichment and socialization of Non-Human Primate colony,6934753cfbdf45f1b93928b67e93355a_1.bin,evaluation,0.85,0.55
ROBJ-000146,pricing_requirement,"unit price"", ""total price"", ""clin"", ""pricing""], ""past_performance"": SECTION 1 | SECTION 2 | SECTION 3 | SECTION 4 | SECTION 5 | SE",unknown,REQ-000215,6934753cfbdf45f1b93928b67e93355a,Non-Research Long-Term Care facility needed for the enrichment and socialization of Non-Human Primate colony,6934753cfbdf45f1b93928b67e93355a_1.bin,evaluation,0.75,0.65
ROBJ-000147,pricing_requirement,"clin"", ""pricing""], ""past_performance"": SECTION 1 | SECTION 2 | SECTION 3 | SECTION 4 | SECTION 5 | SECTION 6 | SECTION 7 | S",unknown,REQ-000215,6934753cfbdf45f1b93928b67e93355a,Non-Research Long-Term Care facility needed for the enrichment and socialization of Non-Human Primate colony,6934753cfbdf45f1b93928b67e93355a_1.bin,evaluation,0.75,0.65
ROBJ-000148,evaluation_factor,past performance,unknown,REQ-000217,6934753cfbdf45f1b93928b67e93355a,Non-Research Long-Term Care facility needed for the enrichment and socialization of Non-Human Primate colony,6934753cfbdf45f1b93928b67e93355a_1.bin,evaluation,0.75,0.55
ROBJ-000149,experience_requirement,"past performance"", ""similar experience""], ""staffing"": SECTION 1 | SECTION 2 | SECTION 3 | SECTION 4 | SECTION 5 | SECTION 6 | SECTION 7",unknown,REQ-000217,6934753cfbdf45f1b93928b67e93355a,Non-Research Long-Term Care facility needed for the enrichment and socialization of Non-Human Primate colony,6934753cfbdf45f1b93928b67e93355a_1.bin,evaluation,0.75,0.65
ROBJ-000150,staffing_requirement,"key personnel"", ""staffing"", ""resume"", ""qualifications""], ""certifications"": SECTION 1 | SECTION 2 | SECTION 3 | SECTION 4 | SECTION 5",unknown,REQ-000220,6934753cfbdf45f1b93928b67e93355a,Non-Research Long-Term Care facility needed for the enrichment and socialization of Non-Human Primate colony,6934753cfbdf45f1b93928b67e93355a_1.bin,certification,0.65,0.65
ROBJ-000151,staffing_requirement,"resume"", ""qualifications""], ""certifications"": SECTION 1 | SECTION 2 | SECTION 3 | SECTION 4 | SECTION 5 | SECTION 6 | SECTION",unknown,REQ-000220,6934753cfbdf45f1b93928b67e93355a,Non-Research Long-Term Care facility needed for the enrichment and socialization of Non-Human Primate colony,6934753cfbdf45f1b93928b67e93355a_1.bin,certification,0.65,0.65
ROBJ-000152,staffing_requirement,"qualifications""], ""certifications"": SECTION 1 | SECTION 2 | SECTION 3 | SECTION 4 | SECTION 5 | SECTION 6 | SECTION 7 | SECTION 8 | SE",unknown,REQ-000220,6934753cfbdf45f1b93928b67e93355a,Non-Research Long-Term Care facility needed for the enrichment and socialization of Non-Human Primate colony,6934753cfbdf45f1b93928b67e93355a_1.bin,certification,0.65,0.65
ROBJ-000153,clearance_requirement,"secret"", ""classified""], ""forms"": SECTION 1 | SECTION 2 | SECTION 3 | SECTION 4 | SECTI",unknown,REQ-000223,6934753cfbdf45f1b93928b67e93355a,Non-Research Long-Term Care facility needed for the enrichment and socialization of Non-Human Primate colony,6934753cfbdf45f1b93928b67e93355a_1.bin,security,0.65,0.75
ROBJ-000154,procurement_form_or_artifact,"drawings"": SECTION 1 | SECTION 2 | SECTION 3 | SECTION 4 | SECTION 5 | SECTION 6 | SECTION 7 | SECTION 8 | SECTION 9 | SECTION",unknown,REQ-000224,6934753cfbdf45f1b93928b67e93355a,Non-Research Long-Term Care facility needed for the enrichment and socialization of Non-Human Primate colony,6934753cfbdf45f1b93928b67e93355a_1.bin,certification,0.7,0.65
ROBJ-000155,evaluation_factor,price,unknown,REQ-000226,441459c8d2a34c49a903966dc6678ca5,Consolidated Synopsis Aggregate Materials Black Hills National Cemetery,441459c8d2a34c49a903966dc6678ca5_1.bin,evaluation,0.9,0.55
ROBJ-000156,evaluation_factor,PAST PERFORMANCE,unknown,REQ-000233,441459c8d2a34c49a903966dc6678ca5,Consolidated Synopsis Aggregate Materials Black Hills National Cemetery,441459c8d2a34c49a903966dc6678ca5_4.bin,evaluation,0.75,0.55
ROBJ-000157,experience_requirement,PAST PERFORMANCE INSTRUCTIONS:,unknown,REQ-000233,441459c8d2a34c49a903966dc6678ca5,Consolidated Synopsis Aggregate Materials Black Hills National Cemetery,441459c8d2a34c49a903966dc6678ca5_4.bin,evaluation,0.75,0.55
ROBJ-000158,experience_requirement,"Past Performance Questionnaire Contract Number Contractor ( Name Address, Zip Code) Telephone Number Email Address Type of Contract Cont",unknown,REQ-000237,441459c8d2a34c49a903966dc6678ca5,Consolidated Synopsis Aggregate Materials Black Hills National Cemetery,441459c8d2a34c49a903966dc6678ca5_4.bin,evaluation,0.8,0.65
ROBJ-000159,experience_requirement,"past performance""], ""certifications"":",unknown,REQ-000239,441459c8d2a34c49a903966dc6678ca5,Consolidated Synopsis Aggregate Materials Black Hills National Cemetery,441459c8d2a34c49a903966dc6678ca5_4.bin,certification,0.75,0.55
ROBJ-000160,evaluation_factor,Past Performance,unknown,REQ-000243,441459c8d2a34c49a903966dc6678ca5,Consolidated Synopsis Aggregate Materials Black Hills National Cemetery,441459c8d2a34c49a903966dc6678ca5_6.bin,evaluation,0.85,0.55
ROBJ-000161,experience_requirement,Past Performance Questionnaire E- Pricing Schedule (Excel) This is a combined synopsis/solicitation for commercial services prepared in,unknown,REQ-000243,441459c8d2a34c49a903966dc6678ca5,Consolidated Synopsis Aggregate Materials Black Hills National Cemetery,441459c8d2a34c49a903966dc6678ca5_6.bin,evaluation,0.85,0.65
ROBJ-000162,pricing_requirement,Pricing Schedule (Excel) This is a combined synopsis/solicitation for commercial services prepared in accordance with the format in Subp,unknown,REQ-000243,441459c8d2a34c49a903966dc6678ca5,Consolidated Synopsis Aggregate Materials Black Hills National Cemetery,441459c8d2a34c49a903966dc6678ca5_6.bin,evaluation,0.85,0.65
ROBJ-000163,evaluation_factor,"evaluation factors"", ""lpta""], ""proposal_instructions"": section of this Combined Synopsis Solicitation. The Contracting Officer will then i",unknown,REQ-000250,441459c8d2a34c49a903966dc6678ca5,Consolidated Synopsis Aggregate Materials Black Hills National Cemetery,441459c8d2a34c49a903966dc6678ca5_6.bin,evaluation,0.8,0.65
ROBJ-000164,evaluation_factor,price,unknown,REQ-000253,441459c8d2a34c49a903966dc6678ca5,Consolidated Synopsis Aggregate Materials Black Hills National Cemetery,441459c8d2a34c49a903966dc6678ca5_6.bin,evaluation,0.8,0.55
ROBJ-000165,pricing_requirement,"unit price"", ""total price"", ""clin"", ""price schedule"", ""pricing""], ""past_performance"": section of this Combined Synopsis Solicitati",unknown,REQ-000253,441459c8d2a34c49a903966dc6678ca5,Consolidated Synopsis Aggregate Materials Black Hills National Cemetery,441459c8d2a34c49a903966dc6678ca5_6.bin,evaluation,0.8,0.65
ROBJ-000166,pricing_requirement,"clin"", ""price schedule"", ""pricing""], ""past_performance"": section of this Combined Synopsis Solicitation. The Contracting Off",unknown,REQ-000253,441459c8d2a34c49a903966dc6678ca5,Consolidated Synopsis Aggregate Materials Black Hills National Cemetery,441459c8d2a34c49a903966dc6678ca5_6.bin,evaluation,0.8,0.65
ROBJ-000167,experience_requirement,"past performance"", ""references""], ""staffing"": section of this Combined Synopsis Solicitation. The Contracting Officer will then issue a",unknown,REQ-000255,441459c8d2a34c49a903966dc6678ca5,Consolidated Synopsis Aggregate Materials Black Hills National Cemetery,441459c8d2a34c49a903966dc6678ca5_6.bin,evaluation,0.75,0.65
ROBJ-000168,staffing_requirement,"key personnel"", ""staffing"", ""resume"", ""qualifications""], ""certifications"": section of this Combined Synopsis Solicitation. The Contra",unknown,REQ-000258,441459c8d2a34c49a903966dc6678ca5,Consolidated Synopsis Aggregate Materials Black Hills National Cemetery,441459c8d2a34c49a903966dc6678ca5_6.bin,certification,0.65,0.65
ROBJ-000169,staffing_requirement,"resume"", ""qualifications""], ""certifications"": section of this Combined Synopsis Solicitation. The Contracting Officer will the",unknown,REQ-000258,441459c8d2a34c49a903966dc6678ca5,Consolidated Synopsis Aggregate Materials Black Hills National Cemetery,441459c8d2a34c49a903966dc6678ca5_6.bin,certification,0.65,0.65
ROBJ-000170,staffing_requirement,"qualifications""], ""certifications"": section of this Combined Synopsis Solicitation. The Contracting Officer will then issue a | sectio",unknown,REQ-000258,441459c8d2a34c49a903966dc6678ca5,Consolidated Synopsis Aggregate Materials Black Hills National Cemetery,441459c8d2a34c49a903966dc6678ca5_6.bin,certification,0.65,0.65
ROBJ-000171,certification_requirement,"certificate of compliance"", ""nist"", ""iso""], ""security"": section of this Combined Synopsis Solicitation. The Contracting Offic",unknown,REQ-000260,441459c8d2a34c49a903966dc6678ca5,Consolidated Synopsis Aggregate Materials Black Hills National Cemetery,441459c8d2a34c49a903966dc6678ca5_6.bin,certification,0.65,0.75
ROBJ-000172,clearance_requirement,"secret"", ""classified""], ""forms"": section of this Combined Synopsis Solicitation. The C",unknown,REQ-000261,441459c8d2a34c49a903966dc6678ca5,Consolidated Synopsis Aggregate Materials Black Hills National Cemetery,441459c8d2a34c49a903966dc6678ca5_6.bin,security,0.65,0.75
ROBJ-000173,evaluation_factor,PRICE,unknown,REQ-000270,38811fa6a48a41e0979b84f46b44b030,Cape Canaveral National Cemetery Ornamental Grass Renovation and Irrigation National Shrine Project,38811fa6a48a41e0979b84f46b44b030_1.bin,evaluation,0.85,0.55
ROBJ-000174,pricing_requirement,UNIT PRICE AMOUNT 0001 1 JB __________________ __________________ Remove/Renovate/Replace Ornamental Grass and Irrigation in accor,unknown,REQ-000270,38811fa6a48a41e0979b84f46b44b030,Cape Canaveral National Cemetery Ornamental Grass Renovation and Irrigation National Shrine Project,38811fa6a48a41e0979b84f46b44b030_1.bin,evaluation,0.85,0.65
ROBJ-000175,pricing_requirement,"unit price"", ""price schedule""]} Section B SECTION B - SUPPLIES OR SERVICES AND PRICE",unknown,REQ-000276,38811fa6a48a41e0979b84f46b44b030,Cape Canaveral National Cemetery Ornamental Grass Renovation and Irrigation National Shrine Project,38811fa6a48a41e0979b84f46b44b030_1.bin,evaluation,0.75,0.65
ROBJ-000176,evaluation_factor,EVALUATION FACTORS FOR AWARD ................................................ | Section B System,unknown,REQ-000278,38811fa6a48a41e0979b84f46b44b030,Cape Canaveral National Cemetery Ornamental Grass Renovation and Irrigation National Shrine Project,38811fa6a48a41e0979b84f46b44b030_2.bin,certification,0.7,0.65
ROBJ-000177,evaluation_factor,PRICE,unknown,REQ-000278,38811fa6a48a41e0979b84f46b44b030,Cape Canaveral National Cemetery Ornamental Grass Renovation and Irrigation National Shrine Project,38811fa6a48a41e0979b84f46b44b030_2.bin,certification,0.7,0.55
ROBJ-000178,evaluation_factor,EVALUATION FACTORS FOR AWARD ................................................ section on the reverse must be fully completed by offeror. 4,yes,REQ-000281,38811fa6a48a41e0979b84f46b44b030,Cape Canaveral National Cemetery Ornamental Grass Renovation and Irrigation National Shrine Project,38811fa6a48a41e0979b84f46b44b030_2.bin,evaluation,0.85,0.8
ROBJ-000179,evaluation_factor,"evaluation factors"", ""section m""], ""proposal_instructions"": section on the reverse must be fully completed by offeror. 4. CONTRACT NUMBER",yes,REQ-000284,38811fa6a48a41e0979b84f46b44b030,Cape Canaveral National Cemetery Ornamental Grass Renovation and Irrigation National Shrine Project,38811fa6a48a41e0979b84f46b44b030_2.bin,evaluation,0.8,0.9
ROBJ-000180,pricing_requirement,"unit price"", ""price schedule"", ""pricing""], ""past_performance"": section on the reverse must be fully completed by offeror. 4. CONTR",yes,REQ-000287,38811fa6a48a41e0979b84f46b44b030,Cape Canaveral National Cemetery Ornamental Grass Renovation and Irrigation National Shrine Project,38811fa6a48a41e0979b84f46b44b030_2.bin,evaluation,0.75,0.8
ROBJ-000181,evaluation_factor,past performance,unknown,REQ-000289,38811fa6a48a41e0979b84f46b44b030,Cape Canaveral National Cemetery Ornamental Grass Renovation and Irrigation National Shrine Project,38811fa6a48a41e0979b84f46b44b030_2.bin,certification,0.75,0.55
ROBJ-000182,experience_requirement,"past performance""], ""certifications"": section on the reverse must be fully completed by offeror. 4. CONTRACT NUMBER 5. REQUISIT | SECTIO",yes,REQ-000289,38811fa6a48a41e0979b84f46b44b030,Cape Canaveral National Cemetery Ornamental Grass Renovation and Irrigation National Shrine Project,38811fa6a48a41e0979b84f46b44b030_2.bin,certification,0.75,0.8
ROBJ-000183,certification_requirement,"certificate of compliance"", ""nist"", ""iso""], ""security"": section on the reverse must be fully completed by offeror. 4. CONTRAC",yes,REQ-000292,38811fa6a48a41e0979b84f46b44b030,Cape Canaveral National Cemetery Ornamental Grass Renovation and Irrigation National Shrine Project,38811fa6a48a41e0979b84f46b44b030_2.bin,certification,0.65,0.9
ROBJ-000184,clearance_requirement,"secret"", ""classified""], ""justification"": section on the reverse must be fully complete",yes,REQ-000293,38811fa6a48a41e0979b84f46b44b030,Cape Canaveral National Cemetery Ornamental Grass Renovation and Irrigation National Shrine Project,38811fa6a48a41e0979b84f46b44b030_2.bin,security,0.65,0.9
ROBJ-000185,procurement_form_or_artifact,"drawings"": section on the reverse must be fully completed by offeror. 4. CONTRACT NUMBER 5. REQUISIT | SECTION A - SOLICITATION",yes,REQ-000294,38811fa6a48a41e0979b84f46b44b030,Cape Canaveral National Cemetery Ornamental Grass Renovation and Irrigation National Shrine Project,38811fa6a48a41e0979b84f46b44b030_2.bin,certification,0.7,0.8
ROBJ-000186,pricing_requirement,"clin""], ""past_performance"": Section 1 | SECTION 1 Figures | Section 2 | Section 3 | SECTION 3 Figures | Section 4 | SECTION",unknown,REQ-000300,38811fa6a48a41e0979b84f46b44b030,Cape Canaveral National Cemetery Ornamental Grass Renovation and Irrigation National Shrine Project,38811fa6a48a41e0979b84f46b44b030_5.bin,pricing,0.65,0.65
ROBJ-000187,procurement_form_or_artifact,Attachment 1 | Attachment 2 | Attachment 3 | ATTACHMENT 1 | ATTACHMENT 2 | ATTACHMENT 3,unknown,REQ-000304,38811fa6a48a41e0979b84f46b44b030,Cape Canaveral National Cemetery Ornamental Grass Renovation and Irrigation National Shrine Project,38811fa6a48a41e0979b84f46b44b030_6.bin,certification,0.7,0.65
ROBJ-000188,procurement_form_or_artifact,"ATTACHMENT 3 {""pricing_schedule"": Section 01 35 26 | Part 1926 and 29 CFR Part 1910 | Part 37 | Attachment 1 | Attachment 2 | Attach",unknown,REQ-000307,38811fa6a48a41e0979b84f46b44b030,Cape Canaveral National Cemetery Ornamental Grass Renovation and Irrigation National Shrine Project,38811fa6a48a41e0979b84f46b44b030_6.bin,pricing,0.65,0.65
ROBJ-000189,procurement_form_or_artifact,ATTACHMENT 1 | ATTACHMENT 2 | ATTACHMENT 3,unknown,REQ-000307,38811fa6a48a41e0979b84f46b44b030,Cape Canaveral National Cemetery Ornamental Grass Renovation and Irrigation National Shrine Project,38811fa6a48a41e0979b84f46b44b030_6.bin,pricing,0.65,0.65
ROBJ-000190,pricing_requirement,"clin""], ""past_performance"": Section 01 35 26 | Part 1926 and 29 CFR Part 1910 | Part 37 | Attachment 1 | Attachment 2 | Atta",unknown,REQ-000308,38811fa6a48a41e0979b84f46b44b030,Cape Canaveral National Cemetery Ornamental Grass Renovation and Irrigation National Shrine Project,38811fa6a48a41e0979b84f46b44b030_6.bin,pricing,0.65,0.65
ROBJ-000191,staffing_requirement,"qualifications""], ""certifications"": Section 01 35 26 | Part 1926 and 29 CFR Part 1910 | Part 37 | Attachment 1 | Attachment 2 | Attach",unknown,REQ-000311,38811fa6a48a41e0979b84f46b44b030,Cape Canaveral National Cemetery Ornamental Grass Renovation and Irrigation National Shrine Project,38811fa6a48a41e0979b84f46b44b030_6.bin,certification,0.65,0.65
ROBJ-000192,procurement_form_or_artifact,exhibit absolute decorum,unknown,REQ-000318,38811fa6a48a41e0979b84f46b44b030,Cape Canaveral National Cemetery Ornamental Grass Renovation and Irrigation National Shrine Project,38811fa6a48a41e0979b84f46b44b030_10.bin,certification,0.7,0.55
ROBJ-000193,evaluation_factor,price,unknown,REQ-000324,38811fa6a48a41e0979b84f46b44b030,Cape Canaveral National Cemetery Ornamental Grass Renovation and Irrigation National Shrine Project,38811fa6a48a41e0979b84f46b44b030_10.bin,certification,0.75,0.55
ROBJ-000194,pricing_requirement,"clin"", ""price schedule""], ""certifications"": section being worked on to indicate to the public of work in progress. | section",unknown,REQ-000324,38811fa6a48a41e0979b84f46b44b030,Cape Canaveral National Cemetery Ornamental Grass Renovation and Irrigation National Shrine Project,38811fa6a48a41e0979b84f46b44b030_10.bin,certification,0.75,0.65
ROBJ-000195,procurement_form_or_artifact,"drawings"": section being worked on to indicate to the public of work in progress. | section from the DISTRICT AGRONOMIST | exhi",unknown,REQ-000328,38811fa6a48a41e0979b84f46b44b030,Cape Canaveral National Cemetery Ornamental Grass Renovation and Irrigation National Shrine Project,38811fa6a48a41e0979b84f46b44b030_10.bin,security,0.65,0.65
ROBJ-000196,procurement_form_or_artifact,AMENDMENT OF SOLICITATION/MODIFICATION OF CONTRACT BPA NO. section headings,unknown,REQ-000329,38811fa6a48a41e0979b84f46b44b030,Cape Canaveral National Cemetery Ornamental Grass Renovation and Irrigation National Shrine Project,38811fa6a48a41e0979b84f46b44b030_13.bin,amendment,0.65,0.65
ROBJ-000197,procurement_form_or_artifact,AMENDMENT OF SOLICITATION NUMBER To all Offerors/Bidders 36C78626B0017 X 9B. section headings,unknown,REQ-000332,38811fa6a48a41e0979b84f46b44b030,Cape Canaveral National Cemetery Ornamental Grass Renovation and Irrigation National Shrine Project,38811fa6a48a41e0979b84f46b44b030_13.bin,amendment,0.65,0.65
ROBJ-000198,procurement_form_or_artifact,"amendment of solicitation"", ""modification of contract""], ""forms"": section headings",unknown,REQ-000338,38811fa6a48a41e0979b84f46b44b030,Cape Canaveral National Cemetery Ornamental Grass Renovation and Irrigation National Shrine Project,38811fa6a48a41e0979b84f46b44b030_13.bin,amendment,0.65,0.65
ROBJ-000199,certification_requirement,CERTIFICATE OF COMPLIANCE FOR SERVICES AND CONSTRUCTION (JAN 2023) (DEVIATION) (a) Pursuant to 38 U.S.C. Section 1001 | secti,unknown,REQ-000342,38811fa6a48a41e0979b84f46b44b030,Cape Canaveral National Cemetery Ornamental Grass Renovation and Irrigation National Shrine Project,38811fa6a48a41e0979b84f46b44b030_16.bin,certification,0.7,0.75
ROBJ-000200,certification_requirement,"certificate of compliance"", ""nist""]} Section 1001 | section 16",unknown,REQ-000346,38811fa6a48a41e0979b84f46b44b030,Cape Canaveral National Cemetery Ornamental Grass Renovation and Irrigation National Shrine Project,38811fa6a48a41e0979b84f46b44b030_16.bin,certification,0.65,0.75
ROBJ-000201,procurement_form_or_artifact,Exhibit TO Task Order TSDB Terrorist Screening Database U.S.C. United States Code VCC Vis,unknown,REQ-000347,3164fcc003e84650b53a7bdb56485b05,"USAG DHR, Fort Bragg ID Card Services",3164fcc003e84650b53a7bdb56485b05_1.bin,technical,0.75,0.65
ROBJ-000202,evaluation_factor,best value,unknown,REQ-000349,3164fcc003e84650b53a7bdb56485b05,"USAG DHR, Fort Bragg ID Card Services",3164fcc003e84650b53a7bdb56485b05_1.bin,evaluation,0.75,0.55
ROBJ-000203,evaluation_factor,price,unknown,REQ-000351,3164fcc003e84650b53a7bdb56485b05,"USAG DHR, Fort Bragg ID Card Services",3164fcc003e84650b53a7bdb56485b05_1.bin,evaluation,0.75,0.55
ROBJ-000204,pricing_requirement,"firm fixed price""], ""past_performance"": Section II of the Cardstock and Consumables Order Form. The APO reviews cardstock discrep | Sect",unknown,REQ-000351,3164fcc003e84650b53a7bdb56485b05,"USAG DHR, Fort Bragg ID Card Services",3164fcc003e84650b53a7bdb56485b05_1.bin,evaluation,0.75,0.65
ROBJ-000205,pricing_requirement,"clin"", ""pricing"", ""firm fixed price""], ""past_performance"": Section II of the Cardstock and Consumables Order Form. The APO r",unknown,REQ-000351,3164fcc003e84650b53a7bdb56485b05,"USAG DHR, Fort Bragg ID Card Services",3164fcc003e84650b53a7bdb56485b05_1.bin,evaluation,0.75,0.65
ROBJ-000206,staffing_requirement,"key personnel"", ""staffing"", ""resume"", ""labor category"", ""qualifications""], ""certifications"": Section II of the Cardstock and Consumab",unknown,REQ-000355,3164fcc003e84650b53a7bdb56485b05,"USAG DHR, Fort Bragg ID Card Services",3164fcc003e84650b53a7bdb56485b05_1.bin,certification,0.7,0.65
ROBJ-000207,staffing_requirement,"resume"", ""labor category"", ""qualifications""], ""certifications"": Section II of the Cardstock and Consumables Order Form. The AP",unknown,REQ-000355,3164fcc003e84650b53a7bdb56485b05,"USAG DHR, Fort Bragg ID Card Services",3164fcc003e84650b53a7bdb56485b05_1.bin,certification,0.7,0.65
ROBJ-000208,staffing_requirement,"qualifications""], ""certifications"": Section II of the Cardstock and Consumables Order Form. The APO reviews cardstock discrep | Sectio",unknown,REQ-000355,3164fcc003e84650b53a7bdb56485b05,"USAG DHR, Fort Bragg ID Card Services",3164fcc003e84650b53a7bdb56485b05_1.bin,certification,0.7,0.65
ROBJ-000209,clearance_requirement,"secret"", ""classified"", ""cui"", ""background check""], ""forms"": Section II of the Cardstoc",unknown,REQ-000358,3164fcc003e84650b53a7bdb56485b05,"USAG DHR, Fort Bragg ID Card Services",3164fcc003e84650b53a7bdb56485b05_1.bin,security,0.65,0.75
ROBJ-000210,clearance_requirement,"cui"", ""background check""], ""forms"": Section II of the Cardstock and Consumables Ord",unknown,REQ-000358,3164fcc003e84650b53a7bdb56485b05,"USAG DHR, Fort Bragg ID Card Services",3164fcc003e84650b53a7bdb56485b05_1.bin,security,0.65,0.75
ROBJ-000211,evaluation_factor,PRICE,unknown,REQ-000360,3164fcc003e84650b53a7bdb56485b05,"USAG DHR, Fort Bragg ID Card Services",3164fcc003e84650b53a7bdb56485b05_3.bin,evaluation,0.8,0.55
ROBJ-000212,pricing_requirement,UNIT PRICE AMOUNT (Use Reverse and/or Attach Additional Shee section of the System for Award Management section of the System for,unknown,REQ-000360,3164fcc003e84650b53a7bdb56485b05,"USAG DHR, Fort Bragg ID Card Services",3164fcc003e84650b53a7bdb56485b05_3.bin,evaluation,0.8,0.65
ROBJ-000213,pricing_requirement,"firm fixed price""], ""staffing"": section of the System for Award Management | Part 12.Additionally | Part 12 and FAR Part 15. 3. This is",unknown,REQ-000364,3164fcc003e84650b53a7bdb56485b05,"USAG DHR, Fort Bragg ID Card Services",3164fcc003e84650b53a7bdb56485b05_3.bin,evaluation,0.75,0.65
ROBJ-000214,pricing_requirement,"unit price"", ""clin"", ""pricing"", ""firm fixed price""], ""staffing"": section of the System for Award Management | Part 12.Additionally",unknown,REQ-000364,3164fcc003e84650b53a7bdb56485b05,"USAG DHR, Fort Bragg ID Card Services",3164fcc003e84650b53a7bdb56485b05_3.bin,evaluation,0.75,0.65
ROBJ-000215,pricing_requirement,"clin"", ""pricing"", ""firm fixed price""], ""staffing"": section of the System for Award Management | Part 12.Additionally | Part",unknown,REQ-000364,3164fcc003e84650b53a7bdb56485b05,"USAG DHR, Fort Bragg ID Card Services",3164fcc003e84650b53a7bdb56485b05_3.bin,evaluation,0.75,0.65
ROBJ-000216,procurement_form_or_artifact,AMENDMENT OF SOLICITATION/MODIFICATION OF CONTRACT 2. section headings,unknown,REQ-000371,3164fcc003e84650b53a7bdb56485b05,"USAG DHR, Fort Bragg ID Card Services",3164fcc003e84650b53a7bdb56485b05_4.bin,amendment,0.7,0.65
ROBJ-000217,procurement_form_or_artifact,AMENDMENT OF SOLICITATION NUMBER 9B. section headings,unknown,REQ-000374,3164fcc003e84650b53a7bdb56485b05,"USAG DHR, Fort Bragg ID Card Services",3164fcc003e84650b53a7bdb56485b05_4.bin,amendment,0.65,0.65
ROBJ-000218,procurement_form_or_artifact,"amendment of solicitation"", ""modification of contract"", ""sf 30""], ""forms"": section headings",unknown,REQ-000382,3164fcc003e84650b53a7bdb56485b05,"USAG DHR, Fort Bragg ID Card Services",3164fcc003e84650b53a7bdb56485b05_4.bin,amendment,0.65,0.65
ROBJ-000219,procurement_form_or_artifact,SF 1449 BLOCKS .............................................. | SECTION C - CONTRACT CLAUSES ..................................,unknown,REQ-000383,09ce44adca35468fb46ab77206c9afb7,6515--NetApp,09ce44adca35468fb46ab77206c9afb7_1.bin,certification,0.7,0.65
ROBJ-000220,procurement_form_or_artifact,SF 1449 BLOCKS B.1 CONTRACT ADMINISTRATION DATA 1. Contract A | Section I. | SECTION C - CONTRACT CLAUSES C.1 52.212-4 CONTRACT,unknown,REQ-000383,09ce44adca35468fb46ab77206c9afb7,6515--NetApp,09ce44adca35468fb46ab77206c9afb7_1.bin,certification,0.7,0.65
ROBJ-000221,procurement_form_or_artifact,SF 1449 BLOCKS B.1 CONTRACT ADMINISTRATION DATA 1. SECTION A ..................................................................,unknown,REQ-000384,09ce44adca35468fb46ab77206c9afb7,6515--NetApp,09ce44adca35468fb46ab77206c9afb7_1.bin,certification,0.65,0.65
ROBJ-000222,evaluation_factor,"evaluation factors""], ""proposal_instructions"": SECTION A ............................................................................... |",unknown,REQ-000387,09ce44adca35468fb46ab77206c9afb7,6515--NetApp,09ce44adca35468fb46ab77206c9afb7_1.bin,evaluation,0.8,0.65
ROBJ-000223,evaluation_factor,price,unknown,REQ-000390,09ce44adca35468fb46ab77206c9afb7,6515--NetApp,09ce44adca35468fb46ab77206c9afb7_1.bin,evaluation,0.75,0.55
ROBJ-000224,pricing_requirement,"firm fixed price""], ""past_performance"": SECTION A ............................................................................... | SECT",unknown,REQ-000390,09ce44adca35468fb46ab77206c9afb7,6515--NetApp,09ce44adca35468fb46ab77206c9afb7_1.bin,evaluation,0.75,0.65
ROBJ-000225,pricing_requirement,"unit price"", ""total price"", ""firm fixed price""], ""past_performance"": SECTION A ...................................................",unknown,REQ-000390,09ce44adca35468fb46ab77206c9afb7,6515--NetApp,09ce44adca35468fb46ab77206c9afb7_1.bin,evaluation,0.75,0.65
ROBJ-000226,evaluation_factor,past performance,unknown,REQ-000392,09ce44adca35468fb46ab77206c9afb7,6515--NetApp,09ce44adca35468fb46ab77206c9afb7_1.bin,evaluation,0.75,0.55
ROBJ-000227,experience_requirement,"past performance""], ""staffing"": SECTION A ............................................................................... | SECTION B -",unknown,REQ-000392,09ce44adca35468fb46ab77206c9afb7,6515--NetApp,09ce44adca35468fb46ab77206c9afb7_1.bin,evaluation,0.75,0.65
ROBJ-000228,staffing_requirement,"resume"", ""qualifications""], ""certifications"": SECTION A ......................................................................",unknown,REQ-000395,09ce44adca35468fb46ab77206c9afb7,6515--NetApp,09ce44adca35468fb46ab77206c9afb7_1.bin,certification,0.65,0.65
ROBJ-000229,staffing_requirement,"qualifications""], ""certifications"": SECTION A ............................................................................... | SECTIO",unknown,REQ-000395,09ce44adca35468fb46ab77206c9afb7,6515--NetApp,09ce44adca35468fb46ab77206c9afb7_1.bin,certification,0.65,0.65
ROBJ-000230,certification_requirement,"certificate of compliance"", ""nist""], ""security"": SECTION A ..................................................................",unknown,REQ-000397,09ce44adca35468fb46ab77206c9afb7,6515--NetApp,09ce44adca35468fb46ab77206c9afb7_1.bin,certification,0.65,0.75
ROBJ-000231,clearance_requirement,"secret"", ""classified""], ""forms"": SECTION A ...........................................",unknown,REQ-000398,09ce44adca35468fb46ab77206c9afb7,6515--NetApp,09ce44adca35468fb46ab77206c9afb7_1.bin,security,0.65,0.75
ROBJ-000232,procurement_form_or_artifact,"sf 1449"", ""representations and certifications""]} SECTION A ....................................................................",unknown,REQ-000399,09ce44adca35468fb46ab77206c9afb7,6515--NetApp,09ce44adca35468fb46ab77206c9afb7_1.bin,certification,0.7,0.65
ROBJ-000233,pricing_requirement,Clin #15 from 48 to 64 Amendment to include RFQ answers Question 1 -0015 (UCS-DDR5-BLK): Section B.2 | Section B.3 | Section,unknown,REQ-000401,09ce44adca35468fb46ab77206c9afb7,6515--NetApp,09ce44adca35468fb46ab77206c9afb7_2.bin,pricing,0.7,0.65
ROBJ-000234,evaluation_factor,Price,unknown,REQ-000404,09ce44adca35468fb46ab77206c9afb7,6515--NetApp,09ce44adca35468fb46ab77206c9afb7_2.bin,evaluation,0.8,0.55
ROBJ-000235,procurement_form_or_artifact,SF 1449 BLOCKS .............................................. | SECTION C - CONTRACT CLAUSES ..................................,unknown,REQ-000413,09ce44adca35468fb46ab77206c9afb7,6515--NetApp,09ce44adca35468fb46ab77206c9afb7_3.bin,certification,0.7,0.65
ROBJ-000236,procurement_form_or_artifact,SF 1449 BLOCKS B.1 CONTRACT ADMINISTRATION DATA 1. Contract A | Section I. | SECTION C - CONTRACT CLAUSES C.1 52.212-4 CONTRACT,unknown,REQ-000413,09ce44adca35468fb46ab77206c9afb7,6515--NetApp,09ce44adca35468fb46ab77206c9afb7_3.bin,certification,0.7,0.65
ROBJ-000237,procurement_form_or_artifact,SF 1449 BLOCKS B.1 CONTRACT ADMINISTRATION DATA 1. SECTION A ..................................................................,unknown,REQ-000414,09ce44adca35468fb46ab77206c9afb7,6515--NetApp,09ce44adca35468fb46ab77206c9afb7_3.bin,certification,0.65,0.65
ROBJ-000238,evaluation_factor,"evaluation factors""], ""proposal_instructions"": SECTION A ............................................................................... |",unknown,REQ-000417,09ce44adca35468fb46ab77206c9afb7,6515--NetApp,09ce44adca35468fb46ab77206c9afb7_3.bin,evaluation,0.8,0.65
ROBJ-000239,evaluation_factor,price,unknown,REQ-000420,09ce44adca35468fb46ab77206c9afb7,6515--NetApp,09ce44adca35468fb46ab77206c9afb7_3.bin,evaluation,0.75,0.55
ROBJ-000240,pricing_requirement,"firm fixed price""], ""past_performance"": SECTION A ............................................................................... | SECT",unknown,REQ-000420,09ce44adca35468fb46ab77206c9afb7,6515--NetApp,09ce44adca35468fb46ab77206c9afb7_3.bin,evaluation,0.75,0.65
ROBJ-000241,pricing_requirement,"unit price"", ""total price"", ""firm fixed price""], ""past_performance"": SECTION A ...................................................",unknown,REQ-000420,09ce44adca35468fb46ab77206c9afb7,6515--NetApp,09ce44adca35468fb46ab77206c9afb7_3.bin,evaluation,0.75,0.65
ROBJ-000242,evaluation_factor,past performance,unknown,REQ-000422,09ce44adca35468fb46ab77206c9afb7,6515--NetApp,09ce44adca35468fb46ab77206c9afb7_3.bin,evaluation,0.75,0.55
ROBJ-000243,experience_requirement,"past performance""], ""staffing"": SECTION A ............................................................................... | SECTION B -",unknown,REQ-000422,09ce44adca35468fb46ab77206c9afb7,6515--NetApp,09ce44adca35468fb46ab77206c9afb7_3.bin,evaluation,0.75,0.65
ROBJ-000244,staffing_requirement,"resume"", ""qualifications""], ""certifications"": SECTION A ......................................................................",unknown,REQ-000425,09ce44adca35468fb46ab77206c9afb7,6515--NetApp,09ce44adca35468fb46ab77206c9afb7_3.bin,certification,0.65,0.65
ROBJ-000245,staffing_requirement,"qualifications""], ""certifications"": SECTION A ............................................................................... | SECTIO",unknown,REQ-000425,09ce44adca35468fb46ab77206c9afb7,6515--NetApp,09ce44adca35468fb46ab77206c9afb7_3.bin,certification,0.65,0.65
ROBJ-000246,certification_requirement,"certificate of compliance"", ""nist""], ""security"": SECTION A ..................................................................",unknown,REQ-000427,09ce44adca35468fb46ab77206c9afb7,6515--NetApp,09ce44adca35468fb46ab77206c9afb7_3.bin,certification,0.65,0.75
ROBJ-000247,clearance_requirement,"secret"", ""classified""], ""forms"": SECTION A ...........................................",unknown,REQ-000428,09ce44adca35468fb46ab77206c9afb7,6515--NetApp,09ce44adca35468fb46ab77206c9afb7_3.bin,security,0.65,0.75
ROBJ-000248,procurement_form_or_artifact,"sf 1449"", ""representations and certifications""]} SECTION A ....................................................................",unknown,REQ-000429,09ce44adca35468fb46ab77206c9afb7,6515--NetApp,09ce44adca35468fb46ab77206c9afb7_3.bin,certification,0.7,0.65
ROBJ-000249,procurement_form_or_artifact,SF 1449 BLOCKS B.1 CONTRACT ADMINISTRATION DATA 1. SECTION B - CONTINUATION OF SF 1449 BLOCKS B.1 CONTRACT ADMINISTRATION DATA,unknown,REQ-000430,09ce44adca35468fb46ab77206c9afb7,6515--NetApp,09ce44adca35468fb46ab77206c9afb7_4.bin,certification,0.7,0.65
ROBJ-000250,procurement_form_or_artifact,SF 1449 BLOCKS B.1 CONTRACT ADMINISTRATION DATA 1. Contract A | Section I. Contractor shall have access to complete service man,yes,REQ-000431,09ce44adca35468fb46ab77206c9afb7,6515--NetApp,09ce44adca35468fb46ab77206c9afb7_4.bin,certification,0.7,0.8
ROBJ-000251,evaluation_factor,price,unknown,REQ-000438,09ce44adca35468fb46ab77206c9afb7,6515--NetApp,09ce44adca35468fb46ab77206c9afb7_4.bin,evaluation,0.75,0.55
ROBJ-000252,pricing_requirement,"unit price""], ""staffing"": SECTION B - CONTINUATION OF SF 1449 BLOCKS B.1 CONTRACT ADMINISTRATION DATA 1. Contract A | Section I. C",unknown,REQ-000438,09ce44adca35468fb46ab77206c9afb7,6515--NetApp,09ce44adca35468fb46ab77206c9afb7_4.bin,evaluation,0.75,0.65
ROBJ-000253,staffing_requirement,"qualifications""], ""certifications"": SECTION B - CONTINUATION OF SF 1449 BLOCKS B.1 CONTRACT ADMINISTRATION DATA 1. Contract A | Sectio",unknown,REQ-000441,09ce44adca35468fb46ab77206c9afb7,6515--NetApp,09ce44adca35468fb46ab77206c9afb7_4.bin,certification,0.65,0.65
ROBJ-000254,procurement_form_or_artifact,AMENDMENT OF SOLICITATION/MODIFICATION OF CONTRACT J 2. Section G - Contract Administration Data 13. THIS ITEM APPLIES ONLY TO MODIFICATIONS OF C,unknown,REQ-000443,f33e54c1c9644aa8bb2eb283b82a85ad,31 CES n. 25 military gear lockers.,f33e54c1c9644aa8bb2eb283b82a85ad_1.bin,amendment,0.7,0.65
ROBJ-000255,procurement_form_or_artifact,AMENDMENT OF SOLICITATION NUMBER FA568226Q0014 9B. Section G - Contract Administration Data 13. THIS ITEM APPLIES ONLY TO MODIFICATIONS OF C | se,unknown,REQ-000446,f33e54c1c9644aa8bb2eb283b82a85ad,31 CES n. 25 military gear lockers.,f33e54c1c9644aa8bb2eb283b82a85ad_1.bin,amendment,0.65,0.65
ROBJ-000256,procurement_form_or_artifact,"amendment of solicitation"", ""modification of contract"", ""sf 30""], ""forms"": Section G - Contract Administration Data 13. THIS ITEM APPLIES ONLY TO",unknown,REQ-000454,f33e54c1c9644aa8bb2eb283b82a85ad,31 CES n. 25 military gear lockers.,f33e54c1c9644aa8bb2eb283b82a85ad_1.bin,amendment,0.65,0.65
ROBJ-000257,procurement_form_or_artifact,Attachment 1 - Salient Characteristics | attachment 1 Salient Characteristics. In evaluation of this factor,unknown,REQ-000455,f33e54c1c9644aa8bb2eb283b82a85ad,31 CES n. 25 military gear lockers.,f33e54c1c9644aa8bb2eb283b82a85ad_2.bin,certification,0.65,0.65
ROBJ-000258,evaluation_factor,"evaluation factors""], ""proposal_instructions"": Section G - Contract Administration Data 27a. SOLICITATION INCORPORATES BY REFERENCE | Sect",unknown,REQ-000457,f33e54c1c9644aa8bb2eb283b82a85ad,31 CES n. 25 military gear lockers.,f33e54c1c9644aa8bb2eb283b82a85ad_2.bin,evaluation,0.8,0.65
ROBJ-000259,evaluation_factor,price,unknown,REQ-000460,f33e54c1c9644aa8bb2eb283b82a85ad,31 CES n. 25 military gear lockers.,f33e54c1c9644aa8bb2eb283b82a85ad_2.bin,evaluation,0.8,0.55
ROBJ-000260,pricing_requirement,"firm fixed price""], ""past_performance"": Section G - Contract Administration Data 27a. SOLICITATION INCORPORATES BY REFERENCE | Section 1",unknown,REQ-000460,f33e54c1c9644aa8bb2eb283b82a85ad,31 CES n. 25 military gear lockers.,f33e54c1c9644aa8bb2eb283b82a85ad_2.bin,evaluation,0.8,0.65
ROBJ-000261,pricing_requirement,"unit price"", ""total price"", ""clin"", ""price schedule"", ""pricing"", ""firm fixed price""], ""past_performance"": Section G - Contract Adm",unknown,REQ-000460,f33e54c1c9644aa8bb2eb283b82a85ad,31 CES n. 25 military gear lockers.,f33e54c1c9644aa8bb2eb283b82a85ad_2.bin,evaluation,0.8,0.65
ROBJ-000262,pricing_requirement,"clin"", ""price schedule"", ""pricing"", ""firm fixed price""], ""past_performance"": Section G - Contract Administration Data 27a. S",unknown,REQ-000460,f33e54c1c9644aa8bb2eb283b82a85ad,31 CES n. 25 military gear lockers.,f33e54c1c9644aa8bb2eb283b82a85ad_2.bin,evaluation,0.8,0.65
ROBJ-000263,evaluation_factor,past performance,unknown,REQ-000462,f33e54c1c9644aa8bb2eb283b82a85ad,31 CES n. 25 military gear lockers.,f33e54c1c9644aa8bb2eb283b82a85ad_2.bin,evaluation,0.75,0.55
ROBJ-000264,experience_requirement,"past performance"", ""references""], ""staffing"": Section G - Contract Administration Data 27a. SOLICITATION INCORPORATES BY REFERENCE | Sec",unknown,REQ-000462,f33e54c1c9644aa8bb2eb283b82a85ad,31 CES n. 25 military gear lockers.,f33e54c1c9644aa8bb2eb283b82a85ad_2.bin,evaluation,0.75,0.65
ROBJ-000265,staffing_requirement,"resume""], ""certifications"": Section G - Contract Administration Data 27a. SOLICITATION INCORPORATES BY REFERENCE | Section 165",unknown,REQ-000465,f33e54c1c9644aa8bb2eb283b82a85ad,31 CES n. 25 military gear lockers.,f33e54c1c9644aa8bb2eb283b82a85ad_2.bin,certification,0.65,0.65
ROBJ-000266,procurement_form_or_artifact,AMENDMENT OF SOLICITATION/MODIFICATION OF CONTRACT J 2. Section G - Contract Administration Data 13. THIS ITEM APPLIES ONLY TO MODIFICATIONS OF C,unknown,REQ-000469,f33e54c1c9644aa8bb2eb283b82a85ad,31 CES n. 25 military gear lockers.,f33e54c1c9644aa8bb2eb283b82a85ad_3.bin,amendment,0.7,0.65
ROBJ-000267,procurement_form_or_artifact,AMENDMENT OF SOLICITATION NUMBER FA568226Q0014 9B. Section G - Contract Administration Data 13. THIS ITEM APPLIES ONLY TO MODIFICATIONS OF C | se,unknown,REQ-000472,f33e54c1c9644aa8bb2eb283b82a85ad,31 CES n. 25 military gear lockers.,f33e54c1c9644aa8bb2eb283b82a85ad_3.bin,amendment,0.65,0.65
ROBJ-000268,evaluation_factor,past performance,unknown,REQ-000479,f33e54c1c9644aa8bb2eb283b82a85ad,31 CES n. 25 military gear lockers.,f33e54c1c9644aa8bb2eb283b82a85ad_3.bin,certification,0.75,0.55
ROBJ-000269,experience_requirement,"past performance"", ""references""], ""certifications"": Section G - Contract Administration Data 13. THIS ITEM APPLIES ONLY TO MODIFICATIONS",unknown,REQ-000479,f33e54c1c9644aa8bb2eb283b82a85ad,31 CES n. 25 military gear lockers.,f33e54c1c9644aa8bb2eb283b82a85ad_3.bin,certification,0.75,0.65
ROBJ-000270,procurement_form_or_artifact,"amendment of solicitation"", ""modification of contract"", ""sf 30""], ""forms"": Section G - Contract Administration Data 13. THIS ITEM APPLIES ONLY TO",unknown,REQ-000482,f33e54c1c9644aa8bb2eb283b82a85ad,31 CES n. 25 military gear lockers.,f33e54c1c9644aa8bb2eb283b82a85ad_3.bin,amendment,0.65,0.65
ROBJ-000271,procurement_form_or_artifact,"drawings"":",unknown,REQ-000491,f33e54c1c9644aa8bb2eb283b82a85ad,31 CES n. 25 military gear lockers.,f33e54c1c9644aa8bb2eb283b82a85ad_6.bin,q_and_a,0.65,0.55
ROBJ-000272,evaluation_factor,PRICE,unknown,REQ-000496,f29a122869e64fa19982e9655482f397,Hex Jam Nuts,f29a122869e64fa19982e9655482f397_2.bin,evaluation,0.8,0.55
ROBJ-000273,procurement_form_or_artifact,EXHIBIT A | EXHIBIT B | EXHIBIT C | EXHIBIT D | EXHIBIT E | EXHIBIT F,unknown,REQ-000496,f29a122869e64fa19982e9655482f397,Hex Jam Nuts,f29a122869e64fa19982e9655482f397_2.bin,evaluation,0.8,0.65
ROBJ-000274,pricing_requirement,"unit price"", ""total price"", ""clin"", ""pricing""], ""certifications"": EXHIBIT A | EXHIBIT B | EXHIBIT C | EXHIBIT D | EXHIBIT E | EXHI",unknown,REQ-000502,f29a122869e64fa19982e9655482f397,Hex Jam Nuts,f29a122869e64fa19982e9655482f397_2.bin,certification,0.75,0.65
ROBJ-000275,pricing_requirement,"clin"", ""pricing""], ""certifications"": EXHIBIT A | EXHIBIT B | EXHIBIT C | EXHIBIT D | EXHIBIT E | EXHIBIT F",unknown,REQ-000502,f29a122869e64fa19982e9655482f397,Hex Jam Nuts,f29a122869e64fa19982e9655482f397_2.bin,certification,0.75,0.65
ROBJ-000276,certification_requirement,"certificate of compliance"", ""nist""], ""security"": EXHIBIT A | EXHIBIT B | EXHIBIT C | EXHIBIT D | EXHIBIT E | EXHIBIT F",unknown,REQ-000505,f29a122869e64fa19982e9655482f397,Hex Jam Nuts,f29a122869e64fa19982e9655482f397_2.bin,certification,0.65,0.75
ROBJ-000277,clearance_requirement,"secret"", ""classified"", ""cui""], ""drawings"": EXHIBIT A | EXHIBIT B | EXHIBIT C | EXHIBIT",unknown,REQ-000506,f29a122869e64fa19982e9655482f397,Hex Jam Nuts,f29a122869e64fa19982e9655482f397_2.bin,security,0.65,0.75
ROBJ-000278,clearance_requirement,"cui""], ""drawings"": EXHIBIT A | EXHIBIT B | EXHIBIT C | EXHIBIT D | EXHIBIT E | EXHI",unknown,REQ-000506,f29a122869e64fa19982e9655482f397,Hex Jam Nuts,f29a122869e64fa19982e9655482f397_2.bin,security,0.65,0.75
ROBJ-000279,procurement_form_or_artifact,"drawings"": EXHIBIT A | EXHIBIT B | EXHIBIT C | EXHIBIT D | EXHIBIT E | EXHIBIT F",unknown,REQ-000506,f29a122869e64fa19982e9655482f397,Hex Jam Nuts,f29a122869e64fa19982e9655482f397_2.bin,security,0.65,0.65
ROBJ-000280,evaluation_factor,"evaluation factors"", ""basis for award""], ""pricing_schedule"": Section 889 | section if the Offeror responds | section 1758 of the Export Co",unknown,REQ-000509,f29a122869e64fa19982e9655482f397,Hex Jam Nuts,f29a122869e64fa19982e9655482f397_3.bin,evaluation,0.85,0.75
ROBJ-000281,evaluation_factor,"basis for award""], ""pricing_schedule"": Section 889 | section if the Offeror responds | section 1758 of the Export Control Reform Act of",unknown,REQ-000509,f29a122869e64fa19982e9655482f397,Hex Jam Nuts,f29a122869e64fa19982e9655482f397_3.bin,evaluation,0.85,0.75
ROBJ-000282,pricing_requirement,"clin"", ""pricing""], ""past_performance"": Section 889 | section if the Offeror responds | section 1758 of the Export Control Re",unknown,REQ-000511,f29a122869e64fa19982e9655482f397,Hex Jam Nuts,f29a122869e64fa19982e9655482f397_3.bin,pricing,0.65,0.65
ROBJ-000283,evaluation_factor,past performance,unknown,REQ-000512,f29a122869e64fa19982e9655482f397,Hex Jam Nuts,f29a122869e64fa19982e9655482f397_3.bin,evaluation,0.75,0.55
ROBJ-000284,experience_requirement,"past performance"", ""references""], ""staffing"": Section 889 | section if the Offeror responds | section 1758 of the Export Control Reform",unknown,REQ-000512,f29a122869e64fa19982e9655482f397,Hex Jam Nuts,f29a122869e64fa19982e9655482f397_3.bin,evaluation,0.75,0.65
ROBJ-000285,staffing_requirement,"resume""], ""certifications"": Section 889 | section if the Offeror responds | section 1758 of the Export Control Reform Act of 2",unknown,REQ-000515,f29a122869e64fa19982e9655482f397,Hex Jam Nuts,f29a122869e64fa19982e9655482f397_3.bin,certification,0.65,0.65
ROBJ-000286,clearance_requirement,"secret"", ""classified"", ""cui""], ""forms"": Section 889 | section if the Offeror responds",unknown,REQ-000518,f29a122869e64fa19982e9655482f397,Hex Jam Nuts,f29a122869e64fa19982e9655482f397_3.bin,security,0.65,0.75
ROBJ-000287,clearance_requirement,"cui""], ""forms"": Section 889 | section if the Offeror responds | section 1758 of the",unknown,REQ-000518,f29a122869e64fa19982e9655482f397,Hex Jam Nuts,f29a122869e64fa19982e9655482f397_3.bin,security,0.65,0.75
ROBJ-000288,procurement_form_or_artifact,"drawings"": Section 889 | section if the Offeror responds | section 1758 of the Export Control Reform Act of 2018 | Section 102",unknown,REQ-000519,f29a122869e64fa19982e9655482f397,Hex Jam Nuts,f29a122869e64fa19982e9655482f397_3.bin,certification,0.7,0.65
ROBJ-000289,staffing_requirement,qualifications and ability to perform as a contractor and provide the commodities described below.,yes,REQ-000520,dedd02b3424a4149b2823ccee9a76082,Patient Ceiling Lift Slings Replacement,dedd02b3424a4149b2823ccee9a76082_1.bin,staffing,0.85,0.8
ROBJ-000290,staffing_requirement,"qualifications""], ""certifications"":",unknown,REQ-000522,dedd02b3424a4149b2823ccee9a76082,Patient Ceiling Lift Slings Replacement,dedd02b3424a4149b2823ccee9a76082_1.bin,certification,0.65,0.55
ROBJ-000291,evaluation_factor,PRICE,unknown,REQ-000527,dd067ed7e23d469dab6e5a622c30460b,Marketplace for Acquisition of Professional Services (MAPS),dd067ed7e23d469dab6e5a622c30460b_2.bin,evaluation,0.85,0.55
ROBJ-000292,procurement_form_or_artifact,"SOLICITATION/CONTRACT FORM I CONTRACT CLAUSES B SUPPLIES OR SERVICES AND PRICES/COSTS PART III - LIST OF DOCUMENTS, EXHIBITS AND OTHER ATTACHMENTS",unknown,REQ-000527,dd067ed7e23d469dab6e5a622c30460b,Marketplace for Acquisition of Professional Services (MAPS),dd067ed7e23d469dab6e5a622c30460b_2.bin,evaluation,0.85,0.65
ROBJ-000293,evaluation_factor,"evaluation factors"", ""basis for award""], ""proposal_instructions"": Section L | SECTION DESCRIPTION PAGE | Section I | Section B - Supplies",unknown,REQ-000532,dd067ed7e23d469dab6e5a622c30460b,Marketplace for Acquisition of Professional Services (MAPS),dd067ed7e23d469dab6e5a622c30460b_2.bin,evaluation,0.8,0.75
ROBJ-000294,evaluation_factor,"basis for award""], ""proposal_instructions"": Section L | SECTION DESCRIPTION PAGE | Section I | Section B - Supplies or Services | Secti",unknown,REQ-000532,dd067ed7e23d469dab6e5a622c30460b,Marketplace for Acquisition of Professional Services (MAPS),dd067ed7e23d469dab6e5a622c30460b_2.bin,evaluation,0.8,0.75
ROBJ-000295,pricing_requirement,"firm fixed price""], ""certifications"": Section L | SECTION DESCRIPTION PAGE | Section I | Section B - Supplies or Services | Section C. T",unknown,REQ-000535,dd067ed7e23d469dab6e5a622c30460b,Marketplace for Acquisition of Professional Services (MAPS),dd067ed7e23d469dab6e5a622c30460b_2.bin,certification,0.75,0.75
ROBJ-000296,pricing_requirement,"clin"", ""pricing"", ""firm fixed price""], ""certifications"": Section L | SECTION DESCRIPTION PAGE | Section I | Section B - Supp",unknown,REQ-000535,dd067ed7e23d469dab6e5a622c30460b,Marketplace for Acquisition of Professional Services (MAPS),dd067ed7e23d469dab6e5a622c30460b_2.bin,certification,0.75,0.75
ROBJ-000297,certification_requirement,"cmmc"", ""iso""], ""security"": Section L | SECTION DESCRIPTION PAGE | Section I | Section B - Supplies or Se",unknown,REQ-000538,dd067ed7e23d469dab6e5a622c30460b,Marketplace for Acquisition of Professional Services (MAPS),dd067ed7e23d469dab6e5a622c30460b_2.bin,certification,0.65,0.85
ROBJ-000298,clearance_requirement,"top secret"", ""classified"", ""background check""], ""justification"": Section L | SECTION DESCR",unknown,REQ-000539,dd067ed7e23d469dab6e5a622c30460b,Marketplace for Acquisition of Professional Services (MAPS),dd067ed7e23d469dab6e5a622c30460b_2.bin,security,0.7,0.85
ROBJ-000299,clearance_requirement,"secret"", ""top secret"", ""classified"", ""background check""], ""justification"": Section L |",unknown,REQ-000539,dd067ed7e23d469dab6e5a622c30460b,Marketplace for Acquisition of Professional Services (MAPS),dd067ed7e23d469dab6e5a622c30460b_2.bin,security,0.7,0.85
ROBJ-000300,procurement_form_or_artifact,"drawings"": Section L | SECTION DESCRIPTION PAGE | Section I | Section B - Supplies or Services | Section C. The maximum total c",unknown,REQ-000540,dd067ed7e23d469dab6e5a622c30460b,Marketplace for Acquisition of Professional Services (MAPS),dd067ed7e23d469dab6e5a622c30460b_2.bin,certification,0.7,0.75
ROBJ-000301,evaluation_factor,PRICE,unknown,REQ-000542,dd067ed7e23d469dab6e5a622c30460b,Marketplace for Acquisition of Professional Services (MAPS),dd067ed7e23d469dab6e5a622c30460b_5.bin,evaluation,0.85,0.55
ROBJ-000302,procurement_form_or_artifact,"SOLICITATION/CONTRACT FORM I CONTRACT CLAUSES B SUPPLIES OR SERVICES AND PRICES/COSTS PART III - LIST OF DOCUMENTS, EXHIBITS AND OTHER ATTACHMENTS",unknown,REQ-000542,dd067ed7e23d469dab6e5a622c30460b,Marketplace for Acquisition of Professional Services (MAPS),dd067ed7e23d469dab6e5a622c30460b_5.bin,evaluation,0.85,0.65
ROBJ-000303,evaluation_factor,"evaluation factors"", ""basis for award""], ""proposal_instructions"": Section L | SECTION DESCRIPTION PAGE | Section I | Section B - Supplies",unknown,REQ-000547,dd067ed7e23d469dab6e5a622c30460b,Marketplace for Acquisition of Professional Services (MAPS),dd067ed7e23d469dab6e5a622c30460b_5.bin,evaluation,0.8,0.75
ROBJ-000304,evaluation_factor,"basis for award""], ""proposal_instructions"": Section L | SECTION DESCRIPTION PAGE | Section I | Section B - Supplies or Services | Secti",unknown,REQ-000547,dd067ed7e23d469dab6e5a622c30460b,Marketplace for Acquisition of Professional Services (MAPS),dd067ed7e23d469dab6e5a622c30460b_5.bin,evaluation,0.8,0.75
ROBJ-000305,pricing_requirement,"firm fixed price""], ""certifications"": Section L | SECTION DESCRIPTION PAGE | Section I | Section B - Supplies or Services | Section C. T",unknown,REQ-000550,dd067ed7e23d469dab6e5a622c30460b,Marketplace for Acquisition of Professional Services (MAPS),dd067ed7e23d469dab6e5a622c30460b_5.bin,certification,0.75,0.75
ROBJ-000306,pricing_requirement,"clin"", ""pricing"", ""firm fixed price""], ""certifications"": Section L | SECTION DESCRIPTION PAGE | Section I | Section B - Supp",unknown,REQ-000550,dd067ed7e23d469dab6e5a622c30460b,Marketplace for Acquisition of Professional Services (MAPS),dd067ed7e23d469dab6e5a622c30460b_5.bin,certification,0.75,0.75
ROBJ-000307,certification_requirement,"cmmc"", ""iso""], ""security"": Section L | SECTION DESCRIPTION PAGE | Section I | Section B - Supplies or Se",unknown,REQ-000553,dd067ed7e23d469dab6e5a622c30460b,Marketplace for Acquisition of Professional Services (MAPS),dd067ed7e23d469dab6e5a622c30460b_5.bin,certification,0.65,0.85
ROBJ-000308,clearance_requirement,"top secret"", ""classified"", ""background check""], ""justification"": Section L | SECTION DESCR",unknown,REQ-000554,dd067ed7e23d469dab6e5a622c30460b,Marketplace for Acquisition of Professional Services (MAPS),dd067ed7e23d469dab6e5a622c30460b_5.bin,security,0.7,0.85
ROBJ-000309,clearance_requirement,"secret"", ""top secret"", ""classified"", ""background check""], ""justification"": Section L |",unknown,REQ-000554,dd067ed7e23d469dab6e5a622c30460b,Marketplace for Acquisition of Professional Services (MAPS),dd067ed7e23d469dab6e5a622c30460b_5.bin,security,0.7,0.85
ROBJ-000310,procurement_form_or_artifact,"drawings"": Section L | SECTION DESCRIPTION PAGE | Section I | Section B - Supplies or Services | Section C. The maximum total c",unknown,REQ-000555,dd067ed7e23d469dab6e5a622c30460b,Marketplace for Acquisition of Professional Services (MAPS),dd067ed7e23d469dab6e5a622c30460b_5.bin,certification,0.7,0.75
ROBJ-000311,evaluation_factor,PRICE,unknown,REQ-000557,dd067ed7e23d469dab6e5a622c30460b,Marketplace for Acquisition of Professional Services (MAPS),dd067ed7e23d469dab6e5a622c30460b_6.bin,evaluation,0.85,0.55
ROBJ-000312,procurement_form_or_artifact,"SOLICITATION/CONTRACT FORM I CONTRACT CLAUSES B SUPPLIES OR SERVICES AND PRICES/COSTS PART III - LIST OF DOCUMENTS, EXHIBITS AND OTHER ATTACHMENTS",unknown,REQ-000557,dd067ed7e23d469dab6e5a622c30460b,Marketplace for Acquisition of Professional Services (MAPS),dd067ed7e23d469dab6e5a622c30460b_6.bin,evaluation,0.85,0.65
ROBJ-000313,evaluation_factor,"evaluation factors"", ""basis for award""], ""proposal_instructions"": Section L | SECTION DESCRIPTION PAGE | Section I | Section B - Supplies",unknown,REQ-000562,dd067ed7e23d469dab6e5a622c30460b,Marketplace for Acquisition of Professional Services (MAPS),dd067ed7e23d469dab6e5a622c30460b_6.bin,evaluation,0.8,0.75
ROBJ-000314,evaluation_factor,"basis for award""], ""proposal_instructions"": Section L | SECTION DESCRIPTION PAGE | Section I | Section B - Supplies or Services | Secti",unknown,REQ-000562,dd067ed7e23d469dab6e5a622c30460b,Marketplace for Acquisition of Professional Services (MAPS),dd067ed7e23d469dab6e5a622c30460b_6.bin,evaluation,0.8,0.75
ROBJ-000315,pricing_requirement,"firm fixed price""], ""certifications"": Section L | SECTION DESCRIPTION PAGE | Section I | Section B - Supplies or Services | Section C. T",unknown,REQ-000565,dd067ed7e23d469dab6e5a622c30460b,Marketplace for Acquisition of Professional Services (MAPS),dd067ed7e23d469dab6e5a622c30460b_6.bin,certification,0.75,0.75
ROBJ-000316,pricing_requirement,"clin"", ""pricing"", ""firm fixed price""], ""certifications"": Section L | SECTION DESCRIPTION PAGE | Section I | Section B - Supp",unknown,REQ-000565,dd067ed7e23d469dab6e5a622c30460b,Marketplace for Acquisition of Professional Services (MAPS),dd067ed7e23d469dab6e5a622c30460b_6.bin,certification,0.75,0.75
ROBJ-000317,certification_requirement,"cmmc"", ""iso""], ""security"": Section L | SECTION DESCRIPTION PAGE | Section I | Section B - Supplies or Se",unknown,REQ-000568,dd067ed7e23d469dab6e5a622c30460b,Marketplace for Acquisition of Professional Services (MAPS),dd067ed7e23d469dab6e5a622c30460b_6.bin,certification,0.65,0.85
ROBJ-000318,clearance_requirement,"top secret"", ""classified"", ""background check""], ""justification"": Section L | SECTION DESCR",unknown,REQ-000569,dd067ed7e23d469dab6e5a622c30460b,Marketplace for Acquisition of Professional Services (MAPS),dd067ed7e23d469dab6e5a622c30460b_6.bin,security,0.7,0.85
ROBJ-000319,clearance_requirement,"secret"", ""top secret"", ""classified"", ""background check""], ""justification"": Section L |",unknown,REQ-000569,dd067ed7e23d469dab6e5a622c30460b,Marketplace for Acquisition of Professional Services (MAPS),dd067ed7e23d469dab6e5a622c30460b_6.bin,security,0.7,0.85
ROBJ-000320,procurement_form_or_artifact,"drawings"": Section L | SECTION DESCRIPTION PAGE | Section I | Section B - Supplies or Services | Section C. The maximum total c",unknown,REQ-000570,dd067ed7e23d469dab6e5a622c30460b,Marketplace for Acquisition of Professional Services (MAPS),dd067ed7e23d469dab6e5a622c30460b_6.bin,certification,0.7,0.75
ROBJ-000321,evaluation_factor,PRICE,unknown,REQ-000572,dd067ed7e23d469dab6e5a622c30460b,Marketplace for Acquisition of Professional Services (MAPS),dd067ed7e23d469dab6e5a622c30460b_9.bin,evaluation,0.85,0.55
ROBJ-000322,procurement_form_or_artifact,"SOLICITATION/CONTRACT FORM I CONTRACT CLAUSES B SUPPLIES OR SERVICES AND PRICES/COSTS PART III - LIST OF DOCUMENTS, EXHIBITS AND OTHER ATTACHMENTS",unknown,REQ-000572,dd067ed7e23d469dab6e5a622c30460b,Marketplace for Acquisition of Professional Services (MAPS),dd067ed7e23d469dab6e5a622c30460b_9.bin,evaluation,0.85,0.65
ROBJ-000323,evaluation_factor,"evaluation factors"", ""basis for award""], ""proposal_instructions"": Section L | SECTION DESCRIPTION PAGE | Section I | Section B - Supplies",unknown,REQ-000577,dd067ed7e23d469dab6e5a622c30460b,Marketplace for Acquisition of Professional Services (MAPS),dd067ed7e23d469dab6e5a622c30460b_9.bin,evaluation,0.8,0.75
ROBJ-000324,evaluation_factor,"basis for award""], ""proposal_instructions"": Section L | SECTION DESCRIPTION PAGE | Section I | Section B - Supplies or Services | Secti",unknown,REQ-000577,dd067ed7e23d469dab6e5a622c30460b,Marketplace for Acquisition of Professional Services (MAPS),dd067ed7e23d469dab6e5a622c30460b_9.bin,evaluation,0.8,0.75
ROBJ-000325,pricing_requirement,"firm fixed price""], ""certifications"": Section L | SECTION DESCRIPTION PAGE | Section I | Section B - Supplies or Services | Section C. T",unknown,REQ-000580,dd067ed7e23d469dab6e5a622c30460b,Marketplace for Acquisition of Professional Services (MAPS),dd067ed7e23d469dab6e5a622c30460b_9.bin,certification,0.75,0.75
ROBJ-000326,pricing_requirement,"clin"", ""pricing"", ""firm fixed price""], ""certifications"": Section L | SECTION DESCRIPTION PAGE | Section I | Section B - Supp",unknown,REQ-000580,dd067ed7e23d469dab6e5a622c30460b,Marketplace for Acquisition of Professional Services (MAPS),dd067ed7e23d469dab6e5a622c30460b_9.bin,certification,0.75,0.75
ROBJ-000327,certification_requirement,"cmmc"", ""iso""], ""security"": Section L | SECTION DESCRIPTION PAGE | Section I | Section B - Supplies or Se",unknown,REQ-000583,dd067ed7e23d469dab6e5a622c30460b,Marketplace for Acquisition of Professional Services (MAPS),dd067ed7e23d469dab6e5a622c30460b_9.bin,certification,0.65,0.85
ROBJ-000328,clearance_requirement,"top secret"", ""classified"", ""background check""], ""justification"": Section L | SECTION DESCR",unknown,REQ-000584,dd067ed7e23d469dab6e5a622c30460b,Marketplace for Acquisition of Professional Services (MAPS),dd067ed7e23d469dab6e5a622c30460b_9.bin,security,0.7,0.85
ROBJ-000329,clearance_requirement,"secret"", ""top secret"", ""classified"", ""background check""], ""justification"": Section L |",unknown,REQ-000584,dd067ed7e23d469dab6e5a622c30460b,Marketplace for Acquisition of Professional Services (MAPS),dd067ed7e23d469dab6e5a622c30460b_9.bin,security,0.7,0.85
ROBJ-000330,procurement_form_or_artifact,"drawings"": Section L | SECTION DESCRIPTION PAGE | Section I | Section B - Supplies or Services | Section C. The maximum total c",unknown,REQ-000585,dd067ed7e23d469dab6e5a622c30460b,Marketplace for Acquisition of Professional Services (MAPS),dd067ed7e23d469dab6e5a622c30460b_9.bin,certification,0.7,0.75
ROBJ-000331,procurement_form_or_artifact,"Attachment 0002 Scorecard Section L – Instructions to Offerors • L.2.3.3 QP Submission Vacancy Rate, Time to Fill Rate, Schedule and Co",unknown,REQ-000586,dd067ed7e23d469dab6e5a622c30460b,Marketplace for Acquisition of Professional Services (MAPS),dd067ed7e23d469dab6e5a622c30460b_10.bin,proposal_instruction,0.75,0.75
ROBJ-000332,procurement_form_or_artifact,Attachment 0002 Scorecard Section L | Attachment 0002,unknown,REQ-000586,dd067ed7e23d469dab6e5a622c30460b,Marketplace for Acquisition of Professional Services (MAPS),dd067ed7e23d469dab6e5a622c30460b_10.bin,proposal_instruction,0.75,0.75
ROBJ-000333,evaluation_factor,Evaluation Factors • M.2 Evaluation Approach: Section L | Section M | Attachment 0002 Scorecard Section L | Attachment 0002,unknown,REQ-000588,dd067ed7e23d469dab6e5a622c30460b,Marketplace for Acquisition of Professional Services (MAPS),dd067ed7e23d469dab6e5a622c30460b_10.bin,evaluation,0.8,0.75
ROBJ-000334,procurement_form_or_artifact,Attachment 0002 • Commercial Sector Vendor Scorecard Amendment 0004: Section L | Section M | Attachment 0002 Scorecard Section L | Atta,unknown,REQ-000589,dd067ed7e23d469dab6e5a622c30460b,Marketplace for Acquisition of Professional Services (MAPS),dd067ed7e23d469dab6e5a622c30460b_10.bin,amendment,0.65,0.75
ROBJ-000335,procurement_form_or_artifact,Attachment 0002 Scorecard Section L Section L | Section M | Attachment 0002 Scorecard Section L | Attachment 0002,unknown,REQ-000591,dd067ed7e23d469dab6e5a622c30460b,Marketplace for Acquisition of Professional Services (MAPS),dd067ed7e23d469dab6e5a622c30460b_10.bin,proposal_instruction,0.7,0.75
ROBJ-000336,evaluation_factor,"evaluation factors"", ""section m""], ""proposal_instructions"": Section L | Section M | Attachment 0002 Scorecard Section L | Attachment 0002",unknown,REQ-000592,dd067ed7e23d469dab6e5a622c30460b,Marketplace for Acquisition of Professional Services (MAPS),dd067ed7e23d469dab6e5a622c30460b_10.bin,evaluation,0.8,0.75
ROBJ-000337,evaluation_factor,PRICE,unknown,REQ-000595,dd067ed7e23d469dab6e5a622c30460b,Marketplace for Acquisition of Professional Services (MAPS),dd067ed7e23d469dab6e5a622c30460b_14.bin,evaluation,0.85,0.55
ROBJ-000338,procurement_form_or_artifact,"SOLICITATION/CONTRACT FORM I CONTRACT CLAUSES B SUPPLIES OR SERVICES AND PRICES/COSTS PART III - LIST OF DOCUMENTS, EXHIBITS AND OTHER ATTACHMENTS",unknown,REQ-000595,dd067ed7e23d469dab6e5a622c30460b,Marketplace for Acquisition of Professional Services (MAPS),dd067ed7e23d469dab6e5a622c30460b_14.bin,evaluation,0.85,0.65
ROBJ-000339,evaluation_factor,"evaluation factors"", ""basis for award""], ""proposal_instructions"": Section L | SECTION DESCRIPTION PAGE | Section I | Section B - Supplies",unknown,REQ-000600,dd067ed7e23d469dab6e5a622c30460b,Marketplace for Acquisition of Professional Services (MAPS),dd067ed7e23d469dab6e5a622c30460b_14.bin,evaluation,0.8,0.75
ROBJ-000340,evaluation_factor,"basis for award""], ""proposal_instructions"": Section L | SECTION DESCRIPTION PAGE | Section I | Section B - Supplies or Services | Secti",unknown,REQ-000600,dd067ed7e23d469dab6e5a622c30460b,Marketplace for Acquisition of Professional Services (MAPS),dd067ed7e23d469dab6e5a622c30460b_14.bin,evaluation,0.8,0.75
ROBJ-000341,pricing_requirement,"firm fixed price""], ""certifications"": Section L | SECTION DESCRIPTION PAGE | Section I | Section B - Supplies or Services | Section C. T",unknown,REQ-000603,dd067ed7e23d469dab6e5a622c30460b,Marketplace for Acquisition of Professional Services (MAPS),dd067ed7e23d469dab6e5a622c30460b_14.bin,certification,0.75,0.75
ROBJ-000342,pricing_requirement,"clin"", ""pricing"", ""firm fixed price""], ""certifications"": Section L | SECTION DESCRIPTION PAGE | Section I | Section B - Supp",unknown,REQ-000603,dd067ed7e23d469dab6e5a622c30460b,Marketplace for Acquisition of Professional Services (MAPS),dd067ed7e23d469dab6e5a622c30460b_14.bin,certification,0.75,0.75
ROBJ-000343,certification_requirement,"cmmc"", ""iso""], ""security"": Section L | SECTION DESCRIPTION PAGE | Section I | Section B - Supplies or Se",unknown,REQ-000606,dd067ed7e23d469dab6e5a622c30460b,Marketplace for Acquisition of Professional Services (MAPS),dd067ed7e23d469dab6e5a622c30460b_14.bin,certification,0.65,0.85
ROBJ-000344,clearance_requirement,"top secret"", ""classified"", ""background check""], ""justification"": Section L | SECTION DESCR",unknown,REQ-000607,dd067ed7e23d469dab6e5a622c30460b,Marketplace for Acquisition of Professional Services (MAPS),dd067ed7e23d469dab6e5a622c30460b_14.bin,security,0.7,0.85
ROBJ-000345,clearance_requirement,"secret"", ""top secret"", ""classified"", ""background check""], ""justification"": Section L |",unknown,REQ-000607,dd067ed7e23d469dab6e5a622c30460b,Marketplace for Acquisition of Professional Services (MAPS),dd067ed7e23d469dab6e5a622c30460b_14.bin,security,0.7,0.85
ROBJ-000346,procurement_form_or_artifact,"drawings"": Section L | SECTION DESCRIPTION PAGE | Section I | Section B - Supplies or Services | Section C. The maximum total c",unknown,REQ-000608,dd067ed7e23d469dab6e5a622c30460b,Marketplace for Acquisition of Professional Services (MAPS),dd067ed7e23d469dab6e5a622c30460b_14.bin,certification,0.7,0.75
ROBJ-000347,evaluation_factor,PRICE,unknown,REQ-000610,dd067ed7e23d469dab6e5a622c30460b,Marketplace for Acquisition of Professional Services (MAPS),dd067ed7e23d469dab6e5a622c30460b_15.bin,evaluation,0.85,0.55
ROBJ-000348,procurement_form_or_artifact,"SOLICITATION/CONTRACT FORM I CONTRACT CLAUSES B SUPPLIES OR SERVICES AND PRICES/COSTS PART III - LIST OF DOCUMENTS, EXHIBITS AND OTHER ATTACHMENTS",unknown,REQ-000610,dd067ed7e23d469dab6e5a622c30460b,Marketplace for Acquisition of Professional Services (MAPS),dd067ed7e23d469dab6e5a622c30460b_15.bin,evaluation,0.85,0.65
ROBJ-000349,evaluation_factor,"evaluation factors"", ""basis for award""], ""proposal_instructions"": Section L | SECTION DESCRIPTION PAGE | Section I | Section B - Supplies",unknown,REQ-000615,dd067ed7e23d469dab6e5a622c30460b,Marketplace for Acquisition of Professional Services (MAPS),dd067ed7e23d469dab6e5a622c30460b_15.bin,evaluation,0.8,0.75
ROBJ-000350,evaluation_factor,"basis for award""], ""proposal_instructions"": Section L | SECTION DESCRIPTION PAGE | Section I | Section B - Supplies or Services | Secti",unknown,REQ-000615,dd067ed7e23d469dab6e5a622c30460b,Marketplace for Acquisition of Professional Services (MAPS),dd067ed7e23d469dab6e5a622c30460b_15.bin,evaluation,0.8,0.75
ROBJ-000351,pricing_requirement,"firm fixed price""], ""certifications"": Section L | SECTION DESCRIPTION PAGE | Section I | Section B - Supplies or Services | Section C. T",unknown,REQ-000618,dd067ed7e23d469dab6e5a622c30460b,Marketplace for Acquisition of Professional Services (MAPS),dd067ed7e23d469dab6e5a622c30460b_15.bin,certification,0.75,0.75
ROBJ-000352,pricing_requirement,"clin"", ""pricing"", ""firm fixed price""], ""certifications"": Section L | SECTION DESCRIPTION PAGE | Section I | Section B - Supp",unknown,REQ-000618,dd067ed7e23d469dab6e5a622c30460b,Marketplace for Acquisition of Professional Services (MAPS),dd067ed7e23d469dab6e5a622c30460b_15.bin,certification,0.75,0.75
ROBJ-000353,certification_requirement,"cmmc"", ""iso""], ""security"": Section L | SECTION DESCRIPTION PAGE | Section I | Section B - Supplies or Se",unknown,REQ-000621,dd067ed7e23d469dab6e5a622c30460b,Marketplace for Acquisition of Professional Services (MAPS),dd067ed7e23d469dab6e5a622c30460b_15.bin,certification,0.65,0.85
ROBJ-000354,clearance_requirement,"top secret"", ""classified"", ""background check""], ""justification"": Section L | SECTION DESCR",unknown,REQ-000622,dd067ed7e23d469dab6e5a622c30460b,Marketplace for Acquisition of Professional Services (MAPS),dd067ed7e23d469dab6e5a622c30460b_15.bin,security,0.7,0.85
ROBJ-000355,clearance_requirement,"secret"", ""top secret"", ""classified"", ""background check""], ""justification"": Section L |",unknown,REQ-000622,dd067ed7e23d469dab6e5a622c30460b,Marketplace for Acquisition of Professional Services (MAPS),dd067ed7e23d469dab6e5a622c30460b_15.bin,security,0.7,0.85
ROBJ-000356,procurement_form_or_artifact,"drawings"": Section L | SECTION DESCRIPTION PAGE | Section I | Section B - Supplies or Services | Section C. The maximum total c",unknown,REQ-000623,dd067ed7e23d469dab6e5a622c30460b,Marketplace for Acquisition of Professional Services (MAPS),dd067ed7e23d469dab6e5a622c30460b_15.bin,certification,0.7,0.75
ROBJ-000357,evaluation_factor,PRICE,unknown,REQ-000625,dd067ed7e23d469dab6e5a622c30460b,Marketplace for Acquisition of Professional Services (MAPS),dd067ed7e23d469dab6e5a622c30460b_17.bin,evaluation,0.85,0.55
ROBJ-000358,procurement_form_or_artifact,"SOLICITATION/CONTRACT FORM I CONTRACT CLAUSES B SUPPLIES OR SERVICES AND PRICES/COSTS PART III - LIST OF DOCUMENTS, EXHIBITS AND OTHER ATTACHMENTS",unknown,REQ-000625,dd067ed7e23d469dab6e5a622c30460b,Marketplace for Acquisition of Professional Services (MAPS),dd067ed7e23d469dab6e5a622c30460b_17.bin,evaluation,0.85,0.65
ROBJ-000359,evaluation_factor,"evaluation factors"", ""basis for award""], ""proposal_instructions"": Section L | SECTION DESCRIPTION PAGE | Section I | Section B - Supplies",unknown,REQ-000630,dd067ed7e23d469dab6e5a622c30460b,Marketplace for Acquisition of Professional Services (MAPS),dd067ed7e23d469dab6e5a622c30460b_17.bin,evaluation,0.8,0.75
ROBJ-000360,evaluation_factor,"basis for award""], ""proposal_instructions"": Section L | SECTION DESCRIPTION PAGE | Section I | Section B - Supplies or Services | Secti",unknown,REQ-000630,dd067ed7e23d469dab6e5a622c30460b,Marketplace for Acquisition of Professional Services (MAPS),dd067ed7e23d469dab6e5a622c30460b_17.bin,evaluation,0.8,0.75
ROBJ-000361,pricing_requirement,"firm fixed price""], ""certifications"": Section L | SECTION DESCRIPTION PAGE | Section I | Section B - Supplies or Services | Section C. T",unknown,REQ-000633,dd067ed7e23d469dab6e5a622c30460b,Marketplace for Acquisition of Professional Services (MAPS),dd067ed7e23d469dab6e5a622c30460b_17.bin,certification,0.75,0.75
ROBJ-000362,pricing_requirement,"clin"", ""pricing"", ""firm fixed price""], ""certifications"": Section L | SECTION DESCRIPTION PAGE | Section I | Section B - Supp",unknown,REQ-000633,dd067ed7e23d469dab6e5a622c30460b,Marketplace for Acquisition of Professional Services (MAPS),dd067ed7e23d469dab6e5a622c30460b_17.bin,certification,0.75,0.75
ROBJ-000363,certification_requirement,"cmmc"", ""iso""], ""security"": Section L | SECTION DESCRIPTION PAGE | Section I | Section B - Supplies or Se",unknown,REQ-000636,dd067ed7e23d469dab6e5a622c30460b,Marketplace for Acquisition of Professional Services (MAPS),dd067ed7e23d469dab6e5a622c30460b_17.bin,certification,0.65,0.85
ROBJ-000364,clearance_requirement,"top secret"", ""classified"", ""background check""], ""justification"": Section L | SECTION DESCR",unknown,REQ-000637,dd067ed7e23d469dab6e5a622c30460b,Marketplace for Acquisition of Professional Services (MAPS),dd067ed7e23d469dab6e5a622c30460b_17.bin,security,0.7,0.85
ROBJ-000365,clearance_requirement,"secret"", ""top secret"", ""classified"", ""background check""], ""justification"": Section L |",unknown,REQ-000637,dd067ed7e23d469dab6e5a622c30460b,Marketplace for Acquisition of Professional Services (MAPS),dd067ed7e23d469dab6e5a622c30460b_17.bin,security,0.7,0.85
ROBJ-000366,procurement_form_or_artifact,"drawings"": Section L | SECTION DESCRIPTION PAGE | Section I | Section B - Supplies or Services | Section C. The maximum total c",unknown,REQ-000638,dd067ed7e23d469dab6e5a622c30460b,Marketplace for Acquisition of Professional Services (MAPS),dd067ed7e23d469dab6e5a622c30460b_17.bin,certification,0.7,0.75
ROBJ-000367,clearance_requirement,"CUI {""proposal_instructions"": Section L.1 Paragraph 2 in order to be accepted as a",unknown,REQ-000642,dd067ed7e23d469dab6e5a622c30460b,Marketplace for Acquisition of Professional Services (MAPS),dd067ed7e23d469dab6e5a622c30460b_18.bin,security,0.7,0.85
ROBJ-000368,procurement_form_or_artifact,Attachment 0001 Amendment 02 Prime Company Name: Attachment 0001 Amendment 02 Prime Company Name,unknown,REQ-000644,dd067ed7e23d469dab6e5a622c30460b,Marketplace for Acquisition of Professional Services (MAPS),dd067ed7e23d469dab6e5a622c30460b_19.bin,amendment,0.65,0.65
ROBJ-000369,procurement_form_or_artifact,Attachment 0001 Amendment 02 Prime Company Name,unknown,REQ-000645,dd067ed7e23d469dab6e5a622c30460b,Marketplace for Acquisition of Professional Services (MAPS),dd067ed7e23d469dab6e5a622c30460b_19.bin,certification,0.7,0.65
ROBJ-000370,procurement_form_or_artifact,"Attachment 0001 Amendment 02 Prime Company Name {""certifications"": Attachment 0001 Amendment 02 Prime Company Name",unknown,REQ-000646,dd067ed7e23d469dab6e5a622c30460b,Marketplace for Acquisition of Professional Services (MAPS),dd067ed7e23d469dab6e5a622c30460b_19.bin,certification,0.65,0.65
ROBJ-000371,evaluation_factor,PRICE,unknown,REQ-000650,dd067ed7e23d469dab6e5a622c30460b,Marketplace for Acquisition of Professional Services (MAPS),dd067ed7e23d469dab6e5a622c30460b_22.bin,evaluation,0.85,0.55
ROBJ-000372,procurement_form_or_artifact,"SOLICITATION/CONTRACT FORM I CONTRACT CLAUSES B SUPPLIES OR SERVICES AND PRICES/COSTS PART III - LIST OF DOCUMENTS, EXHIBITS AND OTHER ATTACHMENTS",unknown,REQ-000650,dd067ed7e23d469dab6e5a622c30460b,Marketplace for Acquisition of Professional Services (MAPS),dd067ed7e23d469dab6e5a622c30460b_22.bin,evaluation,0.85,0.65
ROBJ-000373,evaluation_factor,"evaluation factors"", ""basis for award""], ""proposal_instructions"": Section L | SECTION DESCRIPTION PAGE | Section I | Section B - Supplies",unknown,REQ-000655,dd067ed7e23d469dab6e5a622c30460b,Marketplace for Acquisition of Professional Services (MAPS),dd067ed7e23d469dab6e5a622c30460b_22.bin,evaluation,0.8,0.75
ROBJ-000374,evaluation_factor,"basis for award""], ""proposal_instructions"": Section L | SECTION DESCRIPTION PAGE | Section I | Section B - Supplies or Services | Secti",unknown,REQ-000655,dd067ed7e23d469dab6e5a622c30460b,Marketplace for Acquisition of Professional Services (MAPS),dd067ed7e23d469dab6e5a622c30460b_22.bin,evaluation,0.8,0.75
ROBJ-000375,pricing_requirement,"firm fixed price""], ""certifications"": Section L | SECTION DESCRIPTION PAGE | Section I | Section B - Supplies or Services | Section C. T",unknown,REQ-000658,dd067ed7e23d469dab6e5a622c30460b,Marketplace for Acquisition of Professional Services (MAPS),dd067ed7e23d469dab6e5a622c30460b_22.bin,certification,0.75,0.75
ROBJ-000376,pricing_requirement,"clin"", ""pricing"", ""firm fixed price""], ""certifications"": Section L | SECTION DESCRIPTION PAGE | Section I | Section B - Supp",unknown,REQ-000658,dd067ed7e23d469dab6e5a622c30460b,Marketplace for Acquisition of Professional Services (MAPS),dd067ed7e23d469dab6e5a622c30460b_22.bin,certification,0.75,0.75
ROBJ-000377,certification_requirement,"cmmc"", ""iso""], ""security"": Section L | SECTION DESCRIPTION PAGE | Section I | Section B - Supplies or Se",unknown,REQ-000661,dd067ed7e23d469dab6e5a622c30460b,Marketplace for Acquisition of Professional Services (MAPS),dd067ed7e23d469dab6e5a622c30460b_22.bin,certification,0.65,0.85
ROBJ-000378,clearance_requirement,"top secret"", ""classified"", ""background check""], ""justification"": Section L | SECTION DESCR",unknown,REQ-000662,dd067ed7e23d469dab6e5a622c30460b,Marketplace for Acquisition of Professional Services (MAPS),dd067ed7e23d469dab6e5a622c30460b_22.bin,security,0.7,0.85
ROBJ-000379,clearance_requirement,"secret"", ""top secret"", ""classified"", ""background check""], ""justification"": Section L |",unknown,REQ-000662,dd067ed7e23d469dab6e5a622c30460b,Marketplace for Acquisition of Professional Services (MAPS),dd067ed7e23d469dab6e5a622c30460b_22.bin,security,0.7,0.85
ROBJ-000380,procurement_form_or_artifact,"drawings"": Section L | SECTION DESCRIPTION PAGE | Section I | Section B - Supplies or Services | Section C. The maximum total c",unknown,REQ-000663,dd067ed7e23d469dab6e5a622c30460b,Marketplace for Acquisition of Professional Services (MAPS),dd067ed7e23d469dab6e5a622c30460b_22.bin,certification,0.7,0.75
ROBJ-000381,evaluation_factor,PRICE,unknown,REQ-000665,dd067ed7e23d469dab6e5a622c30460b,Marketplace for Acquisition of Professional Services (MAPS),dd067ed7e23d469dab6e5a622c30460b_23.bin,evaluation,0.85,0.55
ROBJ-000382,procurement_form_or_artifact,"SOLICITATION/CONTRACT FORM I CONTRACT CLAUSES B SUPPLIES OR SERVICES AND PRICES/COSTS PART III - LIST OF DOCUMENTS, EXHIBITS AND OTHER ATTACHMENTS",unknown,REQ-000665,dd067ed7e23d469dab6e5a622c30460b,Marketplace for Acquisition of Professional Services (MAPS),dd067ed7e23d469dab6e5a622c30460b_23.bin,evaluation,0.85,0.65
ROBJ-000383,evaluation_factor,"evaluation factors"", ""basis for award""], ""proposal_instructions"": Section L | SECTION DESCRIPTION PAGE | Section I | Section B - Supplies",unknown,REQ-000670,dd067ed7e23d469dab6e5a622c30460b,Marketplace for Acquisition of Professional Services (MAPS),dd067ed7e23d469dab6e5a622c30460b_23.bin,evaluation,0.8,0.75
ROBJ-000384,evaluation_factor,"basis for award""], ""proposal_instructions"": Section L | SECTION DESCRIPTION PAGE | Section I | Section B - Supplies or Services | Secti",unknown,REQ-000670,dd067ed7e23d469dab6e5a622c30460b,Marketplace for Acquisition of Professional Services (MAPS),dd067ed7e23d469dab6e5a622c30460b_23.bin,evaluation,0.8,0.75
ROBJ-000385,pricing_requirement,"firm fixed price""], ""certifications"": Section L | SECTION DESCRIPTION PAGE | Section I | Section B - Supplies or Services | Section C. T",unknown,REQ-000673,dd067ed7e23d469dab6e5a622c30460b,Marketplace for Acquisition of Professional Services (MAPS),dd067ed7e23d469dab6e5a622c30460b_23.bin,certification,0.75,0.75
ROBJ-000386,pricing_requirement,"clin"", ""pricing"", ""firm fixed price""], ""certifications"": Section L | SECTION DESCRIPTION PAGE | Section I | Section B - Supp",unknown,REQ-000673,dd067ed7e23d469dab6e5a622c30460b,Marketplace for Acquisition of Professional Services (MAPS),dd067ed7e23d469dab6e5a622c30460b_23.bin,certification,0.75,0.75
ROBJ-000387,certification_requirement,"cmmc"", ""iso""], ""security"": Section L | SECTION DESCRIPTION PAGE | Section I | Section B - Supplies or Se",unknown,REQ-000676,dd067ed7e23d469dab6e5a622c30460b,Marketplace for Acquisition of Professional Services (MAPS),dd067ed7e23d469dab6e5a622c30460b_23.bin,certification,0.65,0.85
ROBJ-000388,clearance_requirement,"top secret"", ""classified"", ""background check""], ""justification"": Section L | SECTION DESCR",unknown,REQ-000677,dd067ed7e23d469dab6e5a622c30460b,Marketplace for Acquisition of Professional Services (MAPS),dd067ed7e23d469dab6e5a622c30460b_23.bin,security,0.7,0.85
ROBJ-000389,clearance_requirement,"secret"", ""top secret"", ""classified"", ""background check""], ""justification"": Section L |",unknown,REQ-000677,dd067ed7e23d469dab6e5a622c30460b,Marketplace for Acquisition of Professional Services (MAPS),dd067ed7e23d469dab6e5a622c30460b_23.bin,security,0.7,0.85
ROBJ-000390,procurement_form_or_artifact,"drawings"": Section L | SECTION DESCRIPTION PAGE | Section I | Section B - Supplies or Services | Section C. The maximum total c",unknown,REQ-000678,dd067ed7e23d469dab6e5a622c30460b,Marketplace for Acquisition of Professional Services (MAPS),dd067ed7e23d469dab6e5a622c30460b_23.bin,certification,0.7,0.75
ROBJ-000391,evaluation_factor,PRICE,unknown,REQ-000680,dd067ed7e23d469dab6e5a622c30460b,Marketplace for Acquisition of Professional Services (MAPS),dd067ed7e23d469dab6e5a622c30460b_24.bin,evaluation,0.85,0.55
ROBJ-000392,procurement_form_or_artifact,"SOLICITATION/CONTRACT FORM I CONTRACT CLAUSES B SUPPLIES OR SERVICES AND PRICES/COSTS PART III - LIST OF DOCUMENTS, EXHIBITS AND OTHER ATTACHMENTS",unknown,REQ-000680,dd067ed7e23d469dab6e5a622c30460b,Marketplace for Acquisition of Professional Services (MAPS),dd067ed7e23d469dab6e5a622c30460b_24.bin,evaluation,0.85,0.65
ROBJ-000393,evaluation_factor,"evaluation factors"", ""basis for award""], ""proposal_instructions"": Section L | SECTION DESCRIPTION PAGE | Section I | Section B - Supplies",unknown,REQ-000685,dd067ed7e23d469dab6e5a622c30460b,Marketplace for Acquisition of Professional Services (MAPS),dd067ed7e23d469dab6e5a622c30460b_24.bin,evaluation,0.8,0.75
ROBJ-000394,evaluation_factor,"basis for award""], ""proposal_instructions"": Section L | SECTION DESCRIPTION PAGE | Section I | Section B - Supplies or Services | Secti",unknown,REQ-000685,dd067ed7e23d469dab6e5a622c30460b,Marketplace for Acquisition of Professional Services (MAPS),dd067ed7e23d469dab6e5a622c30460b_24.bin,evaluation,0.8,0.75
ROBJ-000395,pricing_requirement,"firm fixed price""], ""certifications"": Section L | SECTION DESCRIPTION PAGE | Section I | Section B - Supplies or Services | Section C. T",unknown,REQ-000688,dd067ed7e23d469dab6e5a622c30460b,Marketplace for Acquisition of Professional Services (MAPS),dd067ed7e23d469dab6e5a622c30460b_24.bin,certification,0.75,0.75
ROBJ-000396,pricing_requirement,"clin"", ""pricing"", ""firm fixed price""], ""certifications"": Section L | SECTION DESCRIPTION PAGE | Section I | Section B - Supp",unknown,REQ-000688,dd067ed7e23d469dab6e5a622c30460b,Marketplace for Acquisition of Professional Services (MAPS),dd067ed7e23d469dab6e5a622c30460b_24.bin,certification,0.75,0.75
ROBJ-000397,certification_requirement,"cmmc"", ""iso""], ""security"": Section L | SECTION DESCRIPTION PAGE | Section I | Section B - Supplies or Se",unknown,REQ-000691,dd067ed7e23d469dab6e5a622c30460b,Marketplace for Acquisition of Professional Services (MAPS),dd067ed7e23d469dab6e5a622c30460b_24.bin,certification,0.65,0.85
ROBJ-000398,clearance_requirement,"top secret"", ""classified"", ""background check""], ""justification"": Section L | SECTION DESCR",unknown,REQ-000692,dd067ed7e23d469dab6e5a622c30460b,Marketplace for Acquisition of Professional Services (MAPS),dd067ed7e23d469dab6e5a622c30460b_24.bin,security,0.7,0.85
ROBJ-000399,clearance_requirement,"secret"", ""top secret"", ""classified"", ""background check""], ""justification"": Section L |",unknown,REQ-000692,dd067ed7e23d469dab6e5a622c30460b,Marketplace for Acquisition of Professional Services (MAPS),dd067ed7e23d469dab6e5a622c30460b_24.bin,security,0.7,0.85
ROBJ-000400,procurement_form_or_artifact,"drawings"": Section L | SECTION DESCRIPTION PAGE | Section I | Section B - Supplies or Services | Section C. The maximum total c",unknown,REQ-000693,dd067ed7e23d469dab6e5a622c30460b,Marketplace for Acquisition of Professional Services (MAPS),dd067ed7e23d469dab6e5a622c30460b_24.bin,certification,0.7,0.75
ROBJ-000401,pricing_requirement,"clin""], ""past_performance"": section is fully incorporated herein. D. Business Associate agrees to make uses | Section 1. VI.",unknown,REQ-000697,d4b0cdaa6b81462db03813b232d2f491,NPSC Physician Services at the NNMC,d4b0cdaa6b81462db03813b232d2f491_2.bin,pricing,0.65,0.65
ROBJ-000402,pricing_requirement,"clin"", ""pricing""], ""past_performance"": Section Page 1.0 General 2-4 2.0 Definitions 4-6 3.0 Government Furnished Information",unknown,REQ-000705,d4b0cdaa6b81462db03813b232d2f491,NPSC Physician Services at the NNMC,d4b0cdaa6b81462db03813b232d2f491_4.bin,pricing,0.65,0.65
ROBJ-000403,evaluation_factor,past performance,unknown,REQ-000706,d4b0cdaa6b81462db03813b232d2f491,NPSC Physician Services at the NNMC,d4b0cdaa6b81462db03813b232d2f491_4.bin,evaluation,0.75,0.55
ROBJ-000404,experience_requirement,"past performance""], ""staffing"": Section Page 1.0 General 2-4 2.0 Definitions 4-6 3.0 Government Furnished Information | section 5.0 | Se",unknown,REQ-000706,d4b0cdaa6b81462db03813b232d2f491,NPSC Physician Services at the NNMC,d4b0cdaa6b81462db03813b232d2f491_4.bin,evaluation,0.75,0.65
ROBJ-000405,staffing_requirement,"key personnel"", ""staffing""], ""certifications"": Section Page 1.0 General 2-4 2.0 Definitions 4-6 3.0 Government Furnished Information",unknown,REQ-000709,d4b0cdaa6b81462db03813b232d2f491,NPSC Physician Services at the NNMC,d4b0cdaa6b81462db03813b232d2f491_4.bin,certification,0.65,0.65
ROBJ-000406,pricing_requirement,CLIN NO. Section 6 Contractor Qualification Requirements | Section 6 | section 19.105 | Part 12. This announcement constitut,unknown,REQ-000712,d4b0cdaa6b81462db03813b232d2f491,NPSC Physician Services at the NNMC,d4b0cdaa6b81462db03813b232d2f491_5.bin,pricing,0.65,0.65
ROBJ-000407,evaluation_factor,Price,unknown,REQ-000713,d4b0cdaa6b81462db03813b232d2f491,NPSC Physician Services at the NNMC,d4b0cdaa6b81462db03813b232d2f491_5.bin,evaluation,0.8,0.55
ROBJ-000408,pricing_requirement,Unit Price Extended Price 1 NPSC Physician Services - Base 520 hrs. Section 6 Contractor Qualification Requirements | Section 6 |,unknown,REQ-000713,d4b0cdaa6b81462db03813b232d2f491,NPSC Physician Services at the NNMC,d4b0cdaa6b81462db03813b232d2f491_5.bin,evaluation,0.8,0.65
ROBJ-000409,evaluation_factor,"evaluation factors""], ""proposal_instructions"": Section 6 Contractor Qualification Requirements | Section 6 | section 19.105 | Part 12. Thi",unknown,REQ-000718,d4b0cdaa6b81462db03813b232d2f491,NPSC Physician Services at the NNMC,d4b0cdaa6b81462db03813b232d2f491_5.bin,evaluation,0.8,0.65
ROBJ-000410,pricing_requirement,"unit price"", ""total price"", ""clin"", ""pricing""], ""past_performance"": Section 6 Contractor Qualification Requirements | Section 6 |",unknown,REQ-000721,d4b0cdaa6b81462db03813b232d2f491,NPSC Physician Services at the NNMC,d4b0cdaa6b81462db03813b232d2f491_5.bin,evaluation,0.75,0.65
ROBJ-000411,pricing_requirement,"clin"", ""pricing""], ""past_performance"": Section 6 Contractor Qualification Requirements | Section 6 | section 19.105 | Part 1",unknown,REQ-000721,d4b0cdaa6b81462db03813b232d2f491,NPSC Physician Services at the NNMC,d4b0cdaa6b81462db03813b232d2f491_5.bin,evaluation,0.75,0.65
ROBJ-000412,evaluation_factor,past performance,unknown,REQ-000723,d4b0cdaa6b81462db03813b232d2f491,NPSC Physician Services at the NNMC,d4b0cdaa6b81462db03813b232d2f491_5.bin,evaluation,0.75,0.55
ROBJ-000413,experience_requirement,"past performance""], ""staffing"": Section 6 Contractor Qualification Requirements | Section 6 | section 19.105 | Part 12. This announcemen",unknown,REQ-000723,d4b0cdaa6b81462db03813b232d2f491,NPSC Physician Services at the NNMC,d4b0cdaa6b81462db03813b232d2f491_5.bin,evaluation,0.75,0.65
ROBJ-000414,staffing_requirement,"key personnel"", ""resume"", ""qualifications""], ""certifications"": Section 6 Contractor Qualification Requirements | Section 6 | section",unknown,REQ-000726,d4b0cdaa6b81462db03813b232d2f491,NPSC Physician Services at the NNMC,d4b0cdaa6b81462db03813b232d2f491_5.bin,certification,0.65,0.65
ROBJ-000415,staffing_requirement,"resume"", ""qualifications""], ""certifications"": Section 6 Contractor Qualification Requirements | Section 6 | section 19.105 | P",unknown,REQ-000726,d4b0cdaa6b81462db03813b232d2f491,NPSC Physician Services at the NNMC,d4b0cdaa6b81462db03813b232d2f491_5.bin,certification,0.65,0.65
ROBJ-000416,staffing_requirement,"qualifications""], ""certifications"": Section 6 Contractor Qualification Requirements | Section 6 | section 19.105 | Part 12. This annou",unknown,REQ-000726,d4b0cdaa6b81462db03813b232d2f491,NPSC Physician Services at the NNMC,d4b0cdaa6b81462db03813b232d2f491_5.bin,certification,0.65,0.65
ROBJ-000417,staffing_requirement,Project Manager and/or the POSHO when needed. SECTION I SAFETY REQUIREMENTS FOR CONTRACTORS AND SUBCONTRACTORS This safety Plan details,unknown,REQ-000730,cbb1a9af3c004dc68e36a311cbef0ff9,Preventive Maintenance Services for Anti-Climb Bi-folding Gates,cbb1a9af3c004dc68e36a311cbef0ff9_1.bin,staffing,0.7,0.65
ROBJ-000418,deliverable_requirement,safety Plan details | SECTION II Emergency procedures | section can be written in Spanish. The contractor has to detail the procedu,unknown,REQ-000730,cbb1a9af3c004dc68e36a311cbef0ff9,Preventive Maintenance Services for Anti-Climb Bi-folding Gates,cbb1a9af3c004dc68e36a311cbef0ff9_1.bin,staffing,0.7,0.65
ROBJ-000419,staffing_requirement,"resume""], ""certifications"": SECTION I SAFETY REQUIREMENTS FOR CONTRACTORS AND SUBCONTRACTORS This safety Plan details | SECTIO",unknown,REQ-000733,cbb1a9af3c004dc68e36a311cbef0ff9,Preventive Maintenance Services for Anti-Climb Bi-folding Gates,cbb1a9af3c004dc68e36a311cbef0ff9_1.bin,certification,0.65,0.65
ROBJ-000420,evaluation_factor,price,unknown,REQ-000738,cbb1a9af3c004dc68e36a311cbef0ff9,Preventive Maintenance Services for Anti-Climb Bi-folding Gates,cbb1a9af3c004dc68e36a311cbef0ff9_2.bin,evaluation,0.8,0.55
ROBJ-000421,evaluation_factor,EVALUATION FACTORS  Evaluation Factors  Addendum to Evaluation Factors - FAR and DOSAR Provisions not Prescribed in Part 12 SECTION 5 -,unknown,REQ-000744,cbb1a9af3c004dc68e36a311cbef0ff9,Preventive Maintenance Services for Anti-Climb Bi-folding Gates,cbb1a9af3c004dc68e36a311cbef0ff9_3.bin,certification,0.85,0.65
ROBJ-000422,evaluation_factor,EVALUATION FACTORS | SECTION 5 - REPRESENTATIONS AND CERTIFICATIONS | SECTION 1 - THE SCHEDULE CONTINUATION TO SF-1449 RFQ NUMBER 19MX5326,unknown,REQ-000744,cbb1a9af3c004dc68e36a311cbef0ff9,Preventive Maintenance Services for Anti-Climb Bi-folding Gates,cbb1a9af3c004dc68e36a311cbef0ff9_3.bin,certification,0.85,0.65
ROBJ-000423,evaluation_factor,EVALUATION FACTORS | Part 12 SECTION 5 - REPRESENTATIONS AND CERTIFICATIONS | Part 12 SBU - CONTRACTING AND ACQUISITIONS SECTION 1 - THE S,unknown,REQ-000744,cbb1a9af3c004dc68e36a311cbef0ff9,Preventive Maintenance Services for Anti-Climb Bi-folding Gates,cbb1a9af3c004dc68e36a311cbef0ff9_3.bin,certification,0.85,0.65
ROBJ-000424,evaluation_factor,PRICE,unknown,REQ-000744,cbb1a9af3c004dc68e36a311cbef0ff9,Preventive Maintenance Services for Anti-Climb Bi-folding Gates,cbb1a9af3c004dc68e36a311cbef0ff9_3.bin,certification,0.85,0.55
ROBJ-000425,deliverable_requirement,Safety Plan SECTION 2 - CONTRACT CLAUSES  Contract Clauses  Addendum to Contract Clauses - FAR and DOSAR Clauses not Prescribed i,unknown,REQ-000744,cbb1a9af3c004dc68e36a311cbef0ff9,Preventive Maintenance Services for Anti-Climb Bi-folding Gates,cbb1a9af3c004dc68e36a311cbef0ff9_3.bin,certification,0.85,0.65
ROBJ-000426,pricing_requirement,UNIT PRICE  Attachment A - Statement of Work  Attachment B - Equipment List  Attachment C - Bavak Test Protocol (Specific to Ba,unknown,REQ-000744,cbb1a9af3c004dc68e36a311cbef0ff9,Preventive Maintenance Services for Anti-Climb Bi-folding Gates,cbb1a9af3c004dc68e36a311cbef0ff9_3.bin,certification,0.85,0.65
ROBJ-000427,procurement_form_or_artifact,SF-1449 cover sheet  Block 20 – SCHEDULE OF SUPPLIES/SERVICES  Block 23 – UNIT PRICE  Attachment A - Statement of Work  Att,unknown,REQ-000744,cbb1a9af3c004dc68e36a311cbef0ff9,Preventive Maintenance Services for Anti-Climb Bi-folding Gates,cbb1a9af3c004dc68e36a311cbef0ff9_3.bin,certification,0.85,0.65
ROBJ-000428,procurement_form_or_artifact,SF-1449 RFQ NUMBER 19MX5326Q0043 Block 20 - SCHEDULE OF SUPPLIES/SERVICES 1 DESCRIPTION The U.S. SECTION 1 - THE SCHEDULE | SEC,unknown,REQ-000744,cbb1a9af3c004dc68e36a311cbef0ff9,Preventive Maintenance Services for Anti-Climb Bi-folding Gates,cbb1a9af3c004dc68e36a311cbef0ff9_3.bin,certification,0.85,0.65
ROBJ-000429,procurement_form_or_artifact,SF-1449 RFQ NUMBER 19MX5326Q0043 Block 20 - SCHE | section 6 for security requirements. 2 NOTICE TO PROCEED After Contract awar,unknown,REQ-000744,cbb1a9af3c004dc68e36a311cbef0ff9,Preventive Maintenance Services for Anti-Climb Bi-folding Gates,cbb1a9af3c004dc68e36a311cbef0ff9_3.bin,certification,0.85,0.65
ROBJ-000430,procurement_form_or_artifact,SF-1449 RFQ NUMBER 19MX5326Q0043 Block 23 | SECTION 2 - CONTRACT CLAUSES 52.212-4 Terms and Conditions | Part 12 SECTION 3 - SO,unknown,REQ-000744,cbb1a9af3c004dc68e36a311cbef0ff9,Preventive Maintenance Services for Anti-Climb Bi-folding Gates,cbb1a9af3c004dc68e36a311cbef0ff9_3.bin,certification,0.85,0.65
ROBJ-000431,evaluation_factor,EVALUATION FACTORS SECTION 1 - THE SCHEDULE | SECTION 2 - CONTRACT CLAUSES | SECTION 3 - SOLICITATION PROVISIONS | SECTION 4 - EVALUATION,unknown,REQ-000748,cbb1a9af3c004dc68e36a311cbef0ff9,Preventive Maintenance Services for Anti-Climb Bi-folding Gates,cbb1a9af3c004dc68e36a311cbef0ff9_3.bin,evaluation,0.8,0.65
ROBJ-000432,evaluation_factor,"evaluation factors""], ""pricing_schedule"": SECTION 1 - THE SCHEDULE | SECTION 2 - CONTRACT CLAUSES | SECTION 3 - SOLICITATION PROVISIONS |",unknown,REQ-000753,cbb1a9af3c004dc68e36a311cbef0ff9,Preventive Maintenance Services for Anti-Climb Bi-folding Gates,cbb1a9af3c004dc68e36a311cbef0ff9_3.bin,evaluation,0.8,0.65
ROBJ-000433,pricing_requirement,"firm fixed price""], ""staffing"": SECTION 1 - THE SCHEDULE | SECTION 2 - CONTRACT CLAUSES | SECTION 3 - SOLICITATION PROVISIONS | SECTION",unknown,REQ-000755,cbb1a9af3c004dc68e36a311cbef0ff9,Preventive Maintenance Services for Anti-Climb Bi-folding Gates,cbb1a9af3c004dc68e36a311cbef0ff9_3.bin,evaluation,0.8,0.65
ROBJ-000434,pricing_requirement,"unit price"", ""total price"", ""clin"", ""pricing"", ""firm fixed price""], ""staffing"": SECTION 1 - THE SCHEDULE | SECTION 2 - CONTRACT CL",unknown,REQ-000755,cbb1a9af3c004dc68e36a311cbef0ff9,Preventive Maintenance Services for Anti-Climb Bi-folding Gates,cbb1a9af3c004dc68e36a311cbef0ff9_3.bin,evaluation,0.8,0.65
ROBJ-000435,pricing_requirement,"clin"", ""pricing"", ""firm fixed price""], ""staffing"": SECTION 1 - THE SCHEDULE | SECTION 2 - CONTRACT CLAUSES | SECTION 3 - SOL",unknown,REQ-000755,cbb1a9af3c004dc68e36a311cbef0ff9,Preventive Maintenance Services for Anti-Climb Bi-folding Gates,cbb1a9af3c004dc68e36a311cbef0ff9_3.bin,evaluation,0.8,0.65
ROBJ-000436,staffing_requirement,"resume"", ""labor category"", ""qualifications""], ""certifications"": SECTION 1 - THE SCHEDULE | SECTION 2 - CONTRACT CLAUSES | SECT",unknown,REQ-000758,cbb1a9af3c004dc68e36a311cbef0ff9,Preventive Maintenance Services for Anti-Climb Bi-folding Gates,cbb1a9af3c004dc68e36a311cbef0ff9_3.bin,certification,0.65,0.65
ROBJ-000437,staffing_requirement,"qualifications""], ""certifications"": SECTION 1 - THE SCHEDULE | SECTION 2 - CONTRACT CLAUSES | SECTION 3 - SOLICITATION PROVISIONS | SE",unknown,REQ-000758,cbb1a9af3c004dc68e36a311cbef0ff9,Preventive Maintenance Services for Anti-Climb Bi-folding Gates,cbb1a9af3c004dc68e36a311cbef0ff9_3.bin,certification,0.65,0.65
ROBJ-000438,clearance_requirement,"secret"", ""classified"", ""cui""], ""justification"": SECTION 1 - THE SCHEDULE | SECTION 2 -",unknown,REQ-000761,cbb1a9af3c004dc68e36a311cbef0ff9,Preventive Maintenance Services for Anti-Climb Bi-folding Gates,cbb1a9af3c004dc68e36a311cbef0ff9_3.bin,security,0.65,0.75
ROBJ-000439,clearance_requirement,"cui""], ""justification"": SECTION 1 - THE SCHEDULE | SECTION 2 - CONTRACT CLAUSES | S",unknown,REQ-000761,cbb1a9af3c004dc68e36a311cbef0ff9,Preventive Maintenance Services for Anti-Climb Bi-folding Gates,cbb1a9af3c004dc68e36a311cbef0ff9_3.bin,security,0.65,0.75
ROBJ-000440,procurement_form_or_artifact,"drawings"": SECTION 1 - THE SCHEDULE | SECTION 2 - CONTRACT CLAUSES | SECTION 3 - SOLICITATION PROVISIONS | SECTION 4 - EVALUATI",unknown,REQ-000762,cbb1a9af3c004dc68e36a311cbef0ff9,Preventive Maintenance Services for Anti-Climb Bi-folding Gates,cbb1a9af3c004dc68e36a311cbef0ff9_3.bin,certification,0.7,0.65
ROBJ-000441,evaluation_factor,price,unknown,REQ-000766,cbb1a9af3c004dc68e36a311cbef0ff9,Preventive Maintenance Services for Anti-Climb Bi-folding Gates,cbb1a9af3c004dc68e36a311cbef0ff9_4.bin,certification,0.75,0.55
ROBJ-000442,pricing_requirement,"unit price""], ""certifications"":",unknown,REQ-000766,cbb1a9af3c004dc68e36a311cbef0ff9,Preventive Maintenance Services for Anti-Climb Bi-folding Gates,cbb1a9af3c004dc68e36a311cbef0ff9_4.bin,certification,0.75,0.55
ROBJ-000443,evaluation_factor,Price,unknown,REQ-000770,cbb1a9af3c004dc68e36a311cbef0ff9,Preventive Maintenance Services for Anti-Climb Bi-folding Gates,cbb1a9af3c004dc68e36a311cbef0ff9_5.bin,certification,0.85,0.55
ROBJ-000444,pricing_requirement,"Unit Price (Section 1, pages 13-15) showing: Section 3 of the solicitation document on or before 12 | Section 1.4 | Section 5 - Re",unknown,REQ-000770,cbb1a9af3c004dc68e36a311cbef0ff9,Preventive Maintenance Services for Anti-Climb Bi-folding Gates,cbb1a9af3c004dc68e36a311cbef0ff9_5.bin,certification,0.85,0.65
ROBJ-000445,procurement_form_or_artifact,"SF-1449 cover sheet (Blocks 17a, 18a, 19, 20, and 23)  Completed Attachment E, F, or G – Payment Registration Form (as applica",unknown,REQ-000770,cbb1a9af3c004dc68e36a311cbef0ff9,Preventive Maintenance Services for Anti-Climb Bi-folding Gates,cbb1a9af3c004dc68e36a311cbef0ff9_5.bin,certification,0.85,0.65
ROBJ-000446,pricing_requirement,CLINs 001-002) o Option Year 1 pricing (CLINs 101-102) II o Option Year 2 pricing (CLINs 201-202) o Repair labor rates (Secti,unknown,REQ-000773,cbb1a9af3c004dc68e36a311cbef0ff9,Preventive Maintenance Services for Anti-Climb Bi-folding Gates,cbb1a9af3c004dc68e36a311cbef0ff9_5.bin,pricing,0.7,0.65
ROBJ-000447,pricing_requirement,"unit price"", ""clin"", ""pricing""], ""certifications"": Section 3 of the solicitation document on or before 12 | Section 1.4 | Section",unknown,REQ-000777,cbb1a9af3c004dc68e36a311cbef0ff9,Preventive Maintenance Services for Anti-Climb Bi-folding Gates,cbb1a9af3c004dc68e36a311cbef0ff9_5.bin,certification,0.75,0.65
ROBJ-000448,pricing_requirement,"clin"", ""pricing""], ""certifications"": Section 3 of the solicitation document on or before 12 | Section 1.4 | Section 5 - Repr",unknown,REQ-000777,cbb1a9af3c004dc68e36a311cbef0ff9,Preventive Maintenance Services for Anti-Climb Bi-folding Gates,cbb1a9af3c004dc68e36a311cbef0ff9_5.bin,certification,0.75,0.65
ROBJ-000449,procurement_form_or_artifact,AMENDMENT OF SOLICITATION/MODIFICATION OF CONTRACT 1 2 2. section headings | Section 3.3.2.2 Submission Date and Address The submission deadline,unknown,REQ-000782,cbb1a9af3c004dc68e36a311cbef0ff9,Preventive Maintenance Services for Anti-Climb Bi-folding Gates,cbb1a9af3c004dc68e36a311cbef0ff9_6.bin,amendment,0.7,0.65
ROBJ-000450,procurement_form_or_artifact,AMENDMENT OF SOLICITATION NUMBER AMERICAN EMBASSY MEXICO 19MX5326Q0043 PASEO DE LA REFORMA 305 ATTN: section headings | Section 3.3.2.2 Submissio,unknown,REQ-000785,cbb1a9af3c004dc68e36a311cbef0ff9,Preventive Maintenance Services for Anti-Climb Bi-folding Gates,cbb1a9af3c004dc68e36a311cbef0ff9_6.bin,amendment,0.7,0.65
ROBJ-000451,procurement_form_or_artifact,"amendment of solicitation"", ""modification of contract""], ""forms"": section headings | Section 3.3.2.2 Submission Date and Address The submission d",unknown,REQ-000792,cbb1a9af3c004dc68e36a311cbef0ff9,Preventive Maintenance Services for Anti-Climb Bi-folding Gates,cbb1a9af3c004dc68e36a311cbef0ff9_6.bin,amendment,0.65,0.65
ROBJ-000452,procurement_form_or_artifact,"drawings"". Section 1 | Section 9C refers to a 40 | Section 1 states we are to purchase two covers measuring 20 | Section C list",unknown,REQ-000795,cb68614c729145b3835e8326258f5ea2,Shade Structure Canopy,cb68614c729145b3835e8326258f5ea2_1.bin,past_performance,0.7,0.65
ROBJ-000453,procurement_form_or_artifact,"drawings"": Section 1 | Section 9C refers to a 40 | Section 1 states we are to purchase two covers measuring 20 | Section C list",unknown,REQ-000798,cb68614c729145b3835e8326258f5ea2,Shade Structure Canopy,cb68614c729145b3835e8326258f5ea2_1.bin,past_performance,0.65,0.65
ROBJ-000454,evaluation_factor,Price,unknown,REQ-000800,cb68614c729145b3835e8326258f5ea2,Shade Structure Canopy,cb68614c729145b3835e8326258f5ea2_3.bin,evaluation,0.75,0.55
ROBJ-000455,evaluation_factor,best value,unknown,REQ-000801,cb68614c729145b3835e8326258f5ea2,Shade Structure Canopy,cb68614c729145b3835e8326258f5ea2_3.bin,security,0.8,0.55
ROBJ-000456,pricing_requirement,"unit price"", ""pricing""], ""certifications"": Section 889 | section if the Offeror responds | Section 2 of the Sudan Accountability a",unknown,REQ-000806,cb68614c729145b3835e8326258f5ea2,Shade Structure Canopy,cb68614c729145b3835e8326258f5ea2_3.bin,certification,0.75,0.65
ROBJ-000457,clearance_requirement,"secret"", ""classified""], ""q_and_a"": Section 889 | section if the Offeror responds | Sec",unknown,REQ-000810,cb68614c729145b3835e8326258f5ea2,Shade Structure Canopy,cb68614c729145b3835e8326258f5ea2_3.bin,security,0.65,0.75
ROBJ-000458,evaluation_factor,price,unknown,REQ-000817,c502adb5aeb8463f88d90c9be98eed6e,N--George Washington Birthplace National Monument- RE,c502adb5aeb8463f88d90c9be98eed6e_1.bin,evaluation,0.8,0.55
ROBJ-000459,pricing_requirement,"unit price"", ""total price"", ""clin"", ""price schedule"", ""pricing""], ""past_performance"": SECTION 01 00 00 - GENERAL REQUIREMENTS PART",unknown,REQ-000817,c502adb5aeb8463f88d90c9be98eed6e,N--George Washington Birthplace National Monument- RE,c502adb5aeb8463f88d90c9be98eed6e_1.bin,evaluation,0.8,0.65
ROBJ-000460,pricing_requirement,"clin"", ""price schedule"", ""pricing""], ""past_performance"": SECTION 01 00 00 - GENERAL REQUIREMENTS PART 1 - GENERAL 1.1 INTENT",unknown,REQ-000817,c502adb5aeb8463f88d90c9be98eed6e,N--George Washington Birthplace National Monument- RE,c502adb5aeb8463f88d90c9be98eed6e_1.bin,evaluation,0.8,0.65
ROBJ-000461,staffing_requirement,"key personnel"", ""resume"", ""labor category"", ""qualifications""], ""certifications"": SECTION 01 00 00 - GENERAL REQUIREMENTS PART 1 - GEN",unknown,REQ-000821,c502adb5aeb8463f88d90c9be98eed6e,N--George Washington Birthplace National Monument- RE,c502adb5aeb8463f88d90c9be98eed6e_1.bin,certification,0.7,0.65
ROBJ-000462,staffing_requirement,"resume"", ""labor category"", ""qualifications""], ""certifications"": SECTION 01 00 00 - GENERAL REQUIREMENTS PART 1 - GENERAL 1.1 I",unknown,REQ-000821,c502adb5aeb8463f88d90c9be98eed6e,N--George Washington Birthplace National Monument- RE,c502adb5aeb8463f88d90c9be98eed6e_1.bin,certification,0.7,0.65
ROBJ-000463,staffing_requirement,"qualifications""], ""certifications"": SECTION 01 00 00 - GENERAL REQUIREMENTS PART 1 - GENERAL 1.1 INTENT AND ARRANGEMENT OF DO | SECTIO",unknown,REQ-000821,c502adb5aeb8463f88d90c9be98eed6e,N--George Washington Birthplace National Monument- RE,c502adb5aeb8463f88d90c9be98eed6e_1.bin,certification,0.7,0.65
ROBJ-000464,clearance_requirement,"cui""], ""forms"": SECTION 01 00 00 - GENERAL REQUIREMENTS PART 1 - GENERAL 1.1 INTENT",unknown,REQ-000824,c502adb5aeb8463f88d90c9be98eed6e,N--George Washington Birthplace National Monument- RE,c502adb5aeb8463f88d90c9be98eed6e_1.bin,security,0.65,0.75
ROBJ-000465,evaluation_factor,Past Performance,unknown,REQ-000825,c502adb5aeb8463f88d90c9be98eed6e,N--George Washington Birthplace National Monument- RE,c502adb5aeb8463f88d90c9be98eed6e_2.bin,evaluation,0.8,0.55
ROBJ-000466,experience_requirement,Past Performance Questionnaire (PPQ) Notice to Contractor Information provided in this questionnaire is intended for use as source selec,yes,REQ-000825,c502adb5aeb8463f88d90c9be98eed6e,N--George Washington Birthplace National Monument- RE,c502adb5aeb8463f88d90c9be98eed6e_2.bin,evaluation,0.8,0.8
ROBJ-000467,procurement_form_or_artifact,AMENDMENT OF SOLICITATION/MODIFICATION OF CONTRACT 1 2 2. section headings | Attachment 7 - RFIs 1-48.,unknown,REQ-000827,c502adb5aeb8463f88d90c9be98eed6e,N--George Washington Birthplace National Monument- RE,c502adb5aeb8463f88d90c9be98eed6e_3.bin,amendment,0.7,0.65
ROBJ-000468,procurement_form_or_artifact,Attachment 7 - RFIs 1-48.,unknown,REQ-000827,c502adb5aeb8463f88d90c9be98eed6e,N--George Washington Birthplace National Monument- RE,c502adb5aeb8463f88d90c9be98eed6e_3.bin,amendment,0.7,0.55
ROBJ-000469,procurement_form_or_artifact,AMENDMENT OF SOLICITATION NUMBER (X) 140P4326R0013 9B. section headings | Attachment 7 - RFIs 1-48.,unknown,REQ-000830,c502adb5aeb8463f88d90c9be98eed6e,N--George Washington Birthplace National Monument- RE,c502adb5aeb8463f88d90c9be98eed6e_3.bin,amendment,0.65,0.65
ROBJ-000470,evaluation_factor,price,unknown,REQ-000836,c502adb5aeb8463f88d90c9be98eed6e,N--George Washington Birthplace National Monument- RE,c502adb5aeb8463f88d90c9be98eed6e_3.bin,certification,0.75,0.55
ROBJ-000471,pricing_requirement,"unit price""], ""certifications"": section headings | Attachment 7 - RFIs 1-48.",unknown,REQ-000836,c502adb5aeb8463f88d90c9be98eed6e,N--George Washington Birthplace National Monument- RE,c502adb5aeb8463f88d90c9be98eed6e_3.bin,certification,0.75,0.65
ROBJ-000472,procurement_form_or_artifact,"amendment of solicitation"", ""modification of contract""], ""forms"": section headings | Attachment 7 - RFIs 1-48.",unknown,REQ-000839,c502adb5aeb8463f88d90c9be98eed6e,N--George Washington Birthplace National Monument- RE,c502adb5aeb8463f88d90c9be98eed6e_3.bin,amendment,0.65,0.65
ROBJ-000473,procurement_form_or_artifact,Drawings and are provided with final solicitation documents. section on the reverse must be fully completed by offeror. 4. CONT,yes,REQ-000841,c502adb5aeb8463f88d90c9be98eed6e,N--George Washington Birthplace National Monument- RE,c502adb5aeb8463f88d90c9be98eed6e_6.bin,technical,0.7,0.8
ROBJ-000474,evaluation_factor,price,unknown,REQ-000844,c502adb5aeb8463f88d90c9be98eed6e,N--George Washington Birthplace National Monument- RE,c502adb5aeb8463f88d90c9be98eed6e_6.bin,evaluation,0.8,0.55
ROBJ-000475,pricing_requirement,"firm fixed price""], ""past_performance"": section on the reverse must be fully completed by offeror. 4. CONTRACT NO. 5. REQUISITION | Sect",yes,REQ-000844,c502adb5aeb8463f88d90c9be98eed6e,N--George Washington Birthplace National Monument- RE,c502adb5aeb8463f88d90c9be98eed6e_6.bin,evaluation,0.8,0.8
ROBJ-000476,pricing_requirement,"unit price"", ""total price"", ""clin"", ""price schedule"", ""pricing"", ""firm fixed price""], ""past_performance"": section on the reverse m",unknown,REQ-000844,c502adb5aeb8463f88d90c9be98eed6e,N--George Washington Birthplace National Monument- RE,c502adb5aeb8463f88d90c9be98eed6e_6.bin,evaluation,0.8,0.65
ROBJ-000477,pricing_requirement,"clin"", ""price schedule"", ""pricing"", ""firm fixed price""], ""past_performance"": section on the reverse must be fully completed",yes,REQ-000844,c502adb5aeb8463f88d90c9be98eed6e,N--George Washington Birthplace National Monument- RE,c502adb5aeb8463f88d90c9be98eed6e_6.bin,evaluation,0.8,0.8
ROBJ-000478,evaluation_factor,past performance,unknown,REQ-000846,c502adb5aeb8463f88d90c9be98eed6e,N--George Washington Birthplace National Monument- RE,c502adb5aeb8463f88d90c9be98eed6e_6.bin,evaluation,0.75,0.55
ROBJ-000479,experience_requirement,"past performance""], ""staffing"": section on the reverse must be fully completed by offeror. 4. CONTRACT NO. 5. REQUISITION | Section H aw",yes,REQ-000846,c502adb5aeb8463f88d90c9be98eed6e,N--George Washington Birthplace National Monument- RE,c502adb5aeb8463f88d90c9be98eed6e_6.bin,evaluation,0.75,0.8
ROBJ-000480,staffing_requirement,"key personnel"", ""resume"", ""labor category"", ""qualifications""], ""certifications"": section on the reverse must be fully completed by of",yes,REQ-000849,c502adb5aeb8463f88d90c9be98eed6e,N--George Washington Birthplace National Monument- RE,c502adb5aeb8463f88d90c9be98eed6e_6.bin,certification,0.7,0.8
ROBJ-000481,staffing_requirement,"resume"", ""labor category"", ""qualifications""], ""certifications"": section on the reverse must be fully completed by offeror. 4.",yes,REQ-000849,c502adb5aeb8463f88d90c9be98eed6e,N--George Washington Birthplace National Monument- RE,c502adb5aeb8463f88d90c9be98eed6e_6.bin,certification,0.7,0.8
ROBJ-000482,staffing_requirement,"qualifications""], ""certifications"": section on the reverse must be fully completed by offeror. 4. CONTRACT NO. 5. REQUISITION | Sectio",yes,REQ-000849,c502adb5aeb8463f88d90c9be98eed6e,N--George Washington Birthplace National Monument- RE,c502adb5aeb8463f88d90c9be98eed6e_6.bin,certification,0.7,0.8
ROBJ-000483,clearance_requirement,"secret"", ""classified""], ""justification"": section on the reverse must be fully complete",yes,REQ-000852,c502adb5aeb8463f88d90c9be98eed6e,N--George Washington Birthplace National Monument- RE,c502adb5aeb8463f88d90c9be98eed6e_6.bin,security,0.65,0.9
ROBJ-000484,procurement_form_or_artifact,"drawings"": section on the reverse must be fully completed by offeror. 4. CONTRACT NO. 5. REQUISITION | Section H award | SECTIO",yes,REQ-000853,c502adb5aeb8463f88d90c9be98eed6e,N--George Washington Birthplace National Monument- RE,c502adb5aeb8463f88d90c9be98eed6e_6.bin,certification,0.7,0.8
ROBJ-000485,clearance_requirement,CUIT AMPS 2. SECTION WITH THAT OF OTHER SECTIONS. DUCT UP DUCT UP ADJ ADJUSTABLE MU,unknown,REQ-000855,c502adb5aeb8463f88d90c9be98eed6e,N--George Washington Birthplace National Monument- RE,c502adb5aeb8463f88d90c9be98eed6e_9.bin,security,0.7,0.75
ROBJ-000486,evaluation_factor,Price,unknown,REQ-000858,b80dc335dcbb4f6abbff52eb54415e9a,EcoStruxure Panel Server Advanced (EnerlinX Series),b80dc335dcbb4f6abbff52eb54415e9a_1.bin,evaluation,0.8,0.55
ROBJ-000487,pricing_requirement,Firm Fixed Price proposal/quote for the following items listed below.,unknown,REQ-000858,b80dc335dcbb4f6abbff52eb54415e9a,EcoStruxure Panel Server Advanced (EnerlinX Series),b80dc335dcbb4f6abbff52eb54415e9a_1.bin,evaluation,0.8,0.65
ROBJ-000488,pricing_requirement,Firm Fixed Price Small Business Set-Aside:,unknown,REQ-000861,b80dc335dcbb4f6abbff52eb54415e9a,EcoStruxure Panel Server Advanced (EnerlinX Series),b80dc335dcbb4f6abbff52eb54415e9a_1.bin,evaluation,0.75,0.65
ROBJ-000489,pricing_requirement,firm fixed price quote with your proposed delivery schedule.,unknown,REQ-000863,b80dc335dcbb4f6abbff52eb54415e9a,EcoStruxure Panel Server Advanced (EnerlinX Series),b80dc335dcbb4f6abbff52eb54415e9a_1.bin,evaluation,0.75,0.65
ROBJ-000490,pricing_requirement,price quote with your proposed delivery schedule.,unknown,REQ-000863,b80dc335dcbb4f6abbff52eb54415e9a,EcoStruxure Panel Server Advanced (EnerlinX Series),b80dc335dcbb4f6abbff52eb54415e9a_1.bin,evaluation,0.75,0.65
ROBJ-000491,pricing_requirement,"firm fixed price""], ""certifications"":",unknown,REQ-000867,b80dc335dcbb4f6abbff52eb54415e9a,EcoStruxure Panel Server Advanced (EnerlinX Series),b80dc335dcbb4f6abbff52eb54415e9a_1.bin,certification,0.75,0.55
ROBJ-000492,evaluation_factor,Price,unknown,REQ-000870,b80dc335dcbb4f6abbff52eb54415e9a,EcoStruxure Panel Server Advanced (EnerlinX Series),b80dc335dcbb4f6abbff52eb54415e9a_2.bin,evaluation,0.8,0.55
ROBJ-000493,pricing_requirement,Unit Price Total Price Lead Time Country of Origin 1EcoStruxure Panel Server Advanced (EnerlinX Series) or domestic equivalent PAS,unknown,REQ-000870,b80dc335dcbb4f6abbff52eb54415e9a,EcoStruxure Panel Server Advanced (EnerlinX Series),b80dc335dcbb4f6abbff52eb54415e9a_2.bin,evaluation,0.8,0.65
ROBJ-000494,pricing_requirement,"unit price"", ""total price""]}",unknown,REQ-000872,b80dc335dcbb4f6abbff52eb54415e9a,EcoStruxure Panel Server Advanced (EnerlinX Series),b80dc335dcbb4f6abbff52eb54415e9a_2.bin,evaluation,0.75,0.55
ROBJ-000495,evaluation_factor,price,unknown,REQ-000882,b80dc335dcbb4f6abbff52eb54415e9a,EcoStruxure Panel Server Advanced (EnerlinX Series),b80dc335dcbb4f6abbff52eb54415e9a_4.bin,certification,0.75,0.55
ROBJ-000496,pricing_requirement,"unit price"", ""pricing""], ""certifications"": SECTION 3161 OF THE NATIONAL DEFENSE AUTHORIZATION ACT FOR FISCAL YEAR 1993",unknown,REQ-000882,b80dc335dcbb4f6abbff52eb54415e9a,EcoStruxure Panel Server Advanced (EnerlinX Series),b80dc335dcbb4f6abbff52eb54415e9a_4.bin,certification,0.75,0.65
ROBJ-000497,clearance_requirement,"secret"", ""classified""]} SECTION 3161 OF THE NATIONAL DEFENSE AUTHORIZATION ACT FOR FIS",unknown,REQ-000886,b80dc335dcbb4f6abbff52eb54415e9a,EcoStruxure Panel Server Advanced (EnerlinX Series),b80dc335dcbb4f6abbff52eb54415e9a_4.bin,security,0.65,0.75
ROBJ-000498,evaluation_factor,Price,unknown,REQ-000887,b80dc335dcbb4f6abbff52eb54415e9a,EcoStruxure Panel Server Advanced (EnerlinX Series),b80dc335dcbb4f6abbff52eb54415e9a_5.bin,evaluation,0.8,0.55
ROBJ-000499,procurement_form_or_artifact,Exhibit is incorporated by reference,unknown,REQ-000887,b80dc335dcbb4f6abbff52eb54415e9a,EcoStruxure Panel Server Advanced (EnerlinX Series),b80dc335dcbb4f6abbff52eb54415e9a_5.bin,evaluation,0.8,0.55
ROBJ-000500,staffing_requirement,"key personnel""], ""certifications"": section of our website https | Part 14 Changes. 12. PUBLIC RELEASE OF INFORMATION Company does not",unknown,REQ-000890,b80dc335dcbb4f6abbff52eb54415e9a,EcoStruxure Panel Server Advanced (EnerlinX Series),b80dc335dcbb4f6abbff52eb54415e9a_5.bin,certification,0.65,0.65
ROBJ-000501,clearance_requirement,"secret"", ""classified""]} section of our website https | Part 14 Changes. 12. PUBLIC REL",unknown,REQ-000893,b80dc335dcbb4f6abbff52eb54415e9a,EcoStruxure Panel Server Advanced (EnerlinX Series),b80dc335dcbb4f6abbff52eb54415e9a_5.bin,security,0.65,0.75
ROBJ-000502,procurement_form_or_artifact,Exhibit Line-Item Number,unknown,REQ-000894,b1c5dab7c7e14227b62fa4e78e478d2a,Repair BEQ HP135,b1c5dab7c7e14227b62fa4e78e478d2a_1.bin,pricing,0.65,0.55
ROBJ-000503,evaluation_factor,"basis for award""], ""pricing_schedule"": Part 1.8 and 29 CFR Part 7 | Exhibit Line-Item Number",unknown,REQ-000895,b1c5dab7c7e14227b62fa4e78e478d2a,Repair BEQ HP135,b1c5dab7c7e14227b62fa4e78e478d2a_1.bin,evaluation,0.8,0.75
ROBJ-000504,evaluation_factor,price,unknown,REQ-000897,b1c5dab7c7e14227b62fa4e78e478d2a,Repair BEQ HP135,b1c5dab7c7e14227b62fa4e78e478d2a_1.bin,certification,0.75,0.55
ROBJ-000505,pricing_requirement,"unit price"", ""pricing""], ""certifications"": Part 1.8 and 29 CFR Part 7 | Exhibit Line-Item Number",unknown,REQ-000897,b1c5dab7c7e14227b62fa4e78e478d2a,Repair BEQ HP135,b1c5dab7c7e14227b62fa4e78e478d2a_1.bin,certification,0.75,0.65
ROBJ-000506,procurement_form_or_artifact,"drawings"": Section Thicknesses ............................................................. 19 8.5 | section heading. The PDF",unknown,REQ-000904,b1c5dab7c7e14227b62fa4e78e478d2a,Repair BEQ HP135,b1c5dab7c7e14227b62fa4e78e478d2a_2.bin,security,0.65,0.65
ROBJ-000507,pricing_requirement,"clin"", ""pricing""], ""security"": SECTION TO RECEIVE THE REPAIR 3. REPAIR CRACKS WITH AN APPROVED STRUCTURAL CONCRETE CRACK | S",unknown,REQ-000913,b1c5dab7c7e14227b62fa4e78e478d2a,Repair BEQ HP135,b1c5dab7c7e14227b62fa4e78e478d2a_6.bin,pricing,0.65,0.65
ROBJ-000508,procurement_form_or_artifact,DWGLIST - SI Template Page 1 Repairs BEQ HP135 Project No. | SECTION A-201 EXTERIOR ELEVATIONS - CONSTRUCTION A-301 BUILDING SE,unknown,REQ-000914,b1c5dab7c7e14227b62fa4e78e478d2a,Repair BEQ HP135,b1c5dab7c7e14227b62fa4e78e478d2a_8.bin,technical,0.65,0.65
ROBJ-000509,procurement_form_or_artifact,DWGLIST - SI Template Page 2 Repairs BEQ HP135 Project No. | SECTION DWGLIST - SI Template Page 3 Repairs BEQ HP135 Project No.,unknown,REQ-000914,b1c5dab7c7e14227b62fa4e78e478d2a,Repair BEQ HP135,b1c5dab7c7e14227b62fa4e78e478d2a_8.bin,technical,0.65,0.65
ROBJ-000510,procurement_form_or_artifact,DWGLIST - SI Template Page 4 Repairs BEQ HP135 Project No. | SECTION DWGLIST - SI Template Page 5 Repairs BEQ HP135 Project No.,unknown,REQ-000914,b1c5dab7c7e14227b62fa4e78e478d2a,Repair BEQ HP135,b1c5dab7c7e14227b62fa4e78e478d2a_8.bin,technical,0.65,0.65
ROBJ-000511,procurement_form_or_artifact,DWGLIST - SI Template Page 6 Repairs BEQ HP135 Project No. | SECTION 01 11 00 SUMMARY OF WORK 08 | SECTION 01 11 00 Page 1 Repa,unknown,REQ-000914,b1c5dab7c7e14227b62fa4e78e478d2a,Repair BEQ HP135,b1c5dab7c7e14227b62fa4e78e478d2a_8.bin,technical,0.65,0.65
ROBJ-000512,evaluation_factor,PRICE,unknown,REQ-000917,b1c5dab7c7e14227b62fa4e78e478d2a,Repair BEQ HP135,b1c5dab7c7e14227b62fa4e78e478d2a_8.bin,certification,0.8,0.55
ROBJ-000513,pricing_requirement,"unit price""], ""past_performance"": SECTION COVER Page 1 THIS PAGE INTENTIONALLY LEFT BLANK SECTION COVER Page 2 Repairs BEQ | SECTI",unknown,REQ-000922,b1c5dab7c7e14227b62fa4e78e478d2a,Repair BEQ HP135,b1c5dab7c7e14227b62fa4e78e478d2a_8.bin,evaluation,0.75,0.65
ROBJ-000514,staffing_requirement,"key personnel"", ""qualifications""], ""certifications"": SECTION COVER Page 1 THIS PAGE INTENTIONALLY LEFT BLANK SECTION COVER Page 2 Rep",unknown,REQ-000926,b1c5dab7c7e14227b62fa4e78e478d2a,Repair BEQ HP135,b1c5dab7c7e14227b62fa4e78e478d2a_8.bin,certification,0.65,0.65
ROBJ-000515,staffing_requirement,"qualifications""], ""certifications"": SECTION COVER Page 1 THIS PAGE INTENTIONALLY LEFT BLANK SECTION COVER Page 2 Repairs BEQ | SECTION",unknown,REQ-000926,b1c5dab7c7e14227b62fa4e78e478d2a,Repair BEQ HP135,b1c5dab7c7e14227b62fa4e78e478d2a_8.bin,certification,0.65,0.65
ROBJ-000516,clearance_requirement,"secret"", ""classified"", ""cui"", ""background check""], ""justification"": SECTION COVER Page",unknown,REQ-000929,b1c5dab7c7e14227b62fa4e78e478d2a,Repair BEQ HP135,b1c5dab7c7e14227b62fa4e78e478d2a_8.bin,security,0.65,0.75
ROBJ-000517,clearance_requirement,"cui"", ""background check""], ""justification"": SECTION COVER Page 1 THIS PAGE INTENTIO",unknown,REQ-000929,b1c5dab7c7e14227b62fa4e78e478d2a,Repair BEQ HP135,b1c5dab7c7e14227b62fa4e78e478d2a_8.bin,security,0.65,0.75
ROBJ-000518,staffing_requirement,Project Manager Associate Environmental Principal bdawson@ecslimited.com jclark@ecslimited.com 910-686-9114 404-640-9257 6714 Netherlan,unknown,REQ-000930,b1c5dab7c7e14227b62fa4e78e478d2a,Repair BEQ HP135,b1c5dab7c7e14227b62fa4e78e478d2a_9.bin,staffing,0.7,0.65
ROBJ-000519,staffing_requirement,"resume""], ""certifications"": Section 1 | Section 4.1 for a complete list of building materials reported positive for asbestos a",unknown,REQ-000934,b1c5dab7c7e14227b62fa4e78e478d2a,Repair BEQ HP135,b1c5dab7c7e14227b62fa4e78e478d2a_9.bin,certification,0.65,0.65
ROBJ-000520,evaluation_factor,Price,unknown,REQ-000937,a466be2cf94e451f8b4b88177dd2f9dc,Secure Document Destruction - No Cost,a466be2cf94e451f8b4b88177dd2f9dc_1.bin,evaluation,0.75,0.55
ROBJ-000521,staffing_requirement,Resumes. The Vendor must submit a formal written resume showing all relevant t | Attachment 10 | Attachment 1 Schedule of Pric,yes,REQ-000937,a466be2cf94e451f8b4b88177dd2f9dc,Secure Document Destruction - No Cost,a466be2cf94e451f8b4b88177dd2f9dc_1.bin,evaluation,0.75,0.8
ROBJ-000522,deliverable_requirement,Wage Determination | Attachment 7 | Attachment 3 | Attachment 9. As such | Attachment 9. Resumes. The Vendor must submit a formal written,yes,REQ-000937,a466be2cf94e451f8b4b88177dd2f9dc,Secure Document Destruction - No Cost,a466be2cf94e451f8b4b88177dd2f9dc_1.bin,evaluation,0.75,0.8
ROBJ-000523,procurement_form_or_artifact,"Attachment 1, Schedule of Prices. Section 2.1.1 of this PWS | Section 6103 of the Internal Revenue Code | section provides | Section",yes,REQ-000937,a466be2cf94e451f8b4b88177dd2f9dc,Secure Document Destruction - No Cost,a466be2cf94e451f8b4b88177dd2f9dc_1.bin,evaluation,0.75,0.8
ROBJ-000524,procurement_form_or_artifact,Attachment 1 | attachment 1 | Attachment 2 | Attachment 1 Schedule of Prices | Attachment 2 Wage Determination | Attachment 7 | Atta,unknown,REQ-000937,a466be2cf94e451f8b4b88177dd2f9dc,Secure Document Destruction - No Cost,a466be2cf94e451f8b4b88177dd2f9dc_1.bin,evaluation,0.75,0.65
ROBJ-000525,procurement_form_or_artifact,Attachment 9. As such | Attachment 9. Resumes. The Vendor must submit a formal written resume showing all relevant t | Attachment 10,yes,REQ-000937,a466be2cf94e451f8b4b88177dd2f9dc,Secure Document Destruction - No Cost,a466be2cf94e451f8b4b88177dd2f9dc_1.bin,evaluation,0.75,0.8
ROBJ-000526,procurement_form_or_artifact,Attachment 1 Schedule of Prices. a. Performance is for the base year and four | Attachment 7 and 8,unknown,REQ-000937,a466be2cf94e451f8b4b88177dd2f9dc,Secure Document Destruction - No Cost,a466be2cf94e451f8b4b88177dd2f9dc_1.bin,evaluation,0.75,0.65
ROBJ-000527,procurement_form_or_artifact,attachment 1). Section 2.1.1 of this PWS | Section 6103 of the Internal Revenue Code | section provides | Section 6103 26 CFR | Sect,yes,REQ-000938,a466be2cf94e451f8b4b88177dd2f9dc,Secure Document Destruction - No Cost,a466be2cf94e451f8b4b88177dd2f9dc_1.bin,certification,0.7,0.8
ROBJ-000528,procurement_form_or_artifact,Attachment 1 Schedule of Prices Section 2.1.1 of this PWS | Section 6103 of the Internal Revenue Code | section provides | Section 6,yes,REQ-000940,a466be2cf94e451f8b4b88177dd2f9dc,Secure Document Destruction - No Cost,a466be2cf94e451f8b4b88177dd2f9dc_1.bin,evaluation,0.75,0.8
ROBJ-000529,deliverable_requirement,Wage Determination Section 2.1.1 of this PWS | Section 6103 of the Internal Revenue Code | section provides | Section 6103 26 CFR | Sectio,yes,REQ-000941,a466be2cf94e451f8b4b88177dd2f9dc,Secure Document Destruction - No Cost,a466be2cf94e451f8b4b88177dd2f9dc_1.bin,wage,0.65,0.8
ROBJ-000530,procurement_form_or_artifact,Attachment 2 Wage Determination Section 2.1.1 of this PWS | Section 6103 of the Internal Revenue Code | section provides | Section 6,yes,REQ-000941,a466be2cf94e451f8b4b88177dd2f9dc,Secure Document Destruction - No Cost,a466be2cf94e451f8b4b88177dd2f9dc_1.bin,wage,0.65,0.8
ROBJ-000531,staffing_requirement,resume showing all relevant t Section 2.1.1 of this PWS | Section 6103 of the Internal Revenue Code | section provides | Secti,yes,REQ-000942,a466be2cf94e451f8b4b88177dd2f9dc,Secure Document Destruction - No Cost,a466be2cf94e451f8b4b88177dd2f9dc_1.bin,staffing,0.8,0.8
ROBJ-000532,procurement_form_or_artifact,Attachment 1 Schedule of Prices. Section 2.1.1 of this PWS | Section 6103 of the Internal Revenue Code | section provides | Section,yes,REQ-000943,a466be2cf94e451f8b4b88177dd2f9dc,Secure Document Destruction - No Cost,a466be2cf94e451f8b4b88177dd2f9dc_1.bin,evaluation,0.75,0.8
ROBJ-000533,evaluation_factor,"evaluation factors"", ""best value""], ""proposal_instructions"": Section 2.1.1 of this PWS | Section 6103 of the Internal Revenue Code | secti",unknown,REQ-000945,a466be2cf94e451f8b4b88177dd2f9dc,Secure Document Destruction - No Cost,a466be2cf94e451f8b4b88177dd2f9dc_1.bin,evaluation,0.8,0.65
ROBJ-000534,evaluation_factor,best value,unknown,REQ-000945,a466be2cf94e451f8b4b88177dd2f9dc,Secure Document Destruction - No Cost,a466be2cf94e451f8b4b88177dd2f9dc_1.bin,evaluation,0.8,0.55
ROBJ-000535,pricing_requirement,"firm fixed price""], ""past_performance"": Section 2.1.1 of this PWS | Section 6103 of the Internal Revenue Code | section provides | Secti",yes,REQ-000948,a466be2cf94e451f8b4b88177dd2f9dc,Secure Document Destruction - No Cost,a466be2cf94e451f8b4b88177dd2f9dc_1.bin,evaluation,0.75,0.8
ROBJ-000536,pricing_requirement,"clin"", ""pricing"", ""firm fixed price""], ""past_performance"": Section 2.1.1 of this PWS | Section 6103 of the Internal Revenue",unknown,REQ-000948,a466be2cf94e451f8b4b88177dd2f9dc,Secure Document Destruction - No Cost,a466be2cf94e451f8b4b88177dd2f9dc_1.bin,evaluation,0.75,0.65
ROBJ-000537,evaluation_factor,past performance,unknown,REQ-000950,a466be2cf94e451f8b4b88177dd2f9dc,Secure Document Destruction - No Cost,a466be2cf94e451f8b4b88177dd2f9dc_1.bin,evaluation,0.75,0.55
ROBJ-000538,experience_requirement,"recent and relevant""], ""staffing"": Section 2.1.1 of this PWS | Section 6103 of the Internal Revenue Code | section provides | Section 6103",yes,REQ-000950,a466be2cf94e451f8b4b88177dd2f9dc,Secure Document Destruction - No Cost,a466be2cf94e451f8b4b88177dd2f9dc_1.bin,evaluation,0.75,0.8
ROBJ-000539,experience_requirement,"past performance"", ""references"", ""recent and relevant""], ""staffing"": Section 2.1.1 of this PWS | Section 6103 of the Internal Revenue Co",unknown,REQ-000950,a466be2cf94e451f8b4b88177dd2f9dc,Secure Document Destruction - No Cost,a466be2cf94e451f8b4b88177dd2f9dc_1.bin,evaluation,0.75,0.65
ROBJ-000540,staffing_requirement,"key personnel"", ""staffing"", ""resume"", ""qualifications""], ""certifications"": Section 2.1.1 of this PWS | Section 6103 of the Internal R",unknown,REQ-000953,a466be2cf94e451f8b4b88177dd2f9dc,Secure Document Destruction - No Cost,a466be2cf94e451f8b4b88177dd2f9dc_1.bin,certification,0.65,0.65
ROBJ-000541,staffing_requirement,"resume"", ""qualifications""], ""certifications"": Section 2.1.1 of this PWS | Section 6103 of the Internal Revenue Code | section",unknown,REQ-000953,a466be2cf94e451f8b4b88177dd2f9dc,Secure Document Destruction - No Cost,a466be2cf94e451f8b4b88177dd2f9dc_1.bin,certification,0.65,0.65
ROBJ-000542,staffing_requirement,"qualifications""], ""certifications"": Section 2.1.1 of this PWS | Section 6103 of the Internal Revenue Code | section provides | Section",yes,REQ-000953,a466be2cf94e451f8b4b88177dd2f9dc,Secure Document Destruction - No Cost,a466be2cf94e451f8b4b88177dd2f9dc_1.bin,certification,0.65,0.8
ROBJ-000543,clearance_requirement,"secret"", ""classified"", ""cui"", ""background check""], ""justification"": Section 2.1.1 of t",unknown,REQ-000956,a466be2cf94e451f8b4b88177dd2f9dc,Secure Document Destruction - No Cost,a466be2cf94e451f8b4b88177dd2f9dc_1.bin,security,0.65,0.75
ROBJ-000544,clearance_requirement,"cui"", ""background check""], ""justification"": Section 2.1.1 of this PWS | Section 610",unknown,REQ-000956,a466be2cf94e451f8b4b88177dd2f9dc,Secure Document Destruction - No Cost,a466be2cf94e451f8b4b88177dd2f9dc_1.bin,security,0.65,0.75
ROBJ-000545,deliverable_requirement,WAGE DETERMINATIONS UNDER section 13 | Part 541.,unknown,REQ-000958,a466be2cf94e451f8b4b88177dd2f9dc,Secure Document Destruction - No Cost,a466be2cf94e451f8b4b88177dd2f9dc_3.bin,wage,0.65,0.65
ROBJ-000546,deliverable_requirement,Wage Determination No.: section 13 | Part 541.,unknown,REQ-000961,a466be2cf94e451f8b4b88177dd2f9dc,Secure Document Destruction - No Cost,a466be2cf94e451f8b4b88177dd2f9dc_3.bin,wage,0.65,0.65
ROBJ-000547,deliverable_requirement,Wage Determinations| Date Of Last Revision: section 13 | Part 541.,unknown,REQ-000962,a466be2cf94e451f8b4b88177dd2f9dc,Secure Document Destruction - No Cost,a466be2cf94e451f8b4b88177dd2f9dc_3.bin,wage,0.65,0.65
ROBJ-000548,pricing_requirement,"clin""], ""certifications"": section 13 | Part 541.",unknown,REQ-000964,a466be2cf94e451f8b4b88177dd2f9dc,Secure Document Destruction - No Cost,a466be2cf94e451f8b4b88177dd2f9dc_3.bin,certification,0.65,0.65
ROBJ-000549,clearance_requirement,"secret"", ""classified""], ""forms"": section 13 | Part 541.",unknown,REQ-000967,a466be2cf94e451f8b4b88177dd2f9dc,Secure Document Destruction - No Cost,a466be2cf94e451f8b4b88177dd2f9dc_3.bin,security,0.65,0.75
ROBJ-000550,deliverable_requirement,"wage determination"", ""service contract act""]} section 13 | Part 541.",unknown,REQ-000968,a466be2cf94e451f8b4b88177dd2f9dc,Secure Document Destruction - No Cost,a466be2cf94e451f8b4b88177dd2f9dc_3.bin,wage,0.65,0.65
ROBJ-000551,deliverable_requirement,WAGE DETERMINATIONS UNDER section 13 | Part 541.,unknown,REQ-000969,a466be2cf94e451f8b4b88177dd2f9dc,Secure Document Destruction - No Cost,a466be2cf94e451f8b4b88177dd2f9dc_4.bin,wage,0.65,0.65
ROBJ-000552,deliverable_requirement,Wage Determination No.: section 13 | Part 541.,unknown,REQ-000972,a466be2cf94e451f8b4b88177dd2f9dc,Secure Document Destruction - No Cost,a466be2cf94e451f8b4b88177dd2f9dc_4.bin,wage,0.65,0.65
ROBJ-000553,deliverable_requirement,Wage Determinations| Date Of Last Revision: section 13 | Part 541.,unknown,REQ-000973,a466be2cf94e451f8b4b88177dd2f9dc,Secure Document Destruction - No Cost,a466be2cf94e451f8b4b88177dd2f9dc_4.bin,wage,0.65,0.65
ROBJ-000554,pricing_requirement,"clin""], ""certifications"": section 13 | Part 541.",unknown,REQ-000975,a466be2cf94e451f8b4b88177dd2f9dc,Secure Document Destruction - No Cost,a466be2cf94e451f8b4b88177dd2f9dc_4.bin,certification,0.65,0.65
ROBJ-000555,clearance_requirement,"secret"", ""classified""], ""forms"": section 13 | Part 541.",unknown,REQ-000978,a466be2cf94e451f8b4b88177dd2f9dc,Secure Document Destruction - No Cost,a466be2cf94e451f8b4b88177dd2f9dc_4.bin,security,0.65,0.75
ROBJ-000556,deliverable_requirement,"wage determination"", ""service contract act""]} section 13 | Part 541.",unknown,REQ-000979,a466be2cf94e451f8b4b88177dd2f9dc,Secure Document Destruction - No Cost,a466be2cf94e451f8b4b88177dd2f9dc_4.bin,wage,0.65,0.65
ROBJ-000557,deliverable_requirement,WAGE DETERMINATIONS UNDER section 13 | Part 541.,unknown,REQ-000980,a466be2cf94e451f8b4b88177dd2f9dc,Secure Document Destruction - No Cost,a466be2cf94e451f8b4b88177dd2f9dc_5.bin,wage,0.65,0.65
ROBJ-000558,deliverable_requirement,Wage Determination No.: section 13 | Part 541.,unknown,REQ-000983,a466be2cf94e451f8b4b88177dd2f9dc,Secure Document Destruction - No Cost,a466be2cf94e451f8b4b88177dd2f9dc_5.bin,wage,0.65,0.65
ROBJ-000559,deliverable_requirement,Wage Determinations| Date Of Last Revision: section 13 | Part 541.,unknown,REQ-000984,a466be2cf94e451f8b4b88177dd2f9dc,Secure Document Destruction - No Cost,a466be2cf94e451f8b4b88177dd2f9dc_5.bin,wage,0.65,0.65
ROBJ-000560,pricing_requirement,"clin""], ""certifications"": section 13 | Part 541.",unknown,REQ-000986,a466be2cf94e451f8b4b88177dd2f9dc,Secure Document Destruction - No Cost,a466be2cf94e451f8b4b88177dd2f9dc_5.bin,certification,0.65,0.65
ROBJ-000561,clearance_requirement,"secret"", ""classified""], ""forms"": section 13 | Part 541.",unknown,REQ-000989,a466be2cf94e451f8b4b88177dd2f9dc,Secure Document Destruction - No Cost,a466be2cf94e451f8b4b88177dd2f9dc_5.bin,security,0.65,0.75
ROBJ-000562,deliverable_requirement,"wage determination"", ""service contract act""]} section 13 | Part 541.",unknown,REQ-000990,a466be2cf94e451f8b4b88177dd2f9dc,Secure Document Destruction - No Cost,a466be2cf94e451f8b4b88177dd2f9dc_5.bin,wage,0.65,0.65
ROBJ-000563,deliverable_requirement,WAGE DETERMINATIONS UNDER section 13 | Part 541.,unknown,REQ-000991,a466be2cf94e451f8b4b88177dd2f9dc,Secure Document Destruction - No Cost,a466be2cf94e451f8b4b88177dd2f9dc_6.bin,wage,0.65,0.65
ROBJ-000564,deliverable_requirement,Wage Determination No.: section 13 | Part 541.,unknown,REQ-000994,a466be2cf94e451f8b4b88177dd2f9dc,Secure Document Destruction - No Cost,a466be2cf94e451f8b4b88177dd2f9dc_6.bin,wage,0.65,0.65
ROBJ-000565,deliverable_requirement,Wage Determinations| Date Of Last Revision: section 13 | Part 541.,unknown,REQ-000995,a466be2cf94e451f8b4b88177dd2f9dc,Secure Document Destruction - No Cost,a466be2cf94e451f8b4b88177dd2f9dc_6.bin,wage,0.65,0.65
ROBJ-000566,pricing_requirement,"clin""], ""certifications"": section 13 | Part 541.",unknown,REQ-000997,a466be2cf94e451f8b4b88177dd2f9dc,Secure Document Destruction - No Cost,a466be2cf94e451f8b4b88177dd2f9dc_6.bin,certification,0.65,0.65
ROBJ-000567,clearance_requirement,"secret"", ""classified""], ""forms"": section 13 | Part 541.",unknown,REQ-001000,a466be2cf94e451f8b4b88177dd2f9dc,Secure Document Destruction - No Cost,a466be2cf94e451f8b4b88177dd2f9dc_6.bin,security,0.65,0.75
ROBJ-000568,deliverable_requirement,"wage determination"", ""service contract act""]} section 13 | Part 541.",unknown,REQ-001001,a466be2cf94e451f8b4b88177dd2f9dc,Secure Document Destruction - No Cost,a466be2cf94e451f8b4b88177dd2f9dc_6.bin,wage,0.65,0.65
ROBJ-000569,deliverable_requirement,WAGE DETERMINATIONS UNDER section 13 | Part 541.,unknown,REQ-001002,a466be2cf94e451f8b4b88177dd2f9dc,Secure Document Destruction - No Cost,a466be2cf94e451f8b4b88177dd2f9dc_7.bin,wage,0.65,0.65
ROBJ-000570,deliverable_requirement,Wage Determination No.: section 13 | Part 541.,unknown,REQ-001005,a466be2cf94e451f8b4b88177dd2f9dc,Secure Document Destruction - No Cost,a466be2cf94e451f8b4b88177dd2f9dc_7.bin,wage,0.65,0.65
ROBJ-000571,deliverable_requirement,Wage Determinations| Date Of Last Revision: section 13 | Part 541.,unknown,REQ-001006,a466be2cf94e451f8b4b88177dd2f9dc,Secure Document Destruction - No Cost,a466be2cf94e451f8b4b88177dd2f9dc_7.bin,wage,0.65,0.65
ROBJ-000572,pricing_requirement,"clin""], ""certifications"": section 13 | Part 541.",unknown,REQ-001008,a466be2cf94e451f8b4b88177dd2f9dc,Secure Document Destruction - No Cost,a466be2cf94e451f8b4b88177dd2f9dc_7.bin,certification,0.65,0.65
ROBJ-000573,clearance_requirement,"secret"", ""classified""], ""forms"": section 13 | Part 541.",unknown,REQ-001011,a466be2cf94e451f8b4b88177dd2f9dc,Secure Document Destruction - No Cost,a466be2cf94e451f8b4b88177dd2f9dc_7.bin,security,0.65,0.75
ROBJ-000574,deliverable_requirement,"wage determination"", ""service contract act""]} section 13 | Part 541.",unknown,REQ-001012,a466be2cf94e451f8b4b88177dd2f9dc,Secure Document Destruction - No Cost,a466be2cf94e451f8b4b88177dd2f9dc_7.bin,wage,0.65,0.65
ROBJ-000575,deliverable_requirement,WAGE DETERMINATIONS UNDER section 13 | Part 541.,unknown,REQ-001013,a466be2cf94e451f8b4b88177dd2f9dc,Secure Document Destruction - No Cost,a466be2cf94e451f8b4b88177dd2f9dc_8.bin,wage,0.65,0.65
ROBJ-000576,deliverable_requirement,Wage Determination No.: section 13 | Part 541.,unknown,REQ-001016,a466be2cf94e451f8b4b88177dd2f9dc,Secure Document Destruction - No Cost,a466be2cf94e451f8b4b88177dd2f9dc_8.bin,wage,0.65,0.65
ROBJ-000577,deliverable_requirement,Wage Determinations| Date Of Last Revision: section 13 | Part 541.,unknown,REQ-001017,a466be2cf94e451f8b4b88177dd2f9dc,Secure Document Destruction - No Cost,a466be2cf94e451f8b4b88177dd2f9dc_8.bin,wage,0.65,0.65
ROBJ-000578,deliverable_requirement,wage determination is applicable in the following cities and towns in the following counties in MASSACHUSETTS: section 13 | Part 541.,unknown,REQ-001018,a466be2cf94e451f8b4b88177dd2f9dc,Secure Document Destruction - No Cost,a466be2cf94e451f8b4b88177dd2f9dc_8.bin,wage,0.7,0.65
ROBJ-000579,pricing_requirement,"clin""], ""certifications"": section 13 | Part 541.",unknown,REQ-001019,a466be2cf94e451f8b4b88177dd2f9dc,Secure Document Destruction - No Cost,a466be2cf94e451f8b4b88177dd2f9dc_8.bin,certification,0.65,0.65
ROBJ-000580,clearance_requirement,"secret"", ""classified""], ""forms"": section 13 | Part 541.",unknown,REQ-001022,a466be2cf94e451f8b4b88177dd2f9dc,Secure Document Destruction - No Cost,a466be2cf94e451f8b4b88177dd2f9dc_8.bin,security,0.65,0.75
ROBJ-000581,deliverable_requirement,"wage determination"", ""service contract act""]} section 13 | Part 541.",unknown,REQ-001023,a466be2cf94e451f8b4b88177dd2f9dc,Secure Document Destruction - No Cost,a466be2cf94e451f8b4b88177dd2f9dc_8.bin,wage,0.65,0.65
ROBJ-000582,evaluation_factor,Price,unknown,REQ-001024,a3e0948c660849a5815153897d456f7d,EcoStruxure Panel Server Wired by Design (a universal concentrator Modbus gateway),a3e0948c660849a5815153897d456f7d_1.bin,evaluation,0.8,0.55
ROBJ-000583,pricing_requirement,Unit Price Total Price Lead Time Country of Origin 1EcoStruxure Panel Server Wired by Design (a universal concentrator Modbus gate,unknown,REQ-001024,a3e0948c660849a5815153897d456f7d,EcoStruxure Panel Server Wired by Design (a universal concentrator Modbus gateway),a3e0948c660849a5815153897d456f7d_1.bin,evaluation,0.8,0.65
ROBJ-000584,pricing_requirement,"unit price"", ""total price""]}",unknown,REQ-001026,a3e0948c660849a5815153897d456f7d,EcoStruxure Panel Server Wired by Design (a universal concentrator Modbus gateway),a3e0948c660849a5815153897d456f7d_1.bin,evaluation,0.75,0.55
ROBJ-000585,evaluation_factor,Price,unknown,REQ-001028,a3e0948c660849a5815153897d456f7d,EcoStruxure Panel Server Wired by Design (a universal concentrator Modbus gateway),a3e0948c660849a5815153897d456f7d_2.bin,evaluation,0.8,0.55
ROBJ-000586,procurement_form_or_artifact,Exhibit is incorporated by reference,unknown,REQ-001028,a3e0948c660849a5815153897d456f7d,EcoStruxure Panel Server Wired by Design (a universal concentrator Modbus gateway),a3e0948c660849a5815153897d456f7d_2.bin,evaluation,0.8,0.55
ROBJ-000587,staffing_requirement,"key personnel""], ""certifications"": section of our website https | Part 14 Changes. 12. PUBLIC RELEASE OF INFORMATION Company does not",unknown,REQ-001031,a3e0948c660849a5815153897d456f7d,EcoStruxure Panel Server Wired by Design (a universal concentrator Modbus gateway),a3e0948c660849a5815153897d456f7d_2.bin,certification,0.65,0.65
ROBJ-000588,clearance_requirement,"secret"", ""classified""]} section of our website https | Part 14 Changes. 12. PUBLIC REL",unknown,REQ-001034,a3e0948c660849a5815153897d456f7d,EcoStruxure Panel Server Wired by Design (a universal concentrator Modbus gateway),a3e0948c660849a5815153897d456f7d_2.bin,security,0.65,0.75
ROBJ-000589,evaluation_factor,Price,unknown,REQ-001035,a3e0948c660849a5815153897d456f7d,EcoStruxure Panel Server Wired by Design (a universal concentrator Modbus gateway),a3e0948c660849a5815153897d456f7d_3.bin,evaluation,0.8,0.55
ROBJ-000590,pricing_requirement,Firm Fixed Price proposal/quote for the following items listed below.,unknown,REQ-001035,a3e0948c660849a5815153897d456f7d,EcoStruxure Panel Server Wired by Design (a universal concentrator Modbus gateway),a3e0948c660849a5815153897d456f7d_3.bin,evaluation,0.8,0.65
ROBJ-000591,pricing_requirement,Firm Fixed Price Small Business Set-Aside:,unknown,REQ-001038,a3e0948c660849a5815153897d456f7d,EcoStruxure Panel Server Wired by Design (a universal concentrator Modbus gateway),a3e0948c660849a5815153897d456f7d_3.bin,evaluation,0.75,0.65
ROBJ-000592,pricing_requirement,firm fixed price quote with your proposed delivery schedule.,unknown,REQ-001040,a3e0948c660849a5815153897d456f7d,EcoStruxure Panel Server Wired by Design (a universal concentrator Modbus gateway),a3e0948c660849a5815153897d456f7d_3.bin,evaluation,0.75,0.65
ROBJ-000593,pricing_requirement,price quote with your proposed delivery schedule.,unknown,REQ-001040,a3e0948c660849a5815153897d456f7d,EcoStruxure Panel Server Wired by Design (a universal concentrator Modbus gateway),a3e0948c660849a5815153897d456f7d_3.bin,evaluation,0.75,0.65
ROBJ-000594,pricing_requirement,"firm fixed price""], ""certifications"":",unknown,REQ-001044,a3e0948c660849a5815153897d456f7d,EcoStruxure Panel Server Wired by Design (a universal concentrator Modbus gateway),a3e0948c660849a5815153897d456f7d_3.bin,certification,0.75,0.55
ROBJ-000595,evaluation_factor,price,unknown,REQ-001055,a3e0948c660849a5815153897d456f7d,EcoStruxure Panel Server Wired by Design (a universal concentrator Modbus gateway),a3e0948c660849a5815153897d456f7d_5.bin,certification,0.75,0.55
ROBJ-000596,pricing_requirement,"unit price"", ""pricing""], ""certifications"": SECTION 3161 OF THE NATIONAL DEFENSE AUTHORIZATION ACT FOR FISCAL YEAR 1993",unknown,REQ-001055,a3e0948c660849a5815153897d456f7d,EcoStruxure Panel Server Wired by Design (a universal concentrator Modbus gateway),a3e0948c660849a5815153897d456f7d_5.bin,certification,0.75,0.65
ROBJ-000597,clearance_requirement,"secret"", ""classified""]} SECTION 3161 OF THE NATIONAL DEFENSE AUTHORIZATION ACT FOR FIS",unknown,REQ-001059,a3e0948c660849a5815153897d456f7d,EcoStruxure Panel Server Wired by Design (a universal concentrator Modbus gateway),a3e0948c660849a5815153897d456f7d_5.bin,security,0.65,0.75
ROBJ-000598,procurement_form_or_artifact,AMENDMENT OF SOLICITATION/MODIFICATION OF CONTRACT 1 2 2. section headings | Attachment 1 2. Provide the June 15 | Attachment 2 Note,yes,REQ-001060,9bca2be24fb64fbe833ab48ae2b41b2a,Atlanta Job Corps Center Caretaker and Security Services,9bca2be24fb64fbe833ab48ae2b41b2a_1.bin,amendment,0.7,0.8
ROBJ-000599,procurement_form_or_artifact,Attachment 1 2. Provide the June 15 | Attachment 2 Note,yes,REQ-001060,9bca2be24fb64fbe833ab48ae2b41b2a,Atlanta Job Corps Center Caretaker and Security Services,9bca2be24fb64fbe833ab48ae2b41b2a_1.bin,amendment,0.7,0.8
ROBJ-000600,procurement_form_or_artifact,AMENDMENT OF SOLICITATION NUMBER (X) 1605AE-26-Q-00005 9B. section headings | Attachment 1 2. Provide the June 15 | Attachment 2 Note,yes,REQ-001063,9bca2be24fb64fbe833ab48ae2b41b2a,Atlanta Job Corps Center Caretaker and Security Services,9bca2be24fb64fbe833ab48ae2b41b2a_1.bin,amendment,0.65,0.8
ROBJ-000601,procurement_form_or_artifact,"Attachment 2 Note {""pricing_schedule"": section headings | Attachment 1 2. Provide the June 15 | Attachment 2 Note",yes,REQ-001069,9bca2be24fb64fbe833ab48ae2b41b2a,Atlanta Job Corps Center Caretaker and Security Services,9bca2be24fb64fbe833ab48ae2b41b2a_1.bin,pricing,0.65,0.8
ROBJ-000602,evaluation_factor,price,unknown,REQ-001070,9bca2be24fb64fbe833ab48ae2b41b2a,Atlanta Job Corps Center Caretaker and Security Services,9bca2be24fb64fbe833ab48ae2b41b2a_1.bin,certification,0.75,0.55
ROBJ-000603,pricing_requirement,"unit price""], ""certifications"": section headings | Attachment 1 2. Provide the June 15 | Attachment 2 Note",yes,REQ-001070,9bca2be24fb64fbe833ab48ae2b41b2a,Atlanta Job Corps Center Caretaker and Security Services,9bca2be24fb64fbe833ab48ae2b41b2a_1.bin,certification,0.75,0.8
ROBJ-000604,procurement_form_or_artifact,"amendment of solicitation"", ""modification of contract""], ""forms"": section headings | Attachment 1 2. Provide the June 15 | Attachment 2 Note",yes,REQ-001075,9bca2be24fb64fbe833ab48ae2b41b2a,Atlanta Job Corps Center Caretaker and Security Services,9bca2be24fb64fbe833ab48ae2b41b2a_1.bin,amendment,0.65,0.8
ROBJ-000605,evaluation_factor,price,unknown,REQ-001080,9bca2be24fb64fbe833ab48ae2b41b2a,Atlanta Job Corps Center Caretaker and Security Services,9bca2be24fb64fbe833ab48ae2b41b2a_2.bin,evaluation,0.75,0.55
ROBJ-000606,pricing_requirement,"firm fixed price""], ""staffing"": Section IV | Section IV. J of the Performance Work Statement for the temporary utility services at the",unknown,REQ-001080,9bca2be24fb64fbe833ab48ae2b41b2a,Atlanta Job Corps Center Caretaker and Security Services,9bca2be24fb64fbe833ab48ae2b41b2a_2.bin,evaluation,0.75,0.65
ROBJ-000607,pricing_requirement,"clin"", ""firm fixed price""], ""staffing"": Section IV | Section IV. J of the Performance Work Statement for the temporary utili",unknown,REQ-001080,9bca2be24fb64fbe833ab48ae2b41b2a,Atlanta Job Corps Center Caretaker and Security Services,9bca2be24fb64fbe833ab48ae2b41b2a_2.bin,evaluation,0.75,0.65
ROBJ-000608,staffing_requirement,"key personnel"", ""staffing"", ""resume"", ""qualifications""], ""certifications"": Section IV | Section IV. J of the Performance Work Stateme",unknown,REQ-001083,9bca2be24fb64fbe833ab48ae2b41b2a,Atlanta Job Corps Center Caretaker and Security Services,9bca2be24fb64fbe833ab48ae2b41b2a_2.bin,certification,0.65,0.65
ROBJ-000609,staffing_requirement,"resume"", ""qualifications""], ""certifications"": Section IV | Section IV. J of the Performance Work Statement for the temporary u",unknown,REQ-001083,9bca2be24fb64fbe833ab48ae2b41b2a,Atlanta Job Corps Center Caretaker and Security Services,9bca2be24fb64fbe833ab48ae2b41b2a_2.bin,certification,0.65,0.65
ROBJ-000610,staffing_requirement,"qualifications""], ""certifications"": Section IV | Section IV. J of the Performance Work Statement for the temporary utility services at",unknown,REQ-001083,9bca2be24fb64fbe833ab48ae2b41b2a,Atlanta Job Corps Center Caretaker and Security Services,9bca2be24fb64fbe833ab48ae2b41b2a_2.bin,certification,0.65,0.65
ROBJ-000611,deliverable_requirement,"wage determination"", ""sCA wage""]} Section IV | Section IV. J of the Performance Work Statement for the temporary utility services at the",unknown,REQ-001086,9bca2be24fb64fbe833ab48ae2b41b2a,Atlanta Job Corps Center Caretaker and Security Services,9bca2be24fb64fbe833ab48ae2b41b2a_2.bin,wage,0.65,0.65
ROBJ-000612,proposal_volume,Volume I - Technical Approach 25 Pages or Less Volume II - Price Quota,unknown,REQ-001087,9bca2be24fb64fbe833ab48ae2b41b2a,Atlanta Job Corps Center Caretaker and Security Services,9bca2be24fb64fbe833ab48ae2b41b2a_3.bin,certification,0.65,0.75
ROBJ-000613,proposal_volume,Volume II - Price Quota,unknown,REQ-001087,9bca2be24fb64fbe833ab48ae2b41b2a,Atlanta Job Corps Center Caretaker and Security Services,9bca2be24fb64fbe833ab48ae2b41b2a_3.bin,certification,0.65,0.65
ROBJ-000614,evaluation_factor,Price,unknown,REQ-001087,9bca2be24fb64fbe833ab48ae2b41b2a,Atlanta Job Corps Center Caretaker and Security Services,9bca2be24fb64fbe833ab48ae2b41b2a_3.bin,certification,0.65,0.55
ROBJ-000615,proposal_volume,Volume I - Technical Approach 25 Pages or Less Volume II - Price Quota Section 1 - Supplies,unknown,REQ-001090,9bca2be24fb64fbe833ab48ae2b41b2a,Atlanta Job Corps Center Caretaker and Security Services,9bca2be24fb64fbe833ab48ae2b41b2a_3.bin,evaluation,0.8,0.75
ROBJ-000616,proposal_volume,Volume II - Price Quota Section 1 - Supplies,unknown,REQ-001090,9bca2be24fb64fbe833ab48ae2b41b2a,Atlanta Job Corps Center Caretaker and Security Services,9bca2be24fb64fbe833ab48ae2b41b2a_3.bin,evaluation,0.8,0.75
ROBJ-000617,evaluation_factor,"evaluation factors"", ""best value""], ""proposal_instructions"": Section 1 - Supplies | Section 2 - Contract Clauses .........................",unknown,REQ-001093,9bca2be24fb64fbe833ab48ae2b41b2a,Atlanta Job Corps Center Caretaker and Security Services,9bca2be24fb64fbe833ab48ae2b41b2a_3.bin,evaluation,0.8,0.65
ROBJ-000618,evaluation_factor,best value,unknown,REQ-001093,9bca2be24fb64fbe833ab48ae2b41b2a,Atlanta Job Corps Center Caretaker and Security Services,9bca2be24fb64fbe833ab48ae2b41b2a_3.bin,evaluation,0.8,0.55
ROBJ-000619,pricing_requirement,"unit price"", ""clin"", ""pricing""], ""past_performance"": Section 1 - Supplies | Section 2 - Contract Clauses .........................",unknown,REQ-001096,9bca2be24fb64fbe833ab48ae2b41b2a,Atlanta Job Corps Center Caretaker and Security Services,9bca2be24fb64fbe833ab48ae2b41b2a_3.bin,evaluation,0.75,0.65
ROBJ-000620,pricing_requirement,"clin"", ""pricing""], ""past_performance"": Section 1 - Supplies | Section 2 - Contract Clauses .................................",unknown,REQ-001096,9bca2be24fb64fbe833ab48ae2b41b2a,Atlanta Job Corps Center Caretaker and Security Services,9bca2be24fb64fbe833ab48ae2b41b2a_3.bin,evaluation,0.75,0.65
ROBJ-000621,evaluation_factor,past performance,unknown,REQ-001098,9bca2be24fb64fbe833ab48ae2b41b2a,Atlanta Job Corps Center Caretaker and Security Services,9bca2be24fb64fbe833ab48ae2b41b2a_3.bin,evaluation,0.75,0.55
ROBJ-000622,experience_requirement,"past performance""], ""staffing"": Section 1 - Supplies | Section 2 - Contract Clauses ....................................................",unknown,REQ-001098,9bca2be24fb64fbe833ab48ae2b41b2a,Atlanta Job Corps Center Caretaker and Security Services,9bca2be24fb64fbe833ab48ae2b41b2a_3.bin,evaluation,0.75,0.65
ROBJ-000623,staffing_requirement,"resume"", ""qualifications""], ""certifications"": Section 1 - Supplies | Section 2 - Contract Clauses ............................",unknown,REQ-001101,9bca2be24fb64fbe833ab48ae2b41b2a,Atlanta Job Corps Center Caretaker and Security Services,9bca2be24fb64fbe833ab48ae2b41b2a_3.bin,certification,0.65,0.65
ROBJ-000624,staffing_requirement,"qualifications""], ""certifications"": Section 1 - Supplies | Section 2 - Contract Clauses ..............................................",unknown,REQ-001101,9bca2be24fb64fbe833ab48ae2b41b2a,Atlanta Job Corps Center Caretaker and Security Services,9bca2be24fb64fbe833ab48ae2b41b2a_3.bin,certification,0.65,0.65
ROBJ-000625,clearance_requirement,"secret"", ""classified""], ""forms"": Section 1 - Supplies | Section 2 - Contract Clauses .",unknown,REQ-001104,9bca2be24fb64fbe833ab48ae2b41b2a,Atlanta Job Corps Center Caretaker and Security Services,9bca2be24fb64fbe833ab48ae2b41b2a_3.bin,security,0.65,0.75
ROBJ-000626,staffing_requirement,Key Personnel Key Person | Attachment 1 | Attachment 2 - Site Plan,unknown,REQ-001106,9bca2be24fb64fbe833ab48ae2b41b2a,Atlanta Job Corps Center Caretaker and Security Services,9bca2be24fb64fbe833ab48ae2b41b2a_5.bin,technical,0.75,0.65
ROBJ-000627,procurement_form_or_artifact,Attachment 1 for Site Location and Attachment 2 for Site Plan. III. Key Personnel Key Person | Attachment 1 | Attachment 2 - Site Pl,unknown,REQ-001106,9bca2be24fb64fbe833ab48ae2b41b2a,Atlanta Job Corps Center Caretaker and Security Services,9bca2be24fb64fbe833ab48ae2b41b2a_5.bin,technical,0.75,0.65
ROBJ-000628,staffing_requirement,Key Personnel .......................................................................................................................,unknown,REQ-001108,9bca2be24fb64fbe833ab48ae2b41b2a,Atlanta Job Corps Center Caretaker and Security Services,9bca2be24fb64fbe833ab48ae2b41b2a_5.bin,staffing,0.7,0.65
ROBJ-000629,pricing_requirement,Pricing Schedule .......................................................................................................................,unknown,REQ-001111,9bca2be24fb64fbe833ab48ae2b41b2a,Atlanta Job Corps Center Caretaker and Security Services,9bca2be24fb64fbe833ab48ae2b41b2a_5.bin,pricing,0.7,0.65
ROBJ-000630,staffing_requirement,"key personnel"", ""resume"", ""qualifications""], ""certifications"": Attachment 1 for Site Location and Attachment 2 for Site Plan. III. Ke",unknown,REQ-001114,9bca2be24fb64fbe833ab48ae2b41b2a,Atlanta Job Corps Center Caretaker and Security Services,9bca2be24fb64fbe833ab48ae2b41b2a_5.bin,certification,0.65,0.65
ROBJ-000631,staffing_requirement,"resume"", ""qualifications""], ""certifications"": Attachment 1 for Site Location and Attachment 2 for Site Plan. III. Key Personne",unknown,REQ-001114,9bca2be24fb64fbe833ab48ae2b41b2a,Atlanta Job Corps Center Caretaker and Security Services,9bca2be24fb64fbe833ab48ae2b41b2a_5.bin,certification,0.65,0.65
ROBJ-000632,staffing_requirement,"qualifications""], ""certifications"": Attachment 1 for Site Location and Attachment 2 for Site Plan. III. Key Personnel Key Person | Att",unknown,REQ-001114,9bca2be24fb64fbe833ab48ae2b41b2a,Atlanta Job Corps Center Caretaker and Security Services,9bca2be24fb64fbe833ab48ae2b41b2a_5.bin,certification,0.65,0.65
ROBJ-000633,procurement_form_or_artifact,"drawings"": Attachment 1 for Site Location and Attachment 2 for Site Plan. III. Key Personnel Key Person | Attachment 1 | Attach",unknown,REQ-001116,9bca2be24fb64fbe833ab48ae2b41b2a,Atlanta Job Corps Center Caretaker and Security Services,9bca2be24fb64fbe833ab48ae2b41b2a_5.bin,certification,0.65,0.65
ROBJ-000634,deliverable_requirement,WAGE DETERMINATIONS UNDER section 13 | Part 541.,unknown,REQ-001117,9bca2be24fb64fbe833ab48ae2b41b2a,Atlanta Job Corps Center Caretaker and Security Services,9bca2be24fb64fbe833ab48ae2b41b2a_6.bin,wage,0.65,0.65
ROBJ-000635,deliverable_requirement,Wage Determination No.: section 13 | Part 541.,unknown,REQ-001120,9bca2be24fb64fbe833ab48ae2b41b2a,Atlanta Job Corps Center Caretaker and Security Services,9bca2be24fb64fbe833ab48ae2b41b2a_6.bin,wage,0.65,0.65
ROBJ-000636,deliverable_requirement,Wage Determinations| Date Of Last Revision: section 13 | Part 541.,unknown,REQ-001121,9bca2be24fb64fbe833ab48ae2b41b2a,Atlanta Job Corps Center Caretaker and Security Services,9bca2be24fb64fbe833ab48ae2b41b2a_6.bin,wage,0.65,0.65
ROBJ-000637,pricing_requirement,"clin""], ""certifications"": section 13 | Part 541.",unknown,REQ-001123,9bca2be24fb64fbe833ab48ae2b41b2a,Atlanta Job Corps Center Caretaker and Security Services,9bca2be24fb64fbe833ab48ae2b41b2a_6.bin,certification,0.65,0.65
ROBJ-000638,clearance_requirement,"secret"", ""classified""], ""forms"": section 13 | Part 541.",unknown,REQ-001126,9bca2be24fb64fbe833ab48ae2b41b2a,Atlanta Job Corps Center Caretaker and Security Services,9bca2be24fb64fbe833ab48ae2b41b2a_6.bin,security,0.65,0.75
ROBJ-000639,deliverable_requirement,"wage determination"", ""service contract act""]} section 13 | Part 541.",unknown,REQ-001127,9bca2be24fb64fbe833ab48ae2b41b2a,Atlanta Job Corps Center Caretaker and Security Services,9bca2be24fb64fbe833ab48ae2b41b2a_6.bin,wage,0.65,0.65
ROBJ-000640,procurement_form_or_artifact,AMENDMENT OF SOLICITATION/MODIFICATION OF CONTRACT 1 5 2. section headings | Section 1.2.1 CONTRACT LINE-ITEM NUMBER | Section 1 - Supplies | Sec,unknown,REQ-001128,9bca2be24fb64fbe833ab48ae2b41b2a,Atlanta Job Corps Center Caretaker and Security Services,9bca2be24fb64fbe833ab48ae2b41b2a_7.bin,amendment,0.7,0.65
ROBJ-000641,procurement_form_or_artifact,AMENDMENT OF SOLICITATION NUMBER (X) 1605AE-26-Q-00005 9B. section headings | Section 1.2.1 CONTRACT LINE-ITEM NUMBER | Section 1 - Supplies | Se,unknown,REQ-001131,9bca2be24fb64fbe833ab48ae2b41b2a,Atlanta Job Corps Center Caretaker and Security Services,9bca2be24fb64fbe833ab48ae2b41b2a_7.bin,amendment,0.65,0.65
ROBJ-000642,evaluation_factor,price,unknown,REQ-001139,9bca2be24fb64fbe833ab48ae2b41b2a,Atlanta Job Corps Center Caretaker and Security Services,9bca2be24fb64fbe833ab48ae2b41b2a_7.bin,evaluation,0.75,0.55
ROBJ-000643,pricing_requirement,"unit price"", ""clin""], ""staffing"": section headings | Section 1.2.1 CONTRACT LINE-ITEM NUMBER | Section 1 - Supplies | Section IV.",unknown,REQ-001139,9bca2be24fb64fbe833ab48ae2b41b2a,Atlanta Job Corps Center Caretaker and Security Services,9bca2be24fb64fbe833ab48ae2b41b2a_7.bin,evaluation,0.75,0.65
ROBJ-000644,pricing_requirement,"clin""], ""staffing"": section headings | Section 1.2.1 CONTRACT LINE-ITEM NUMBER | Section 1 - Supplies | Section IV. 7. Will",unknown,REQ-001139,9bca2be24fb64fbe833ab48ae2b41b2a,Atlanta Job Corps Center Caretaker and Security Services,9bca2be24fb64fbe833ab48ae2b41b2a_7.bin,evaluation,0.75,0.65
ROBJ-000645,procurement_form_or_artifact,"amendment of solicitation"", ""modification of contract""], ""forms"": section headings | Section 1.2.1 CONTRACT LINE-ITEM NUMBER | Section 1 - Suppli",unknown,REQ-001146,9bca2be24fb64fbe833ab48ae2b41b2a,Atlanta Job Corps Center Caretaker and Security Services,9bca2be24fb64fbe833ab48ae2b41b2a_7.bin,amendment,0.65,0.65
