source_file,column_name,likely_type,sample_population_pct,business_asset_class,business_value,possible_products,commercial_value_score,readiness_adjusted_score,priority,sample_values
all_canadabuys_award_notices_2022_08_08_onwards.csv,contractingEntityAddressCity-entiteContractanteAdresseVille-eng,text,100.0,Buyer Intelligence,"Supports department profiles, buyer segmentation, and procurement behavior.",Department Scorecards; Buyer Targeting; Government Account Intelligence,10,10,high,Regina | Regina | Regina | Regina | Regina | Regina | Regina | Regina | Regina | Regina
legacy_award_notices_2012_to_2022_08_prior_to_canadabuys.csv,contractingEntityAddressCity-entiteContractanteAdresseVille-eng,text,100.0,Buyer Intelligence,"Supports department profiles, buyer segmentation, and procurement behavior.",Department Scorecards; Buyer Targeting; Government Account Intelligence,10,10,high,Gatineau | Gatineau | Gatineau | Gatineau | Gatineau | Gatineau | Gatineau | Gatineau | Gatineau | Gatineau
all_canadabuys_tender_notices_2022_08_08_onwards.csv,contractingEntityAddressCity-entiteContractanteAdresseVille-eng,text,97.2,Buyer Intelligence,"Supports department profiles, buyer segmentation, and procurement behavior.",Department Scorecards; Buyer Targeting; Government Account Intelligence,10,10,high,Ottawa | Montreal | Bedford | Bedford | Bedford | Bedford | Bedford | Victoria | Victoria | Victoria
archived_2009_2022_legacy_tender_notices.csv,contractingEntityAddressCity-entiteContractanteAdresseVille-eng,text,97.3,Buyer Intelligence,"Supports department profiles, buyer segmentation, and procurement behavior.",Department Scorecards; Buyer Targeting; Government Account Intelligence,10,10,high,Ottawa | Gatineau | Ottawa | Ottawa | Gatineau | Ottawa | Ottawa | Ottawa | Ottawa | Gatineau
all_canadabuys_award_notices_2022_08_08_onwards.csv,contractingEntityAddressCity-entiteContractanteAdresseVille-fra,text,100.0,Buyer Intelligence,"Supports department profiles, buyer segmentation, and procurement behavior.",Department Scorecards; Buyer Targeting; Government Account Intelligence,10,10,high,Regina | Regina | Regina | Regina | Regina | Regina | Regina | Regina | Regina | Regina
legacy_award_notices_2012_to_2022_08_prior_to_canadabuys.csv,contractingEntityAddressCity-entiteContractanteAdresseVille-fra,text,100.0,Buyer Intelligence,"Supports department profiles, buyer segmentation, and procurement behavior.",Department Scorecards; Buyer Targeting; Government Account Intelligence,10,10,high,Gatineau | Gatineau | Gatineau | Gatineau | Gatineau | Gatineau | Gatineau | Gatineau | Gatineau | Gatineau
all_canadabuys_tender_notices_2022_08_08_onwards.csv,contractingEntityAddressCity-entiteContractanteAdresseVille-fra,text,97.2,Buyer Intelligence,"Supports department profiles, buyer segmentation, and procurement behavior.",Department Scorecards; Buyer Targeting; Government Account Intelligence,10,10,high,Ottawa | Montreal | Bedford | Bedford | Bedford | Bedford | Bedford | Victoria | Victoria | Victoria
archived_2009_2022_legacy_tender_notices.csv,contractingEntityAddressCity-entiteContractanteAdresseVille-fra,text,97.3,Buyer Intelligence,"Supports department profiles, buyer segmentation, and procurement behavior.",Department Scorecards; Buyer Targeting; Government Account Intelligence,10,10,high,Ottawa | Gatineau | Ottawa | Ottawa | Gatineau | Ottawa | Ottawa | Ottawa | Ottawa | Gatineau
all_canadabuys_award_notices_2022_08_08_onwards.csv,contractingEntityAddressCountry-entiteContractanteAdressePays-eng,text,100.0,Buyer Intelligence,"Supports department profiles, buyer segmentation, and procurement behavior.",Department Scorecards; Buyer Targeting; Government Account Intelligence,10,10,high,Canada | Canada | Canada | Canada | Canada | Canada | Canada | Canada | Canada | Canada
legacy_award_notices_2012_to_2022_08_prior_to_canadabuys.csv,contractingEntityAddressCountry-entiteContractanteAdressePays-eng,text,100.0,Buyer Intelligence,"Supports department profiles, buyer segmentation, and procurement behavior.",Department Scorecards; Buyer Targeting; Government Account Intelligence,10,10,high,Canada | Canada | Canada | Canada | Canada | Canada | Canada | Canada | Canada | Canada
all_canadabuys_tender_notices_2022_08_08_onwards.csv,contractingEntityAddressCountry-entiteContractanteAdressePays-eng,text,97.2,Buyer Intelligence,"Supports department profiles, buyer segmentation, and procurement behavior.",Department Scorecards; Buyer Targeting; Government Account Intelligence,10,10,high,Canada | Canada | Canada | Canada | Canada | Canada | Canada | Canada | Canada | Canada
archived_2009_2022_legacy_tender_notices.csv,contractingEntityAddressCountry-entiteContractanteAdressePays-eng,text,97.4,Buyer Intelligence,"Supports department profiles, buyer segmentation, and procurement behavior.",Department Scorecards; Buyer Targeting; Government Account Intelligence,10,10,high,Canada | Canada | Canada | Canada | Canada | Canada | Canada | Canada | Canada | Canada
all_canadabuys_award_notices_2022_08_08_onwards.csv,contractingEntityAddressCountry-entiteContractanteAdressePays-fra,text,100.0,Buyer Intelligence,"Supports department profiles, buyer segmentation, and procurement behavior.",Department Scorecards; Buyer Targeting; Government Account Intelligence,10,10,high,Canada | Canada | Canada | Canada | Canada | Canada | Canada | Canada | Canada | Canada
legacy_award_notices_2012_to_2022_08_prior_to_canadabuys.csv,contractingEntityAddressCountry-entiteContractanteAdressePays-fra,text,100.0,Buyer Intelligence,"Supports department profiles, buyer segmentation, and procurement behavior.",Department Scorecards; Buyer Targeting; Government Account Intelligence,10,10,high,Canada | Canada | Canada | Canada | Canada | Canada | Canada | Canada | Canada | Canada
all_canadabuys_tender_notices_2022_08_08_onwards.csv,contractingEntityAddressCountry-entiteContractanteAdressePays-fra,text,97.2,Buyer Intelligence,"Supports department profiles, buyer segmentation, and procurement behavior.",Department Scorecards; Buyer Targeting; Government Account Intelligence,10,10,high,Canada | Canada | Canada | Canada | Canada | Canada | Canada | Canada | Canada | Canada
archived_2009_2022_legacy_tender_notices.csv,contractingEntityAddressCountry-entiteContractanteAdressePays-fra,text,97.4,Buyer Intelligence,"Supports department profiles, buyer segmentation, and procurement behavior.",Department Scorecards; Buyer Targeting; Government Account Intelligence,10,10,high,Canada | Canada | Canada | Canada | Canada | Canada | Canada | Canada | Canada | Canada
all_canadabuys_award_notices_2022_08_08_onwards.csv,contractingEntityAddressLine-ligneAdresseEntiteContractante-eng,text,100.0,Buyer Intelligence,"Supports department profiles, buyer segmentation, and procurement behavior.",Department Scorecards; Buyer Targeting; Government Account Intelligence,10,10,high,1800 Hamilton Street | 1800 Hamilton Street | 1800 Hamilton Street | 1800 Hamilton Street | 1800 Hamilton Street | 1800 Hamilton Street | 1800 Hamilton Street | 1800 Hamilton Street | 1800 Hamilton Street | 1800 Hamilton Street
legacy_award_notices_2012_to_2022_08_prior_to_canadabuys.csv,contractingEntityAddressLine-ligneAdresseEntiteContractante-eng,text,100.0,Buyer Intelligence,"Supports department profiles, buyer segmentation, and procurement behavior.",Department Scorecards; Buyer Targeting; Government Account Intelligence,10,10,high,"11 Laurier St, Phase III, Place du Portage | 11 Laurier St, Phase III, Place du Portage | 11 Laurier St, Phase III, Place du Portage | 11 Laurier St, Phase III, Place du Portage | 11 Laurier St, Phase III, Place du Portage | 11 Laurier St, Phase III, Place du Portage | 11 Laurier St, Phase III, Place du Portage | 11 Laurier St, Phase III, Place du Portage | 11 Laurier St, Phase III, Place du Portage | 11 Laurier St, Phase III, Place du Portage"
all_canadabuys_tender_notices_2022_08_08_onwards.csv,contractingEntityAddressLine-ligneAdresseEntiteContractante-eng,text,97.2,Buyer Intelligence,"Supports department profiles, buyer segmentation, and procurement behavior.",Department Scorecards; Buyer Targeting; Government Account Intelligence,10,10,high,"150 Slater | 3 Place Ville-Marie, Suite 500 | 175 Western Parkway, Suite 100 | 175 Western Parkway, Suite 100 | 175 Western Parkway, Suite 100 | 175 Western Parkway, Suite 100 | 175 Western Parkway, Suite 100 | Address pending | Address pending | Address pending"
archived_2009_2022_legacy_tender_notices.csv,contractingEntityAddressLine-ligneAdresseEntiteContractante-eng,text,97.3,Buyer Intelligence,"Supports department profiles, buyer segmentation, and procurement behavior.",Department Scorecards; Buyer Targeting; Government Account Intelligence,10,10,high,"200 Kent St, Station 13E228 | 30 Victoria Street | 200 Kent St, Station 13E228 | 1341 Baseline Road | 11 Laurier St, Phase III, Place du Portage | Constitution Square, 19th Floor, 350 Albert Street | Constitution Square, 19th Floor, 350 Albert Street | 73 Leikin Dr | 73 Leikin Dr | 11 Laurier St, Phase III, Place du Portage"
all_canadabuys_award_notices_2022_08_08_onwards.csv,contractingEntityAddressLine-ligneAdresseEntiteContractante-fra,text,100.0,Buyer Intelligence,"Supports department profiles, buyer segmentation, and procurement behavior.",Department Scorecards; Buyer Targeting; Government Account Intelligence,10,10,high,1800 Hamilton Street | 1800 Hamilton Street | 1800 Hamilton Street | 1800 Hamilton Street | 1800 Hamilton Street | 1800 Hamilton Street | 1800 Hamilton Street | 1800 Hamilton Street | 1800 Hamilton Street | 1800 Hamilton Street
legacy_award_notices_2012_to_2022_08_prior_to_canadabuys.csv,contractingEntityAddressLine-ligneAdresseEntiteContractante-fra,text,100.0,Buyer Intelligence,"Supports department profiles, buyer segmentation, and procurement behavior.",Department Scorecards; Buyer Targeting; Government Account Intelligence,10,10,high,"11, rue Laurier, Phase III, Place du Portage | 11, rue Laurier, Phase III, Place du Portage | 11, rue Laurier, Phase III, Place du Portage | 11, rue Laurier, Phase III, Place du Portage | 11, rue Laurier, Phase III, Place du Portage | 11, rue Laurier, Phase III, Place du Portage | 11, rue Laurier, Phase III, Place du Portage | 11, rue Laurier, Phase III, Place du Portage | 11, rue Laurier, Phase III, Place du Portage | 11, rue Laurier, Phase III, Place du Portage"
all_canadabuys_tender_notices_2022_08_08_onwards.csv,contractingEntityAddressLine-ligneAdresseEntiteContractante-fra,text,97.2,Buyer Intelligence,"Supports department profiles, buyer segmentation, and procurement behavior.",Department Scorecards; Buyer Targeting; Government Account Intelligence,10,10,high,"150 Slater | 3 Place Ville-Marie, Suite 500 | 175 Western Parkway, Suite 100 | 175 Western Parkway, Suite 100 | 175 Western Parkway, Suite 100 | 175 Western Parkway, Suite 100 | 175 Western Parkway, Suite 100 | Address pending | Address pending | Address pending"
archived_2009_2022_legacy_tender_notices.csv,contractingEntityAddressLine-ligneAdresseEntiteContractante-fra,text,97.3,Buyer Intelligence,"Supports department profiles, buyer segmentation, and procurement behavior.",Department Scorecards; Buyer Targeting; Government Account Intelligence,10,10,high,"200, rue Kent, station 13E228 | 30, rue Victoria | 200, rue Kent, station 13E228 | 1341, chemin Baseline | 11, rue Laurier, Phase III, Place du Portage | Constitution Square, 19e étage, 350, rue Albert | Constitution Square, 19e étage, 350, rue Albert | 73, promenade Leikin | 73, promenade Leikin | 11, rue Laurier, Phase III, Place du Portage"
all_canadabuys_award_notices_2022_08_08_onwards.csv,contractingEntityAddressPostalCode-entiteContractanteAdresseCodePostal,text,100.0,Buyer Intelligence,"Supports department profiles, buyer segmentation, and procurement behavior.",Department Scorecards; Buyer Targeting; Government Account Intelligence,10,10,high,S4P 4L3 | S4P 4L3 | S4P 4L3 | S4P 4L3 | S4P 4L3 | S4P 4L3 | S4P 4L3 | S4P 4L3 | S4P 4L3 | S4P 4L3
legacy_award_notices_2012_to_2022_08_prior_to_canadabuys.csv,contractingEntityAddressPostalCode-entiteContractanteAdresseCodePostal,text,100.0,Buyer Intelligence,"Supports department profiles, buyer segmentation, and procurement behavior.",Department Scorecards; Buyer Targeting; Government Account Intelligence,10,10,high,K1A 0S5 | K1A 0S5 | K1A 0S5 | K1A 0S5 | K1A 0S5 | K1A 0S5 | K1A 0S5 | K1A 0S5 | K1A 0S5 | K1A 0S5
all_canadabuys_tender_notices_2022_08_08_onwards.csv,contractingEntityAddressPostalCode-entiteContractanteAdresseCodePostal,text,97.2,Buyer Intelligence,"Supports department profiles, buyer segmentation, and procurement behavior.",Department Scorecards; Buyer Targeting; Government Account Intelligence,10,10,high,K1A 1K3 | H3B 2C9 | B4B 0V1 | B4B 0V1 | B4B 0V1 | B4B 0V1 | B4B 0V1 | V8W 2M6 | V8W 2M6 | V8W 2M6
archived_2009_2022_legacy_tender_notices.csv,contractingEntityAddressPostalCode-entiteContractanteAdresseCodePostal,text,97.3,Buyer Intelligence,"Supports department profiles, buyer segmentation, and procurement behavior.",Department Scorecards; Buyer Targeting; Government Account Intelligence,10,10,high,K1A 0E6 | J8X 0B3 | K1A 0E6 | K1A0C5 | K1A 0S5 | K1A 0K3 | K1A 0K3 | K1AOR2 | K1AOR2 | K1A 0S5
all_canadabuys_award_notices_2022_08_08_onwards.csv,contractingEntityAddressProvince-entiteContractanteAdresseProvince-eng,text,100.0,Buyer Intelligence,"Supports department profiles, buyer segmentation, and procurement behavior.",Department Scorecards; Buyer Targeting; Government Account Intelligence,10,10,high,Saskatchewan | Saskatchewan | Saskatchewan | Saskatchewan | Saskatchewan | Saskatchewan | Saskatchewan | Saskatchewan | Saskatchewan | Saskatchewan
legacy_award_notices_2012_to_2022_08_prior_to_canadabuys.csv,contractingEntityAddressProvince-entiteContractanteAdresseProvince-eng,text,100.0,Buyer Intelligence,"Supports department profiles, buyer segmentation, and procurement behavior.",Department Scorecards; Buyer Targeting; Government Account Intelligence,10,10,high,Quebec | Quebec | Quebec | Quebec | Quebec | Quebec | Quebec | Quebec | Quebec | Quebec
all_canadabuys_tender_notices_2022_08_08_onwards.csv,contractingEntityAddressProvince-entiteContractanteAdresseProvince-eng,text,97.2,Buyer Intelligence,"Supports department profiles, buyer segmentation, and procurement behavior.",Department Scorecards; Buyer Targeting; Government Account Intelligence,10,10,high,Ontario | Quebec | Nova Scotia | Nova Scotia | Nova Scotia | Nova Scotia | Nova Scotia | British Columbia | British Columbia | British Columbia
archived_2009_2022_legacy_tender_notices.csv,contractingEntityAddressProvince-entiteContractanteAdresseProvince-eng,text,97.3,Buyer Intelligence,"Supports department profiles, buyer segmentation, and procurement behavior.",Department Scorecards; Buyer Targeting; Government Account Intelligence,10,10,high,Ontario | Quebec | Ontario | Ontario | Quebec | Ontario | Ontario | Ontario | Ontario | Quebec
all_canadabuys_award_notices_2022_08_08_onwards.csv,contractingEntityAddressProvince-entiteContractanteAdresseProvince-fra,text,100.0,Buyer Intelligence,"Supports department profiles, buyer segmentation, and procurement behavior.",Department Scorecards; Buyer Targeting; Government Account Intelligence,10,10,high,Saskatchewan | Saskatchewan | Saskatchewan | Saskatchewan | Saskatchewan | Saskatchewan | Saskatchewan | Saskatchewan | Saskatchewan | Saskatchewan
legacy_award_notices_2012_to_2022_08_prior_to_canadabuys.csv,contractingEntityAddressProvince-entiteContractanteAdresseProvince-fra,text,100.0,Buyer Intelligence,"Supports department profiles, buyer segmentation, and procurement behavior.",Department Scorecards; Buyer Targeting; Government Account Intelligence,10,10,high,Québec | Québec | Québec | Québec | Québec | Québec | Québec | Québec | Québec | Québec
all_canadabuys_tender_notices_2022_08_08_onwards.csv,contractingEntityAddressProvince-entiteContractanteAdresseProvince-fra,text,97.2,Buyer Intelligence,"Supports department profiles, buyer segmentation, and procurement behavior.",Department Scorecards; Buyer Targeting; Government Account Intelligence,10,10,high,Ontario | Québec | Nouvelle-Écosse | Nouvelle-Écosse | Nouvelle-Écosse | Nouvelle-Écosse | Nouvelle-Écosse | Colombie Britannique | Colombie Britannique | Colombie Britannique
archived_2009_2022_legacy_tender_notices.csv,contractingEntityAddressProvince-entiteContractanteAdresseProvince-fra,text,97.3,Buyer Intelligence,"Supports department profiles, buyer segmentation, and procurement behavior.",Department Scorecards; Buyer Targeting; Government Account Intelligence,10,10,high,Ontario | Québec | Ontario | Ontario | Québec | Ontario | Ontario | Ontario | Ontario | Québec
all_canadabuys_award_notices_2022_08_08_onwards.csv,contractingEntityName-nomEntitContractante-eng,text,100.0,Buyer Intelligence,"Supports department profiles, buyer segmentation, and procurement behavior.",Department Scorecards; Buyer Targeting; Government Account Intelligence,10,10,high,Farm Credit Canada (FCC) | Farm Credit Canada (FCC) | Farm Credit Canada (FCC) | Farm Credit Canada (FCC) | Farm Credit Canada (FCC) | Farm Credit Canada (FCC) | Farm Credit Canada (FCC) | Farm Credit Canada (FCC) | Farm Credit Canada (FCC) | Farm Credit Canada (FCC)
legacy_award_notices_2012_to_2022_08_prior_to_canadabuys.csv,contractingEntityName-nomEntitContractante-eng,text,100.0,Buyer Intelligence,"Supports department profiles, buyer segmentation, and procurement behavior.",Department Scorecards; Buyer Targeting; Government Account Intelligence,10,10,high,Public Works and Government Services Canada | Public Works and Government Services Canada | Public Works and Government Services Canada | Public Works and Government Services Canada | Public Works and Government Services Canada | Public Works and Government Services Canada | Public Works and Government Services Canada | Public Works and Government Services Canada | Public Works and Government Services Canada | Public Works and Government Services Canada
all_canadabuys_contract_history_2023_06_01_onwards.csv,contractingEntityName-nomEntitContractante-eng,text,100.0,Buyer Intelligence,"Supports department profiles, buyer segmentation, and procurement behavior.",Department Scorecards; Buyer Targeting; Government Account Intelligence,10,10,high,Public Works and Government Services Canada | Public Works and Government Services Canada | Public Works and Government Services Canada | Public Works and Government Services Canada | Public Works and Government Services Canada | Public Works and Government Services Canada | Public Works and Government Services Canada | Public Works and Government Services Canada | Public Works and Government Services Canada | Public Works and Government Services Canada
legacy_contract_history_2009_01_to_2023_05_prior_to_canadabuys.csv,contractingEntityName-nomEntitContractante-eng,text,100.0,Buyer Intelligence,"Supports department profiles, buyer segmentation, and procurement behavior.",Department Scorecards; Buyer Targeting; Government Account Intelligence,10,10,high,Public Works and Government Services Canada | Public Works and Government Services Canada | Public Works and Government Services Canada | Public Works and Government Services Canada | Public Works and Government Services Canada | Public Works and Government Services Canada | Public Works and Government Services Canada | Public Works and Government Services Canada | Public Works and Government Services Canada | Public Works and Government Services Canada
all_canadabuys_tender_notices_2022_08_08_onwards.csv,contractingEntityName-nomEntitContractante-eng,text,100.0,Buyer Intelligence,"Supports department profiles, buyer segmentation, and procurement behavior.",Department Scorecards; Buyer Targeting; Government Account Intelligence,10,10,high,Export Development Canada - EDC | VIA Rail Canada Inc. | Defence Construction Canada - Atlantic Region | Defence Construction Canada - Atlantic Region | Defence Construction Canada - Atlantic Region | Defence Construction Canada - Atlantic Region | Defence Construction Canada - Atlantic Region | Defence Construction Canada - Pacific Region | Defence Construction Canada - Pacific Region | Defence Construction Canada - Pacific Region
archived_2009_2022_legacy_tender_notices.csv,contractingEntityName-nomEntitContractante-eng,text,100.0,Buyer Intelligence,"Supports department profiles, buyer segmentation, and procurement behavior.",Department Scorecards; Buyer Targeting; Government Account Intelligence,10,10,high,Fisheries and Oceans Canada | Parks Canada | Fisheries and Oceans Canada | Agriculture and Agri-Food Canada | Public Works and Government Services Canada | Defence Construction Canada | Defence Construction Canada | Royal Canadian Mounted Police | Royal Canadian Mounted Police | Public Works and Government Services Canada
all_canadabuys_award_notices_2022_08_08_onwards.csv,contractingEntityName-nomEntitContractante-fra,text,100.0,Buyer Intelligence,"Supports department profiles, buyer segmentation, and procurement behavior.",Department Scorecards; Buyer Targeting; Government Account Intelligence,10,10,high,Farm Credit Canada (FCC) | Farm Credit Canada (FCC) | Farm Credit Canada (FCC) | Farm Credit Canada (FCC) | Farm Credit Canada (FCC) | Farm Credit Canada (FCC) | Farm Credit Canada (FCC) | Farm Credit Canada (FCC) | Farm Credit Canada (FCC) | Farm Credit Canada (FCC)
legacy_award_notices_2012_to_2022_08_prior_to_canadabuys.csv,contractingEntityName-nomEntitContractante-fra,text,100.0,Buyer Intelligence,"Supports department profiles, buyer segmentation, and procurement behavior.",Department Scorecards; Buyer Targeting; Government Account Intelligence,10,10,high,Travaux publics et Services gouvernementaux Canada | Travaux publics et Services gouvernementaux Canada | Travaux publics et Services gouvernementaux Canada | Travaux publics et Services gouvernementaux Canada | Travaux publics et Services gouvernementaux Canada | Travaux publics et Services gouvernementaux Canada | Travaux publics et Services gouvernementaux Canada | Travaux publics et Services gouvernementaux Canada | Travaux publics et Services gouvernementaux Canada | Travaux publics et Services gouvernementaux Canada
all_canadabuys_contract_history_2023_06_01_onwards.csv,contractingEntityName-nomEntitContractante-fra,text,100.0,Buyer Intelligence,"Supports department profiles, buyer segmentation, and procurement behavior.",Department Scorecards; Buyer Targeting; Government Account Intelligence,10,10,high,Travaux publics et Services gouvernementaux Canada | Travaux publics et Services gouvernementaux Canada | Travaux publics et Services gouvernementaux Canada | Travaux publics et Services gouvernementaux Canada | Travaux publics et Services gouvernementaux Canada | Travaux publics et Services gouvernementaux Canada | Travaux publics et Services gouvernementaux Canada | Travaux publics et Services gouvernementaux Canada | Travaux publics et Services gouvernementaux Canada | Travaux publics et Services gouvernementaux Canada
legacy_contract_history_2009_01_to_2023_05_prior_to_canadabuys.csv,contractingEntityName-nomEntitContractante-fra,text,100.0,Buyer Intelligence,"Supports department profiles, buyer segmentation, and procurement behavior.",Department Scorecards; Buyer Targeting; Government Account Intelligence,10,10,high,Travaux publics et Services gouvernementaux Canada | Travaux publics et Services gouvernementaux Canada | Travaux publics et Services gouvernementaux Canada | Travaux publics et Services gouvernementaux Canada | Travaux publics et Services gouvernementaux Canada | Travaux publics et Services gouvernementaux Canada | Travaux publics et Services gouvernementaux Canada | Travaux publics et Services gouvernementaux Canada | Travaux publics et Services gouvernementaux Canada | Travaux publics et Services gouvernementaux Canada
all_canadabuys_tender_notices_2022_08_08_onwards.csv,contractingEntityName-nomEntitContractante-fra,text,100.0,Buyer Intelligence,"Supports department profiles, buyer segmentation, and procurement behavior.",Department Scorecards; Buyer Targeting; Government Account Intelligence,10,10,high,Export Development Canada - EDC | VIA Rail Canada Inc. | Defence Construction Canada - Atlantic Region | Defence Construction Canada - Atlantic Region | Defence Construction Canada - Atlantic Region | Defence Construction Canada - Atlantic Region | Defence Construction Canada - Atlantic Region | Defence Construction Canada - Pacific Region | Defence Construction Canada - Pacific Region | Defence Construction Canada - Pacific Region
archived_2009_2022_legacy_tender_notices.csv,contractingEntityName-nomEntitContractante-fra,text,100.0,Buyer Intelligence,"Supports department profiles, buyer segmentation, and procurement behavior.",Department Scorecards; Buyer Targeting; Government Account Intelligence,10,10,high,Pêches et Océans Canada | Parcs Canada | Pêches et Océans Canada | Agriculture et Agroalimentaire Canada | Travaux publics et Services gouvernementaux Canada | Construction de Défense Canada | Construction de Défense Canada | Gendarmerie royale du Canada | Gendarmerie royale du Canada | Travaux publics et Services gouvernementaux Canada
legacy_award_notices_2012_to_2022_08_prior_to_canadabuys.csv,gsin-nibs,text,100.0,Category Market Intelligence,Classifies what government buys and which sectors are active.,Category Market Reports; Industry Demand Tracker; Supplier Segment Intelligence,10,10,high,*N7030 | *N7030 | *N7030 | *N7030 | *N7030 | *N6695 | *D302A | *D302A | *D302A | *D302A
legacy_contract_history_2009_01_to_2023_05_prior_to_canadabuys.csv,gsin-nibs,text,100.0,Category Market Intelligence,Classifies what government buys and which sectors are active.,Category Market Reports; Industry Demand Tracker; Supplier Segment Intelligence,10,10,high,*R019E | *R019E | *R019E | *R019E | *R019E | *R019E | *R019E | *R019E | *R019E | *R019E
all_canadabuys_tender_notices_2022_08_08_onwards.csv,gsin-nibs,text,95.2,Category Market Intelligence,Classifies what government buys and which sectors are active.,Category Market Reports; Industry Demand Tracker; Supplier Segment Intelligence,10,10,high,*5111A | *5111A | *5111A | *5111A | *5111A | *5111A | *5111A | *5111A | *5111A | *5111A
archived_2009_2022_legacy_tender_notices.csv,gsin-nibs,text,100.0,Category Market Intelligence,Classifies what government buys and which sectors are active.,Category Market Reports; Industry Demand Tracker; Supplier Segment Intelligence,10,10,high,*5112B | *5112B | *5112B | *5112B | *5112B | *5112B | *5112B | *5112B | *5112B | *5112B
legacy_award_notices_2012_to_2022_08_prior_to_canadabuys.csv,gsinDescription-nibsDescription-eng,text,100.0,Category Market Intelligence,Classifies what government buys and which sectors are active.,Category Market Reports; Industry Demand Tracker; Supplier Segment Intelligence,10,10,high,*ADP Software | *ADP Software | *ADP Software | *ADP Software | *ADP Software | *Combination and Miscellaneous Instruments | *Informatics Professional Services | *Informatics Professional Services | *Informatics Professional Services | *Informatics Professional Services
legacy_contract_history_2009_01_to_2023_05_prior_to_canadabuys.csv,gsinDescription-nibsDescription-eng,text,100.0,Category Market Intelligence,Classifies what government buys and which sectors are active.,Category Market Reports; Industry Demand Tracker; Supplier Segment Intelligence,10,10,high,*Business Services | *Business Services | *Business Services | *Business Services | *Business Services | *Business Services | *Business Services | *Business Services | *Business Services | *Business Services
all_canadabuys_tender_notices_2022_08_08_onwards.csv,gsinDescription-nibsDescription-eng,text,95.2,Category Market Intelligence,Classifies what government buys and which sectors are active.,Category Market Reports; Industry Demand Tracker; Supplier Segment Intelligence,10,10,high,*Construction Site Planning | *Construction Site Planning | *Construction Site Planning | *Construction Site Planning | *Construction Site Planning | *Construction Site Planning | *Construction Site Planning | *Construction Site Planning | *Construction Site Planning | *Construction Site Planning
archived_2009_2022_legacy_tender_notices.csv,gsinDescription-nibsDescription-eng,text,100.0,Category Market Intelligence,Classifies what government buys and which sectors are active.,Category Market Reports; Industry Demand Tracker; Supplier Segment Intelligence,10,10,high,*Demolition Work | *Demolition Work | *Demolition Work | *Demolition Work | *Demolition Work | *Demolition Work | *Demolition Work | *Demolition Work | *Demolition Work | *Demolition Work
legacy_award_notices_2012_to_2022_08_prior_to_canadabuys.csv,gsinDescription-nibsDescription-fra,text,100.0,Category Market Intelligence,Classifies what government buys and which sectors are active.,Category Market Reports; Industry Demand Tracker; Supplier Segment Intelligence,10,10,high,"*Logiciel TAI | *Logiciel TAI | *Logiciel TAI | *Logiciel TAI | *Logiciel TAI | *Combinaisons et instruments divers | *Services professionnels, informatique | *Services professionnels, informatique | *Services professionnels, informatique | *Services professionnels, informatique"
legacy_contract_history_2009_01_to_2023_05_prior_to_canadabuys.csv,gsinDescription-nibsDescription-fra,text,100.0,Category Market Intelligence,Classifies what government buys and which sectors are active.,Category Market Reports; Industry Demand Tracker; Supplier Segment Intelligence,10,10,high,*Services commerciaux | *Services commerciaux | *Services commerciaux | *Services commerciaux | *Services commerciaux | *Services commerciaux | *Services commerciaux | *Services commerciaux | *Services commerciaux | *Services commerciaux
all_canadabuys_tender_notices_2022_08_08_onwards.csv,gsinDescription-nibsDescription-fra,text,95.2,Category Market Intelligence,Classifies what government buys and which sectors are active.,Category Market Reports; Industry Demand Tracker; Supplier Segment Intelligence,10,10,high,*Planification de chantier de construction | *Planification de chantier de construction | *Planification de chantier de construction | *Planification de chantier de construction | *Planification de chantier de construction | *Planification de chantier de construction | *Planification de chantier de construction | *Planification de chantier de construction | *Planification de chantier de construction | *Planification de chantier de construction
archived_2009_2022_legacy_tender_notices.csv,gsinDescription-nibsDescription-fra,text,100.0,Category Market Intelligence,Classifies what government buys and which sectors are active.,Category Market Reports; Industry Demand Tracker; Supplier Segment Intelligence,10,10,high,*Travaux de démolition | *Travaux de démolition | *Travaux de démolition | *Travaux de démolition | *Travaux de démolition | *Travaux de démolition | *Travaux de démolition | *Travaux de démolition | *Travaux de démolition | *Travaux de démolition
legacy_award_notices_2012_to_2022_08_prior_to_canadabuys.csv,contactInfoAddressLine-contactInfoAdresseLigne-eng,text,100.0,Relationship Intelligence,Identifies procurement contacts and buyer access points.,Buyer Contact Intelligence; BD Targeting Database; Capture Manager Lead Feed,10,10,high,101 COLONEL BY DR. | 101 COLONEL BY DR. | BLDG 29 RECEIVING<br>3701 CARLING AVE | ATTN DGMEPM NP - DMARP<br>101 COLONEL BY DR. | 101 COLONEL BY DR. | PDV TWR C FL.25G<br>330 SPARKS ST | PORTAGE IV 1ST FL.<br>140 PROMENADE DU PORTAGE | 101 COLONEL BY DR. | 101 COLONEL BY DR. | 101 COLONEL BY DR.
all_canadabuys_tender_notices_2022_08_08_onwards.csv,contactInfoAddressLine-contactInfoAdresseLigne-eng,text,82.3,Relationship Intelligence,Identifies procurement contacts and buyer access points.,Buyer Contact Intelligence; BD Targeting Database; Capture Manager Lead Feed,10,10,high,180 Kent St 180 Kent St | 325781 fake street | 325781 fake street | 325781 fake street | 325781 fake street | 325781 fake street | 325781 fake street | 325781 fake street | 325781 fake street | 325781 fake street
archived_2009_2022_legacy_tender_notices.csv,contactInfoAddressLine-contactInfoAdresseLigne-eng,text,95.2,Relationship Intelligence,Identifies procurement contacts and buyer access points.,Buyer Contact Intelligence; BD Targeting Database; Capture Manager Lead Feed,10,10,high,"200 Kent Street, 9S021 | 1300- 635 8 Ave SW | 301 Bishop Drive | 2010 12th Avenue, Room 300 | 189 Prince William Street<br>Room 405 | 350 Albert St | 350 Albert St | 5600 11th Ave | 5600 11th Ave | ATB Place North Tower<br>10025 Jasper Ave./10025 ave Jasper<br>5th floor/5e étage"
legacy_award_notices_2012_to_2022_08_prior_to_canadabuys.csv,contactInfoAddressLine-contactInfoAdresseLigne-fra,text,100.0,Relationship Intelligence,Identifies procurement contacts and buyer access points.,Buyer Contact Intelligence; BD Targeting Database; Capture Manager Lead Feed,10,10,high,101 COLONEL BY DR. | 101 COLONEL BY DR. | BLDG 29 RECEIVING<br>3701 CARLING AVE | ATTN DGMEPM NP - DMARP<br>101 COLONEL BY DR. | 101 COLONEL BY DR. | PDV TWR C FL.25G<br>330 SPARKS ST | PORTAGE IV 1ST FL.<br>140 PROMENADE DU PORTAGE | 101 COLONEL BY DR. | 101 COLONEL BY DR. | 101 COLONEL BY DR.
all_canadabuys_tender_notices_2022_08_08_onwards.csv,contactInfoAddressLine-contactInfoAdresseLigne-fra,text,82.3,Relationship Intelligence,Identifies procurement contacts and buyer access points.,Buyer Contact Intelligence; BD Targeting Database; Capture Manager Lead Feed,10,10,high,180 Kent St 180 Kent St Ontario<br>K1P 1B6<br>CANADA | 325781 fake street | 325781 fake street | 325781 fake street | 325781 fake street | 325781 fake street | 325781 fake street | 325781 fake street | 325781 fake street | 325781 fake street
archived_2009_2022_legacy_tender_notices.csv,contactInfoAddressLine-contactInfoAdresseLigne-fra,text,95.2,Relationship Intelligence,Identifies procurement contacts and buyer access points.,Buyer Contact Intelligence; BD Targeting Database; Capture Manager Lead Feed,10,10,high,"200 Kent Street, 9S021 | 1300- 635 8 Ave SW | 301 Bishop Drive | 2010 12th Avenue, Room 300 | 189 Prince William Street<br>Room 405 | 350 Albert St | 350 Albert St | 5600 11th Ave | 5600 11th Ave | ATB Place North Tower<br>10025 Jasper Ave./10025 ave Jasper<br>5th floor/5e étage"
legacy_award_notices_2012_to_2022_08_prior_to_canadabuys.csv,contactInfoCity-contacterInfoVille-eng,text,100.0,Relationship Intelligence,Identifies procurement contacts and buyer access points.,Buyer Contact Intelligence; BD Targeting Database; Capture Manager Lead Feed,10,10,high,OTTAWA | OTTAWA | OTTAWA | OTTAWA | OTTAWA | OTTAWA | GATINEAU | OTTAWA | OTTAWA | OTTAWA
archived_2009_2022_legacy_tender_notices.csv,contactInfoCity-contacterInfoVille-eng,text,94.0,Relationship Intelligence,Identifies procurement contacts and buyer access points.,Buyer Contact Intelligence; BD Targeting Database; Capture Manager Lead Feed,10,10,high,Ottawa | Calgary | Fredericton | Regina | Saint John | Ottawa | Ottawa | Regina | Regina | Edmonton
legacy_award_notices_2012_to_2022_08_prior_to_canadabuys.csv,contactInfoCity-contacterInfoVille-fra,text,100.0,Relationship Intelligence,Identifies procurement contacts and buyer access points.,Buyer Contact Intelligence; BD Targeting Database; Capture Manager Lead Feed,10,10,high,OTTAWA | OTTAWA | OTTAWA | OTTAWA | OTTAWA | OTTAWA | GATINEAU | OTTAWA | OTTAWA | OTTAWA
archived_2009_2022_legacy_tender_notices.csv,contactInfoCity-contacterInfoVille-fra,text,94.0,Relationship Intelligence,Identifies procurement contacts and buyer access points.,Buyer Contact Intelligence; BD Targeting Database; Capture Manager Lead Feed,10,10,high,Ottawa | Calgary | Fredericton | Regina | Saint John | Ottawa | Ottawa | Regina | Regina | Edmonton
legacy_award_notices_2012_to_2022_08_prior_to_canadabuys.csv,contactInfoCountry-contactInfoPays-eng,text,100.0,Relationship Intelligence,Identifies procurement contacts and buyer access points.,Buyer Contact Intelligence; BD Targeting Database; Capture Manager Lead Feed,10,10,high,CAN | CAN | CAN | CAN | CAN | CAN | CAN | CAN | CAN | CAN
legacy_award_notices_2012_to_2022_08_prior_to_canadabuys.csv,contactInfoCountry-contactInfoPays-fra,text,100.0,Relationship Intelligence,Identifies procurement contacts and buyer access points.,Buyer Contact Intelligence; BD Targeting Database; Capture Manager Lead Feed,10,10,high,CAN | CAN | CAN | CAN | CAN | CAN | CAN | CAN | CAN | CAN
all_canadabuys_award_notices_2022_08_08_onwards.csv,contactInfoEmail-informationsContactCourriel,text,100.0,Relationship Intelligence,Identifies procurement contacts and buyer access points.,Buyer Contact Intelligence; BD Targeting Database; Capture Manager Lead Feed,10,10,high,procurement@fcc.ca | procurement@fcc.ca | procurement@fcc.ca | procurement@fcc.ca | procurement@fcc.ca | procurement@fcc.ca | procurement@fcc.ca | procurement@fcc.ca | procurement@fcc.ca | procurement@fcc.ca
all_canadabuys_tender_notices_2022_08_08_onwards.csv,contactInfoEmail-informationsContactCourriel,text,84.8,Relationship Intelligence,Identifies procurement contacts and buyer access points.,Buyer Contact Intelligence; BD Targeting Database; Capture Manager Lead Feed,10,10,high,solicitations@edc.ca | aime_azol@viarail.ca | andre.champagne@dcc-cdc.gc.ca | andre.champagne@dcc-cdc.gc.ca | andre.champagne@dcc-cdc.gc.ca | andre.champagne@dcc-cdc.gc.ca | andre.champagne@dcc-cdc.gc.ca | andre.champagne@dcc-cdc.gc.ca | andre.champagne@dcc-cdc.gc.ca | andre.champagne@dcc-cdc.gc.ca
all_canadabuys_award_notices_2022_08_08_onwards.csv,contactInfoName-informationsContactNom,text,100.0,Relationship Intelligence,Identifies procurement contacts and buyer access points.,Buyer Contact Intelligence; BD Targeting Database; Capture Manager Lead Feed,10,10,high,Adam Gottselig | Adam Gottselig | Adam Gottselig | Adam Gottselig | Adam Gottselig | Adam Gottselig | Adam Gottselig | Adam Gottselig | Adam Gottselig | Adam Gottselig
legacy_award_notices_2012_to_2022_08_prior_to_canadabuys.csv,contactInfoName-informationsContactNom,text,100.0,Relationship Intelligence,Identifies procurement contacts and buyer access points.,Buyer Contact Intelligence; BD Targeting Database; Capture Manager Lead Feed,10,10,high,DEPARTMENT OF NATIONAL DEFENCE | DEPARTMENT OF NATIONAL DEFENCE | DEPARTMENT OF NATIONAL DEFENCE | DEPARTMENT OF NATIONAL DEFENCE | DEPARTMENT OF NATIONAL DEFENCE | TRANSPORT CANADA | HUMAN RESOURCES AND SKILLS DEVELOPMENT CANADA | DEPARTMENT OF NATIONAL DEFENCE | DEPARTMENT OF NATIONAL DEFENCE | DEPARTMENT OF NATIONAL DEFENCE
all_canadabuys_tender_notices_2022_08_08_onwards.csv,contactInfoName-informationsContactNom,text,99.7,Relationship Intelligence,Identifies procurement contacts and buyer access points.,Buyer Contact Intelligence; BD Targeting Database; Capture Manager Lead Feed,10,10,high,Afza Maknojia | Aimé Azol | Andre Champagne | Andre Champagne | Andre Champagne | Andre Champagne | Andre Champagne | Andre Champagne | Andre Champagne | Andre Champagne
archived_2009_2022_legacy_tender_notices.csv,contactInfoName-informationsContactNom,text,99.8,Relationship Intelligence,Identifies procurement contacts and buyer access points.,Buyer Contact Intelligence; BD Targeting Database; Capture Manager Lead Feed,10,10,high,"Arsene, Lara | Chen, Rebecca | Chessie, Denise | Collinge, Colby | DeGrace, Marc(PWB) | Eid, Amanda | Eid, Amanda | Hengen, Teresa | Hengen, Teresa | Ho (RPC), Hector"
all_canadabuys_award_notices_2022_08_08_onwards.csv,contactInfoPhone-contactInfoTelephone,text,90.4,Relationship Intelligence,Identifies procurement contacts and buyer access points.,Buyer Contact Intelligence; BD Targeting Database; Capture Manager Lead Feed,10,10,high,000-000-0000 | 000-000-0000 | 000-000-0000 | 000-000-0000 | 000-000-0000 | 000-000-0000 | 000-000-0000 | 000-000-0000 | 000-000-0000 | 000-000-0000
archived_2009_2022_legacy_tender_notices.csv,contactInfoPhone-contactInfoTelephone,text,95.9,Relationship Intelligence,Identifies procurement contacts and buyer access points.,Buyer Contact Intelligence; BD Targeting Database; Capture Manager Lead Feed,10,10,high,613-949-9160 | 403-292-8509 | 506-238-1308 | 306-523-6546 | (506) 851-2325 (    ) | 613-993-2243 | 613-993-2243 | 639-625-3449 | 639-625-3449 | (780) 497-3543 (    )
legacy_award_notices_2012_to_2022_08_prior_to_canadabuys.csv,contactInfoPostalcode,text,100.0,Relationship Intelligence,Identifies procurement contacts and buyer access points.,Buyer Contact Intelligence; BD Targeting Database; Capture Manager Lead Feed,10,10,high,K1A0K2 | K1A0K2 | K1A0Z4 | K1A0K2 | K1A0K2 | K1A0N5 | K1A0J9 | K1A0K2 | K1A0K2 | K1A0K2
archived_2009_2022_legacy_tender_notices.csv,contactInfoPostalcode,text,94.9,Relationship Intelligence,Identifies procurement contacts and buyer access points.,Buyer Contact Intelligence; BD Targeting Database; Capture Manager Lead Feed,10,10,high,K1A 0E6 | T2P 3M3 | E3C 2M6 | S4P 0M3 | E2L 2B9 | K1A 0K3 | K1A 0K3 | S4P 3J7 | S4P 3J7 | T5J 1S6
legacy_award_notices_2012_to_2022_08_prior_to_canadabuys.csv,contactInfoProvince-contacterInfoProvince-eng,text,100.0,Relationship Intelligence,Identifies procurement contacts and buyer access points.,Buyer Contact Intelligence; BD Targeting Database; Capture Manager Lead Feed,10,10,high,ON | ON | ON | ON | ON | ON | QC | ON | ON | ON
archived_2009_2022_legacy_tender_notices.csv,contactInfoProvince-contacterInfoProvince-eng,text,94.8,Relationship Intelligence,Identifies procurement contacts and buyer access points.,Buyer Contact Intelligence; BD Targeting Database; Capture Manager Lead Feed,10,10,high,ON | AB | NB | SK | New Bruns | ON | ON | SK | SK | Alberta
legacy_award_notices_2012_to_2022_08_prior_to_canadabuys.csv,contactInfoProvince-contacterInfoProvince-fra,text,100.0,Relationship Intelligence,Identifies procurement contacts and buyer access points.,Buyer Contact Intelligence; BD Targeting Database; Capture Manager Lead Feed,10,10,high,ON | ON | ON | ON | ON | ON | QC | ON | ON | ON
archived_2009_2022_legacy_tender_notices.csv,contactInfoProvince-contacterInfoProvince-fra,text,94.8,Relationship Intelligence,Identifies procurement contacts and buyer access points.,Buyer Contact Intelligence; BD Targeting Database; Capture Manager Lead Feed,10,10,high,ON | AB | NB | SK | New Bruns | ON | ON | SK | SK | Alberta
all_canadabuys_award_notices_2022_08_08_onwards.csv,contractAmount-montantContrat,numeric,100.0,Spend Intelligence,"Supports spend ranking, market sizing, and market share.",Market Share Reports; Spending Benchmarks; Supplier Revenue Exposure,10,10,high,215000.0 | 1500000.0 | 250000.0 | 1500000.0 | 1.0 | 1500000.0 | 1500000.0 | 1500000.0 | 1250000.0 | 1250000.0
legacy_award_notices_2012_to_2022_08_prior_to_canadabuys.csv,contractAmount-montantContrat,numeric,100.0,Spend Intelligence,"Supports spend ranking, market sizing, and market share.",Market Share Reports; Spending Benchmarks; Supplier Revenue Exposure,10,10,high,503756.03 | 203400.0 | 141250.0 | 209050.0 | 31696.5 | 84750.0 | 966150.0 | 3223781.68 | 2555998.32 | 366662.4
all_canadabuys_contract_history_2023_06_01_onwards.csv,contractAmount-montantContrat,numeric,100.0,Spend Intelligence,"Supports spend ranking, market sizing, and market share.",Market Share Reports; Spending Benchmarks; Supplier Revenue Exposure,10,10,high,366870.0 | 18576135.0 | 549180.0 | 595000.0 | 148940954.0 | 3675000.0 | 8000914.0 | 8814750.0 | 3741746400.0 | 340667.0
legacy_contract_history_2009_01_to_2023_05_prior_to_canadabuys.csv,contractAmount-montantContrat,numeric,100.0,Spend Intelligence,"Supports spend ranking, market sizing, and market share.",Market Share Reports; Spending Benchmarks; Supplier Revenue Exposure,10,10,high,0.0 | 0.0 | 0.0 | 0.0 | 0.0 | 0.0 | 0.0 | 0.0 | 0.0 | 0.0
all_canadabuys_award_notices_2022_08_08_onwards.csv,totalContractValue-valeurTotaleContrat,numeric,99.1,Spend Intelligence,"Supports spend ranking, market sizing, and market share.",Market Share Reports; Spending Benchmarks; Supplier Revenue Exposure,10,10,high,0.0 | 0.0 | 0.0 | 0.0 | 0.0 | 0.0 | 0.0 | 0.0 | 0.0 | 0.0
all_canadabuys_contract_history_2023_06_01_onwards.csv,totalContractValue-valeurTotaleContrat,numeric,100.0,Spend Intelligence,"Supports spend ranking, market sizing, and market share.",Market Share Reports; Spending Benchmarks; Supplier Revenue Exposure,10,10,high,366870.0 | 18576135.0 | 549180.0 | 595000.0 | 103130475.56 | 3675000.0 | 9986482.07 | 12415216.0 | 3741746400.0 | 340667.0
legacy_contract_history_2009_01_to_2023_05_prior_to_canadabuys.csv,totalContractValue-valeurTotaleContrat,numeric,100.0,Spend Intelligence,"Supports spend ranking, market sizing, and market share.",Market Share Reports; Spending Benchmarks; Supplier Revenue Exposure,10,10,high,0.0 | 0.0 | 0.0 | 0.0 | 0.0 | 0.0 | 0.0 | 0.0 | 0.0 | 0.0
all_canadabuys_award_notices_2022_08_08_onwards.csv,supplierAddressCity-fournisseurAdresseVille-eng,text,100.0,Supplier Intelligence,"Supports supplier ranking, market share, geography, and entity resolution.",Supplier Scorecards; Market Share Intelligence; Competitor Tracking,10,10,high,Toronto | Ottawa | Toronto | montreal | Toronto | Ottawa | Ottawa | Ottawa | Saskatoon | Ottawa
legacy_award_notices_2012_to_2022_08_prior_to_canadabuys.csv,supplierAddressCity-fournisseurAdresseVille-eng,text,99.7,Supplier Intelligence,"Supports supplier ranking, market share, geography, and entity resolution.",Supplier Scorecards; Market Share Intelligence; Competitor Tracking,10,10,high,Thornhill | Mississauga | Ottawa | Ottawa | Ottawa | Mississauga | Mississauga | Ottawa | Kanata | Ottawa
all_canadabuys_contract_history_2023_06_01_onwards.csv,supplierAddressCity-fournisseurAdresseVille-eng,text,100.0,Supplier Intelligence,"Supports supplier ranking, market share, geography, and entity resolution.",Supplier Scorecards; Market Share Intelligence; Competitor Tracking,10,10,high,Saskatoon | REDSTONE ARSENAL | Burlington | Ski | Blainville | Ingersoll | Richmond Hill | Toronto | Lévis | Quebec
legacy_contract_history_2009_01_to_2023_05_prior_to_canadabuys.csv,supplierAddressCity-fournisseurAdresseVille-eng,text,100.0,Supplier Intelligence,"Supports supplier ranking, market share, geography, and entity resolution.",Supplier Scorecards; Market Share Intelligence; Competitor Tracking,10,10,high,Ottawa | Orleans | Kanata | Gatineau | Ottawa | Ottawa | Toronto | Westmount | Ottawa | Gatineau
all_canadabuys_award_notices_2022_08_08_onwards.csv,supplierAddressCity-fournisseurAdresseVille-fra,text,100.0,Supplier Intelligence,"Supports supplier ranking, market share, geography, and entity resolution.",Supplier Scorecards; Market Share Intelligence; Competitor Tracking,10,10,high,Toronto | Ottawa | Toronto | montreal | Toronto | Ottawa | Ottawa | Ottawa | Saskatoon | Ottawa
legacy_award_notices_2012_to_2022_08_prior_to_canadabuys.csv,supplierAddressCity-fournisseurAdresseVille-fra,text,99.7,Supplier Intelligence,"Supports supplier ranking, market share, geography, and entity resolution.",Supplier Scorecards; Market Share Intelligence; Competitor Tracking,10,10,high,Thornhill | Mississauga | Ottawa | Ottawa | Ottawa | Mississauga | Mississauga | Ottawa | Kanata | Ottawa
all_canadabuys_contract_history_2023_06_01_onwards.csv,supplierAddressCity-fournisseurAdresseVille-fra,text,100.0,Supplier Intelligence,"Supports supplier ranking, market share, geography, and entity resolution.",Supplier Scorecards; Market Share Intelligence; Competitor Tracking,10,10,high,Saskatoon | REDSTONE ARSENAL | Burlington | Ski | Blainville | Ingersoll | Richmond Hill | Toronto | Lévis | Quebec
legacy_contract_history_2009_01_to_2023_05_prior_to_canadabuys.csv,supplierAddressCity-fournisseurAdresseVille-fra,text,100.0,Supplier Intelligence,"Supports supplier ranking, market share, geography, and entity resolution.",Supplier Scorecards; Market Share Intelligence; Competitor Tracking,10,10,high,Ottawa | Orleans | Kanata | Gatineau | Ottawa | Ottawa | Toronto | Westmount | Ottawa | Gatineau
all_canadabuys_award_notices_2022_08_08_onwards.csv,supplierAddressCountry-fournisseurAdressePays-eng,text,100.0,Supplier Intelligence,"Supports supplier ranking, market share, geography, and entity resolution.",Supplier Scorecards; Market Share Intelligence; Competitor Tracking,10,10,high,Canada | Canada | Canada | Canada | Canada | Canada | Canada | Canada | Canada | Canada
legacy_award_notices_2012_to_2022_08_prior_to_canadabuys.csv,supplierAddressCountry-fournisseurAdressePays-eng,text,99.9,Supplier Intelligence,"Supports supplier ranking, market share, geography, and entity resolution.",Supplier Scorecards; Market Share Intelligence; Competitor Tracking,10,10,high,Canada | Canada | Canada | Canada | Canada | Canada | Canada | Canada | Canada | Canada
all_canadabuys_contract_history_2023_06_01_onwards.csv,supplierAddressCountry-fournisseurAdressePays-eng,text,100.0,Supplier Intelligence,"Supports supplier ranking, market share, geography, and entity resolution.",Supplier Scorecards; Market Share Intelligence; Competitor Tracking,10,10,high,Canada | United States | Canada | Norway | Canada | Canada | Canada | Canada | Canada | Canada
legacy_contract_history_2009_01_to_2023_05_prior_to_canadabuys.csv,supplierAddressCountry-fournisseurAdressePays-eng,text,100.0,Supplier Intelligence,"Supports supplier ranking, market share, geography, and entity resolution.",Supplier Scorecards; Market Share Intelligence; Competitor Tracking,10,10,high,Canada | Canada | Canada | Canada | Canada | Canada | Canada | Canada | Canada | Canada
all_canadabuys_award_notices_2022_08_08_onwards.csv,supplierAddressCountry-fournisseurAdressePays-fra,text,100.0,Supplier Intelligence,"Supports supplier ranking, market share, geography, and entity resolution.",Supplier Scorecards; Market Share Intelligence; Competitor Tracking,10,10,high,Canada | Canada | Canada | Canada | Canada | Canada | Canada | Canada | Canada | Canada
legacy_award_notices_2012_to_2022_08_prior_to_canadabuys.csv,supplierAddressCountry-fournisseurAdressePays-fra,text,99.9,Supplier Intelligence,"Supports supplier ranking, market share, geography, and entity resolution.",Supplier Scorecards; Market Share Intelligence; Competitor Tracking,10,10,high,Canada | Canada | Canada | Canada | Canada | Canada | Canada | Canada | Canada | Canada
all_canadabuys_contract_history_2023_06_01_onwards.csv,supplierAddressCountry-fournisseurAdressePays-fra,text,100.0,Supplier Intelligence,"Supports supplier ranking, market share, geography, and entity resolution.",Supplier Scorecards; Market Share Intelligence; Competitor Tracking,10,10,high,Canada | United States | Canada | Norway | Canada | Canada | Canada | Canada | Canada | Canada
legacy_contract_history_2009_01_to_2023_05_prior_to_canadabuys.csv,supplierAddressCountry-fournisseurAdressePays-fra,text,100.0,Supplier Intelligence,"Supports supplier ranking, market share, geography, and entity resolution.",Supplier Scorecards; Market Share Intelligence; Competitor Tracking,10,10,high,Canada | Canada | Canada | Canada | Canada | Canada | Canada | Canada | Canada | Canada
all_canadabuys_award_notices_2022_08_08_onwards.csv,supplierAddressLine-ligneAdresseFournisseur-eng,text,99.9,Supplier Intelligence,"Supports supplier ranking, market share, geography, and entity resolution.",Supplier Scorecards; Market Share Intelligence; Competitor Tracking,10,10,high,"88 Queens Quay W #3000 | 320 Miwate Private, Suite 604 | 2482 Yonge St | 210 Roland Jeanneau | 110 Cumberland Street, Suite # 307, Toronto, Ontario M5R 3V5, Canada | World Exchange Plaza, 100 Queen Street, Suite 1600 | 150 Elgin Street, Suite 1800 | 99 Bank Street, Suite 710 | 303 Pacific Avenue, Suite 200 | World Exchange Plaza, 100 Queen Street, Suite 1600"
legacy_award_notices_2012_to_2022_08_prior_to_canadabuys.csv,supplierAddressLine-ligneAdresseFournisseur-eng,text,99.8,Supplier Intelligence,"Supports supplier ranking, market share, geography, and entity resolution.",Supplier Scorecards; Market Share Intelligence; Competitor Tracking,10,10,high,"Suite 200<br>50 Minthorn Blvd. | 6705 Millcreek<br>Unit 5 | 43 Auriga Drive, Suite 215 | 38 Colonnade Drive North | 106 Colonnade.<br>Suite 100 | 2055 Flavelle Blvd | 1950 Meadowvale Blvd. | 340 Albert Street<br>16th Floor, Suite 1610 | 400-260 Hearst Way | 151 Slater street<br>Suite 308"
all_canadabuys_contract_history_2023_06_01_onwards.csv,supplierAddressLine-ligneAdresseFournisseur-eng,text,98.5,Supplier Intelligence,"Supports supplier ranking, market share, geography, and entity resolution.",Supplier Scorecards; Market Share Intelligence; Competitor Tracking,10,10,high,"3714 Kinnear Place | 7613 CARDINAL ROAD | 5070 Benson Drive<br>Unit 102 | Glynitveien 15 | 100 rue du Landais | 347 King Street West | 30 Leek Crescent, Suite 301 | 117 George Street | 22 rue George-D.-Davie | 25 Rue du Marche-Champlain<br>Suite 403"
legacy_contract_history_2009_01_to_2023_05_prior_to_canadabuys.csv,supplierAddressLine-ligneAdresseFournisseur-eng,text,100.0,Supplier Intelligence,"Supports supplier ranking, market share, geography, and entity resolution.",Supplier Scorecards; Market Share Intelligence; Competitor Tracking,10,10,high,"150 Elgin Street<br>Suite 1800 | 565 Deancourt | 9 Murphy Court | 23 Père Bériault | 601 Bank Street, suite 200 | 275 Slater St<br>Suite 203, | 218 Wiltshire Ave. | 3500 Boul. de Maisonneuve West<br>2 Place Alexis Nihon, Suite 1290 | 586 windermere ave | 53 boul. St-Raymond, suite 200-A"
all_canadabuys_award_notices_2022_08_08_onwards.csv,supplierAddressLine-ligneAdresseFournisseur-fra,text,99.9,Supplier Intelligence,"Supports supplier ranking, market share, geography, and entity resolution.",Supplier Scorecards; Market Share Intelligence; Competitor Tracking,10,10,high,"88 Queens Quay W #3000 | 320 Miwate Private, Suite 604 | 2482 Yonge St | 210 Roland Jeanneau | 110 Cumberland Street, Suite # 307, Toronto, Ontario M5R 3V5, Canada | World Exchange Plaza, 100 Queen Street, Suite 1600 | 150 Elgin Street, Suite 1800 | 99 Bank Street, Suite 710 | 303 Pacific Avenue, Suite 200 | World Exchange Plaza, 100 Queen Street, Suite 1600"
legacy_award_notices_2012_to_2022_08_prior_to_canadabuys.csv,supplierAddressLine-ligneAdresseFournisseur-fra,text,99.8,Supplier Intelligence,"Supports supplier ranking, market share, geography, and entity resolution.",Supplier Scorecards; Market Share Intelligence; Competitor Tracking,10,10,high,"Suite 200<br>50 Minthorn Blvd. | 6705 Millcreek<br>Unit 5 | 43 Auriga Drive, Suite 215 | 38 Colonnade Drive North | 106 Colonnade.<br>Suite 100 | 2055 Flavelle Blvd | 1950 Meadowvale Blvd. | 340 Albert Street<br>16th Floor, Suite 1610 | 400-260 Hearst Way | 151 Slater street<br>Suite 308"
all_canadabuys_contract_history_2023_06_01_onwards.csv,supplierAddressLine-ligneAdresseFournisseur-fra,text,98.5,Supplier Intelligence,"Supports supplier ranking, market share, geography, and entity resolution.",Supplier Scorecards; Market Share Intelligence; Competitor Tracking,10,10,high,"3714 Kinnear Place | 7613 CARDINAL ROAD | 5070 Benson Drive<br>Unit 102 | Glynitveien 15 | 100 rue du Landais | 347 King Street West | 30 Leek Crescent, Suite 301 | 117 George Street | 22 rue George-D.-Davie | 25 Rue du Marche-Champlain<br>Suite 403"
legacy_contract_history_2009_01_to_2023_05_prior_to_canadabuys.csv,supplierAddressLine-ligneAdresseFournisseur-fra,text,100.0,Supplier Intelligence,"Supports supplier ranking, market share, geography, and entity resolution.",Supplier Scorecards; Market Share Intelligence; Competitor Tracking,10,10,high,"150 Elgin Street<br>Suite 1800 | 565 Deancourt | 9 Murphy Court | 23 Père Bériault | 601 Bank Street, suite 200 | 275 Slater St<br>Suite 203, | 218 Wiltshire Ave. | 3500 Boul. de Maisonneuve West<br>2 Place Alexis Nihon, Suite 1290 | 586 windermere ave | 53 boul. St-Raymond, suite 200-A"
all_canadabuys_award_notices_2022_08_08_onwards.csv,supplierAddressPostalCode-fournisseurAdresseCodePostal,text,99.5,Supplier Intelligence,"Supports supplier ranking, market share, geography, and entity resolution.",Supplier Scorecards; Market Share Intelligence; Competitor Tracking,10,10,high,M5J 0B8 | K1R 0E1 | M4P 2H7 | H3E 1R5 | M5R 3V5 | K1P 5T8 | K2P 2P8 | K1P 1E4 | S7K 1P2 | K1P 5T8
legacy_award_notices_2012_to_2022_08_prior_to_canadabuys.csv,supplierAddressPostalCode-fournisseurAdresseCodePostal,text,99.3,Supplier Intelligence,"Supports supplier ranking, market share, geography, and entity resolution.",Supplier Scorecards; Market Share Intelligence; Competitor Tracking,10,10,high,L3T7X8 | L5N5M4 | K2E7Y8 | K2E7J6 | K2E7L6 | L5K1Z8 | L5N8L9 | K1R7Y6 | K2L3H1 | K1P5H3
all_canadabuys_contract_history_2023_06_01_onwards.csv,supplierAddressPostalCode-fournisseurAdresseCodePostal,text,98.5,Supplier Intelligence,"Supports supplier ranking, market share, geography, and entity resolution.",Supplier Scorecards; Market Share Intelligence; Competitor Tracking,10,10,high,S7P0A6 | 35898-5000 | L7L5N6 | 1400 | J7C5C9 | N5C3K6 | L4B4N4 | M5A2N4 | G6V0K4 | G1K4H2
legacy_contract_history_2009_01_to_2023_05_prior_to_canadabuys.csv,supplierAddressPostalCode-fournisseurAdresseCodePostal,text,100.0,Supplier Intelligence,"Supports supplier ranking, market share, geography, and entity resolution.",Supplier Scorecards; Market Share Intelligence; Competitor Tracking,10,10,high,K2P2P8 | K4A3G4 | K2W1B7 | J8V1N3 | K1S3T4 | K1P5H9 | M6N5G2 | H3Z3C1 | K2A2W5 | J8Y1R8
all_canadabuys_award_notices_2022_08_08_onwards.csv,supplierAddressProvince-fournisseurAdresseProvince-eng,text,99.0,Supplier Intelligence,"Supports supplier ranking, market share, geography, and entity resolution.",Supplier Scorecards; Market Share Intelligence; Competitor Tracking,10,10,high,Ontario | Ontario | Ontario | Quebec | Ontario | Ontario | Ontario | Ontario | Saskatchewan | Ontario
legacy_award_notices_2012_to_2022_08_prior_to_canadabuys.csv,supplierAddressProvince-fournisseurAdresseProvince-eng,text,88.3,Supplier Intelligence,"Supports supplier ranking, market share, geography, and entity resolution.",Supplier Scorecards; Market Share Intelligence; Competitor Tracking,10,10,high,Ontario | Ontario | Ontario | Ontario | Ontario | Ontario | Ontario | Ontario | Ontario | Ontario
all_canadabuys_contract_history_2023_06_01_onwards.csv,supplierAddressProvince-fournisseurAdresseProvince-eng,text,96.7,Supplier Intelligence,"Supports supplier ranking, market share, geography, and entity resolution.",Supplier Scorecards; Market Share Intelligence; Competitor Tracking,10,10,high,Saskatchewan | Alabama | Ontario | Quebec | Ontario | Ontario | Ontario | Quebec | Quebec | British Columbia
legacy_contract_history_2009_01_to_2023_05_prior_to_canadabuys.csv,supplierAddressProvince-fournisseurAdresseProvince-eng,text,99.8,Supplier Intelligence,"Supports supplier ranking, market share, geography, and entity resolution.",Supplier Scorecards; Market Share Intelligence; Competitor Tracking,10,10,high,Ontario | Ontario | Ontario | Quebec | Ontario | Ontario | Ontario | Quebec | Ontario | Quebec
all_canadabuys_award_notices_2022_08_08_onwards.csv,supplierAddressProvince-fournisseurAdresseProvince-fra,text,99.0,Supplier Intelligence,"Supports supplier ranking, market share, geography, and entity resolution.",Supplier Scorecards; Market Share Intelligence; Competitor Tracking,10,10,high,Ontario | Ontario | Ontario | Québec | Ontario | Ontario | Ontario | Ontario | Saskatchewan | Ontario
legacy_award_notices_2012_to_2022_08_prior_to_canadabuys.csv,supplierAddressProvince-fournisseurAdresseProvince-fra,text,88.3,Supplier Intelligence,"Supports supplier ranking, market share, geography, and entity resolution.",Supplier Scorecards; Market Share Intelligence; Competitor Tracking,10,10,high,Ontario | Ontario | Ontario | Ontario | Ontario | Ontario | Ontario | Ontario | Ontario | Ontario
all_canadabuys_contract_history_2023_06_01_onwards.csv,supplierAddressProvince-fournisseurAdresseProvince-fra,text,96.7,Supplier Intelligence,"Supports supplier ranking, market share, geography, and entity resolution.",Supplier Scorecards; Market Share Intelligence; Competitor Tracking,10,10,high,Saskatchewan | Alabama | Ontario | Quebec | Ontario | Ontario | Ontario | Quebec | Quebec | British Columbia
legacy_contract_history_2009_01_to_2023_05_prior_to_canadabuys.csv,supplierAddressProvince-fournisseurAdresseProvince-fra,text,99.8,Supplier Intelligence,"Supports supplier ranking, market share, geography, and entity resolution.",Supplier Scorecards; Market Share Intelligence; Competitor Tracking,10,10,high,Ontario | Ontario | Ontario | Quebec | Ontario | Ontario | Ontario | Quebec | Ontario | Quebec
all_canadabuys_contract_history_2023_06_01_onwards.csv,supplierEmployeeCount-fournisseurNombreEmployes-eng,text,83.6,Supplier Intelligence,"Supports supplier ranking, market share, geography, and entity resolution.",Supplier Scorecards; Market Share Intelligence; Competitor Tracking,10,10,high,50 to 99 employees | 5 to 9 employees | 1 to 4 employees | 500 to 999 employees | 50 to 99 employees | 200 to 499 employees | 50 to 99 employees | 50 to 99 employees | 500 to 999 employees | 5 to 9 employees
legacy_contract_history_2009_01_to_2023_05_prior_to_canadabuys.csv,supplierEmployeeCount-fournisseurNombreEmployes-eng,text,100.0,Supplier Intelligence,"Supports supplier ranking, market share, geography, and entity resolution.",Supplier Scorecards; Market Share Intelligence; Competitor Tracking,10,10,high,20 to 49 employees | 1 to 4 employees | 1 to 4 employees | 1 to 4 employees | 10 to 19 employees | 10 to 19 employees | 5 to 9 employees | 20 to 49 employees | 1 to 4 employees | 10 to 19 employees
all_canadabuys_contract_history_2023_06_01_onwards.csv,supplierEmployeeCount-fournisseurNombreEmployes-fra,text,83.6,Supplier Intelligence,"Supports supplier ranking, market share, geography, and entity resolution.",Supplier Scorecards; Market Share Intelligence; Competitor Tracking,10,10,high,50 à 99 employés | 5 à 9 employés | 1 à 4 employés | 500  à  999 employés | 50 à 99 employés | 200 à 499 employés | 50 à 99 employés | 50 à 99 employés | 500  à  999 employés | 5 à 9 employés
legacy_contract_history_2009_01_to_2023_05_prior_to_canadabuys.csv,supplierEmployeeCount-fournisseurNombreEmployes-fra,text,100.0,Supplier Intelligence,"Supports supplier ranking, market share, geography, and entity resolution.",Supplier Scorecards; Market Share Intelligence; Competitor Tracking,10,10,high,20 à 49 employés | 1 à 4 employés | 1 à 4 employés | 1 à 4 employés | 10 à 19 employés | 10 à 19 employés | 5 à 9 employés | 20 à 49 employés | 1 à 4 employés | 10 à 19 employés
all_canadabuys_award_notices_2022_08_08_onwards.csv,supplierLegalName-nomLegalFournisseur-eng,text,100.0,Supplier Intelligence,"Supports supplier ranking, market share, geography, and entity resolution.",Supplier Scorecards; Market Share Intelligence; Competitor Tracking,10,10,high,Cision Canada Inc. | Lightning Tree Consulting Inc. | Blended Perspectives | Oona Stock | ADAPTOVATE | Deloitte MAIN ACCOUNT | KPMG LLP | PricewaterhouseCoopers LLP - MAIN PwC NATIONAL ACCT | zu | Deloitte MAIN ACCOUNT
legacy_award_notices_2012_to_2022_08_prior_to_canadabuys.csv,supplierLegalName-nomLegalFournisseur-eng,text,100.0,Supplier Intelligence,"Supports supplier ranking, market share, geography, and entity resolution.",Supplier Scorecards; Market Share Intelligence; Competitor Tracking,10,10,high,BMC Software Canada Inc | Agilent Technologies Canada Inc. | Deep Logic Solutions Inc | International Safety Research Inc. | DONNA CONA INC. | Shaw Satellite Services Inc. | MICROSOFT CANADA INC. | IBM Canada Ltd. | Michael Wager Consulting Inc. | Innovision Consulting Inc.
all_canadabuys_contract_history_2023_06_01_onwards.csv,supplierLegalName-nomLegalFournisseur-eng,text,100.0,Supplier Intelligence,"Supports supplier ranking, market share, geography, and entity resolution.",Supplier Scorecards; Market Share Intelligence; Competitor Tracking,10,10,high,Delco Automation Inc. | UNITED STATES DEPARTMENT OF THE ARMY (USASAC) | Incite Experiential Design INC DBA RMUS Canada | NFM TECHNOLOGY AS | PMG TECHNOLOGIES INC. | IMT Partnership | Ameresco | Moriyama & Teshima Architects | Chantier Davie Canada Inc. | Bureau Veritas Marine (Canada) Inc.
legacy_contract_history_2009_01_to_2023_05_prior_to_canadabuys.csv,supplierLegalName-nomLegalFournisseur-eng,text,100.0,Supplier Intelligence,"Supports supplier ranking, market share, geography, and entity resolution.",Supplier Scorecards; Market Share Intelligence; Competitor Tracking,10,10,high,"IT/Net-Ottawa Inc. | Janique Simard-Ouellette | KOROC Consulting Inc., Isheva Inc., in JOINT VENTURE | Labelle Lise D. | LANNICK CONTRACT SOLUTIONS INC. | THE LANSDOWNE CONSULTING GROUP INC. | Isheva Inc., Ranakan Inc. in JOINT VENTURE | LCO-Construction and Management Consultants Inc. | Le Groupe Conseil Bronson Consulting Group, Inc. | Lapalme Rheault Architectes & Associés Inc."
all_canadabuys_award_notices_2022_08_08_onwards.csv,supplierLegalName-nomLegalFournisseur-fra,text,100.0,Supplier Intelligence,"Supports supplier ranking, market share, geography, and entity resolution.",Supplier Scorecards; Market Share Intelligence; Competitor Tracking,10,10,high,Cision Canada Inc. | Lightning Tree Consulting Inc. | Blended Perspectives | Oona Stock | ADAPTOVATE | Deloitte MAIN ACCOUNT | KPMG LLP | PricewaterhouseCoopers LLP - MAIN PwC NATIONAL ACCT | zu | Deloitte MAIN ACCOUNT
legacy_award_notices_2012_to_2022_08_prior_to_canadabuys.csv,supplierLegalName-nomLegalFournisseur-fra,text,100.0,Supplier Intelligence,"Supports supplier ranking, market share, geography, and entity resolution.",Supplier Scorecards; Market Share Intelligence; Competitor Tracking,10,10,high,BMC Software Canada Inc | Agilent Technologies Canada Inc. | Deep Logic Solutions Inc | International Safety Research Inc. | DONNA CONA INC. | Shaw Satellite Services Inc. | MICROSOFT CANADA INC. | IBM Canada Ltd. | Michael Wager Consulting Inc. | Innovision Consulting Inc.
all_canadabuys_contract_history_2023_06_01_onwards.csv,supplierLegalName-nomLegalFournisseur-fra,text,100.0,Supplier Intelligence,"Supports supplier ranking, market share, geography, and entity resolution.",Supplier Scorecards; Market Share Intelligence; Competitor Tracking,10,10,high,Delco Automation Inc. | UNITED STATES DEPARTMENT OF THE ARMY (USASAC) | Incite Experiential Design INC DBA RMUS Canada | NFM TECHNOLOGY AS | PMG TECHNOLOGIES INC. | IMT Partnership | Ameresco | Moriyama & Teshima Architects | Chantier Davie Canada Inc. | Bureau Veritas Marine (Canada) Inc.
legacy_contract_history_2009_01_to_2023_05_prior_to_canadabuys.csv,supplierLegalName-nomLegalFournisseur-fra,text,100.0,Supplier Intelligence,"Supports supplier ranking, market share, geography, and entity resolution.",Supplier Scorecards; Market Share Intelligence; Competitor Tracking,10,10,high,"IT/Net-Ottawa Inc. | Janique Simard-Ouellette | KOROC Consulting Inc., Isheva Inc., in JOINT VENTURE | Labelle Lise D. | LANNICK CONTRACT SOLUTIONS INC. | THE LANSDOWNE CONSULTING GROUP INC. | Isheva Inc., Ranakan Inc. in JOINT VENTURE | LCO-Construction and Management Consultants Inc. | Le Groupe Conseil Bronson Consulting Group, Inc. | Lapalme Rheault Architectes & Associés Inc."
legacy_contract_history_2009_01_to_2023_05_prior_to_canadabuys.csv,supplierOperatingName-nomCommercialFournisseur-eng,text,100.0,Supplier Intelligence,"Supports supplier ranking, market share, geography, and entity resolution.",Supplier Scorecards; Market Share Intelligence; Competitor Tracking,10,10,high,IT/Net-Ottawa Inc. | Janique Simard-Ouellette | Team KOROC/Isheva | Labelle Lise D. | LANNICK CONTRACT SOLUTIONS INC. | Lansdowne Technologies Inc. | Team Isheva/Ranakan | LCO-Construction and Management Consultants Inc. | Bronson Consulting Group | Lapalme Rheault Architectes & Associés Inc.
legacy_contract_history_2009_01_to_2023_05_prior_to_canadabuys.csv,supplierOperatingName-nomCommercialFournisseur-fra,text,100.0,Supplier Intelligence,"Supports supplier ranking, market share, geography, and entity resolution.",Supplier Scorecards; Market Share Intelligence; Competitor Tracking,10,10,high,IT/Net-Ottawa Inc. | Janique Simard-Ouellette | Team KOROC/Isheva | Labelle Lise D. | LANNICK CONTRACT SOLUTIONS INC. | Lansdowne Technologies Inc. | Team Isheva/Ranakan | LCO-Construction and Management Consultants Inc. | Bronson Consulting Group | Lapalme Rheault Architectes & Associés Inc.
legacy_contract_history_2009_01_to_2023_05_prior_to_canadabuys.csv,supplierStandardizedName-nomNormaliseFournisseur-eng,text,100.0,Supplier Intelligence,"Supports supplier ranking, market share, geography, and entity resolution.",Supplier Scorecards; Market Share Intelligence; Competitor Tracking,10,10,high,IT/NET-OTTAWA INC | JANIQUE SIMARD-OUELLETTE | TEAM KOROC/ISHEVA | LABELLE LISE D | LANNICK CONTRACT SOLUTIONS INC | LANSDOWNE TECHNOLOGIES INC | TEAM ISHEVA/RANAKAN | LCO-CONSTRUCTION AND MANAGEMENT CONSULTANTS INC | BRONSON CONSULTING GROUP | LAPALME RHEAULT ARCHITECTES & ASSOCIES INC
legacy_contract_history_2009_01_to_2023_05_prior_to_canadabuys.csv,supplierStandardizedName-nomNormaliseFournisseur-fra,text,100.0,Supplier Intelligence,"Supports supplier ranking, market share, geography, and entity resolution.",Supplier Scorecards; Market Share Intelligence; Competitor Tracking,10,10,high,IT/NET-OTTAWA INC | JANIQUE SIMARD-OUELLETTE | TEAM KOROC/ISHEVA | LABELLE LISE D | LANNICK CONTRACT SOLUTIONS INC | LANSDOWNE TECHNOLOGIES INC | TEAM ISHEVA/RANAKAN | LCO-CONSTRUCTION AND MANAGEMENT CONSULTANTS INC | BRONSON CONSULTING GROUP | LAPALME RHEAULT ARCHITECTES & ASSOCIES INC
all_canadabuys_contract_history_2023_06_01_onwards.csv,gsin-nibs,text,64.4,Category Market Intelligence,Classifies what government buys and which sectors are active.,Category Market Reports; Industry Demand Tracker; Supplier Segment Intelligence,10,9,high,*5164CJ | *AD217740 | *AD917700 | *AD917700 | *AS219652 | *AZ110140 | *B206A | *C111A | *C216A | *C216A
all_canadabuys_contract_history_2023_06_01_onwards.csv,gsinDescription-nibsDescription-eng,text,64.4,Category Market Intelligence,Classifies what government buys and which sectors are active.,Category Market Reports; Industry Demand Tracker; Supplier Segment Intelligence,10,9,high,"*Security Control Systems - Installation and Repair | *Military Logistics (Research) | *Military (R&D) | *Military (R&D) | *Vehicle Performance Measurement (Research) | *Product/Material - Design, Development, Formulation, Modification: Science and Technology Related (R&D) | *Energy Studies including Federal Buildings Initiative | *Architect/Engineer Services - Administration & Service Buildings | *Naval Architecture | *Naval Architecture"
all_canadabuys_contract_history_2023_06_01_onwards.csv,gsinDescription-nibsDescription-fra,text,64.4,Category Market Intelligence,Classifies what government buys and which sectors are active.,Category Market Reports; Industry Demand Tracker; Supplier Segment Intelligence,10,9,high,"*Systèmes de contrôle de la sécurité - installation et réparation | *Logistique militaire (Recherche) | *Domaine militaire (R&D) | *Domaine militaire (R&D) | *Mesure des performances des véhicules (Recherche) | *Produits, Matériaux - conception, mise au point, élaboration: Domaine de la Science et de la Technologie (R&D) | *Études sur l'énergie, y compris L'Initiative des bâtiments fédéraux | *Services d'architectes et d'ingénieurs - bâtiments d'administration et de service | *Architecture navale | *Architecture navale"
all_canadabuys_award_notices_2022_08_08_onwards.csv,unspsc,text,61.7,Category Market Intelligence,Classifies what government buys and which sectors are active.,Category Market Reports; Industry Demand Tracker; Supplier Segment Intelligence,10,9,high,*10100000 | *10100000 | *10100000 | *10131600 *25174400 *73161600 | *10131700 *78111501 *81170000 | *10131700 *78111501 *81171600 | *10141600 | *10152000 *10161500 *70111500 *70111501 *70111503 *70111601 | *10152000 *70111500 *70111507 | *10152000 *70111503 *70111700 *72100000 *72102905
all_canadabuys_award_notices_2022_08_08_onwards.csv,unspscDescription-eng,text,61.7,Category Market Intelligence,Classifies what government buys and which sectors are active.,Category Market Reports; Industry Demand Tracker; Supplier Segment Intelligence,10,9,high,*Live animals | *Live animals | *Live animals | *Animal containment *Vehicle interior systems *Manufacture of transport equipment | *Animal habitats *Helicopter services *Biological science services | *Animal habitats *Helicopter services *Ecological science services | *Harness goods | *Tree and shrub seeds and cuttings *Trees and shrubs *Plants and ornamental trees *Planting services or ornamental plant or bush or tree *Tr... | *Tree and shrub seeds and cuttings *Plants and ornamental trees *Removal services or ornamental plant or bush or tree | *Tree and shrub seeds and cuttings *Tree trimming services *Parks and gardens and orchards *Building and facility maintenance and repair ser...
all_canadabuys_award_notices_2022_08_08_onwards.csv,unspscDescription-fra,text,61.7,Category Market Intelligence,Classifies what government buys and which sectors are active.,Category Market Reports; Industry Demand Tracker; Supplier Segment Intelligence,10,9,high,"*Animaux vivants | *Animaux vivants | *Animaux vivants | *Confinements pour animaux *Systèmes intérieurs pour véhicules *Fabrication d'équipement de transport | *Habitats pour animaux *Services d'hélicoptère *Services scientifiques en biologie | *Habitats pour animaux *Services d'hélicoptère *Services en sciences écologiques | *Matériel pour harnais | *Semences et boutures pour arbres et arbustes *Arbres et arbustes *Plantes et arbres d'ornement *Services de plantation : plantes, buissons ... | *Semences et boutures pour arbres et arbustes *Plantes et arbres d'ornement *Services d'enlèvement : plantes, buissons et arbres d'ornement | *Semences et boutures pour arbres et arbustes *Services d'élagage des arbres *Parcs, jardins et vergers *Services de construction, maintenan..."
all_canadabuys_award_notices_2022_08_08_onwards.csv,amendmentNumber-numeroModification,numeric,100.0,Contract Amendment Intelligence,"Tracks contract changes, amendments, scope creep, and supplier expansion.",Contract Risk Monitor; Amendment Watch; Supplier Expansion Tracker,9,9,high,0 | 0 | 0 | 0 | 0 | 0 | 0 | 0 | 0 | 0
legacy_award_notices_2012_to_2022_08_prior_to_canadabuys.csv,amendmentNumber-numeroModification,numeric,100.0,Contract Amendment Intelligence,"Tracks contract changes, amendments, scope creep, and supplier expansion.",Contract Risk Monitor; Amendment Watch; Supplier Expansion Tracker,9,9,high,0 | 0 | 0 | 0 | 0 | 0 | 0 | 0 | 0 | 0
all_canadabuys_contract_history_2023_06_01_onwards.csv,amendmentNumber-numeroModification,numeric,100.0,Contract Amendment Intelligence,"Tracks contract changes, amendments, scope creep, and supplier expansion.",Contract Risk Monitor; Amendment Watch; Supplier Expansion Tracker,9,9,high,0 | 0 | 0 | 0 | 0 | 0 | 0 | 0 | 0 | 0
legacy_contract_history_2009_01_to_2023_05_prior_to_canadabuys.csv,amendmentNumber-numeroModification,numeric,100.0,Contract Amendment Intelligence,"Tracks contract changes, amendments, scope creep, and supplier expansion.",Contract Risk Monitor; Amendment Watch; Supplier Expansion Tracker,9,9,high,0 | 0 | 0 | 0 | 0 | 0 | 0 | 0 | 0 | 0
all_canadabuys_tender_notices_2022_08_08_onwards.csv,amendmentNumber-numeroModification,numeric,100.0,Contract Amendment Intelligence,"Tracks contract changes, amendments, scope creep, and supplier expansion.",Contract Risk Monitor; Amendment Watch; Supplier Expansion Tracker,9,9,high,0 | 0 | 0 | 0 | 0 | 0 | 0 | 0 | 0 | 0
archived_2009_2022_legacy_tender_notices.csv,amendmentNumber-numeroModification,numeric,100.0,Contract Amendment Intelligence,"Tracks contract changes, amendments, scope creep, and supplier expansion.",Contract Risk Monitor; Amendment Watch; Supplier Expansion Tracker,9,9,high,0 | 0 | 0 | 0 | 0 | 0 | 0 | 0 | 0 | 0
all_canadabuys_award_notices_2022_08_08_onwards.csv,procurementCategory-categorieApprovisionnement,text,100.0,Procurement Process Intelligence,Explains how departments buy and how competitive the process is.,Procurement Method Benchmark; Competitive Access Report; Sole Source Risk Monitor,9,9,high,*GD *SRV | *SRV | *SRV *GD | *SRV | *GD *SRV | *SRV | *SRV | *SRV | *SRV | *SRV
legacy_award_notices_2012_to_2022_08_prior_to_canadabuys.csv,procurementCategory-categorieApprovisionnement,text,100.0,Procurement Process Intelligence,Explains how departments buy and how competitive the process is.,Procurement Method Benchmark; Competitive Access Report; Sole Source Risk Monitor,9,9,high,*GD | *GD | *GD | *GD | *GD | *GD | *SRV | *SRV | *SRV | *SRV
all_canadabuys_contract_history_2023_06_01_onwards.csv,procurementCategory-categorieApprovisionnement,text,100.0,Procurement Process Intelligence,Explains how departments buy and how competitive the process is.,Procurement Method Benchmark; Competitive Access Report; Sole Source Risk Monitor,9,9,high,*CNST | *SRV | *SRV | *SRV | *SRV | *SRV | *SRV | *SRV | *SRV | *SRV
legacy_contract_history_2009_01_to_2023_05_prior_to_canadabuys.csv,procurementCategory-categorieApprovisionnement,text,100.0,Procurement Process Intelligence,Explains how departments buy and how competitive the process is.,Procurement Method Benchmark; Competitive Access Report; Sole Source Risk Monitor,9,9,high,*SRV | *SRV | *SRV | *SRV | *SRV | *SRV | *SRV | *SRV | *SRV | *SRV
all_canadabuys_tender_notices_2022_08_08_onwards.csv,procurementCategory-categorieApprovisionnement,text,99.9,Procurement Process Intelligence,Explains how departments buy and how competitive the process is.,Procurement Method Benchmark; Competitive Access Report; Sole Source Risk Monitor,9,9,high,*GD | *SRV | *CNST | *CNST | *CNST | *CNST | *CNST | *CNST | *CNST | *CNST
archived_2009_2022_legacy_tender_notices.csv,procurementCategory-categorieApprovisionnement,text,100.0,Procurement Process Intelligence,Explains how departments buy and how competitive the process is.,Procurement Method Benchmark; Competitive Access Report; Sole Source Risk Monitor,9,9,high,*CNST | *CNST | *CNST | *CNST | *CNST | *CNST | *CNST | *CNST | *CNST | *CNST
all_canadabuys_award_notices_2022_08_08_onwards.csv,procurementMethod-methodeApprovisionnement-eng,text,100.0,Procurement Process Intelligence,Explains how departments buy and how competitive the process is.,Procurement Method Benchmark; Competitive Access Report; Sole Source Risk Monitor,9,9,high,Competitive - Open bidding | Competitive - Open bidding | Competitive - Open bidding | Competitive - Open bidding | Competitive - Open bidding | Competitive - Open bidding | Competitive - Open bidding | Competitive - Open bidding | Competitive - Open bidding | Competitive - Open bidding
all_canadabuys_contract_history_2023_06_01_onwards.csv,procurementMethod-methodeApprovisionnement-eng,text,99.9,Procurement Process Intelligence,Explains how departments buy and how competitive the process is.,Procurement Method Benchmark; Competitive Access Report; Sole Source Risk Monitor,9,9,high,Competitive - Open bidding | Non-competitive | Competitive - Traditional | Competitive - Open bidding | Competitive - Open bidding | Competitive - Traditional | Competitive - Open bidding | Competitive - Open bidding | Non-competitive | Non-competitive
legacy_contract_history_2009_01_to_2023_05_prior_to_canadabuys.csv,procurementMethod-methodeApprovisionnement-eng,text,100.0,Procurement Process Intelligence,Explains how departments buy and how competitive the process is.,Procurement Method Benchmark; Competitive Access Report; Sole Source Risk Monitor,9,9,high,Competitive - Open bidding | Competitive - Open bidding | Competitive - Open bidding | Competitive - Open bidding | Competitive - Open bidding | Competitive - Open bidding | Competitive - Open bidding | Competitive - Open bidding | Competitive - Open bidding | Competitive - Open bidding
all_canadabuys_tender_notices_2022_08_08_onwards.csv,procurementMethod-methodeApprovisionnement-eng,text,100.0,Procurement Process Intelligence,Explains how departments buy and how competitive the process is.,Procurement Method Benchmark; Competitive Access Report; Sole Source Risk Monitor,9,9,high,Competitive - Open bidding | Competitive - Open bidding | Competitive - Open bidding | Competitive - Open bidding | Competitive - Open bidding | Competitive - Open bidding | Competitive - Open bidding | Competitive - Open bidding | Competitive - Open bidding | Competitive - Open bidding
archived_2009_2022_legacy_tender_notices.csv,procurementMethod-methodeApprovisionnement-eng,text,88.8,Procurement Process Intelligence,Explains how departments buy and how competitive the process is.,Procurement Method Benchmark; Competitive Access Report; Sole Source Risk Monitor,9,9,high,Competitive - Open bidding | Competitive - Open bidding | Competitive - Open bidding | Competitive - Open bidding | Competitive - Open bidding | Competitive - Open bidding | Competitive - Open bidding | Competitive - Open bidding | Competitive - Open bidding | Competitive - Open bidding
all_canadabuys_award_notices_2022_08_08_onwards.csv,procurementMethod-methodeApprovisionnement-fra,text,100.0,Procurement Process Intelligence,Explains how departments buy and how competitive the process is.,Procurement Method Benchmark; Competitive Access Report; Sole Source Risk Monitor,9,9,high,Concurrentielle - Invitation ouverte à soumissionner | Concurrentielle - Invitation ouverte à soumissionner | Concurrentielle - Invitation ouverte à soumissionner | Concurrentielle - Invitation ouverte à soumissionner | Concurrentielle - Invitation ouverte à soumissionner | Concurrentielle - Invitation ouverte à soumissionner | Concurrentielle - Invitation ouverte à soumissionner | Concurrentielle - Invitation ouverte à soumissionner | Concurrentielle - Invitation ouverte à soumissionner | Concurrentielle - Invitation ouverte à soumissionner
all_canadabuys_contract_history_2023_06_01_onwards.csv,procurementMethod-methodeApprovisionnement-fra,text,99.9,Procurement Process Intelligence,Explains how departments buy and how competitive the process is.,Procurement Method Benchmark; Competitive Access Report; Sole Source Risk Monitor,9,9,high,Concurrentielle - Invitation ouverte à soumissionner | Non concurrentielle | Concurrentielle - Traditionnelle | Concurrentielle - Invitation ouverte à soumissionner | Concurrentielle - Invitation ouverte à soumissionner | Concurrentielle - Traditionnelle | Concurrentielle - Invitation ouverte à soumissionner | Concurrentielle - Invitation ouverte à soumissionner | Non concurrentielle | Non concurrentielle
legacy_contract_history_2009_01_to_2023_05_prior_to_canadabuys.csv,procurementMethod-methodeApprovisionnement-fra,text,100.0,Procurement Process Intelligence,Explains how departments buy and how competitive the process is.,Procurement Method Benchmark; Competitive Access Report; Sole Source Risk Monitor,9,9,high,Concurrentielle - Invitation ouverte à soumissionner | Concurrentielle - Invitation ouverte à soumissionner | Concurrentielle - Invitation ouverte à soumissionner | Concurrentielle - Invitation ouverte à soumissionner | Concurrentielle - Invitation ouverte à soumissionner | Concurrentielle - Invitation ouverte à soumissionner | Concurrentielle - Invitation ouverte à soumissionner | Concurrentielle - Invitation ouverte à soumissionner | Concurrentielle - Invitation ouverte à soumissionner | Concurrentielle - Invitation ouverte à soumissionner
all_canadabuys_tender_notices_2022_08_08_onwards.csv,procurementMethod-methodeApprovisionnement-fra,text,100.0,Procurement Process Intelligence,Explains how departments buy and how competitive the process is.,Procurement Method Benchmark; Competitive Access Report; Sole Source Risk Monitor,9,9,high,Concurrentielle - Invitation ouverte à soumissionner | Concurrentielle - Invitation ouverte à soumissionner | Concurrentielle - Invitation ouverte à soumissionner | Concurrentielle - Invitation ouverte à soumissionner | Concurrentielle - Invitation ouverte à soumissionner | Concurrentielle - Invitation ouverte à soumissionner | Concurrentielle - Invitation ouverte à soumissionner | Concurrentielle - Invitation ouverte à soumissionner | Concurrentielle - Invitation ouverte à soumissionner | Concurrentielle - Invitation ouverte à soumissionner
archived_2009_2022_legacy_tender_notices.csv,procurementMethod-methodeApprovisionnement-fra,text,88.8,Procurement Process Intelligence,Explains how departments buy and how competitive the process is.,Procurement Method Benchmark; Competitive Access Report; Sole Source Risk Monitor,9,9,high,Concurrentielle - Invitation ouverte à soumissionner | Concurrentielle - Invitation ouverte à soumissionner | Concurrentielle - Invitation ouverte à soumissionner | Concurrentielle - Invitation ouverte à soumissionner | Concurrentielle - Invitation ouverte à soumissionner | Concurrentielle - Invitation ouverte à soumissionner | Concurrentielle - Invitation ouverte à soumissionner | Concurrentielle - Invitation ouverte à soumissionner | Concurrentielle - Invitation ouverte à soumissionner | Concurrentielle - Invitation ouverte à soumissionner
all_canadabuys_contract_history_2023_06_01_onwards.csv,procurementNumber-numeroApprovisionnement,text,100.0,Procurement Process Intelligence,Explains how departments buy and how competitive the process is.,Procurement Method Benchmark; Competitive Access Report; Sole Source Risk Monitor,9,9,high,21120-219814 | W8484-250684 | W6399-23DB09 | W7701-217392 | T8127-200020 | W7714-238401 | EP959-202438 | EA003-212331 | F7017-251202 | F7044-221317
legacy_contract_history_2009_01_to_2023_05_prior_to_canadabuys.csv,procurementNumber-numeroApprovisionnement,text,100.0,Procurement Process Intelligence,Explains how departments buy and how competitive the process is.,Procurement Method Benchmark; Competitive Access Report; Sole Source Risk Monitor,9,9,high,E60ZN-15TSSO | E60ZN-15TSSO | E60ZN-15TSSO | E60ZN-15TSSO | E60ZN-15TSSO | E60ZN-15TSSO | E60ZN-15TSSO | E60ZN-15TSSO | E60ZN-15TSSO | E60ZN-15TSSO
all_canadabuys_tender_notices_2022_08_08_onwards.csv,contactInfoCity-contacterInfoVille-eng,text,63.7,Relationship Intelligence,Identifies procurement contacts and buyer access points.,Buyer Contact Intelligence; BD Targeting Database; Capture Manager Lead Feed,10,9,high,Ottawa | Ottawa | Ottawa | Ottawa | Ottawa | Ottawa | Ottawa | Ottawa | Ottawa | Ottawa
all_canadabuys_tender_notices_2022_08_08_onwards.csv,contactInfoCity-contacterInfoVille-fra,text,56.0,Relationship Intelligence,Identifies procurement contacts and buyer access points.,Buyer Contact Intelligence; BD Targeting Database; Capture Manager Lead Feed,10,9,high,Ottawa | Ottawa | Ottawa | Ottawa | Ottawa | Ottawa | Ottawa | Ottawa | Ottawa | Ottawa
archived_2009_2022_legacy_tender_notices.csv,contactInfoEmail-informationsContactCourriel,text,54.1,Relationship Intelligence,Identifies procurement contacts and buyer access points.,Buyer Contact Intelligence; BD Targeting Database; Capture Manager Lead Feed,10,9,high,rebecca.chen@pc.gc.ca | DFOtenders-soumissionsMPO@dfo-mpo.gc.ca | Amanda.Eid@dcc-cdc.gc.ca | Amanda.Eid@dcc-cdc.gc.ca | Teresa.Hengen@rcmp-grc.gc.ca | Teresa.Hengen@rcmp-grc.gc.ca | Mary.Kennedy@dcc-cdc.gc.ca | cheryl.o'brien@pwgsc-tpsgc.gc.ca | DFOtenders-soumissionsMPO@dfo-mpo.gc.ca | angelina.spina@tpsgc-pwgsc.gc.ca
archived_2009_2022_legacy_tender_notices.csv,contactInfoFax,text,58.0,Relationship Intelligence,Identifies procurement contacts and buyer access points.,Buyer Contact Intelligence; BD Targeting Database; Capture Manager Lead Feed,10,9,high,(506) 636-4376 | 306-780-5232 | 306-780-5232 | (780) 497-3510 | 604-870-2444 | allan.lapensee@ncc-ccn.ca | 780-852-6189 | 403-762-5057 | (709) 772-4603 | 514-283-3143
all_canadabuys_tender_notices_2022_08_08_onwards.csv,contactInfoPhone-contactInfoTelephone,text,79.3,Relationship Intelligence,Identifies procurement contacts and buyer access points.,Buyer Contact Intelligence; BD Targeting Database; Capture Manager Lead Feed,10,9,high,514-871-6936 | 873-354-7245 | 873-354-7245 | 873-354-7245 | 873-354-7245 | 873-354-7245 | 873-354-7245 | 873-354-7245 | 873-354-7245 | 873-354-7245
all_canadabuys_tender_notices_2022_08_08_onwards.csv,contactInfoPostalcode,text,63.7,Relationship Intelligence,Identifies procurement contacts and buyer access points.,Buyer Contact Intelligence; BD Targeting Database; Capture Manager Lead Feed,10,9,high,K1P 1B6 | 12345 | 12345 | 12345 | 12345 | 12345 | 12345 | 12345 | 12345 | 12345
all_canadabuys_tender_notices_2022_08_08_onwards.csv,contactInfoProvince-contacterInfoProvince-eng,text,63.7,Relationship Intelligence,Identifies procurement contacts and buyer access points.,Buyer Contact Intelligence; BD Targeting Database; Capture Manager Lead Feed,10,9,high,Ontario | Ontario | Ontario | Ontario | Ontario | Ontario | Ontario | Ontario | Ontario | Ontario
all_canadabuys_tender_notices_2022_08_08_onwards.csv,contactInfoProvince-contacterInfoProvince-fra,text,56.0,Relationship Intelligence,Identifies procurement contacts and buyer access points.,Buyer Contact Intelligence; BD Targeting Database; Capture Manager Lead Feed,10,9,high,Ontario | Ontario | Ontario | Ontario | Ontario | Ontario | Ontario | Ontario | Ontario | Ontario
all_canadabuys_award_notices_2022_08_08_onwards.csv,awardDescription-descriptionAttribution-eng,text,99.3,Semantic Intelligence,"Supports keyword search, sector tagging, AI classification, and opportunity matching.",Opportunity Matching Engine; Tender Search Intelligence; Sector Briefings,9,9,high,"FCC is seeking a Proponent (service provider) who offers a comprehensive media monitoring and distribution service for online news, print an... | To support the mandate of the Transformation Hub, FCC requires the services of an experienced and skilled Proponent (i.e. management consult... | FCC requires licensing for the Jira Products listed below:&nbsp;  	Jira Software&nbsp; 	Jira Align&nbsp; | To support the mandate of the Transformation Hub, FCC requires the services of an experienced and skilled Proponent (i.e. management consult... | Via this RFP, FCC is seeking for a Proponent to:&nbsp;  	Perform an assessment of FCC&rsquo;s current environment;&nbsp; 	Migrate data to Ji... | FCC&rsquo;s intention through this RFP is to establish a one-time Pre-Qualified (PQ) List of Proponents who can provide operational risk man... | FCC&rsquo;s intention through this RFP is to establish a one-time Pre-Qualified (PQ) List of Proponents who can provide operational risk man... | FCC&rsquo;s intention through this RFP is to establish a one-time Pre-Qualified (PQ) List of Proponents who can provide operational risk man... | FCC has an in-house design thinking / human centred design function. Currently our design thinking function is split into two (2) teams; one... | Effective July 31, 2023, FCC established a Transformation Hub that will coordinate the development of and execution of corporate transformat..."
legacy_award_notices_2012_to_2022_08_prior_to_canadabuys.csv,awardDescription-descriptionAttribution-eng,text,100.0,Semantic Intelligence,"Supports keyword search, sector tagging, AI classification, and opportunity matching.",Opportunity Matching Engine; Tender Search Intelligence; Sector Briefings,9,9,high,Trade Agreement: WTO-AGP/NAFTA/AIT/Canada-Peru FTA/Canada-Colombia FTA Comprehensive Land Claim Agreement: No Notification Method: Source Li... | Trade Agreement: NAFTA/AIT/Canada-Peru FTA/Canada-Colombia FTA Comprehensive Land Claim Agreement: No Notification Method: Source List Contr... | Trade Agreement: NAFTA/AIT/Canada-Peru FTA/Canada-Colombia FTA Comprehensive Land Claim Agreement: No Notification Method: Public Advertisin... | Trade Agreement: WTO-AGP/NAFTA/Canada-Peru FTA/Canada-Colombia FTA Comprehensive Land Claim Agreement: No Notification Method: Source List C... | Trade Agreement: NONE Comprehensive Land Claim Agreement: No Notification Method: Public Advertising (MERX/GBO) and Source List Contract Awa... | Trade Agreement: WTO-AGP/NAFTA/AIT/Canada-Peru FTA/Canada-Colombia FTA Comprehensive Land Claim Agreement: No Notification Method: Public Ad... | Trade Agreement: WTO-AGP/NAFTA/AIT/Canada-Peru FTA/Canada-Colombia FTA Comprehensive Land Claim Agreement: No Notification Method: Source Li... | Trade Agreement: WTO-AGP/NAFTA/AIT/Canada-Peru FTA/Canada-Colombia FTA Comprehensive Land Claim Agreement: No Notification Method: Public Ad... | Trade Agreement: WTO-AGP/NAFTA/AIT/Canada-Peru FTA/Canada-Colombia FTA Comprehensive Land Claim Agreement: No Notification Method: Public Ad... | Trade Agreement: WTO-AGP/NAFTA/AIT/Canada-Peru FTA/Canada-Colombia FTA Comprehensive Land Claim Agreement: No Notification Method: Public Ad...
all_canadabuys_award_notices_2022_08_08_onwards.csv,awardDescription-descriptionAttribution-fra,text,98.9,Semantic Intelligence,"Supports keyword search, sector tagging, AI classification, and opportunity matching.",Opportunity Matching Engine; Tender Search Intelligence; Sector Briefings,9,9,high,"FAC est &agrave; la recherche d&rsquo;un fournisseur (fournisseur de services) qui offre un service complet de surveillance et de distributi... | Afin de soutenir le mandat du Centre de transformation, FAC a besoin des services d&rsquo;un fournisseur exp&eacute;riment&eacute; et comp&e... | FAC requiert des licences pour les produits Jira ci-dessous :&nbsp;  	Logiciel Jira&nbsp; 	Plateforme Jira Align&nbsp; | Afin de soutenir le mandat du centre de transformation, FAC a besoin des services d&rsquo;un fournisseur exp&eacute;riment&eacute; et comp&e... | FAC est &agrave; la recherche d&rsquo;un fournisseur pour :&nbsp;  	effectuer une &eacute;valuation de l&rsquo;environnement actuel de FAC;&... | L&rsquo;intention de FAC, dans le cadre de la pr&eacute;sente DP, est d&rsquo;&eacute;tablir une liste ponctuelle de fournisseurs pr&eacute;... | L&rsquo;intention de FAC, dans le cadre de la pr&eacute;sente DP, est d&rsquo;&eacute;tablir une liste ponctuelle de fournisseurs pr&eacute;... | L&rsquo;intention de FAC, dans le cadre de la pr&eacute;sente DP, est d&rsquo;&eacute;tablir une liste ponctuelle de fournisseurs pr&eacute;... | FAC dispose d&rsquo;une fonction interne de conception cr&eacute;ative / conception centr&eacute;e sur la personne. &Agrave; l&rsquo;heure a... | Le 31 juillet 2023, FAC a cr&eacute;&eacute; un centre de transformation pour coordonner l&rsquo;&eacute;laboration et l&rsquo;ex&eacute;cut..."
legacy_award_notices_2012_to_2022_08_prior_to_canadabuys.csv,awardDescription-descriptionAttribution-fra,text,100.0,Semantic Intelligence,"Supports keyword search, sector tagging, AI classification, and opportunity matching.",Opportunity Matching Engine; Tender Search Intelligence; Sector Briefings,9,9,high,"Entente sur le commerce : OMC-AMP/ALÉNA/ACI/Canada-Pérou ALE/Canada-Colombie ALE Entente sur les revendications territoriales globales : Non... | Entente sur le commerce : ALÉNA/ACI/Canada-Pérou ALE/Canada-Colombie ALE Entente sur les revendications territoriales globales : Non Moyen d... | Entente sur le commerce : ALÉNA/ACI/Canada-Pérou ALE/Canada-Colombie ALE Entente sur les revendications territoriales globales : Non Moyen d... | Entente sur le commerce : OMC-AMP/ALÉNA/Canada-Pérou ALE/Canada-Colombie ALE Entente sur les revendications territoriales globales : Non Moy... | Entente sur le commerce : AUCUNE Entente sur les revendications territoriales globales : Non Moyen de notification : Annonce publique (MERX,... | Entente sur le commerce : OMC-AMP/ALÉNA/ACI/Canada-Pérou ALE/Canada-Colombie ALE Entente sur les revendications territoriales globales : Non... | Entente sur le commerce : OMC-AMP/ALÉNA/ACI/Canada-Pérou ALE/Canada-Colombie ALE Entente sur les revendications territoriales globales : Non... | Entente sur le commerce : OMC-AMP/ALÉNA/ACI/Canada-Pérou ALE/Canada-Colombie ALE Entente sur les revendications territoriales globales : Non... | Entente sur le commerce : OMC-AMP/ALÉNA/ACI/Canada-Pérou ALE/Canada-Colombie ALE Entente sur les revendications territoriales globales : Non... | Entente sur le commerce : OMC-AMP/ALÉNA/ACI/Canada-Pérou ALE/Canada-Colombie ALE Entente sur les revendications territoriales globales : Non..."
all_canadabuys_tender_notices_2022_08_08_onwards.csv,tenderDescription-descriptionAppelOffres-eng,text,100.0,Semantic Intelligence,"Supports keyword search, sector tagging, AI classification, and opportunity matching.",Opportunity Matching Engine; Tender Search Intelligence; Sector Briefings,9,9,high,"Zerto Virtual Replication licensing, including renewal of existing licenses and procurement of additional new licenses.Bidding and Documents... | The Renaissance fleet has surpassed its originally projected service life, necessitating targeted investments in critical systems to sustain... | Defence Construction Canada (DCC) is inviting contractors and suppliers to apply to be placed on an Open Construction Source List (OCSL) for... | Defence Construction Canada (DCC) is inviting contractors and suppliers to apply to be placed on an Open Construction Source List (OCSL) for... | Defence Construction Canada (DCC) is inviting contractors and suppliers to apply to be placed on an Open Construction Source List (OCSL) for... | Defence Construction Canada (DCC) is inviting contractors and suppliers to apply to be placed on an Open Construction Source List (OCSL) for... | Defence Construction Canada (DCC) is inviting contractors and suppliers to apply to be placed on an Open Construction Source List (OCSL) for... | Defence Construction Canada (DCC) is inviting contractors and suppliers to apply to be placed on an Open Construction Source List (OCSL) for... | Defence Construction Canada (DCC) is inviting contractors and suppliers to apply to be placed on an Open Construction Source List (OCSL) for... | Defence Construction Canada (DCC) is inviting contractors and suppliers to apply to be placed on an Open Construction Source List (OCSL) for..."
archived_2009_2022_legacy_tender_notices.csv,tenderDescription-descriptionAppelOffres-eng,text,100.0,Semantic Intelligence,"Supports keyword search, sector tagging, AI classification, and opportunity matching.",Opportunity Matching Engine; Tender Search Intelligence; Sector Briefings,9,9,high,"Infrastructure Upgrades, Channel-Port aux Basques, NL  The scope of work consists of the furnishing of all plant, labour, equipment and mate... | This notice has been cancelled. | Solicitation No.: 30001797Closing Date and Time: January 7, 2022 at 2:00 pm Atlantic Standard Time (AST)Contracting Authority: Denise Chessi... | Sealed tenders will be received by the A/ Material Manager, AAFC until 2:00 p.m., local Regina time, Thursday, February 13, 2014, for the Ag... | Trade Agreement: Agreement on Internal Trade (AIT) Tendering Procedures: All interested suppliers may submit a bid Competitive Procurement S... | Defence Construction Canada – Request for Abbreviated Proposals for Contractors to submit Proposals to carry out the Demolition of Kapyong B... | Defence Construction Canada – Request for Abbreviated Proposals for Contractors to submit Proposals to carry out the Demolition of Kapyong B... | Title: Building Demolition and Disposal Solicitation Number: M5000-18-2961/A Closing Date and Time: RETURN BIDS TO:  RCMP / GRC Procurement ... | RETURN BIDS TO:  RCMP / GRC Procurement &amp; Contracting services c/o Commissionaires, F Division 6101 Dewdney Avenue Regina, SK  S4P 3K7 S... | Trade Agreement: Agreement on Internal Trade (AIT) Tendering Procedures: All interested suppliers may submit a bid Competitive Procurement S..."
all_canadabuys_tender_notices_2022_08_08_onwards.csv,tenderDescription-descriptionAppelOffres-fra,text,100.0,Semantic Intelligence,"Supports keyword search, sector tagging, AI classification, and opportunity matching.",Opportunity Matching Engine; Tender Search Intelligence; Sector Briefings,9,9,high,"Zerto Virtual Replication licensing, including renewal of existing licenses and procurement of additional new licenses.Bidding and Documents... | La flotte Renaissance a d&eacute;pass&eacute; sa dur&eacute;e de vie initialement pr&eacute;vue, ce qui n&eacute;cessite des investissements... | Construction de D&eacute;fense Canada (CDC) demande aux entrepreneurs et fournisseurs &agrave; pr&eacute;senter une demande d&rsquo;adh&eacu... | Construction de D&eacute;fense Canada (CDC) demande aux entrepreneurs et fournisseurs &agrave; pr&eacute;senter une demande d&rsquo;adh&eacu... | Construction de D&eacute;fense Canada (CDC) demande aux entrepreneurs et fournisseurs &agrave; pr&eacute;senter une demande d&rsquo;adh&eacu... | Construction de D&eacute;fense Canada (CDC) demande aux entrepreneurs et fournisseurs &agrave; pr&eacute;senter une demande d&rsquo;adh&eacu... | Construction de D&eacute;fense Canada (CDC) demande aux entrepreneurs et fournisseurs &agrave; pr&eacute;senter une demande d&rsquo;adh&eacu... | Construction de D&eacute;fense Canada (CDC) demande aux entrepreneurs et fournisseurs &agrave; pr&eacute;senter une demande d&rsquo;adh&eacu... | Construction de D&eacute;fense Canada (CDC) demande aux entrepreneurs et fournisseurs &agrave; pr&eacute;senter une demande d&rsquo;adh&eacu... | Construction de D&eacute;fense Canada (CDC) demande aux entrepreneurs et fournisseurs &agrave; pr&eacute;senter une demande d&rsquo;adh&eacu..."
archived_2009_2022_legacy_tender_notices.csv,tenderDescription-descriptionAppelOffres-fra,text,100.0,Semantic Intelligence,"Supports keyword search, sector tagging, AI classification, and opportunity matching.",Opportunity Matching Engine; Tender Search Intelligence; Sector Briefings,9,9,high,"La portée des travaux comprend la fourniture des installations de chantier, de la main-d'œuvre, des matériaux et de l'équipement pour la mis... | Le présent avis a été annulé. | N° de l’invitation.: 30001797Date et heure de clôture : 7 janvier, 2022 à 14 Heure Normale de l’Atlantique (HNA)Autorité contractante: Denis... | Le contrat no 11 vise la décontamination et la démolition de bâtiments au Centre de technologie appliquée des pâturages d’Agriculture et Agr... | Entente sur le commerce : Accord sur le commerce intérieur (ACI) Processus de demande des soumissions : Tout fournisseur intéressé peut prés... | Construction de Défense Canada – Demande de propositions abrégées pour des entrepreneurs intéressés à soumettre des propositions pour complé... | Construction de Défense Canada – Demande de propositions abrégées pour des entrepreneurs intéressés à soumettre des propositions pour complé... | Titre : Démolition et élimination de bâtiment, Ancien détachement de la GRC à Island Lake (Manitoba) Numéro de sollicitation : M5000-18-2961... | RETOURNER LES SOUMISSIONS A: RETURN BIDS TO:  Réception des sousmissions / Bid Receiving RCMP / GRC Services des acquisitions et des marchés... | Entente sur le commerce : Accord sur le commerce intérieur (ACI) Processus de demande des soumissions : Tout fournisseur intéressé peut prés..."
all_canadabuys_award_notices_2022_08_08_onwards.csv,title-titre-eng,text,100.0,Semantic Intelligence,"Supports keyword search, sector tagging, AI classification, and opportunity matching.",Opportunity Matching Engine; Tender Search Intelligence; Sector Briefings,9,9,high,"REQUEST FOR PROPOSALS – MEDIA MONITORING PLATFORM | RFP – STRATEGIC TRANSFORMATION | REQUEST FOR QUOTATIONS – JIRA RESELLER | RFP – ORGANIZATIONAL AND CULTURAL TRANSFORMATION | REQUEST FOR PROPOSALS – JIRA PARTNER | PRE-QUALIFICATION FOR ORM CONSULTING, ADVISORY AND OUTSOURCING SERVICES | PRE-QUALIFICATION FOR ORM CONSULTING, ADVISORY AND OUTSOURCING SERVICES | PRE-QUALIFICATION FOR ORM CONSULTING, ADVISORY AND OUTSOURCING SERVICES | HUMAN CENTRED DESIGN | RFP – PRE-QUALIFICATION FOR STRATEGIC TRANSFORMATION SERVICES"
legacy_award_notices_2012_to_2022_08_prior_to_canadabuys.csv,title-titre-eng,text,100.0,Semantic Intelligence,"Supports keyword search, sector tagging, AI classification, and opportunity matching.",Opportunity Matching Engine; Tender Search Intelligence; Sector Briefings,9,9,high,ADP Software | ADP Software | RISKOUTLOOK MODEL OF THE CI SECTORS | ADP Software | QUEST SOFTWARE PROFESSIONAL SERVICE | Combination and Miscellaneous Instruments | Informatics Professional Services | TBIPS - IT CONSULTING SERVICES | TBIPS - IT CONSULTING SERVICES | Informatics Professional Services
all_canadabuys_contract_history_2023_06_01_onwards.csv,title-titre-eng,text,100.0,Semantic Intelligence,"Supports keyword search, sector tagging, AI classification, and opportunity matching.",Opportunity Matching Engine; Tender Search Intelligence; Sector Briefings,9,9,high,"DELCO SECURITY (21120-219814/001/HN~000) | UNITED STATES DEPARTMENT OF THE ARMY (USASAC) (W8484-250684/001/USW~000) | INCITE EXPERIENTIAL DESIGN INC DBA RMUS CANADA (W6399-23DB09/001/KIN~000) | NFM TECHNOLOGY AS (W7701-217392/001/QCL~000) | PMG TECHNOLOGIES INC (T8127-200020/001/MTP~000) | IMT PARTNERSHIP (W7714-238401/001/BK~000) | AMERESCO CANADA, INC (EP959-202438/001/FK~000) | MORIYAMA & TESHIMA ARCHITECTS (EA003-212331/001/PWD~000) | CHANTIER DAVIE CANADA INC (F7017-251202/001/NQ ~000) | BUREAU VERITAS MARINE (CANADA) INC (F7044-221317/001/ML~000)"
legacy_contract_history_2009_01_to_2023_05_prior_to_canadabuys.csv,title-titre-eng,text,100.0,Semantic Intelligence,"Supports keyword search, sector tagging, AI classification, and opportunity matching.",Opportunity Matching Engine; Tender Search Intelligence; Sector Briefings,9,9,high,IT/NET-OTTAWA INC (E60ZN-15TSSO/130/ZN~000) | JANIQUE SIMARD-OUELLETTE (E60ZN-15TSSO/131/ZN~000) | TEAM KOROC/ISHEVA (E60ZN-15TSSO/132/ZN~000) | LABELLE LISE D (E60ZN-15TSSO/133/ZN~000) | LANNICK CONTRACT SOLUTIONS INC (E60ZN-15TSSO/134/ZN~000) | LANSDOWNE TECHNOLOGIES INC (E60ZN-15TSSO/135/ZN~000) | TEAM ISHEVA/RANAKAN (E60ZN-15TSSO/136/ZN~000) | LCO-CONSTRUCTION AND MANAGEMENT CONSULTANTS INC (E60ZN-15TSSO/137/ZN~000) | BRONSON CONSULTING GROUP (E60ZN-15TSSO/138/ZN~000) | LAPALME RHEAULT ARCHITECTES & ASSOCIES INC (E60ZN-15TSSO/139/ZN~000)
all_canadabuys_tender_notices_2022_08_08_onwards.csv,title-titre-eng,text,100.0,Semantic Intelligence,"Supports keyword search, sector tagging, AI classification, and opportunity matching.",Opportunity Matching Engine; Tender Search Intelligence; Sector Briefings,9,9,high,"Zerto Virtual Replication Licenses | Renaissance - Roof Repairs | Open Construction Source List for CFB Halifax | Open Construction Source List for 9 Wing Gander | Open Construction Source List for 5 Wing Goose Bay | Open Construction Source List for CDSB Gagetown and P.E.I. | Open Construction Source List for 14 Wing Greenwood | Open Construction Source List for CFB Esquimalt, BC | Open Construction Source List for 19 Wing Comox, BC | Open Construction Source List for ASU Chilliwack, BC"
archived_2009_2022_legacy_tender_notices.csv,title-titre-eng,text,100.0,Semantic Intelligence,"Supports keyword search, sector tagging, AI classification, and opportunity matching.",Opportunity Matching Engine; Tender Search Intelligence; Sector Briefings,9,9,high,"Infrastructure Upgrades | Cancelled-5P420-17-5464/A | Wharf 403 Concrete Decking Demolition and Disposal – Port Edward, BC | Building Remediation and Demolition | Removal Bldg39 Atlantic Institution | WGC18040, Demolition of Kapyong Barracks – Phase 2, Winnipeg | WGC18040, Demolition of Kapyong Barracks – Phase 2, Winnipeg | Building Demolition and Disposal, Former RCMP detachment in Island Lake, Manitoba | Trailer Demolition, Disposal and Site Restoration, South Indian Lake, MB | Office Complex Demolition, Fort Simpson, NWT"
all_canadabuys_award_notices_2022_08_08_onwards.csv,title-titre-fra,text,100.0,Semantic Intelligence,"Supports keyword search, sector tagging, AI classification, and opportunity matching.",Opportunity Matching Engine; Tender Search Intelligence; Sector Briefings,9,9,high,"DEMANDE DE PROPOSITIONS (DP) – PLATEFORME DE SURVEILLANCE DES MÉDIAS | DP – TRANSFORMATION STRATÉGIQUE | DEMANDE DE PRIX – REVENDEUR JIRA | DP - TRANSFORMATION ORGANISATIONNELLE ET CULTURELLE | DEMANDE DE PROPOSITIONS – PARTENAIRE JIRA | PRÉQUALIFICATION POUR DES SERVICES DE CONSULTATION, DE CONSEIL ET D’IMPARTITION | PRÉQUALIFICATION POUR DES SERVICES DE CONSULTATION, DE CONSEIL ET D’IMPARTITION | PRÉQUALIFICATION POUR DES SERVICES DE CONSULTATION, DE CONSEIL ET D’IMPARTITION | CONCEPTION CENTRÉE SUR LA PERSONNE | DDP – PRÉQUALIFICATION POUR DES SERVICES DE TRANSFORMATION STRATÉGIQUE"
legacy_award_notices_2012_to_2022_08_prior_to_canadabuys.csv,title-titre-fra,text,100.0,Semantic Intelligence,"Supports keyword search, sector tagging, AI classification, and opportunity matching.",Opportunity Matching Engine; Tender Search Intelligence; Sector Briefings,9,9,high,"Logiciel TAI | Logiciel TAI | PAC | Logiciel TAI | QUEST SOFTWARE PROFESSIONAL SERVICE | Combinaisons et instruments divers | Services professionnels, informatique | SPICT - SERVICES TI | SPICT - SERVICES TI | Services professionnels, informatique"
all_canadabuys_contract_history_2023_06_01_onwards.csv,title-titre-fra,text,100.0,Semantic Intelligence,"Supports keyword search, sector tagging, AI classification, and opportunity matching.",Opportunity Matching Engine; Tender Search Intelligence; Sector Briefings,9,9,high,"DELCO SECURITY (21120-219814/001/HN~000) | UNITED STATES DEPARTMENT OF THE ARMY (USASAC) (W8484-250684/001/USW~000) | INCITE EXPERIENTIAL DESIGN INC DBA RMUS CANADA (W6399-23DB09/001/KIN~000) | NFM TECHNOLOGY AS (W7701-217392/001/QCL~000) | PMG TECHNOLOGIES INC (T8127-200020/001/MTP~000) | IMT PARTNERSHIP (W7714-238401/001/BK~000) | AMERESCO CANADA, INC (EP959-202438/001/FK~000) | MORIYAMA & TESHIMA ARCHITECTS (EA003-212331/001/PWD~000) | CHANTIER DAVIE CANADA INC (F7017-251202/001/NQ ~000) | BUREAU VERITAS MARINE (CANADA) INC (F7044-221317/001/ML~000)"
legacy_contract_history_2009_01_to_2023_05_prior_to_canadabuys.csv,title-titre-fra,text,100.0,Semantic Intelligence,"Supports keyword search, sector tagging, AI classification, and opportunity matching.",Opportunity Matching Engine; Tender Search Intelligence; Sector Briefings,9,9,high,IT/NET-OTTAWA INC (E60ZN-15TSSO/130/ZN~000) | JANIQUE SIMARD-OUELLETTE (E60ZN-15TSSO/131/ZN~000) | TEAM KOROC/ISHEVA (E60ZN-15TSSO/132/ZN~000) | LABELLE LISE D (E60ZN-15TSSO/133/ZN~000) | LANNICK CONTRACT SOLUTIONS INC (E60ZN-15TSSO/134/ZN~000) | LANSDOWNE TECHNOLOGIES INC (E60ZN-15TSSO/135/ZN~000) | TEAM ISHEVA/RANAKAN (E60ZN-15TSSO/136/ZN~000) | LCO-CONSTRUCTION AND MANAGEMENT CONSULTANTS INC (E60ZN-15TSSO/137/ZN~000) | BRONSON CONSULTING GROUP (E60ZN-15TSSO/138/ZN~000) | LAPALME RHEAULT ARCHITECTES & ASSOCIES INC (E60ZN-15TSSO/139/ZN~000)
all_canadabuys_tender_notices_2022_08_08_onwards.csv,title-titre-fra,text,100.0,Semantic Intelligence,"Supports keyword search, sector tagging, AI classification, and opportunity matching.",Opportunity Matching Engine; Tender Search Intelligence; Sector Briefings,9,9,high,"Zerto Virtual Replication Licenses | Renaissance - Réparations de toits | Répertoire ouvert d’entrepreneurs en construction pour la BFC Halifax | Répertoire ouvert d’entrepreneurs en construction pour la 9e Escadre Gander | Répertoire ouvert d’entrepreneurs en construction pour la 5e Escadre Goose Bay | Répertoire ouvert d’entrepreneurs en construction à BSDC Gagetown et l’Î.-P.-É. | Répertoire ouvert d’entrepreneurs en construction pour la 14e Escadre Greenwood | Répertoire ouvert d’entrepreneurs en construction pour la BFC Esquimalt, C.-B. | Répertoire ouvert d’entrepreneurs en construction pour 19e Escadre Comox, C.-B. | Répertoire ouvert d’entrepreneurs en construction pour l'USS Chilliwack, C.-B."
archived_2009_2022_legacy_tender_notices.csv,title-titre-fra,text,100.0,Semantic Intelligence,"Supports keyword search, sector tagging, AI classification, and opportunity matching.",Opportunity Matching Engine; Tender Search Intelligence; Sector Briefings,9,9,high,"Mise à niveau de l'infrastructure | Annulé-5P420-17-5464/A | Démolition et élimination du tablier en béton du quai 403 – Port Edward (C.-B.) | Décontamination et démolition de bâtiments | Démolition du bâtiment 39, Établissement de l'Atlantique | WGC18040, Phase 2 - Démolition des casernes de Kapyong, Winnipeg | WGC18040, Phase 2 - Démolition des casernes de Kapyong, Winnipeg | Démolition et élimination de bâtiment, Ancien détachement de la GRC à Island Lake (Manitoba) | Démolition et élimination d’un bâtiment et restauration d’un site remorque d’habitation à South Indian Lake (Manitoba) | Démolition d'un complexe de bureaux, Fort Simpson (T.-N.-O.)"
all_canadabuys_contract_history_2023_06_01_onwards.csv,supplierOperatingName-nomCommercialFournisseur-eng,text,70.3,Supplier Intelligence,"Supports supplier ranking, market share, geography, and entity resolution.",Supplier Scorecards; Market Share Intelligence; Competitor Tracking,10,9,high,"Delco Security | UNITED STATES DEPARTMENT OF THE ARMY (USASAC) | Incite Experiential Design INC DBA RMUS Canada | NFM TECHNOLOGY AS | PMG TECHNOLOGIES INC. | IMT Partnership | Ameresco Canada, Inc. | MORIYAMA & TESHIMA ARCHITECTS | Chantier Davie Canada Inc. | Bureau Veritas Marine (Canada) Inc."
all_canadabuys_contract_history_2023_06_01_onwards.csv,supplierOperatingName-nomCommercialFournisseur-fra,text,70.3,Supplier Intelligence,"Supports supplier ranking, market share, geography, and entity resolution.",Supplier Scorecards; Market Share Intelligence; Competitor Tracking,10,9,high,"Delco Security | UNITED STATES DEPARTMENT OF THE ARMY (USASAC) | Incite Experiential Design INC DBA RMUS Canada | NFM TECHNOLOGY AS | PMG TECHNOLOGIES INC. | IMT Partnership | Ameresco Canada, Inc. | MORIYAMA & TESHIMA ARCHITECTS | Chantier Davie Canada Inc. | Bureau Veritas Marine (Canada) Inc."
all_canadabuys_contract_history_2023_06_01_onwards.csv,supplierStandardizedName-nomNormaliseFournisseur-eng,text,68.3,Supplier Intelligence,"Supports supplier ranking, market share, geography, and entity resolution.",Supplier Scorecards; Market Share Intelligence; Competitor Tracking,10,9,high,"DELCO SECURITY | UNITED STATES DEPARTMENT OF THE ARMY (USASAC) | INCITE EXPERIENTIAL DESIGN INC DBA RMUS CANADA | NFM TECHNOLOGY AS | PMG TECHNOLOGIES INC | IMT PARTNERSHIP | AMERESCO CANADA, INC | MORIYAMA & TESHIMA ARCHITECTS | CHANTIER DAVIE CANADA INC | BUREAU VERITAS MARINE (CANADA) INC"
all_canadabuys_contract_history_2023_06_01_onwards.csv,supplierStandardizedName-nomNormaliseFournisseur-fra,text,68.3,Supplier Intelligence,"Supports supplier ranking, market share, geography, and entity resolution.",Supplier Scorecards; Market Share Intelligence; Competitor Tracking,10,9,high,"DELCO SECURITY | UNITED STATES DEPARTMENT OF THE ARMY (USASAC) | INCITE EXPERIENTIAL DESIGN INC DBA RMUS CANADA | NFM TECHNOLOGY AS | PMG TECHNOLOGIES INC | IMT PARTNERSHIP | AMERESCO CANADA, INC | MORIYAMA & TESHIMA ARCHITECTS | CHANTIER DAVIE CANADA INC | BUREAU VERITAS MARINE (CANADA) INC"
all_canadabuys_award_notices_2022_08_08_onwards.csv,contractAwardDate-dateAttributionContrat,date,100.0,Timing Intelligence,"Supports trend analysis, freshness, renewal timing, and alerts.",Renewal Watch; Freshness Engine; Procurement Trend Alerts,9,9,high,2024-02-29 | 2024-02-29 | 2024-02-29 | 2024-02-29 | 2024-02-29 | 2024-04-01 | 2024-04-01 | 2024-04-01 | 2024-04-24 | 2024-02-05
legacy_award_notices_2012_to_2022_08_prior_to_canadabuys.csv,contractAwardDate-dateAttributionContrat,date,100.0,Timing Intelligence,"Supports trend analysis, freshness, renewal timing, and alerts.",Renewal Watch; Freshness Engine; Procurement Trend Alerts,9,9,high,2012-03-02 | 2012-03-01 | 2013-01-25 | 2012-07-13 | 2012-08-23 | 2012-04-11 | 2012-03-15 | 2013-03-26 | 2013-03-26 | 2012-10-12
all_canadabuys_contract_history_2023_06_01_onwards.csv,contractAwardDate-dateAttributionContrat,date,100.0,Timing Intelligence,"Supports trend analysis, freshness, renewal timing, and alerts.",Renewal Watch; Freshness Engine; Procurement Trend Alerts,9,9,high,2023-07-05 | 2025-04-23 | 2023-06-08 | 2023-09-13 | 2023-06-06 | 2023-10-16 | 2023-09-01 | 2023-11-30 | 2025-03-07 | 2023-07-07
legacy_contract_history_2009_01_to_2023_05_prior_to_canadabuys.csv,contractAwardDate-dateAttributionContrat,date,100.0,Timing Intelligence,"Supports trend analysis, freshness, renewal timing, and alerts.",Renewal Watch; Freshness Engine; Procurement Trend Alerts,9,9,high,2015-06-16 | 2015-06-16 | 2015-06-16 | 2015-06-16 | 2015-06-16 | 2015-06-16 | 2015-06-16 | 2015-06-16 | 2015-06-16 | 2015-06-16
all_canadabuys_award_notices_2022_08_08_onwards.csv,contractEndDate-dateFinContrat,date,100.0,Timing Intelligence,"Supports trend analysis, freshness, renewal timing, and alerts.",Renewal Watch; Freshness Engine; Procurement Trend Alerts,9,9,high,2028-11-15 | 2026-12-04 | 2024-09-30 | 2026-12-04 | 2026-08-31 | 2027-03-31 | 2027-03-31 | 2027-03-31 | 2027-04-14 | 2027-02-04
all_canadabuys_contract_history_2023_06_01_onwards.csv,contractEndDate-dateFinContrat,date,100.0,Timing Intelligence,"Supports trend analysis, freshness, renewal timing, and alerts.",Renewal Watch; Freshness Engine; Procurement Trend Alerts,9,9,high,2023-09-30 | 2031-09-30 | 2025-03-31 | 2025-09-12 | 2028-03-31 | 2029-01-31 | 2033-09-01 | 2030-07-25 | 2032-03-31 | 2030-12-31
legacy_contract_history_2009_01_to_2023_05_prior_to_canadabuys.csv,contractEndDate-dateFinContrat,date,100.0,Timing Intelligence,"Supports trend analysis, freshness, renewal timing, and alerts.",Renewal Watch; Freshness Engine; Procurement Trend Alerts,9,9,high,2016-12-31 | 2016-12-31 | 2016-12-31 | 2016-12-31 | 2016-12-31 | 2016-12-31 | 2016-12-31 | 2016-12-31 | 2016-12-31 | 2016-12-31
all_canadabuys_award_notices_2022_08_08_onwards.csv,contractStartDate-contratDateDebut,date,100.0,Timing Intelligence,"Supports trend analysis, freshness, renewal timing, and alerts.",Renewal Watch; Freshness Engine; Procurement Trend Alerts,9,9,high,2023-11-15 | 2023-12-05 | 2023-09-30 | 2023-12-05 | 2023-09-01 | 2024-04-01 | 2024-04-01 | 2024-04-01 | 2024-04-15 | 2024-02-05
all_canadabuys_award_notices_2022_08_08_onwards.csv,publicationDate-datePublication,date,100.0,Timing Intelligence,"Supports trend analysis, freshness, renewal timing, and alerts.",Renewal Watch; Freshness Engine; Procurement Trend Alerts,9,9,high,2024-02-29 | 2024-02-29 | 2024-02-29 | 2024-02-29 | 2024-02-29 | 2024-04-10 | 2024-04-10 | 2024-04-10 | 2024-04-24 | 2024-06-04
legacy_award_notices_2012_to_2022_08_prior_to_canadabuys.csv,publicationDate-datePublication,date,100.0,Timing Intelligence,"Supports trend analysis, freshness, renewal timing, and alerts.",Renewal Watch; Freshness Engine; Procurement Trend Alerts,9,9,high,2012-03-02 | 2012-03-02 | 2013-01-28 | 2012-07-16 | 2012-08-24 | 2012-04-12 | 2012-03-16 | 2013-03-27 | 2013-03-27 | 2012-10-16
all_canadabuys_contract_history_2023_06_01_onwards.csv,publicationDate-datePublication,date,100.0,Timing Intelligence,"Supports trend analysis, freshness, renewal timing, and alerts.",Renewal Watch; Freshness Engine; Procurement Trend Alerts,9,9,high,2023-07-24 | 2025-05-27 | 2024-07-27 | 2023-09-22 | 2023-06-22 | 2023-10-25 | 2024-07-27 | 2024-01-31 | 2025-11-06 | 2023-07-24
all_canadabuys_tender_notices_2022_08_08_onwards.csv,publicationDate-datePublication,date,100.0,Timing Intelligence,"Supports trend analysis, freshness, renewal timing, and alerts.",Renewal Watch; Freshness Engine; Procurement Trend Alerts,9,9,high,2026-06-15 | 2026-06-05 | 2026-01-23 | 2026-01-23 | 2026-01-23 | 2026-01-23 | 2026-01-23 | 2026-01-22 | 2026-01-22 | 2026-01-22
archived_2009_2022_legacy_tender_notices.csv,publicationDate-datePublication,date,100.0,Timing Intelligence,"Supports trend analysis, freshness, renewal timing, and alerts.",Renewal Watch; Freshness Engine; Procurement Trend Alerts,9,9,high,2015-08-07 | 2018-01-23 | 2021-12-22 | 2014-01-28 | 2015-11-27 | 2019-05-16 | 2019-05-30 | 2017-10-27 | 2019-01-14 | 2015-07-14
all_canadabuys_tender_notices_2022_08_08_onwards.csv,tenderClosingDate-appelOffresDateCloture,date,100.0,Timing Intelligence,"Supports trend analysis, freshness, renewal timing, and alerts.",Renewal Watch; Freshness Engine; Procurement Trend Alerts,9,9,high,2026-06-30T13:00:00 | 2026-07-15T14:00:00 | 2029-03-31T13:00:00 | 2029-03-31T13:00:00 | 2029-03-31T13:00:00 | 2029-03-31T13:00:00 | 2029-03-31T13:00:00 | 2029-03-31T17:00:00 | 2029-03-31T17:00:00 | 2029-03-31T17:00:00
archived_2009_2022_legacy_tender_notices.csv,tenderClosingDate-appelOffresDateCloture,date,100.0,Timing Intelligence,"Supports trend analysis, freshness, renewal timing, and alerts.",Renewal Watch; Freshness Engine; Procurement Trend Alerts,9,9,high,2015-08-19T15:00:00 | 2018-02-13T16:00:00 | 2022-01-07T13:00:00 | 2014-02-13T15:00:00 | 2015-12-17T12:00:00 | 2019-05-28T14:00:00 | 2019-06-11T14:00:00 | 2017-11-21T15:00:00 | 2019-01-29T15:00:00 | 2015-07-31T16:00:00
all_canadabuys_contract_history_2023_06_01_onwards.csv,contractingEntityAddressCity-entiteContractanteAdresseVille-eng,text,35.6,Buyer Intelligence,"Supports department profiles, buyer segmentation, and procurement behavior.",Department Scorecards; Buyer Targeting; Government Account Intelligence,10,8,medium,Gatineau | Gatineau | Gatineau | Gatineau | Gatineau | Gatineau | Gatineau | Gatineau | Gatineau | Gatineau
all_canadabuys_contract_history_2023_06_01_onwards.csv,contractingEntityAddressCity-entiteContractanteAdresseVille-fra,text,35.6,Buyer Intelligence,"Supports department profiles, buyer segmentation, and procurement behavior.",Department Scorecards; Buyer Targeting; Government Account Intelligence,10,8,medium,Gatineau | Gatineau | Gatineau | Gatineau | Gatineau | Gatineau | Gatineau | Gatineau | Gatineau | Gatineau
all_canadabuys_contract_history_2023_06_01_onwards.csv,contractingEntityAddressCountry-entiteContractanteAdressePays-eng,text,35.6,Buyer Intelligence,"Supports department profiles, buyer segmentation, and procurement behavior.",Department Scorecards; Buyer Targeting; Government Account Intelligence,10,8,medium,Canada | Canada | Canada | Canada | Canada | Canada | Canada | Canada | Canada | Canada
all_canadabuys_contract_history_2023_06_01_onwards.csv,contractingEntityAddressCountry-entiteContractanteAdressePays-fra,text,35.6,Buyer Intelligence,"Supports department profiles, buyer segmentation, and procurement behavior.",Department Scorecards; Buyer Targeting; Government Account Intelligence,10,8,medium,Canada | Canada | Canada | Canada | Canada | Canada | Canada | Canada | Canada | Canada
all_canadabuys_contract_history_2023_06_01_onwards.csv,contractingEntityAddressLine-ligneAdresseEntiteContractante-eng,text,35.6,Buyer Intelligence,"Supports department profiles, buyer segmentation, and procurement behavior.",Department Scorecards; Buyer Targeting; Government Account Intelligence,10,8,medium,"11 Laurier St, Phase III, Place du Portage | 11 Laurier St, Phase III, Place du Portage | 11 Laurier St, Phase III, Place du Portage | 11 Laurier St, Phase III, Place du Portage | 11 Laurier St, Phase III, Place du Portage | 11 Laurier St, Phase III, Place du Portage | 11 Laurier St, Phase III, Place du Portage | 11 Laurier St, Phase III, Place du Portage | 11 Laurier St, Phase III, Place du Portage | 11 Laurier St, Phase III, Place du Portage"
all_canadabuys_contract_history_2023_06_01_onwards.csv,contractingEntityAddressLine-ligneAdresseEntiteContractante-fra,text,35.6,Buyer Intelligence,"Supports department profiles, buyer segmentation, and procurement behavior.",Department Scorecards; Buyer Targeting; Government Account Intelligence,10,8,medium,"11, rue Laurier, Phase III, Place du Portage | 11, rue Laurier, Phase III, Place du Portage | 11, rue Laurier, Phase III, Place du Portage | 11, rue Laurier, Phase III, Place du Portage | 11, rue Laurier, Phase III, Place du Portage | 11, rue Laurier, Phase III, Place du Portage | 11, rue Laurier, Phase III, Place du Portage | 11, rue Laurier, Phase III, Place du Portage | 11, rue Laurier, Phase III, Place du Portage | 11, rue Laurier, Phase III, Place du Portage"
all_canadabuys_contract_history_2023_06_01_onwards.csv,contractingEntityAddressPostalCode-entiteContractanteAdresseCodePostal,text,35.6,Buyer Intelligence,"Supports department profiles, buyer segmentation, and procurement behavior.",Department Scorecards; Buyer Targeting; Government Account Intelligence,10,8,medium,K1A 0S5 | K1A 0S5 | K1A 0S5 | K1A 0S5 | K1A 0S5 | K1A 0S5 | K1A 0S5 | K1A 0S5 | K1A 0S5 | K1A 0S5
all_canadabuys_contract_history_2023_06_01_onwards.csv,contractingEntityAddressProvince-entiteContractanteAdresseProvince-eng,text,35.6,Buyer Intelligence,"Supports department profiles, buyer segmentation, and procurement behavior.",Department Scorecards; Buyer Targeting; Government Account Intelligence,10,8,medium,Quebec | Quebec | Quebec | Quebec | Quebec | Quebec | Quebec | Quebec | Quebec | Quebec
all_canadabuys_contract_history_2023_06_01_onwards.csv,contractingEntityAddressProvince-entiteContractanteAdresseProvince-fra,text,35.6,Buyer Intelligence,"Supports department profiles, buyer segmentation, and procurement behavior.",Department Scorecards; Buyer Targeting; Government Account Intelligence,10,8,medium,Québec | Québec | Québec | Québec | Québec | Québec | Québec | Québec | Québec | Québec
all_canadabuys_contract_history_2023_06_01_onwards.csv,unspsc,text,35.6,Category Market Intelligence,Classifies what government buys and which sectors are active.,Category Market Reports; Industry Demand Tracker; Supplier Segment Intelligence,10,8,medium,*10100000 | *10101900 | *10120000 *10121500 | *10131600 | *10150000 | *10150000 | *10150000 *11121610 *30161702 *30161707 *30161710 *30161719 *30180000 *47000000 *72102902 *72102903 *72151200 *72152300 *72152600 *73152108 ... | *10150000 *11121610 *30161702 *30161707 *30161710 *30161719 *30180000 *47000000 *72102902 *72102903 *72151200 *72152300 *72152600 *73152108 ... | *10150000 *11121610 *30161702 *30161707 *30161710 *30161719 *30180000 *47000000 *72102902 *72102903 *72151200 *72152300 *72152600 *73152108 ... | *10151700 *43202219 *43202220 *43202221 *72151200
all_canadabuys_contract_history_2023_06_01_onwards.csv,unspscDescription-eng,text,35.6,Category Market Intelligence,Classifies what government buys and which sectors are active.,Category Market Reports; Industry Demand Tracker; Supplier Segment Intelligence,10,8,medium,*Live animals | *Insects | *Animal feed *Livestock feed | *Animal containment | *Seeds and bulbs and seedlings and cuttings | *Seeds and bulbs and seedlings and cuttings | *Seeds and bulbs and seedlings and cuttings *Hardwoods *Wood flooring *Vinyl flooring *Laminate flooring *Carpet or rug underlays *Plumbing ... | *Seeds and bulbs and seedlings and cuttings *Hardwoods *Wood flooring *Vinyl flooring *Laminate flooring *Carpet or rug underlays *Plumbing ... | *Seeds and bulbs and seedlings and cuttings *Hardwoods *Wood flooring *Vinyl flooring *Laminate flooring *Carpet or rug underlays *Plumbing ... | *Grass and forage seeds and seedlings *Automotive heating ventilation air conditioning HVAC control head assembly *Automotive heating ventil...
all_canadabuys_contract_history_2023_06_01_onwards.csv,unspscDescription-fra,text,35.6,Category Market Intelligence,Classifies what government buys and which sectors are active.,Category Market Reports; Industry Demand Tracker; Supplier Segment Intelligence,10,8,medium,"*Animaux vivants | *Insectes | *Nourriture pour animaux *Nourriture pour bétail | *Confinements pour animaux | *Semences, bulbes, semis et boutures | *Semences, bulbes, semis et boutures | *Semences, bulbes, semis et boutures *Bois dur - bois franc *Plancher en bois *Revêtement de sol en vinyle *Plancher laminé *Tapis ou thibau... | *Semences, bulbes, semis et boutures *Bois dur - bois franc *Plancher en bois *Revêtement de sol en vinyle *Plancher laminé *Tapis ou thibau... | *Semences, bulbes, semis et boutures *Bois dur - bois franc *Plancher en bois *Revêtement de sol en vinyle *Plancher laminé *Tapis ou thibau... | *Semences et semis pour gazon et fourrage *Ensemble de commande pour système de chauffage, ventilation et conditionnement d'air (CVCA) autom..."
legacy_award_notices_2012_to_2022_08_prior_to_canadabuys.csv,endUserEntitiesAddress-adresseEntitesUtilisateurFinal-eng,text,100.0,Geographic Intelligence,"Supports regional analysis, supplier geography, and economic development products.",Regional Spend Reports; Supplier Geography Intelligence; Foreign Supplier Tracker,8,8,medium,"101 Colonel By Dr,Ottawa,Ontario,K1A0K2,Canada | 101 Colonel By Dr,Ottawa,Ontario,K1A0K2,Canada | 101 Colonel By Dr,Ottawa,Ontario,K1A0K2,Canada | 101 Colonel By Dr,Ottawa,Ontario,K1A0K2,Canada | 101 Colonel By Dr,Ottawa,Ontario,K1A0K2,Canada | 330 Sparks St,Ottawa,Ontario,K1A 0N5,Canada | 142 Prom. du Portage,Gatineau,Quebec,J8X 2K3,Canada | 101 Colonel By Dr,Ottawa,Ontario,K1A0K2,Canada | 101 Colonel By Dr,Ottawa,Ontario,K1A0K2,Canada | 101 Colonel By Dr,Ottawa,Ontario,K1A0K2,Canada"
all_canadabuys_contract_history_2023_06_01_onwards.csv,endUserEntitiesAddress-adresseEntitesUtilisateurFinal-eng,text,100.0,Geographic Intelligence,"Supports regional analysis, supplier geography, and economic development products.",Regional Spend Reports; Supplier Geography Intelligence; Foreign Supplier Tracker,8,8,medium,"340 LAURIER AVE W.,OTTAWA,Ontario,K1A0P9,Canada | 101 COLONEL BY DR.,OTTAWA,Ontario,K1A0K2,Canada | 101 COLONEL BY DR.,OTTAWA,Ontario,K1A0K2,Canada | BATISSE 53<br>2459 ROUTE DE LA BRAVOURE,QUEBEC,Quebec,G3J1X5,Canada | 100 RUE DU LANDAIS,BLAINVILLE,Quebec,J7C5C9,Canada | BLDG 29 RECEIVING<br>3701 CARLING AVE,OTTAWA,Ontario,K1A0Z4,Canada | 165 De l'Hotel de Ville,GATINEAU,Quebec,K1A0J2,Canada | JOHN CABOT BLDG<br>10 BARTERS HILL P.O.BOX 4600,ST JOHNS,Newfoundland and Labrador,A1C5T2,Canada / JOHN CABOT BLDG<br>10 BARTERS HILL P.O.BO... | 3RD FLOOR<br>200 ELGIN STREET,OTTAWA,Ontario,K2P1L5,Canada | INTEGRATED TECHNICAL SERVICES<br>200 KENT ST STN. 7W060,OTTAWA,Ontario,K1A0E6,Canada"
legacy_contract_history_2009_01_to_2023_05_prior_to_canadabuys.csv,endUserEntitiesAddress-adresseEntitesUtilisateurFinal-eng,text,100.0,Geographic Intelligence,"Supports regional analysis, supplier geography, and economic development products.",Regional Spend Reports; Supplier Geography Intelligence; Foreign Supplier Tracker,8,8,medium,"PORTAGE III 11C1<br>11 LAURIER ST,GATINEAU,Quebec,K1A0S5,Canada | PORTAGE III 11C1<br>11 LAURIER ST,GATINEAU,Quebec,K1A0S5,Canada | PORTAGE III 11C1<br>11 LAURIER ST,GATINEAU,Quebec,K1A0S5,Canada | PORTAGE III 11C1<br>11 LAURIER ST,GATINEAU,Quebec,K1A0S5,Canada | PORTAGE III 11C1<br>11 LAURIER ST,GATINEAU,Quebec,K1A0S5,Canada | PORTAGE III 11C1<br>11 LAURIER ST,GATINEAU,Quebec,K1A0S5,Canada | PORTAGE III 11C1<br>11 LAURIER ST,GATINEAU,Quebec,K1A0S5,Canada | PORTAGE III 11C1<br>11 LAURIER ST,GATINEAU,Quebec,K1A0S5,Canada | PORTAGE III 11C1<br>11 LAURIER ST,GATINEAU,Quebec,K1A0S5,Canada | PORTAGE III 11C1<br>11 LAURIER ST,GATINEAU,Quebec,K1A0S5,Canada"
all_canadabuys_tender_notices_2022_08_08_onwards.csv,endUserEntitiesAddress-adresseEntitesUtilisateurFinal-eng,text,95.3,Geographic Intelligence,"Supports regional analysis, supplier geography, and economic development products.",Regional Spend Reports; Supplier Geography Intelligence; Foreign Supplier Tracker,8,8,medium,"90 Metcalfe Street,Ottawa,Ontario,K0A 0C3,Canada | 90 Metcalfe Street,Ottawa,Ontario,K0A 0C3,Canada | 90 Metcalfe Street,Ottawa,Ontario,K0A 0C3,Canada | 90 Metcalfe Street,Ottawa,Ontario,K0A 0C3,Canada | 90 Metcalfe Street,Ottawa,Ontario,K0A 0C3,Canada | 90 Metcalfe Street,Ottawa,Ontario,K0A 0C3,Canada | 90 Metcalfe Street,Ottawa,Ontario,K0A 0C3,Canada | 90 Metcalfe Street,Ottawa,Ontario,K0A 0C3,Canada | 90 Metcalfe Street,Ottawa,Ontario,K0A 0C3,Canada | 90 Metcalfe Street,Ottawa,Ontario,K0A 0C3,Canada"
archived_2009_2022_legacy_tender_notices.csv,endUserEntitiesAddress-adresseEntitesUtilisateurFinal-eng,text,99.9,Geographic Intelligence,"Supports regional analysis, supplier geography, and economic development products.",Regional Spend Reports; Supplier Geography Intelligence; Foreign Supplier Tracker,8,8,medium,"200 Kent St, Station 13E228,Ottawa,Ontario,K1A 0E6,Canada | 30 Victoria Street,Gatineau,Quebec,J8X 0B3,Canada | 200 Kent St, Station 13E228,Ottawa,Ontario,K1A 0E6,Canada | 1341 Baseline Road,Ottawa,Ontario,K1A0C5,Canada | 11 Laurier St, Phase III, Place du Portage,Gatineau,Quebec,K1A 0S5,Canada | Constitution Square, 19th Floor, 350 Albert Street,Ottawa,Ontario,K1A 0K3,Canada | Constitution Square, 19th Floor, 350 Albert Street,Ottawa,Ontario,K1A 0K3,Canada | 73 Leikin Dr,Ottawa,Ontario,K1AOR2,Canada | 73 Leikin Dr,Ottawa,Ontario,K1AOR2,Canada | 11 Laurier St, Phase III, Place du Portage,Gatineau,Quebec,K1A 0S5,Canada"
legacy_award_notices_2012_to_2022_08_prior_to_canadabuys.csv,endUserEntitiesAddress-adresseEntitesUtilisateurFinal-fra,text,100.0,Geographic Intelligence,"Supports regional analysis, supplier geography, and economic development products.",Regional Spend Reports; Supplier Geography Intelligence; Foreign Supplier Tracker,8,8,medium,"101, promenade Colonel By,Ottawa,Ontario,K1A0K2,Canada | 101, promenade Colonel By,Ottawa,Ontario,K1A0K2,Canada | 101, promenade Colonel By,Ottawa,Ontario,K1A0K2,Canada | 101, promenade Colonel By,Ottawa,Ontario,K1A0K2,Canada | 101, promenade Colonel By,Ottawa,Ontario,K1A0K2,Canada | 330, rue Sparks,Ottawa,Ontario,K1A 0N5,Canada | 142, promenade du Portage,Gatineau,Québec,J8X 2K3,Canada | 101, promenade Colonel By,Ottawa,Ontario,K1A0K2,Canada | 101, promenade Colonel By,Ottawa,Ontario,K1A0K2,Canada | 101, promenade Colonel By,Ottawa,Ontario,K1A0K2,Canada"
all_canadabuys_contract_history_2023_06_01_onwards.csv,endUserEntitiesAddress-adresseEntitesUtilisateurFinal-fra,text,100.0,Geographic Intelligence,"Supports regional analysis, supplier geography, and economic development products.",Regional Spend Reports; Supplier Geography Intelligence; Foreign Supplier Tracker,8,8,medium,"340 LAURIER AVE W.,OTTAWA,Ontario,K1A0P9,Canada | 101 COLONEL BY DR.,OTTAWA,Ontario,K1A0K2,Canada | 101 COLONEL BY DR.,OTTAWA,Ontario,K1A0K2,Canada | BATISSE 53<br>2459 ROUTE DE LA BRAVOURE,QUEBEC,Quebec,G3J1X5,Canada | 100 RUE DU LANDAIS,BLAINVILLE,Quebec,J7C5C9,Canada | BLDG 29 RECEIVING<br>3701 CARLING AVE,OTTAWA,Ontario,K1A0Z4,Canada | 165 De l'Hotel de Ville,GATINEAU,Quebec,K1A0J2,Canada | JOHN CABOT BLDG<br>10 BARTERS HILL P.O.BOX 4600,ST JOHNS,Newfoundland and Labrador,A1C5T2,Canada / JOHN CABOT BLDG<br>10 BARTERS HILL P.O.BO... | 3RD FLOOR<br>200 ELGIN STREET,OTTAWA,Ontario,K2P1L5,Canada | INTEGRATED TECHNICAL SERVICES<br>200 KENT ST STN. 7W060,OTTAWA,Ontario,K1A0E6,Canada"
legacy_contract_history_2009_01_to_2023_05_prior_to_canadabuys.csv,endUserEntitiesAddress-adresseEntitesUtilisateurFinal-fra,text,100.0,Geographic Intelligence,"Supports regional analysis, supplier geography, and economic development products.",Regional Spend Reports; Supplier Geography Intelligence; Foreign Supplier Tracker,8,8,medium,"PORTAGE III 11C1<br>11 LAURIER ST,GATINEAU,Quebec,K1A0S5,Canada | PORTAGE III 11C1<br>11 LAURIER ST,GATINEAU,Quebec,K1A0S5,Canada | PORTAGE III 11C1<br>11 LAURIER ST,GATINEAU,Quebec,K1A0S5,Canada | PORTAGE III 11C1<br>11 LAURIER ST,GATINEAU,Quebec,K1A0S5,Canada | PORTAGE III 11C1<br>11 LAURIER ST,GATINEAU,Quebec,K1A0S5,Canada | PORTAGE III 11C1<br>11 LAURIER ST,GATINEAU,Quebec,K1A0S5,Canada | PORTAGE III 11C1<br>11 LAURIER ST,GATINEAU,Quebec,K1A0S5,Canada | PORTAGE III 11C1<br>11 LAURIER ST,GATINEAU,Quebec,K1A0S5,Canada | PORTAGE III 11C1<br>11 LAURIER ST,GATINEAU,Quebec,K1A0S5,Canada | PORTAGE III 11C1<br>11 LAURIER ST,GATINEAU,Quebec,K1A0S5,Canada"
all_canadabuys_tender_notices_2022_08_08_onwards.csv,endUserEntitiesAddress-adresseEntitesUtilisateurFinal-fra,text,95.3,Geographic Intelligence,"Supports regional analysis, supplier geography, and economic development products.",Regional Spend Reports; Supplier Geography Intelligence; Foreign Supplier Tracker,8,8,medium,"90, rue Metcalfe,Ottawa,Ontario,K0A 0C3,Canada | 90, rue Metcalfe,Ottawa,Ontario,K0A 0C3,Canada | 90, rue Metcalfe,Ottawa,Ontario,K0A 0C3,Canada | 90, rue Metcalfe,Ottawa,Ontario,K0A 0C3,Canada | 90, rue Metcalfe,Ottawa,Ontario,K0A 0C3,Canada | 90, rue Metcalfe,Ottawa,Ontario,K0A 0C3,Canada | 90, rue Metcalfe,Ottawa,Ontario,K0A 0C3,Canada | 90, rue Metcalfe,Ottawa,Ontario,K0A 0C3,Canada | 90, rue Metcalfe,Ottawa,Ontario,K0A 0C3,Canada | 90, rue Metcalfe,Ottawa,Ontario,K0A 0C3,Canada"
archived_2009_2022_legacy_tender_notices.csv,endUserEntitiesAddress-adresseEntitesUtilisateurFinal-fra,text,99.9,Geographic Intelligence,"Supports regional analysis, supplier geography, and economic development products.",Regional Spend Reports; Supplier Geography Intelligence; Foreign Supplier Tracker,8,8,medium,"200, rue Kent, station 13E228,Ottawa,Ontario,K1A 0E6,Canada | 30, rue Victoria,Gatineau,Québec,J8X 0B3,Canada | 200, rue Kent, station 13E228,Ottawa,Ontario,K1A 0E6,Canada | 1341, chemin Baseline,Ottawa,Ontario,K1A0C5,Canada | 11, rue Laurier, Phase III, Place du Portage,Gatineau,Québec,K1A 0S5,Canada | Constitution Square, 19e étage, 350, rue Albert,Ottawa,Ontario,K1A 0K3,Canada | Constitution Square, 19e étage, 350, rue Albert,Ottawa,Ontario,K1A 0K3,Canada | 73, promenade Leikin,Ottawa,Ontario,K1AOR2,Canada | 73, promenade Leikin,Ottawa,Ontario,K1AOR2,Canada | 11, rue Laurier, Phase III, Place du Portage,Gatineau,Québec,K1A 0S5,Canada"
all_canadabuys_tender_notices_2022_08_08_onwards.csv,regionsOfDelivery-regionsLivraison-eng,text,95.3,Location Intelligence,Supports delivery-region and opportunity-location analytics.,Regional Opportunity Alerts; Local Supplier Intelligence; Delivery Region Reports,8,8,medium,*Ontario (except NCR) | *Canada | *Alberta | *Ontario (except NCR) | *British Columbia | *Canada | *British Columbia | *Canada | *Ontario (except NCR) | *British Columbia
archived_2009_2022_legacy_tender_notices.csv,regionsOfDelivery-regionsLivraison-eng,text,100.0,Location Intelligence,Supports delivery-region and opportunity-location analytics.,Regional Opportunity Alerts; Local Supplier Intelligence; Delivery Region Reports,8,8,medium,*Newfoundland and Labrador | *British Columbia | *British Columbia | *British Columbia | *New Brunswick | *Manitoba | *Manitoba | *Manitoba | *Manitoba | *Northwest Territories
all_canadabuys_tender_notices_2022_08_08_onwards.csv,regionsOfDelivery-regionsLivraison-fra,text,95.3,Location Intelligence,Supports delivery-region and opportunity-location analytics.,Regional Opportunity Alerts; Local Supplier Intelligence; Delivery Region Reports,8,8,medium,*Ontario (sauf RCN) | *Canada | *Alberta | *Ontario (sauf RCN) | *Colombie-Britannique | *Canada | *Colombie-Britannique | *Canada | *Ontario (sauf RCN) | *Colombie-Britannique
archived_2009_2022_legacy_tender_notices.csv,regionsOfDelivery-regionsLivraison-fra,text,100.0,Location Intelligence,Supports delivery-region and opportunity-location analytics.,Regional Opportunity Alerts; Local Supplier Intelligence; Delivery Region Reports,8,8,medium,*Terre-Neuve-et-Labrador | *Colombie-Britannique | *Colombie-Britannique | *Colombie-Britannique | *Nouveau-Brunswick | *Manitoba | *Manitoba | *Manitoba | *Manitoba | *Territoires du Nord-Ouest
all_canadabuys_tender_notices_2022_08_08_onwards.csv,regionsOfOpportunity-regionAppelOffres-eng,text,82.6,Location Intelligence,Supports delivery-region and opportunity-location analytics.,Regional Opportunity Alerts; Local Supplier Intelligence; Delivery Region Reports,8,8,medium,*Canada | *Alberta | *Alberta | *Canada | *Canada | *Canada | *Manitoba | *Canada | *Canada | *Manitoba
all_canadabuys_tender_notices_2022_08_08_onwards.csv,regionsOfOpportunity-regionAppelOffres-fra,text,82.6,Location Intelligence,Supports delivery-region and opportunity-location analytics.,Regional Opportunity Alerts; Local Supplier Intelligence; Delivery Region Reports,8,8,medium,*Canada | *Alberta | *Alberta | *Canada | *Canada | *Canada | *Manitoba | *Canada | *Canada | *Manitoba
all_canadabuys_award_notices_2022_08_08_onwards.csv,contactInfoAddressLine-contactInfoAdresseLigne-eng,text,40.4,Relationship Intelligence,Identifies procurement contacts and buyer access points.,Buyer Contact Intelligence; BD Targeting Database; Capture Manager Lead Feed,10,8,medium,1200 chemin Montréal | 1200 Montreal Road | 355 North River Rd | #1004 -14200 Green Timbers Way | 105 rue McGill | 45 Alderney Drive | 101 Colonel By Drive | Procurement Services | 1615 Lionel-Boulet Blvd. | 40 Elgin Street
all_canadabuys_award_notices_2022_08_08_onwards.csv,contactInfoAddressLine-contactInfoAdresseLigne-fra,text,40.0,Relationship Intelligence,Identifies procurement contacts and buyer access points.,Buyer Contact Intelligence; BD Targeting Database; Capture Manager Lead Feed,10,8,medium,1200 chemin Montréal | 1200 chemin Montréal | #1004 -14200 Green Timbers Way | 105 rue McGill | 45 Alderney Drive | 101 Promenade Colonel By | Service de Provisionment | 1615 boul. Lionel-Boulet | 40 rue Elgin | 580 rue Booth
all_canadabuys_award_notices_2022_08_08_onwards.csv,contactInfoCity-contacterInfoVille-eng,text,40.7,Relationship Intelligence,Identifies procurement contacts and buyer access points.,Buyer Contact Intelligence; BD Targeting Database; Capture Manager Lead Feed,10,8,medium,Ottawa | Ottawa | Ottawa | Surrey | Montreal | Dartmouth | Ottawa | Ottawa | Varennes | Ottawa
all_canadabuys_award_notices_2022_08_08_onwards.csv,contactInfoCity-contacterInfoVille-fra,text,40.2,Relationship Intelligence,Identifies procurement contacts and buyer access points.,Buyer Contact Intelligence; BD Targeting Database; Capture Manager Lead Feed,10,8,medium,Ottawa | Ottawa | Surrey | Montreal | Dartmouth | Ottawa | Ottawa | Varennes | Ottawa | Ottawa
all_canadabuys_award_notices_2022_08_08_onwards.csv,contactInfoCountry-contactInfoPays-eng,text,41.3,Relationship Intelligence,Identifies procurement contacts and buyer access points.,Buyer Contact Intelligence; BD Targeting Database; Capture Manager Lead Feed,10,8,medium,Canada | Canada | Canada | Canada | Canada | Canada | Canada | Canada | Canada | Canada
all_canadabuys_tender_notices_2022_08_08_onwards.csv,contactInfoCountry-contactInfoPays-eng,text,44.6,Relationship Intelligence,Identifies procurement contacts and buyer access points.,Buyer Contact Intelligence; BD Targeting Database; Capture Manager Lead Feed,10,8,medium,CANADA | CANADA | CANADA | CANADA | CANADA | CANADA | CANADA | CANADA | CANADA | CANADA
archived_2009_2022_legacy_tender_notices.csv,contactInfoCountry-contactInfoPays-eng,text,47.3,Relationship Intelligence,Identifies procurement contacts and buyer access points.,Buyer Contact Intelligence; BD Targeting Database; Capture Manager Lead Feed,10,8,medium,CA | CA | CA | CA | CA | CA | CA | CA | CA | CA
all_canadabuys_tender_notices_2022_08_08_onwards.csv,contactInfoCountry-contactInfoPays-fra,text,36.8,Relationship Intelligence,Identifies procurement contacts and buyer access points.,Buyer Contact Intelligence; BD Targeting Database; Capture Manager Lead Feed,10,8,medium,CANADA | CANADA | CANADA | CANADA | CANADA | CANADA | CANADA | CANADA | CANADA | CANADA
archived_2009_2022_legacy_tender_notices.csv,contactInfoCountry-contactInfoPays-fra,text,47.3,Relationship Intelligence,Identifies procurement contacts and buyer access points.,Buyer Contact Intelligence; BD Targeting Database; Capture Manager Lead Feed,10,8,medium,CA | CA | CA | CA | CA | CA | CA | CA | CA | CA
all_canadabuys_contract_history_2023_06_01_onwards.csv,contactInfoEmail-informationsContactCourriel,text,35.6,Relationship Intelligence,Identifies procurement contacts and buyer access points.,Buyer Contact Intelligence; BD Targeting Database; Capture Manager Lead Feed,10,8,medium,oana.lee@tpsgc-pwgsc.gc.ca | tanya.gostev@tpsgc-pwgsc.gc.ca | david.lee@tpsgc-pwgsc.gc.ca | lani.adatan@tpsgc-pwgsc.gc.ca | daphne.yu@tpsgc-pwgsc.gc.ca | daphne.yu@tpsgc-pwgsc.gc.ca | melanie.constantineau-gosselin@tpsgc-pwgsc.gc.ca | melanie.constantineau-gosselin@tpsgc-pwgsc.gc.ca | melanie.constantineau-gosselin@tpsgc-pwgsc.gc.ca | hannah.marshall@tpsgc-pwgsc.gc.ca
all_canadabuys_tender_notices_2022_08_08_onwards.csv,contactInfoFax,text,28.3,Relationship Intelligence,Identifies procurement contacts and buyer access points.,Buyer Contact Intelligence; BD Targeting Database; Capture Manager Lead Feed,10,8,medium,3435769329 | 6139997777 | 6139997777 | 6139997777 | 6139997777 | 6139997777 | 6139997777 | 6139997777 | 6139997777 | 6139997777
all_canadabuys_contract_history_2023_06_01_onwards.csv,contactInfoName-informationsContactNom,text,35.6,Relationship Intelligence,Identifies procurement contacts and buyer access points.,Buyer Contact Intelligence; BD Targeting Database; Capture Manager Lead Feed,10,8,medium,"Lee, Oana (SPAC/PSPC) (elle-la / she-her) | Gostev Leonard, Tanya (SPAC/PSPC) (elle-la / she-her) | Lee, David (SPAC/PSPC) (il-le-lui / he-him-his) | Adatan, Lani (SPAC/PSPC) (elle-la / she-her) | Yu, Daphne (SPAC/PSPC) | Yu, Daphne (SPAC/PSPC) | Constantineau-Gosselin, MÃ©lanie (SPAC/PSPC) (elle-la / she-her) | Constantineau-Gosselin, MÃ©lanie (SPAC/PSPC) (elle-la / she-her) | Constantineau-Gosselin, MÃ©lanie (SPAC/PSPC) (elle-la / she-her) | Marshall, Hannah (SPAC/PSPC) (elle-la / she-her)"
all_canadabuys_award_notices_2022_08_08_onwards.csv,contactInfoPostalcode,text,40.2,Relationship Intelligence,Identifies procurement contacts and buyer access points.,Buyer Contact Intelligence; BD Targeting Database; Capture Manager Lead Feed,10,8,medium,K1A 0R6 | K1A 0R6 | K1A 0L8 | V3T 6P3 | H2Y2E7 | B2Y 2N6 | K1A 0K2 | K1P1C7 | J3X 1P7 | K1P1C7
all_canadabuys_award_notices_2022_08_08_onwards.csv,contactInfoProvince-contacterInfoProvince-eng,text,40.9,Relationship Intelligence,Identifies procurement contacts and buyer access points.,Buyer Contact Intelligence; BD Targeting Database; Capture Manager Lead Feed,10,8,medium,Ontario | Ontario | Ontario | BC | Quebec | Nova Scotia | Ontario | Ontario | Québec | Ontario
all_canadabuys_award_notices_2022_08_08_onwards.csv,contactInfoProvince-contacterInfoProvince-fra,text,40.1,Relationship Intelligence,Identifies procurement contacts and buyer access points.,Buyer Contact Intelligence; BD Targeting Database; Capture Manager Lead Feed,10,8,medium,Ontario | Ontario | C.-B. | Quebec | Nouvelle-Écosse | Ontario | Ontario | QC | Ontario | ON
all_canadabuys_award_notices_2022_08_08_onwards.csv,awardStatus-attributionStatut-eng,text,100.0,Status Intelligence,Supports lifecycle tracking and change monitoring.,Tender Status Alerts; Contract Lifecycle Monitor; Opportunity Movement Tracker,8,8,medium,Active | Active | Active | Active | Active | Active | Active | Active | Active | Active
legacy_award_notices_2012_to_2022_08_prior_to_canadabuys.csv,awardStatus-attributionStatut-eng,text,100.0,Status Intelligence,Supports lifecycle tracking and change monitoring.,Tender Status Alerts; Contract Lifecycle Monitor; Opportunity Movement Tracker,8,8,medium,Active | Active | Active | Active | Active | Active | Active | Active | Active | Active
all_canadabuys_award_notices_2022_08_08_onwards.csv,awardStatus-attributionStatut-fra,text,100.0,Status Intelligence,Supports lifecycle tracking and change monitoring.,Tender Status Alerts; Contract Lifecycle Monitor; Opportunity Movement Tracker,8,8,medium,Actif | Actif | Actif | Actif | Actif | Actif | Actif | Actif | Actif | Actif
legacy_award_notices_2012_to_2022_08_prior_to_canadabuys.csv,awardStatus-attributionStatut-fra,text,100.0,Status Intelligence,Supports lifecycle tracking and change monitoring.,Tender Status Alerts; Contract Lifecycle Monitor; Opportunity Movement Tracker,8,8,medium,Actif | Actif | Actif | Actif | Actif | Actif | Actif | Actif | Actif | Actif
all_canadabuys_tender_notices_2022_08_08_onwards.csv,tenderStatus-appelOffresStatut-eng,text,100.0,Status Intelligence,Supports lifecycle tracking and change monitoring.,Tender Status Alerts; Contract Lifecycle Monitor; Opportunity Movement Tracker,8,8,medium,Open | Open | Open | Open | Open | Open | Open | Open | Open | Open
archived_2009_2022_legacy_tender_notices.csv,tenderStatus-appelOffresStatut-eng,text,100.0,Status Intelligence,Supports lifecycle tracking and change monitoring.,Tender Status Alerts; Contract Lifecycle Monitor; Opportunity Movement Tracker,8,8,medium,Expired | Cancelled | Expired | Expired | Expired | Expired | Expired | Expired | Expired | Expired
all_canadabuys_tender_notices_2022_08_08_onwards.csv,tenderStatus-appelOffresStatut-fra,text,100.0,Status Intelligence,Supports lifecycle tracking and change monitoring.,Tender Status Alerts; Contract Lifecycle Monitor; Opportunity Movement Tracker,8,8,medium,Ouvert | Ouvert | Ouvert | Ouvert | Ouvert | Ouvert | Ouvert | Ouvert | Ouvert | Ouvert
archived_2009_2022_legacy_tender_notices.csv,tenderStatus-appelOffresStatut-fra,text,100.0,Status Intelligence,Supports lifecycle tracking and change monitoring.,Tender Status Alerts; Contract Lifecycle Monitor; Opportunity Movement Tracker,8,8,medium,Expiré | Annulé | Expiré | Expiré | Expiré | Expiré | Expiré | Expiré | Expiré | Expiré
all_canadabuys_award_notices_2022_08_08_onwards.csv,tradeAgreements-accordsCommerciaux-eng,text,100.0,Trade Agreement Intelligence,Shows which trade agreements govern procurement activity.,Trade Agreement Opportunity Map; Compliance Intelligence; Foreign Supplier Access Report,8,8,medium,*Canadian Free Trade Agreement (CFTA) *Canada-European Union Comprehensive Economic and Trade Agreement (CETA) | *Canada-European Union Comprehensive Economic and Trade Agreement (CETA) *Canadian Free Trade Agreement (CFTA) | *Canada-European Union Comprehensive Economic and Trade Agreement (CETA) *Canadian Free Trade Agreement (CFTA) | *Canadian Free Trade Agreement (CFTA) *Canada-European Union Comprehensive Economic and Trade Agreement (CETA) | *Canadian Free Trade Agreement (CFTA) *Canada-European Union Comprehensive Economic and Trade Agreement (CETA) | *Canadian Free Trade Agreement (CFTA) *Canada-European Union Comprehensive Economic and Trade Agreement (CETA) | *Canadian Free Trade Agreement (CFTA) *Canada-European Union Comprehensive Economic and Trade Agreement (CETA) | *Canadian Free Trade Agreement (CFTA) *Canada-European Union Comprehensive Economic and Trade Agreement (CETA) | *Canada-European Union Comprehensive Economic and Trade Agreement (CETA) *Canadian Free Trade Agreement (CFTA) | *Canadian Free Trade Agreement (CFTA) *Canada-European Union Comprehensive Economic and Trade Agreement (CETA)
all_canadabuys_contract_history_2023_06_01_onwards.csv,tradeAgreements-accordsCommerciaux-eng,text,90.4,Trade Agreement Intelligence,Shows which trade agreements govern procurement activity.,Trade Agreement Opportunity Map; Compliance Intelligence; Foreign Supplier Access Report,8,8,medium,*None | *Canada-Peru Free Trade Agreement (CPFTA) *Canada-Chile Free Trade Agreement (CCFTA) * Other trade agreements not listed here may apply *Can... | *Canadian Free Trade Agreement (CFTA) | *Canadian Free Trade Agreement (CFTA) | *Canada-European Union Comprehensive Economic and Trade Agreement (CETA) *Canada-Colombia Free Trade Agreement *Canada-Chile Free Trade Agre... | *Canadian Free Trade Agreement (CFTA) | *Canadian Free Trade Agreement (CFTA) | *None | *Canadian Free Trade Agreement (CFTA) | *None
legacy_contract_history_2009_01_to_2023_05_prior_to_canadabuys.csv,tradeAgreements-accordsCommerciaux-eng,text,96.9,Trade Agreement Intelligence,Shows which trade agreements govern procurement activity.,Trade Agreement Opportunity Map; Compliance Intelligence; Foreign Supplier Access Report,8,8,medium,*World Trade Organization Agreement on Government Procurement (WTO GPA) *Canada-Chile Free Trade Agreement (CCFTA) * Other trade agreements ... | *Canada-Panama Free Trade Agreement *Canada-European Union Comprehensive Economic and Trade Agreement (CETA) *Canada-Peru Free Trade Agreeme... | *World Trade Organization Agreement on Government Procurement (WTO GPA) *Canada-Chile Free Trade Agreement (CCFTA) * Other trade agreements ... | * Other trade agreements not listed here may apply *Canada-Peru Free Trade Agreement (CPFTA) *Canada-Chile Free Trade Agreement (CCFTA) *Can... | * Other trade agreements not listed here may apply *Canada-European Union Comprehensive Economic and Trade Agreement (CETA) *World Trade Org... | *World Trade Organization Agreement on Government Procurement (WTO GPA) *Canada-European Union Comprehensive Economic and Trade Agreement (C... | *World Trade Organization Agreement on Government Procurement (WTO GPA) *Canada-Chile Free Trade Agreement (CCFTA) * Other trade agreements ... | * Other trade agreements not listed here may apply *Canada-European Union Comprehensive Economic and Trade Agreement (CETA) *World Trade Org... | *Canada-European Union Comprehensive Economic and Trade Agreement (CETA) * Other trade agreements not listed here may apply *Canada-Chile Fr... | *Canada-Peru Free Trade Agreement (CPFTA) *North American Free Trade Agreement (NAFTA) * Other trade agreements not listed here may apply *C...
all_canadabuys_tender_notices_2022_08_08_onwards.csv,tradeAgreements-accordsCommerciaux-eng,text,99.8,Trade Agreement Intelligence,Shows which trade agreements govern procurement activity.,Trade Agreement Opportunity Map; Compliance Intelligence; Foreign Supplier Access Report,8,8,medium,*Canada-European Union Comprehensive Economic and Trade Agreement (CETA) | *Canadian Free Trade Agreement (CFTA) *Comprehensive and Progressive Agreement for Trans-Pacific Partnership (CPTPP) *World Trade Organizati... | *World Trade Organization Agreement on Government Procurement (WTO GPA) *Canadian Free Trade Agreement (CFTA) *Canada-European Union Compreh... | *Canadian Free Trade Agreement (CFTA) *World Trade Organization Agreement on Government Procurement (WTO GPA) *Canada-European Union Compreh... | *Canada-European Union Comprehensive Economic and Trade Agreement (CETA) *World Trade Organization Agreement on Government Procurement (WTO ... | *Canadian Free Trade Agreement (CFTA) *Canada-European Union Comprehensive Economic and Trade Agreement (CETA) *World Trade Organization Agr... | *Canada-European Union Comprehensive Economic and Trade Agreement (CETA) *Canadian Free Trade Agreement (CFTA) *World Trade Organization Agr... | *Canadian Free Trade Agreement (CFTA) *Canada-European Union Comprehensive Economic and Trade Agreement (CETA) *World Trade Organization Agr... | *Canadian Free Trade Agreement (CFTA) *World Trade Organization Agreement on Government Procurement (WTO GPA) *Canada-European Union Compreh... | *Canada-European Union Comprehensive Economic and Trade Agreement (CETA) *World Trade Organization Agreement on Government Procurement (WTO ...
archived_2009_2022_legacy_tender_notices.csv,tradeAgreements-accordsCommerciaux-eng,text,99.7,Trade Agreement Intelligence,Shows which trade agreements govern procurement activity.,Trade Agreement Opportunity Map; Compliance Intelligence; Foreign Supplier Access Report,8,8,medium,*Agreement on Internal Trade (AIT) | *Agreement on Internal Trade (AIT) | *Canadian Free Trade Agreement (CFTA) | *None | *Agreement on Internal Trade (AIT) | *Set-Aside Program for Aboriginal Business (SPAB) | *Set-Aside Program for Aboriginal Business (SPAB) | *Canadian Free Trade Agreement (CFTA) | *Canadian Free Trade Agreement (CFTA) | *Agreement on Internal Trade (AIT)
all_canadabuys_award_notices_2022_08_08_onwards.csv,tradeAgreements-accordsCommerciaux-fra,text,100.0,Trade Agreement Intelligence,Shows which trade agreements govern procurement activity.,Trade Agreement Opportunity Map; Compliance Intelligence; Foreign Supplier Access Report,8,8,medium,*Accord de libre-échange canadien (ALEC) *Accord économique et commercial global (AECG) entre le Canada et l’Union européenne (UE) | *Accord économique et commercial global (AECG) entre le Canada et l’Union européenne (UE) *Accord de libre-échange canadien (ALEC) | *Accord économique et commercial global (AECG) entre le Canada et l’Union européenne (UE) *Accord de libre-échange canadien (ALEC) | *Accord de libre-échange canadien (ALEC) *Accord économique et commercial global (AECG) entre le Canada et l’Union européenne (UE) | *Accord de libre-échange canadien (ALEC) *Accord économique et commercial global (AECG) entre le Canada et l’Union européenne (UE) | *Accord de libre-échange canadien (ALEC) *Accord économique et commercial global (AECG) entre le Canada et l’Union européenne (UE) | *Accord de libre-échange canadien (ALEC) *Accord économique et commercial global (AECG) entre le Canada et l’Union européenne (UE) | *Accord de libre-échange canadien (ALEC) *Accord économique et commercial global (AECG) entre le Canada et l’Union européenne (UE) | *Accord économique et commercial global (AECG) entre le Canada et l’Union européenne (UE) *Accord de libre-échange canadien (ALEC) | *Accord de libre-échange canadien (ALEC) *Accord économique et commercial global (AECG) entre le Canada et l’Union européenne (UE)
all_canadabuys_contract_history_2023_06_01_onwards.csv,tradeAgreements-accordsCommerciaux-fra,text,90.4,Trade Agreement Intelligence,Shows which trade agreements govern procurement activity.,Trade Agreement Opportunity Map; Compliance Intelligence; Foreign Supplier Access Report,8,8,medium,*Aucun | *Accord de libre-échange Canada-Pérou (ALECP) *Accord de libre-échange Canada-Chili (ALECC) *d'autres accords commerciaux non répertoriés ic... | *Accord de libre-échange canadien (ALEC) | *Accord de libre-échange canadien (ALEC) | *Accord économique et commercial global (AECG) entre le Canada et l’Union européenne (UE) *Accord de libre-échange Canada-Colombie *Accord d... | *Accord de libre-échange canadien (ALEC) | *Accord de libre-échange canadien (ALEC) | *Aucun | *Accord de libre-échange canadien (ALEC) | *Aucun
legacy_contract_history_2009_01_to_2023_05_prior_to_canadabuys.csv,tradeAgreements-accordsCommerciaux-fra,text,96.9,Trade Agreement Intelligence,Shows which trade agreements govern procurement activity.,Trade Agreement Opportunity Map; Compliance Intelligence; Foreign Supplier Access Report,8,8,medium,*Accord sur les marchés publics de l'Organisation mondiale du commerce (AMP-OMC) *Accord de libre-échange Canada-Chili (ALECC) *d'autres acc... | *Accord de libre-échange Canada-Panama *Accord économique et commercial global (AECG) entre le Canada et l’Union européenne (UE) *Accord de ... | *Accord sur les marchés publics de l'Organisation mondiale du commerce (AMP-OMC) *Accord de libre-échange Canada-Chili (ALECC) *d'autres acc... | *d'autres accords commerciaux non répertoriés ici peuvent s'appliquer *Accord de libre-échange Canada-Pérou (ALECP) *Accord de libre-échange... | *d'autres accords commerciaux non répertoriés ici peuvent s'appliquer *Accord économique et commercial global (AECG) entre le Canada et l’Un... | *Accord sur les marchés publics de l'Organisation mondiale du commerce (AMP-OMC) *Accord économique et commercial global (AECG) entre le Can... | *Accord sur les marchés publics de l'Organisation mondiale du commerce (AMP-OMC) *Accord de libre-échange Canada-Chili (ALECC) *d'autres acc... | *d'autres accords commerciaux non répertoriés ici peuvent s'appliquer *Accord économique et commercial global (AECG) entre le Canada et l’Un... | *Accord économique et commercial global (AECG) entre le Canada et l’Union européenne (UE) *d'autres accords commerciaux non répertoriés ici ... | *Accord de libre-échange Canada-Pérou (ALECP) *Accord de libre-échange nord-américain (ALENA) *d'autres accords commerciaux non répertoriés ...
all_canadabuys_tender_notices_2022_08_08_onwards.csv,tradeAgreements-accordsCommerciaux-fra,text,99.8,Trade Agreement Intelligence,Shows which trade agreements govern procurement activity.,Trade Agreement Opportunity Map; Compliance Intelligence; Foreign Supplier Access Report,8,8,medium,*Accord économique et commercial global (AECG) entre le Canada et l’Union européenne (UE) | *Accord de libre-échange canadien (ALEC) *Accord de Partenariat transpacifique global et progressiste (PTPGP) *Accord sur les marchés public... | *Accord sur les marchés publics de l'Organisation mondiale du commerce (AMP-OMC) *Accord de libre-échange canadien (ALEC) *Accord économique... | *Accord de libre-échange canadien (ALEC) *Accord sur les marchés publics de l'Organisation mondiale du commerce (AMP-OMC) *Accord économique... | *Accord économique et commercial global (AECG) entre le Canada et l’Union européenne (UE) *Accord sur les marchés publics de l'Organisation ... | *Accord de libre-échange canadien (ALEC) *Accord économique et commercial global (AECG) entre le Canada et l’Union européenne (UE) *Accord s... | *Accord économique et commercial global (AECG) entre le Canada et l’Union européenne (UE) *Accord de libre-échange canadien (ALEC) *Accord s... | *Accord de libre-échange canadien (ALEC) *Accord économique et commercial global (AECG) entre le Canada et l’Union européenne (UE) *Accord s... | *Accord de libre-échange canadien (ALEC) *Accord sur les marchés publics de l'Organisation mondiale du commerce (AMP-OMC) *Accord économique... | *Accord économique et commercial global (AECG) entre le Canada et l’Union européenne (UE) *Accord sur les marchés publics de l'Organisation ...
archived_2009_2022_legacy_tender_notices.csv,tradeAgreements-accordsCommerciaux-fra,text,99.7,Trade Agreement Intelligence,Shows which trade agreements govern procurement activity.,Trade Agreement Opportunity Map; Compliance Intelligence; Foreign Supplier Access Report,8,8,medium,*Accord sur le commerce intérieur (ACI) | *Accord sur le commerce intérieur (ACI) | *Accord de libre-échange canadien (ALEC) | *Aucun | *Accord sur le commerce intérieur (ACI) | *Programme des marchés réservés aux entreprises autochtones (PMREA) | *Programme des marchés réservés aux entreprises autochtones (PMREA) | *Accord de libre-échange canadien (ALEC) | *Accord de libre-échange canadien (ALEC) | *Accord sur le commerce intérieur (ACI)
legacy_contract_history_2009_01_to_2023_05_prior_to_canadabuys.csv,contractingEntityAddressCity-entiteContractanteAdresseVille-eng,empty_or_unknown,0.0,Buyer Intelligence,"Supports department profiles, buyer segmentation, and procurement behavior.",Department Scorecards; Buyer Targeting; Government Account Intelligence,10,7,medium,
legacy_contract_history_2009_01_to_2023_05_prior_to_canadabuys.csv,contractingEntityAddressCity-entiteContractanteAdresseVille-fra,empty_or_unknown,0.0,Buyer Intelligence,"Supports department profiles, buyer segmentation, and procurement behavior.",Department Scorecards; Buyer Targeting; Government Account Intelligence,10,7,medium,
legacy_contract_history_2009_01_to_2023_05_prior_to_canadabuys.csv,contractingEntityAddressCountry-entiteContractanteAdressePays-eng,empty_or_unknown,0.0,Buyer Intelligence,"Supports department profiles, buyer segmentation, and procurement behavior.",Department Scorecards; Buyer Targeting; Government Account Intelligence,10,7,medium,
legacy_contract_history_2009_01_to_2023_05_prior_to_canadabuys.csv,contractingEntityAddressCountry-entiteContractanteAdressePays-fra,empty_or_unknown,0.0,Buyer Intelligence,"Supports department profiles, buyer segmentation, and procurement behavior.",Department Scorecards; Buyer Targeting; Government Account Intelligence,10,7,medium,
legacy_contract_history_2009_01_to_2023_05_prior_to_canadabuys.csv,contractingEntityAddressLine-ligneAdresseEntiteContractante-eng,empty_or_unknown,0.0,Buyer Intelligence,"Supports department profiles, buyer segmentation, and procurement behavior.",Department Scorecards; Buyer Targeting; Government Account Intelligence,10,7,medium,
legacy_contract_history_2009_01_to_2023_05_prior_to_canadabuys.csv,contractingEntityAddressLine-ligneAdresseEntiteContractante-fra,empty_or_unknown,0.0,Buyer Intelligence,"Supports department profiles, buyer segmentation, and procurement behavior.",Department Scorecards; Buyer Targeting; Government Account Intelligence,10,7,medium,
legacy_contract_history_2009_01_to_2023_05_prior_to_canadabuys.csv,contractingEntityAddressPostalCode-entiteContractanteAdresseCodePostal,empty_or_unknown,0.0,Buyer Intelligence,"Supports department profiles, buyer segmentation, and procurement behavior.",Department Scorecards; Buyer Targeting; Government Account Intelligence,10,7,medium,
legacy_contract_history_2009_01_to_2023_05_prior_to_canadabuys.csv,contractingEntityAddressProvince-entiteContractanteAdresseProvince-eng,empty_or_unknown,0.0,Buyer Intelligence,"Supports department profiles, buyer segmentation, and procurement behavior.",Department Scorecards; Buyer Targeting; Government Account Intelligence,10,7,medium,
legacy_contract_history_2009_01_to_2023_05_prior_to_canadabuys.csv,contractingEntityAddressProvince-entiteContractanteAdresseProvince-fra,empty_or_unknown,0.0,Buyer Intelligence,"Supports department profiles, buyer segmentation, and procurement behavior.",Department Scorecards; Buyer Targeting; Government Account Intelligence,10,7,medium,
all_canadabuys_award_notices_2022_08_08_onwards.csv,gsin-nibs,empty_or_unknown,0.0,Category Market Intelligence,Classifies what government buys and which sectors are active.,Category Market Reports; Industry Demand Tracker; Supplier Segment Intelligence,10,7,medium,
all_canadabuys_award_notices_2022_08_08_onwards.csv,gsinDescription-nibsDescription-eng,empty_or_unknown,0.0,Category Market Intelligence,Classifies what government buys and which sectors are active.,Category Market Reports; Industry Demand Tracker; Supplier Segment Intelligence,10,7,medium,
all_canadabuys_award_notices_2022_08_08_onwards.csv,gsinDescription-nibsDescription-fra,empty_or_unknown,0.0,Category Market Intelligence,Classifies what government buys and which sectors are active.,Category Market Reports; Industry Demand Tracker; Supplier Segment Intelligence,10,7,medium,
legacy_award_notices_2012_to_2022_08_prior_to_canadabuys.csv,unspsc,empty_or_unknown,0.0,Category Market Intelligence,Classifies what government buys and which sectors are active.,Category Market Reports; Industry Demand Tracker; Supplier Segment Intelligence,10,7,medium,
legacy_contract_history_2009_01_to_2023_05_prior_to_canadabuys.csv,unspsc,empty_or_unknown,0.0,Category Market Intelligence,Classifies what government buys and which sectors are active.,Category Market Reports; Industry Demand Tracker; Supplier Segment Intelligence,10,7,medium,
all_canadabuys_tender_notices_2022_08_08_onwards.csv,unspsc,empty_or_unknown,0.0,Category Market Intelligence,Classifies what government buys and which sectors are active.,Category Market Reports; Industry Demand Tracker; Supplier Segment Intelligence,10,7,medium,
archived_2009_2022_legacy_tender_notices.csv,unspsc,empty_or_unknown,0.0,Category Market Intelligence,Classifies what government buys and which sectors are active.,Category Market Reports; Industry Demand Tracker; Supplier Segment Intelligence,10,7,medium,
legacy_award_notices_2012_to_2022_08_prior_to_canadabuys.csv,unspscDescription-eng,empty_or_unknown,0.0,Category Market Intelligence,Classifies what government buys and which sectors are active.,Category Market Reports; Industry Demand Tracker; Supplier Segment Intelligence,10,7,medium,
legacy_contract_history_2009_01_to_2023_05_prior_to_canadabuys.csv,unspscDescription-eng,empty_or_unknown,0.0,Category Market Intelligence,Classifies what government buys and which sectors are active.,Category Market Reports; Industry Demand Tracker; Supplier Segment Intelligence,10,7,medium,
all_canadabuys_tender_notices_2022_08_08_onwards.csv,unspscDescription-eng,empty_or_unknown,0.0,Category Market Intelligence,Classifies what government buys and which sectors are active.,Category Market Reports; Industry Demand Tracker; Supplier Segment Intelligence,10,7,medium,
archived_2009_2022_legacy_tender_notices.csv,unspscDescription-eng,empty_or_unknown,0.0,Category Market Intelligence,Classifies what government buys and which sectors are active.,Category Market Reports; Industry Demand Tracker; Supplier Segment Intelligence,10,7,medium,
legacy_award_notices_2012_to_2022_08_prior_to_canadabuys.csv,unspscDescription-fra,empty_or_unknown,0.0,Category Market Intelligence,Classifies what government buys and which sectors are active.,Category Market Reports; Industry Demand Tracker; Supplier Segment Intelligence,10,7,medium,
legacy_contract_history_2009_01_to_2023_05_prior_to_canadabuys.csv,unspscDescription-fra,empty_or_unknown,0.0,Category Market Intelligence,Classifies what government buys and which sectors are active.,Category Market Reports; Industry Demand Tracker; Supplier Segment Intelligence,10,7,medium,
all_canadabuys_tender_notices_2022_08_08_onwards.csv,unspscDescription-fra,empty_or_unknown,0.0,Category Market Intelligence,Classifies what government buys and which sectors are active.,Category Market Reports; Industry Demand Tracker; Supplier Segment Intelligence,10,7,medium,
archived_2009_2022_legacy_tender_notices.csv,unspscDescription-fra,empty_or_unknown,0.0,Category Market Intelligence,Classifies what government buys and which sectors are active.,Category Market Reports; Industry Demand Tracker; Supplier Segment Intelligence,10,7,medium,
all_canadabuys_award_notices_2022_08_08_onwards.csv,amendmentDate-dateModification,date,41.6,Contract Amendment Intelligence,"Tracks contract changes, amendments, scope creep, and supplier expansion.",Contract Risk Monitor; Amendment Watch; Supplier Expansion Tracker,9,7,medium,2026-03-31 | 2026-03-31 | 2026-03-31 | 2024-03-31 | 2025-03-31 | 2025-03-31 | 2025-07-07 | 2026-03-31 | 2025-03-31 | 2026-04-30
all_canadabuys_contract_history_2023_06_01_onwards.csv,amendmentType-typeModification-eng,text,35.6,Contract Amendment Intelligence,"Tracks contract changes, amendments, scope creep, and supplier expansion.",Contract Risk Monitor; Amendment Watch; Supplier Expansion Tracker,9,7,medium,Original | Original | Original | Original | Original | Original | Original | Original | Original | Original
all_canadabuys_contract_history_2023_06_01_onwards.csv,amendmentType-typeModification-fra,text,35.6,Contract Amendment Intelligence,"Tracks contract changes, amendments, scope creep, and supplier expansion.",Contract Risk Monitor; Amendment Watch; Supplier Expansion Tracker,9,7,medium,Original | Original | Original | Original | Original | Original | Original | Original | Original | Original
all_canadabuys_contract_history_2023_06_01_onwards.csv,limitedTenderingReason-raisonAppelOffresLimite-eng,text,19.6,Limited Tendering Intelligence,Highlights non-open competition and potential sole-source patterns.,Sole Source Monitor; Procurement Risk Briefing; Media Watch Product,9,7,medium,Exclusive Rights | Exclusive Rights | Exclusive Rights | Exclusive Rights | Exclusive Rights | Exclusive Rights | Exclusive Rights | Exclusive Rights | Exclusive Rights | Exclusive Rights
all_canadabuys_contract_history_2023_06_01_onwards.csv,limitedTenderingReason-raisonAppelOffresLimite-fra,text,45.2,Limited Tendering Intelligence,Highlights non-open competition and potential sole-source patterns.,Sole Source Monitor; Procurement Risk Briefing; Media Watch Product,9,7,medium,Droits exclusifs | Droits exclusifs | Droits exclusifs | Droits exclusifs | Droits exclusifs | Droits exclusifs | Droits exclusifs | Droits exclusifs | Droits exclusifs | Droits exclusifs
all_canadabuys_award_notices_2022_08_08_onwards.csv,regionsOfDelivery-regionsLivraison-eng,text,59.6,Location Intelligence,Supports delivery-region and opportunity-location analytics.,Regional Opportunity Alerts; Local Supplier Intelligence; Delivery Region Reports,8,7,medium,*Ontario (except NCR) | *Ontario (except NCR) | *Saint-Lazare | *British Columbia | *Ontario (except NCR) | *National Capital Region (NCR) | *Ontario (except NCR) | *Quebec (except NCR) *National Capital Region (NCR) | *Canada | *Canada *National Capital Region (NCR)
all_canadabuys_award_notices_2022_08_08_onwards.csv,regionsOfDelivery-regionsLivraison-fra,text,59.6,Location Intelligence,Supports delivery-region and opportunity-location analytics.,Regional Opportunity Alerts; Local Supplier Intelligence; Delivery Region Reports,8,7,medium,*Ontario (sauf RCN) | *Ontario (sauf RCN) | *Saint-Lazare | *Colombie-Britannique | *Ontario (sauf RCN) | *Région de la capitale nationale (RCN) | *Ontario (sauf RCN) | *Québec (sauf RCN) *Région de la capitale nationale (RCN) | *Canada | *Canada *Région de la capitale nationale (RCN)
archived_2009_2022_legacy_tender_notices.csv,regionsOfOpportunity-regionAppelOffres-eng,text,56.5,Location Intelligence,Supports delivery-region and opportunity-location analytics.,Regional Opportunity Alerts; Local Supplier Intelligence; Delivery Region Reports,8,7,medium,*Newfoundland and Labrador | *British Columbia | *British Columbia | *Canada | *Manitoba | *Manitoba | *Canada | *World | *British Columbia | *Canada
archived_2009_2022_legacy_tender_notices.csv,regionsOfOpportunity-regionAppelOffres-fra,text,56.5,Location Intelligence,Supports delivery-region and opportunity-location analytics.,Regional Opportunity Alerts; Local Supplier Intelligence; Delivery Region Reports,8,7,medium,*Terre-Neuve-et-Labrador | *Colombie-Britannique | *Colombie-Britannique | *Canada | *Manitoba | *Manitoba | *Canada | *Monde | *Colombie-Britannique | *Canada
legacy_award_notices_2012_to_2022_08_prior_to_canadabuys.csv,procurementMethod-methodeApprovisionnement-eng,text,45.8,Procurement Process Intelligence,Explains how departments buy and how competitive the process is.,Procurement Method Benchmark; Competitive Access Report; Sole Source Risk Monitor,9,7,medium,Non-competitive | Non-competitive | Non-competitive | Non-competitive | Non-competitive | Non-competitive | Non-competitive | Non-competitive | Non-competitive | Non-competitive
legacy_award_notices_2012_to_2022_08_prior_to_canadabuys.csv,procurementMethod-methodeApprovisionnement-fra,text,45.8,Procurement Process Intelligence,Explains how departments buy and how competitive the process is.,Procurement Method Benchmark; Competitive Access Report; Sole Source Risk Monitor,9,7,medium,Non concurrentielle | Non concurrentielle | Non concurrentielle | Non concurrentielle | Non concurrentielle | Non concurrentielle | Non concurrentielle | Non concurrentielle | Non concurrentielle | Non concurrentielle
all_canadabuys_contract_history_2023_06_01_onwards.csv,contactInfoAddressLine-contactInfoAdresseLigne-eng,empty_or_unknown,0.0,Relationship Intelligence,Identifies procurement contacts and buyer access points.,Buyer Contact Intelligence; BD Targeting Database; Capture Manager Lead Feed,10,7,medium,
legacy_contract_history_2009_01_to_2023_05_prior_to_canadabuys.csv,contactInfoAddressLine-contactInfoAdresseLigne-eng,empty_or_unknown,0.0,Relationship Intelligence,Identifies procurement contacts and buyer access points.,Buyer Contact Intelligence; BD Targeting Database; Capture Manager Lead Feed,10,7,medium,
all_canadabuys_contract_history_2023_06_01_onwards.csv,contactInfoAddressLine-contactInfoAdresseLigne-fra,empty_or_unknown,0.0,Relationship Intelligence,Identifies procurement contacts and buyer access points.,Buyer Contact Intelligence; BD Targeting Database; Capture Manager Lead Feed,10,7,medium,
legacy_contract_history_2009_01_to_2023_05_prior_to_canadabuys.csv,contactInfoAddressLine-contactInfoAdresseLigne-fra,empty_or_unknown,0.0,Relationship Intelligence,Identifies procurement contacts and buyer access points.,Buyer Contact Intelligence; BD Targeting Database; Capture Manager Lead Feed,10,7,medium,
all_canadabuys_contract_history_2023_06_01_onwards.csv,contactInfoCity-contacterInfoVille-eng,empty_or_unknown,0.0,Relationship Intelligence,Identifies procurement contacts and buyer access points.,Buyer Contact Intelligence; BD Targeting Database; Capture Manager Lead Feed,10,7,medium,
legacy_contract_history_2009_01_to_2023_05_prior_to_canadabuys.csv,contactInfoCity-contacterInfoVille-eng,empty_or_unknown,0.0,Relationship Intelligence,Identifies procurement contacts and buyer access points.,Buyer Contact Intelligence; BD Targeting Database; Capture Manager Lead Feed,10,7,medium,
all_canadabuys_contract_history_2023_06_01_onwards.csv,contactInfoCity-contacterInfoVille-fra,empty_or_unknown,0.0,Relationship Intelligence,Identifies procurement contacts and buyer access points.,Buyer Contact Intelligence; BD Targeting Database; Capture Manager Lead Feed,10,7,medium,
legacy_contract_history_2009_01_to_2023_05_prior_to_canadabuys.csv,contactInfoCity-contacterInfoVille-fra,empty_or_unknown,0.0,Relationship Intelligence,Identifies procurement contacts and buyer access points.,Buyer Contact Intelligence; BD Targeting Database; Capture Manager Lead Feed,10,7,medium,
all_canadabuys_contract_history_2023_06_01_onwards.csv,contactInfoCountry-contactInfoPays-eng,empty_or_unknown,0.0,Relationship Intelligence,Identifies procurement contacts and buyer access points.,Buyer Contact Intelligence; BD Targeting Database; Capture Manager Lead Feed,10,7,medium,
legacy_contract_history_2009_01_to_2023_05_prior_to_canadabuys.csv,contactInfoCountry-contactInfoPays-eng,empty_or_unknown,0.0,Relationship Intelligence,Identifies procurement contacts and buyer access points.,Buyer Contact Intelligence; BD Targeting Database; Capture Manager Lead Feed,10,7,medium,
all_canadabuys_award_notices_2022_08_08_onwards.csv,contactInfoCountry-contactInfoPays-fra,text,4.9,Relationship Intelligence,Identifies procurement contacts and buyer access points.,Buyer Contact Intelligence; BD Targeting Database; Capture Manager Lead Feed,10,7,medium,Canada | Canada | Canada | (403) 762-5057 | 855-983-1808 | Canada | (000) 000-0000 | Not applicable | 403-762-5057 | 403-762-5057
all_canadabuys_contract_history_2023_06_01_onwards.csv,contactInfoCountry-contactInfoPays-fra,empty_or_unknown,0.0,Relationship Intelligence,Identifies procurement contacts and buyer access points.,Buyer Contact Intelligence; BD Targeting Database; Capture Manager Lead Feed,10,7,medium,
legacy_contract_history_2009_01_to_2023_05_prior_to_canadabuys.csv,contactInfoCountry-contactInfoPays-fra,empty_or_unknown,0.0,Relationship Intelligence,Identifies procurement contacts and buyer access points.,Buyer Contact Intelligence; BD Targeting Database; Capture Manager Lead Feed,10,7,medium,
legacy_award_notices_2012_to_2022_08_prior_to_canadabuys.csv,contactInfoEmail-informationsContactCourriel,empty_or_unknown,0.0,Relationship Intelligence,Identifies procurement contacts and buyer access points.,Buyer Contact Intelligence; BD Targeting Database; Capture Manager Lead Feed,10,7,medium,
legacy_contract_history_2009_01_to_2023_05_prior_to_canadabuys.csv,contactInfoEmail-informationsContactCourriel,empty_or_unknown,0.0,Relationship Intelligence,Identifies procurement contacts and buyer access points.,Buyer Contact Intelligence; BD Targeting Database; Capture Manager Lead Feed,10,7,medium,
all_canadabuys_award_notices_2022_08_08_onwards.csv,contactInfoFax,text,3.6,Relationship Intelligence,Identifies procurement contacts and buyer access points.,Buyer Contact Intelligence; BD Targeting Database; Capture Manager Lead Feed,10,7,medium,(403) 762-5057 | 855-983-1808 | (000) 000-0000 | Not applicable | 403-762-5057 | 403-762-5057 | 1-855-983-1808 | 613-965-7615 | 613-965-7615 | 1-866-246-6893
legacy_award_notices_2012_to_2022_08_prior_to_canadabuys.csv,contactInfoFax,empty_or_unknown,0.0,Relationship Intelligence,Identifies procurement contacts and buyer access points.,Buyer Contact Intelligence; BD Targeting Database; Capture Manager Lead Feed,10,7,medium,
all_canadabuys_contract_history_2023_06_01_onwards.csv,contactInfoFax,empty_or_unknown,0.0,Relationship Intelligence,Identifies procurement contacts and buyer access points.,Buyer Contact Intelligence; BD Targeting Database; Capture Manager Lead Feed,10,7,medium,
legacy_contract_history_2009_01_to_2023_05_prior_to_canadabuys.csv,contactInfoFax,empty_or_unknown,0.0,Relationship Intelligence,Identifies procurement contacts and buyer access points.,Buyer Contact Intelligence; BD Targeting Database; Capture Manager Lead Feed,10,7,medium,
legacy_contract_history_2009_01_to_2023_05_prior_to_canadabuys.csv,contactInfoName-informationsContactNom,empty_or_unknown,0.0,Relationship Intelligence,Identifies procurement contacts and buyer access points.,Buyer Contact Intelligence; BD Targeting Database; Capture Manager Lead Feed,10,7,medium,
legacy_award_notices_2012_to_2022_08_prior_to_canadabuys.csv,contactInfoPhone-contactInfoTelephone,empty_or_unknown,0.0,Relationship Intelligence,Identifies procurement contacts and buyer access points.,Buyer Contact Intelligence; BD Targeting Database; Capture Manager Lead Feed,10,7,medium,
all_canadabuys_contract_history_2023_06_01_onwards.csv,contactInfoPhone-contactInfoTelephone,empty_or_unknown,0.0,Relationship Intelligence,Identifies procurement contacts and buyer access points.,Buyer Contact Intelligence; BD Targeting Database; Capture Manager Lead Feed,10,7,medium,
legacy_contract_history_2009_01_to_2023_05_prior_to_canadabuys.csv,contactInfoPhone-contactInfoTelephone,empty_or_unknown,0.0,Relationship Intelligence,Identifies procurement contacts and buyer access points.,Buyer Contact Intelligence; BD Targeting Database; Capture Manager Lead Feed,10,7,medium,
all_canadabuys_contract_history_2023_06_01_onwards.csv,contactInfoPostalcode,empty_or_unknown,0.0,Relationship Intelligence,Identifies procurement contacts and buyer access points.,Buyer Contact Intelligence; BD Targeting Database; Capture Manager Lead Feed,10,7,medium,
legacy_contract_history_2009_01_to_2023_05_prior_to_canadabuys.csv,contactInfoPostalcode,empty_or_unknown,0.0,Relationship Intelligence,Identifies procurement contacts and buyer access points.,Buyer Contact Intelligence; BD Targeting Database; Capture Manager Lead Feed,10,7,medium,
all_canadabuys_contract_history_2023_06_01_onwards.csv,contactInfoProvince-contacterInfoProvince-eng,empty_or_unknown,0.0,Relationship Intelligence,Identifies procurement contacts and buyer access points.,Buyer Contact Intelligence; BD Targeting Database; Capture Manager Lead Feed,10,7,medium,
legacy_contract_history_2009_01_to_2023_05_prior_to_canadabuys.csv,contactInfoProvince-contacterInfoProvince-eng,empty_or_unknown,0.0,Relationship Intelligence,Identifies procurement contacts and buyer access points.,Buyer Contact Intelligence; BD Targeting Database; Capture Manager Lead Feed,10,7,medium,
all_canadabuys_contract_history_2023_06_01_onwards.csv,contactInfoProvince-contacterInfoProvince-fra,empty_or_unknown,0.0,Relationship Intelligence,Identifies procurement contacts and buyer access points.,Buyer Contact Intelligence; BD Targeting Database; Capture Manager Lead Feed,10,7,medium,
legacy_contract_history_2009_01_to_2023_05_prior_to_canadabuys.csv,contactInfoProvince-contacterInfoProvince-fra,empty_or_unknown,0.0,Relationship Intelligence,Identifies procurement contacts and buyer access points.,Buyer Contact Intelligence; BD Targeting Database; Capture Manager Lead Feed,10,7,medium,
all_canadabuys_contract_history_2023_06_01_onwards.csv,tenderDescription-descriptionAppelOffres-eng,text,28.5,Semantic Intelligence,"Supports keyword search, sector tagging, AI classification, and opportunity matching.",Opportunity Matching Engine; Tender Search Intelligence; Sector Briefings,9,7,medium,"Canada Has a request for the provision of, as and when requested, all sheep, labour, goods, materials, tools, equipment, travel, water, pred... | Agriculture and Agri-food Canada has a requirement for the supply and delivery of Beneficial Insects for use in agricultural pest management... | M7594-233204 -RCMP Musical Ride - Fortified Horse Feed | The Department of Agriculture and Agri-Food Canada has a requirement to purchase plant material (grapevines) from a grapevine nursery.  All ... | The Department of Agriculture and Agri-Food Canada has a requirement to purchase plant material (grapevines) from a grapevine nursery.  All ... | To provide a cost effective maintenance and minor improvement services for the Canadian Forces Housing Agency (CFHA) | To provide a cost effective maintenance and minor improvement services for the Canadian Forces Housing Agency (CFHA) | To provide a cost effective maintenance and minor improvement services for the Canadian Forces Housing Agency (CFHA) | Work of this Contract comprises the removal of the existing HVAC system and supply and installation of a new hybrid heat pump system at the ... | The work covered under this Service Contract comprises the furnishing of all labour, materials, tools and equipment required to provide Snow..."
all_canadabuys_contract_history_2023_06_01_onwards.csv,tenderDescription-descriptionAppelOffres-fra,text,28.1,Semantic Intelligence,"Supports keyword search, sector tagging, AI classification, and opportunity matching.",Opportunity Matching Engine; Tender Search Intelligence; Sector Briefings,9,7,medium,"Le Canada a une demande pour la fourniture, sur demande, de tous les moutons, les biens, le matériel, les outils, l’équipement, les déplacem... | Agriculture et Agroalimentaire Canada a besoin de la fourniture et de la livraison d’insectes utiles destinés à des programmes de lutte anti... | Carrousel de la GRC - aliments pour chevaux fortifiés de première qualité | Le ministère de l’Agriculture et de l’Agroalimentaire du Canada a besoin d’acheter des plantes (vignes) auprès d’une pépinière. Toutes les p... | Le ministère de l’Agriculture et de l’Agroalimentaire du Canada a besoin d’acheter des plantes (vignes) auprès d’une pépinière. Toutes les p... | Fournir un service d'entretien et d'amélioration mineure rentable à l'Agence de logement des Forces canadiennes (ALFC) | Fournir un service d'entretien et d'amélioration mineure rentable à l'Agence de logement des Forces canadiennes (ALFC) | Fournir un service d'entretien et d'amélioration mineure rentable à l'Agence de logement des Forces canadiennes (ALFC) | Les travaux du présent contrat comprennent l'enlèvement du système CVC existant, la fourniture et l'installation d'un nouveau système hybrid... | Les travaux visés par le présent contrat de services consistent à fournir la main-d’œuvre, les matériaux, les outils et l’équipement nécessa..."
legacy_award_notices_2012_to_2022_08_prior_to_canadabuys.csv,totalContractValue-valeurTotaleContrat,empty_or_unknown,0.0,Spend Intelligence,"Supports spend ranking, market sizing, and market share.",Market Share Reports; Spending Benchmarks; Supplier Revenue Exposure,10,7,medium,
all_canadabuys_contract_history_2023_06_01_onwards.csv,contractStartDate-contratDateDebut,date,35.6,Timing Intelligence,"Supports trend analysis, freshness, renewal timing, and alerts.",Renewal Watch; Freshness Engine; Procurement Trend Alerts,9,7,medium,2025-09-01 | 2026-04-20 | 2024-01-15 | 2024-06-14 | 2025-05-30 | 2025-11-27 | 2024-04-01 | 2024-04-01 | 2024-04-01 | 2025-06-27
all_canadabuys_award_notices_2022_08_08_onwards.csv,contractCurrency-contratMonnaie,text,89.2,Unclassified Commercial Asset,Needs manual review. May contain hidden product potential.,Manual Review Required; Possible Hidden Revenue Asset,5,5,low,CAD | CAD | CAD | CAD | CAD | CAD | CAD | CAD | CAD | CAD
legacy_award_notices_2012_to_2022_08_prior_to_canadabuys.csv,contractCurrency-contratMonnaie,text,100.0,Unclassified Commercial Asset,Needs manual review. May contain hidden product potential.,Manual Review Required; Possible Hidden Revenue Asset,5,5,low,CAD | CAD | CAD | CAD | CAD | CAD | CAD | CAD | CAD | CAD
all_canadabuys_contract_history_2023_06_01_onwards.csv,contractCurrency-contratMonnaie,text,100.0,Unclassified Commercial Asset,Needs manual review. May contain hidden product potential.,Manual Review Required; Possible Hidden Revenue Asset,5,5,low,CAD | CAD | CAD | CAD | CAD | CAD | CAD | CAD | CAD | CAD
legacy_contract_history_2009_01_to_2023_05_prior_to_canadabuys.csv,contractCurrency-contratMonnaie,text,100.0,Unclassified Commercial Asset,Needs manual review. May contain hidden product potential.,Manual Review Required; Possible Hidden Revenue Asset,5,5,low,CAD | CAD | CAD | CAD | CAD | CAD | CAD | CAD | CAD | CAD
legacy_award_notices_2012_to_2022_08_prior_to_canadabuys.csv,contractNumber-numeroContrat,text,100.0,Unclassified Commercial Asset,Needs manual review. May contain hidden product potential.,Manual Review Required; Possible Hidden Revenue Asset,5,5,low,W8484-127434/001/EEM | W8484-127337/001/ZM | W7714-135724/001/ZM | W8482-121238/001/ZM | W6399-13EA54/001/ZM | T8156-101009/002/ZM | G9330-110013/001/ZM | W6369-130064/001/ZM | W6369-130064/002/ZM | W6369-12P5SR/001/ZM
all_canadabuys_contract_history_2023_06_01_onwards.csv,contractNumber-numeroContrat,text,100.0,Unclassified Commercial Asset,Needs manual review. May contain hidden product potential.,Manual Review Required; Possible Hidden Revenue Asset,5,5,low,21120-219814/001/HN | W8484-250684/001/USW | W6399-23DB09/001/KIN | W7701-217392/001/QCL | T8127-200020/001/MTP | W7714-238401/001/BK | EP959-202438/001/FK | EA003-212331/001/PWD | F7017-251202/001/NQ | F7044-221317/001/ML
legacy_contract_history_2009_01_to_2023_05_prior_to_canadabuys.csv,contractNumber-numeroContrat,text,100.0,Unclassified Commercial Asset,Needs manual review. May contain hidden product potential.,Manual Review Required; Possible Hidden Revenue Asset,5,5,low,E60ZN-15TSSO/130/ZN | E60ZN-15TSSO/131/ZN | E60ZN-15TSSO/132/ZN | E60ZN-15TSSO/133/ZN | E60ZN-15TSSO/134/ZN | E60ZN-15TSSO/135/ZN | E60ZN-15TSSO/136/ZN | E60ZN-15TSSO/137/ZN | E60ZN-15TSSO/138/ZN | E60ZN-15TSSO/139/ZN
legacy_award_notices_2012_to_2022_08_prior_to_canadabuys.csv,endUserEntitiesName-nomEntitesUtilisateurFinal-eng,text,100.0,Unclassified Commercial Asset,Needs manual review. May contain hidden product potential.,Manual Review Required; Possible Hidden Revenue Asset,5,5,low,Department of National Defence | Department of National Defence | Department of National Defence | Department of National Defence | Department of National Defence | Transport Canada | Employment and Social Development Canada | Department of National Defence | Department of National Defence | Department of National Defence
all_canadabuys_contract_history_2023_06_01_onwards.csv,endUserEntitiesName-nomEntitesUtilisateurFinal-eng,text,100.0,Unclassified Commercial Asset,Needs manual review. May contain hidden product potential.,Manual Review Required; Possible Hidden Revenue Asset,5,5,low,Correctional Service of Canada | Department of National Defence | Department of National Defence | Department of National Defence | Transport Canada | Department of National Defence | Public Works and Government Services Canada | Public Works and Government Services Canada / Public Works and Government Services Canada | Fisheries and Oceans Canada | Fisheries and Oceans Canada
legacy_contract_history_2009_01_to_2023_05_prior_to_canadabuys.csv,endUserEntitiesName-nomEntitesUtilisateurFinal-eng,text,100.0,Unclassified Commercial Asset,Needs manual review. May contain hidden product potential.,Manual Review Required; Possible Hidden Revenue Asset,5,5,low,Public Works and Government Services Canada | Public Works and Government Services Canada | Public Works and Government Services Canada | Public Works and Government Services Canada | Public Works and Government Services Canada | Public Works and Government Services Canada | Public Works and Government Services Canada | Public Works and Government Services Canada | Public Works and Government Services Canada | Public Works and Government Services Canada
all_canadabuys_tender_notices_2022_08_08_onwards.csv,endUserEntitiesName-nomEntitesUtilisateurFinal-eng,text,95.3,Unclassified Commercial Asset,Needs manual review. May contain hidden product potential.,Manual Review Required; Possible Hidden Revenue Asset,5,5,low,Shared Services Canada | Shared Services Canada | Shared Services Canada | Shared Services Canada | Shared Services Canada | Shared Services Canada | Shared Services Canada | Shared Services Canada | Shared Services Canada | Shared Services Canada
archived_2009_2022_legacy_tender_notices.csv,endUserEntitiesName-nomEntitesUtilisateurFinal-eng,text,99.9,Unclassified Commercial Asset,Needs manual review. May contain hidden product potential.,Manual Review Required; Possible Hidden Revenue Asset,5,5,low,Fisheries and Oceans Canada | Parks Canada | Fisheries and Oceans Canada | Agriculture and Agri-Food Canada | Public Works and Government Services Canada | Defence Construction Canada | Defence Construction Canada | Royal Canadian Mounted Police | Royal Canadian Mounted Police | Public Works and Government Services Canada
legacy_award_notices_2012_to_2022_08_prior_to_canadabuys.csv,endUserEntitiesName-nomEntitesUtilisateurFinal-fra,text,100.0,Unclassified Commercial Asset,Needs manual review. May contain hidden product potential.,Manual Review Required; Possible Hidden Revenue Asset,5,5,low,Ministère de la défense nationale | Ministère de la défense nationale | Ministère de la défense nationale | Ministère de la défense nationale | Ministère de la défense nationale | Transports Canada | Emploi et Développement social Canada | Ministère de la défense nationale | Ministère de la défense nationale | Ministère de la défense nationale
all_canadabuys_contract_history_2023_06_01_onwards.csv,endUserEntitiesName-nomEntitesUtilisateurFinal-fra,text,100.0,Unclassified Commercial Asset,Needs manual review. May contain hidden product potential.,Manual Review Required; Possible Hidden Revenue Asset,5,5,low,Service correctionnel du Canada | Ministère de la défense nationale | Ministère de la défense nationale | Ministère de la défense nationale | Transports Canada | Ministère de la défense nationale | Travaux publics et Services gouvernementaux Canada | Travaux publics et Services gouvernementaux Canada / Travaux publics et Services gouvernementaux Canada | Pêches et Océans Canada | Pêches et Océans Canada
legacy_contract_history_2009_01_to_2023_05_prior_to_canadabuys.csv,endUserEntitiesName-nomEntitesUtilisateurFinal-fra,text,100.0,Unclassified Commercial Asset,Needs manual review. May contain hidden product potential.,Manual Review Required; Possible Hidden Revenue Asset,5,5,low,Travaux publics et Services gouvernementaux Canada | Travaux publics et Services gouvernementaux Canada | Travaux publics et Services gouvernementaux Canada | Travaux publics et Services gouvernementaux Canada | Travaux publics et Services gouvernementaux Canada | Travaux publics et Services gouvernementaux Canada | Travaux publics et Services gouvernementaux Canada | Travaux publics et Services gouvernementaux Canada | Travaux publics et Services gouvernementaux Canada | Travaux publics et Services gouvernementaux Canada
all_canadabuys_tender_notices_2022_08_08_onwards.csv,endUserEntitiesName-nomEntitesUtilisateurFinal-fra,text,95.3,Unclassified Commercial Asset,Needs manual review. May contain hidden product potential.,Manual Review Required; Possible Hidden Revenue Asset,5,5,low,Services partagés Canada | Services partagés Canada | Services partagés Canada | Services partagés Canada | Services partagés Canada | Services partagés Canada | Services partagés Canada | Services partagés Canada | Services partagés Canada | Services partagés Canada
archived_2009_2022_legacy_tender_notices.csv,endUserEntitiesName-nomEntitesUtilisateurFinal-fra,text,99.9,Unclassified Commercial Asset,Needs manual review. May contain hidden product potential.,Manual Review Required; Possible Hidden Revenue Asset,5,5,low,Pêches et Océans Canada | Parcs Canada | Pêches et Océans Canada | Agriculture et Agroalimentaire Canada | Travaux publics et Services gouvernementaux Canada | Construction de Défense Canada | Construction de Défense Canada | Gendarmerie royale du Canada | Gendarmerie royale du Canada | Travaux publics et Services gouvernementaux Canada
legacy_contract_history_2009_01_to_2023_05_prior_to_canadabuys.csv,endUserEntitiesOfficeName-bureauNomEntitesUtilisateurFinal-eng,text,92.3,Unclassified Commercial Asset,Needs manual review. May contain hidden product potential.,Manual Review Required; Possible Hidden Revenue Asset,5,5,low,PROCUREMENT STRATEGIES DIV. | PROCUREMENT STRATEGIES DIV. | PROCUREMENT STRATEGIES DIV. | PROCUREMENT STRATEGIES DIV. | PROCUREMENT STRATEGIES DIV. | PROCUREMENT STRATEGIES DIV. | PROCUREMENT STRATEGIES DIV. | PROCUREMENT STRATEGIES DIV. | PROCUREMENT STRATEGIES DIV. | PROCUREMENT STRATEGIES DIV.
legacy_contract_history_2009_01_to_2023_05_prior_to_canadabuys.csv,endUserEntitiesOfficeName-bureauNomEntitesUtilisateurFinal-fra,text,100.0,Unclassified Commercial Asset,Needs manual review. May contain hidden product potential.,Manual Review Required; Possible Hidden Revenue Asset,5,5,low,DIV.STRATEGIES ACQUISITION | DIV.STRATEGIES ACQUISITION | DIV.STRATEGIES ACQUISITION | DIV.STRATEGIES ACQUISITION | DIV.STRATEGIES ACQUISITION | DIV.STRATEGIES ACQUISITION | DIV.STRATEGIES ACQUISITION | DIV.STRATEGIES ACQUISITION | DIV.STRATEGIES ACQUISITION | DIV.STRATEGIES ACQUISITION
all_canadabuys_tender_notices_2022_08_08_onwards.csv,noticeType-avisType-eng,text,95.3,Unclassified Commercial Asset,Needs manual review. May contain hidden product potential.,Manual Review Required; Possible Hidden Revenue Asset,5,5,low,Request for Proposal | Advance Contract Award Notice | Request for Proposal | Request for Proposal | Request for Information | Advance Contract Award Notice | Advance Contract Award Notice | Request for Proposal | Request for Proposal | Request for Proposal
archived_2009_2022_legacy_tender_notices.csv,noticeType-avisType-eng,text,100.0,Unclassified Commercial Asset,Needs manual review. May contain hidden product potential.,Manual Review Required; Possible Hidden Revenue Asset,5,5,low,Request for Proposal | Request for Proposal | Request for Proposal | Request for Proposal | Request for Proposal | Request for Proposal | Request for Proposal | Request for Proposal | Request for Proposal | Request for Proposal
all_canadabuys_tender_notices_2022_08_08_onwards.csv,noticeType-avisType-fra,text,95.3,Unclassified Commercial Asset,Needs manual review. May contain hidden product potential.,Manual Review Required; Possible Hidden Revenue Asset,5,5,low,Demande de propositions | Préavis d’attribution du contrat | Demande de propositions | Demande de propositions | Demande de renseignements | Préavis d’attribution du contrat | Préavis d’attribution du contrat | Demande de propositions | Demande de propositions | Demande de propositions
archived_2009_2022_legacy_tender_notices.csv,noticeType-avisType-fra,text,100.0,Unclassified Commercial Asset,Needs manual review. May contain hidden product potential.,Manual Review Required; Possible Hidden Revenue Asset,5,5,low,Demande de propositions | Demande de propositions | Demande de propositions | Demande de propositions | Demande de propositions | Demande de propositions | Demande de propositions | Demande de propositions | Demande de propositions | Demande de propositions
all_canadabuys_contract_history_2023_06_01_onwards.csv,numberOfRecords-nombreEnregistrements,numeric,100.0,Unclassified Commercial Asset,Needs manual review. May contain hidden product potential.,Manual Review Required; Possible Hidden Revenue Asset,5,5,low,6 | 1 | 1 | 3 | 8 | 2 | 8 | 6 | 1 | 1
legacy_contract_history_2009_01_to_2023_05_prior_to_canadabuys.csv,numberOfRecords-nombreEnregistrements,numeric,100.0,Unclassified Commercial Asset,Needs manual review. May contain hidden product potential.,Manual Review Required; Possible Hidden Revenue Asset,5,5,low,5 | 4 | 4 | 4 | 5 | 4 | 4 | 4 | 5 | 4
all_canadabuys_award_notices_2022_08_08_onwards.csv,referenceNumber-numeroReference,text,100.0,Unclassified Commercial Asset,Needs manual review. May contain hidden product potential.,Manual Review Required; Possible Hidden Revenue Asset,5,5,low,MX-43049679054 | MX-43049679057 | MX-43049679081 | MX-43049887844 | MX-43049907763 | MX-43089535758 | MX-43089535759 | MX-43089535760 | MX-443104980018 | MX-443147876056
legacy_award_notices_2012_to_2022_08_prior_to_canadabuys.csv,referenceNumber-numeroReference,text,100.0,Unclassified Commercial Asset,Needs manual review. May contain hidden product potential.,Manual Review Required; Possible Hidden Revenue Asset,5,5,low,W8484-127434:001:EEM | W8484-127337:001:ZM | W7714-135724:001:ZM | W8482-121238:001:ZM | W6399-13EA54:001:ZM | T8156-101009:002:ZM | G9330-110013:001:ZM | W6369-130064:001:ZM | W6369-130064:002:ZM | W6369-12P5SR:001:ZM
all_canadabuys_contract_history_2023_06_01_onwards.csv,referenceNumber-numeroReference,text,100.0,Unclassified Commercial Asset,Needs manual review. May contain hidden product potential.,Manual Review Required; Possible Hidden Revenue Asset,5,5,low,21120-219814/001/HN | W8484-250684/001/USW | W6399-23DB09/001/KIN | W7701-217392/001/QCL | T8127-200020/001/MTP | W7714-238401/001/BK | EP959-202438/001/FK | EA003-212331/001/PWD | F7017-251202/001/NQ | F7044-221317/001/ML
legacy_contract_history_2009_01_to_2023_05_prior_to_canadabuys.csv,referenceNumber-numeroReference,text,100.0,Unclassified Commercial Asset,Needs manual review. May contain hidden product potential.,Manual Review Required; Possible Hidden Revenue Asset,5,5,low,E60ZN-15TSSO/130/ZN | E60ZN-15TSSO/131/ZN | E60ZN-15TSSO/132/ZN | E60ZN-15TSSO/133/ZN | E60ZN-15TSSO/134/ZN | E60ZN-15TSSO/135/ZN | E60ZN-15TSSO/136/ZN | E60ZN-15TSSO/137/ZN | E60ZN-15TSSO/138/ZN | E60ZN-15TSSO/139/ZN
all_canadabuys_tender_notices_2022_08_08_onwards.csv,referenceNumber-numeroReference,text,100.0,Unclassified Commercial Asset,Needs manual review. May contain hidden product potential.,Manual Review Required; Possible Hidden Revenue Asset,5,5,low,MX-444061399327 | MX-444050962651 | MX-443841357513 | MX-443841357514 | MX-443841357515 | MX-443841876264 | MX-443841876266 | MX-443840130570 | MX-443840130685 | MX-443840195575
archived_2009_2022_legacy_tender_notices.csv,referenceNumber-numeroReference,text,100.0,Unclassified Commercial Asset,Needs manual review. May contain hidden product potential.,Manual Review Required; Possible Hidden Revenue Asset,5,5,low,PW-15-00695772 | PW-18-00813184 | PW-21-00979956 | PW-14-00612246 | PW-_PWB-008-3754 | PW-19-00871690 | PW-19-00876603 | PW-17-00801227 | PW-19-00859489 | PW-_PWU-201-10480
all_canadabuys_contract_history_2023_06_01_onwards.csv,selectionCriteria-criteresSelection-eng,text,84.0,Unclassified Commercial Asset,Needs manual review. May contain hidden product potential.,Manual Review Required; Possible Hidden Revenue Asset,5,5,low,Lowest Price | Government Objectives Representing Best Interests/Value to Govt | Lowest Price | Highest Combined Rating of Technical Merit and Price | Highest Combined Rating of Technical Merit and Price | Lowest Price | Highest Combined Rating of Technical Merit and Price | Highest Combined Rating of Technical Merit and Price | National Security Consideration | Government Objectives Representing Best Interests/Value to Govt
legacy_contract_history_2009_01_to_2023_05_prior_to_canadabuys.csv,selectionCriteria-criteresSelection-eng,text,95.8,Unclassified Commercial Asset,Needs manual review. May contain hidden product potential.,Manual Review Required; Possible Hidden Revenue Asset,5,5,low,Highest Combined Rating of Technical Merit and Price | Highest Combined Rating of Technical Merit and Price | Highest Combined Rating of Technical Merit and Price | Highest Combined Rating of Technical Merit and Price | Highest Combined Rating of Technical Merit and Price | Highest Combined Rating of Technical Merit and Price | Highest Combined Rating of Technical Merit and Price | Highest Combined Rating of Technical Merit and Price | Highest Combined Rating of Technical Merit and Price | Highest Combined Rating of Technical Merit and Price
all_canadabuys_contract_history_2023_06_01_onwards.csv,selectionCriteria-criteresSelection-fra,text,84.0,Unclassified Commercial Asset,Needs manual review. May contain hidden product potential.,Manual Review Required; Possible Hidden Revenue Asset,5,5,low,Prix le plus bas | Objectifs gouvern.  représentant  les meilleurs intérets/valeur pour l'État | Prix le plus bas | Cote combinée la plus élevée pour le mérite technique et le prix | Cote combinée la plus élevée pour le mérite technique et le prix | Prix le plus bas | Cote combinée la plus élevée pour le mérite technique et le prix | Cote combinée la plus élevée pour le mérite technique et le prix | Sécurité nationale | Objectifs gouvern.  représentant  les meilleurs intérets/valeur pour l'État
legacy_contract_history_2009_01_to_2023_05_prior_to_canadabuys.csv,selectionCriteria-criteresSelection-fra,text,95.8,Unclassified Commercial Asset,Needs manual review. May contain hidden product potential.,Manual Review Required; Possible Hidden Revenue Asset,5,5,low,Cote combinée la plus élevée pour le mérite technique et le prix | Cote combinée la plus élevée pour le mérite technique et le prix | Cote combinée la plus élevée pour le mérite technique et le prix | Cote combinée la plus élevée pour le mérite technique et le prix | Cote combinée la plus élevée pour le mérite technique et le prix | Cote combinée la plus élevée pour le mérite technique et le prix | Cote combinée la plus élevée pour le mérite technique et le prix | Cote combinée la plus élevée pour le mérite technique et le prix | Cote combinée la plus élevée pour le mérite technique et le prix | Cote combinée la plus élevée pour le mérite technique et le prix
all_canadabuys_award_notices_2022_08_08_onwards.csv,solicitationNumber-numeroSollicitation,text,100.0,Unclassified Commercial Asset,Needs manual review. May contain hidden product potential.,Manual Review Required; Possible Hidden Revenue Asset,5,5,low,2023-AG-007 | PS23-AG-016 | PS23-AG-005 | PS23-AG-017 | PS23-AG-004 | PS23-AG-023 | PS23-AG-023 | PS23-AG-023 | PS24-AG-001 | PS23-AG-018
legacy_award_notices_2012_to_2022_08_prior_to_canadabuys.csv,solicitationNumber-numeroSollicitation,text,100.0,Unclassified Commercial Asset,Needs manual review. May contain hidden product potential.,Manual Review Required; Possible Hidden Revenue Asset,5,5,low,W8484-127434 | W8484-127337 | W7714-135724/A | W8482-121238 | W6399-13EA54/A | T8156-101009 | G9330-110013 | W6369-130064/A | W6369-130064/A | W6369-12P5SR
all_canadabuys_tender_notices_2022_08_08_onwards.csv,solicitationNumber-numeroSollicitation,text,99.8,Unclassified Commercial Asset,Needs manual review. May contain hidden product potential.,Manual Review Required; Possible Hidden Revenue Asset,5,5,low,26-119 | 2026205003 | AR26SLHX_86026 | AR26SLGR_86029 | AR26SLGB_86030 | AR26SLGA_86027 | AR26SLGW_86028 | PR26SLPE_86135 | PR26SLCO_86134 | PR26SLCH_86136
archived_2009_2022_legacy_tender_notices.csv,solicitationNumber-numeroSollicitation,text,99.9,Unclassified Commercial Asset,Needs manual review. May contain hidden product potential.,Manual Review Required; Possible Hidden Revenue Asset,5,5,low,FP802-150091 | 5P420-17-5464/A | 30001797 | 465-1-33-C11 | EC016-161791/A | WGC18040 | WGC18040 | M5000-18-2961/A | M5000-19-3992/A | EW038-160364/A
all_canadabuys_tender_notices_2022_08_08_onwards.csv,attachment-piecesJointes-eng,text,56.4,Unclassified Commercial Asset,Needs manual review. May contain hidden product potential.,Manual Review Required; Possible Hidden Revenue Asset,5,4,low,"https://sscp2pspc.ssc-spc.gc.ca/page.aspx/en/fil/download_public/F9556AF3-EEFA-4B0D-9528-C8F6E0673041 | https://canadabuys.canada.ca/documents/pub/att/2023/02/27/59a85bfd15a262aab3614d71450418c9/pr_30003399_-_itt_-_ll123_lancaster_range_demo_en... | https://canadabuys.canada.ca/documents/pub/att/2022/09/07/c04c4642918184d5bdec8e5e7371434c/5000067250rfpdraften_final_trenching_t4.pdf | https://canadabuys.canada.ca/documents/pub/att/2022/12/20/b8034224acc4b3ee9f97f88bb924b8de/liste_algonquin_anishinabe_nation_list.pdf | https://canadabuys.canada.ca/documents/pub/att/2023/03/31/c541fa3a696c5409a149e1d3e476f8f0/appendices_23-0027.zip,https://canadabuys.canada.... | https://canadabuys.canada.ca/documents/pub/att/2022/11/02/30d8b8426cf2b20c75595c14a8516e5d/5p468-22-0049_work_order_example.pdf,https://cana... | https://canadabuys.canada.ca/documents/pub/att/2022/08/10/7d0c0d1c581a0f02f248157439feebef/ABES.PROD.PW_PWZ.B304.E11364.EBSU000.PDF | https://canadabuys.canada.ca/documents/pub/att/2023/03/03/8eafd5fa32b7b9d1997c0512d68c8e80/appendix_2_-_example_invitation_to_tender_itt.pdf... | https://canadabuys.canada.ca/documents/pub/att/2022/12/22/94c2f2b0a4882976085120bf64d5ddb9/5000068498_itq_en.pdf | https://canadabuys.canada.ca/documents/pub/att/2023/01/17/3ba05dba21d30e760f00c616e614b969/22-58116_-_acan_sas_bas_upgrade_-_english.pdf"
archived_2009_2022_legacy_tender_notices.csv,attachment-piecesJointes-eng,text,79.9,Unclassified Commercial Asset,Needs manual review. May contain hidden product potential.,Manual Review Required; Possible Hidden Revenue Asset,5,4,low,"https://canadabuys.canada.ca/documents/pub/att/2015/08/07/dfc28a2d37b72451dacc720d51df5250/fp802-150091_1_invitation_to_tender_english.pdf,h... | https://canadabuys.canada.ca/documents/pub/att/2021/12/22/bb1ef47bc2cf0bfd00d51335a697fbd2/30001797_-_rfp_final_eng.pdf | https://canadabuys.canada.ca/documents/pub/att/2015/11/27/b7cc57cf7bb15558cec936077ea92548/drawings.zip,https://canadabuys.canada.ca/documen... | https://canadabuys.canada.ca/documents/pub/att/2017/10/27/c3e30bff9e6bc9439f63956a1728011f/island_lake_detachment_demo_sow_for_posting.pdf,h... | https://canadabuys.canada.ca/documents/pub/att/2019/01/14/e99b931964f3617620b1307cc3eb1bdd/schedule_a_hazardous_building_materials_assessmen... | https://canadabuys.canada.ca/documents/pub/att/2015/07/14/faa30d638f360915a75bc9d4bd39603d/project_r.015992.546.zip,https://canadabuys.canad... | https://canadabuys.canada.ca/documents/pub/att/2015/01/13/7ea30511251ec896fa054234fb39fd5f/21c80-14-0600_notice_of_proposed_procurement_-_co... | https://canadabuys.canada.ca/documents/pub/att/2013/11/08/df1f726280e1fb5e4670cf261054d371/al1476_eng.pdf,https://canadabuys.canada.ca/docum... | https://canadabuys.canada.ca/documents/pub/att/2015/10/16/f2689f97056b3ee1d2357953e6ebe754/demolition_of_select_assets_brackley_day-use_area... | https://canadabuys.canada.ca/documents/pub/att/2015/10/06/9be0d04d620d9cd13aece20f26bc6c51/itt_final_-_eng.pdf,https://canadabuys.canada.ca/..."
all_canadabuys_tender_notices_2022_08_08_onwards.csv,attachment-piecesJointes-fra,text,56.2,Unclassified Commercial Asset,Needs manual review. May contain hidden product potential.,Manual Review Required; Possible Hidden Revenue Asset,5,4,low,"https://sscp2pspc.ssc-spc.gc.ca/page.aspx/fr/fil/download_public/A6AC01B8-2ADF-43AE-9911-1D832E99A931 | https://canadabuys.canada.ca/documents/pub/att/2023/02/27/dbafcafd8eb40317deda32e9cb3b532f/pr_30003399_-_itt_-_ll123_lancaster_range_demo_fr... | https://canadabuys.canada.ca/documents/pub/att/2022/09/07/695442830107a4534d629000fdbc4d5e/5000067250rfpdraftfr_final_trenching_t4.pdf | https://canadabuys.canada.ca/documents/pub/att/2022/12/20/b8034224acc4b3ee9f97f88bb924b8de/liste_algonquin_anishinabe_nation_list.pdf | https://canadabuys.canada.ca/documents/pub/att/2023/03/31/c541fa3a696c5409a149e1d3e476f8f0/appendices_23-0027.zip,https://canadabuys.canada.... | https://canadabuys.canada.ca/documents/pub/att/2022/11/02/ef210d4a2fd98a0c537f1019631e519a/5p468-21-0049_exemple_soumission_electronique.pdf... | https://canadabuys.canada.ca/documents/pub/att/2022/08/10/313a02975dc93dd3130392a083800658/ABES.PROD.PW_PWZ.B304.F11364.EBSU000.PDF | https://canadabuys.canada.ca/documents/pub/att/2023/03/03/9b4b343533d9d11fff9dcf593c5dd12c/is_-_5p468-23-0013a_-_2_phase_-_fr.pdf,https://ca... | https://canadabuys.canada.ca/documents/pub/att/2022/12/22/dde910982cee1ab874a80084c3739b26/5000068498_itq_fr.pdf | https://canadabuys.canada.ca/documents/pub/att/2023/01/17/a553d318b9623cd57f5d735f0b22c536/22-58116_-_acan_sas_bas_upgrade_-_french.pdf"
archived_2009_2022_legacy_tender_notices.csv,attachment-piecesJointes-fra,text,79.8,Unclassified Commercial Asset,Needs manual review. May contain hidden product potential.,Manual Review Required; Possible Hidden Revenue Asset,5,4,low,"https://canadabuys.canada.ca/documents/pub/att/2015/08/07/3e19c9f04e9b5c23b8a487a3199deb0e/fp802-150091_sow_fr.docx,https://canadabuys.canad... | https://canadabuys.canada.ca/documents/pub/att/2021/12/22/ff1c89f6a2bade9b35971c8c9cfe3f52/30001797_-_rfp_final_french.pdf | https://canadabuys.canada.ca/documents/pub/att/2015/11/26/2553c3a3103c4d03e6a01de474921095/ABES.PROD.PW_PWB.B008.F3754.EBSU000.PDF | https://canadabuys.canada.ca/documents/pub/att/2017/10/27/82053f0eb0a02e5a70dc3f805a667ffe/9697529_001_fr_islandlakedetachmentdemosowforpost... | https://canadabuys.canada.ca/documents/pub/att/2019/01/14/6a87219c23d434295a1dacde2683bd0d/itt_trailer_demolition_disposal_and_site_restorat... | https://canadabuys.canada.ca/documents/pub/att/2015/07/08/19c1cb7d13a4cf55384adaa05053c7cf/ABES.PROD.PW_PWU.B201.F10480.EBSU000.PDF | https://canadabuys.canada.ca/documents/pub/att/2015/01/13/294fa0083d1e311acb1a2edef3baa8ab/21c80-14-0600_avis_de_projet_de_marche_-_projet_d... | https://canadabuys.canada.ca/documents/pub/att/2013/11/08/93acb05c4521928480e07ed8f4ead95c/spec_fr.pdf,https://canadabuys.canada.ca/document... | https://canadabuys.canada.ca/documents/pub/att/2015/10/16/76a1625216979d8c7859e3cbe48d34ca/itt_5p300-15-5437_demolition_dactifs_selectionnes... | https://canadabuys.canada.ca/documents/pub/att/2015/10/06/60df2c7b790fa05271358b987b112c0d/itt_final_-_fr.pdf,https://canadabuys.canada.ca/d..."
all_canadabuys_award_notices_2022_08_08_onwards.csv,contractNumber-numeroContrat,text,61.7,Unclassified Commercial Asset,Needs manual review. May contain hidden product potential.,Manual Review Required; Possible Hidden Revenue Asset,5,4,low,2000502 | 2000504 | 2025019878 | 7267137 | 3000772533 | 3000792440 | w8485-247841.001 | PO-020961 | 3000815761 | PO-021757
all_canadabuys_contract_history_2023_06_01_onwards.csv,endUserEntitiesOfficeName-bureauNomEntitesUtilisateurFinal-eng,text,72.1,Unclassified Commercial Asset,Needs manual review. May contain hidden product potential.,Manual Review Required; Possible Hidden Revenue Asset,5,4,low,CONTRACTING&MATERIEL SERVS | NDHQ | CANSOFCOM HQ | D&R DEFENCE CANADA VALCARTIER | MOTOR VEHICLE TEST CENTRE | DEFENCE R&D CANADA OTTAWA | GREEN SUSTAINABLE GOVERNMENT | PROJECT MGNT RPS / PROJECT MGNT RPS | VESSEL PROCUREMENT-CCG | D/PROJ.MGR STIMULUS PACKAGE
all_canadabuys_contract_history_2023_06_01_onwards.csv,endUserEntitiesOfficeName-bureauNomEntitesUtilisateurFinal-fra,text,72.4,Unclassified Commercial Asset,Needs manual review. May contain hidden product potential.,Manual Review Required; Possible Hidden Revenue Asset,5,4,low,N/D | QGDN | N/D | R&D DEFENSE CANADA VALCARTIER | N/D | N/D | GOUVERNEMENT VERT ET DURABLE | N/D / N/D | APPROV. NAVIRES GCC | GEST.A.PRGM PLAN ACTION ECON.
all_canadabuys_award_notices_2022_08_08_onwards.csv,noticeType-avisType-eng,text,59.8,Unclassified Commercial Asset,Needs manual review. May contain hidden product potential.,Manual Review Required; Possible Hidden Revenue Asset,5,4,low,Advance Contract Award Notice | Advance Contract Award Notice | Request for Proposal | Request for Proposal | Request for Proposal | Request for Proposal | Request for Proposal | Request for Proposal | Advance Contract Award Notice | Request for Proposal
all_canadabuys_award_notices_2022_08_08_onwards.csv,noticeType-avisType-fra,text,59.8,Unclassified Commercial Asset,Needs manual review. May contain hidden product potential.,Manual Review Required; Possible Hidden Revenue Asset,5,4,low,Préavis d’attribution du contrat | Préavis d’attribution du contrat | Demande de propositions | Demande de propositions | Demande de propositions | Demande de propositions | Demande de propositions | Demande de propositions | Préavis d’attribution du contrat | Demande de propositions
all_canadabuys_award_notices_2022_08_08_onwards.csv,selectionCriteria-criteresSelection-eng,text,58.2,Unclassified Commercial Asset,Needs manual review. May contain hidden product potential.,Manual Review Required; Possible Hidden Revenue Asset,5,4,low,Not applicable | Not applicable | Lowest Price | Lowest Price | Highest Combined Rating of Technical Merit and Price | Highest Combined Rating of Technical Merit and Price | Lowest Price | Highest Combined Rating of Technical Merit and Price | Lowest Price | Highest Technical Merit within a Stipulated Maximum Budget
all_canadabuys_award_notices_2022_08_08_onwards.csv,selectionCriteria-criteresSelection-fra,text,58.2,Unclassified Commercial Asset,Needs manual review. May contain hidden product potential.,Manual Review Required; Possible Hidden Revenue Asset,5,4,low,Sans objet | Sans objet | Prix le plus bas | Prix le plus bas | Cote combinée la plus élevée pour le mérite technique et le prix | Cote combinée la plus élevée pour le mérite technique et le prix | Prix le plus bas | Cote combinée la plus élevée pour le mérite technique et le prix | Prix le plus bas | Mérite technique le plus élevé dans les limites du budget maximal stipulé
all_canadabuys_contract_history_2023_06_01_onwards.csv,instrumentType-typeInstrument-eng,text,35.6,Unclassified Commercial Asset,Needs manual review. May contain hidden product potential.,Manual Review Required; Possible Hidden Revenue Asset,5,3,low,Standing Offer | Standing Offer | Contract | Contract | Contract | Contract | Standing Offer | Standing Offer | Standing Offer | Contract
all_canadabuys_contract_history_2023_06_01_onwards.csv,instrumentType-typeInstrument-fra,text,35.6,Unclassified Commercial Asset,Needs manual review. May contain hidden product potential.,Manual Review Required; Possible Hidden Revenue Asset,5,3,low,Offre à commandes | Offre à commandes | Contrat | Contrat | Contrat | Contrat | Offre à commandes | Offre à commandes | Offre à commandes | Contrat
all_canadabuys_contract_history_2023_06_01_onwards.csv,noticeType-avisType-eng,text,35.6,Unclassified Commercial Asset,Needs manual review. May contain hidden product potential.,Manual Review Required; Possible Hidden Revenue Asset,5,3,low,Request for Standing Offer | Request for Standing Offer | Request for Proposal | Directed Contract | Request for Proposal | Request for Proposal | Request for Standing Offer | Request for Standing Offer | Request for Standing Offer | Invitation to Qualify
all_canadabuys_contract_history_2023_06_01_onwards.csv,noticeType-avisType-fra,text,35.6,Unclassified Commercial Asset,Needs manual review. May contain hidden product potential.,Manual Review Required; Possible Hidden Revenue Asset,5,3,low,Demande d’offre à commandes | Demande d’offre à commandes | Demande de propositions | Contrat prescrit | Demande de propositions | Demande de propositions | Demande d’offre à commandes | Demande d’offre à commandes | Demande d’offre à commandes | Invitation à se qualifier
all_canadabuys_tender_notices_2022_08_08_onwards.csv,selectionCriteria-criteresSelection-eng,text,11.4,Unclassified Commercial Asset,Needs manual review. May contain hidden product potential.,Manual Review Required; Possible Hidden Revenue Asset,5,3,low,Lowest Price | Highest Combined Rating of Technical Merit and Price | Lowest Price | Lowest Price | Lowest Price | Lowest Price | Lowest Price | Lowest Price | Lowest Price | Lowest Price
archived_2009_2022_legacy_tender_notices.csv,selectionCriteria-criteresSelection-eng,text,28.5,Unclassified Commercial Asset,Needs manual review. May contain hidden product potential.,Manual Review Required; Possible Hidden Revenue Asset,5,3,low,Lowest Price | Lowest Price | Lowest Price | Lowest Price | Lowest Price | Not applicable | Lowest Price | Lowest Price | Lowest Price | Lowest Price
all_canadabuys_tender_notices_2022_08_08_onwards.csv,selectionCriteria-criteresSelection-fra,text,11.4,Unclassified Commercial Asset,Needs manual review. May contain hidden product potential.,Manual Review Required; Possible Hidden Revenue Asset,5,3,low,Prix le plus bas | Cote combinée la plus élevée pour le mérite technique et le prix | Prix le plus bas | Prix le plus bas | Prix le plus bas | Prix le plus bas | Prix le plus bas | Prix le plus bas | Prix le plus bas | Prix le plus bas
archived_2009_2022_legacy_tender_notices.csv,selectionCriteria-criteresSelection-fra,text,28.5,Unclassified Commercial Asset,Needs manual review. May contain hidden product potential.,Manual Review Required; Possible Hidden Revenue Asset,5,3,low,Prix le plus bas | Prix le plus bas | Prix le plus bas | Prix le plus bas | Prix le plus bas | Sans objet | Prix le plus bas | Prix le plus bas | Prix le plus bas | Prix le plus bas
all_canadabuys_contract_history_2023_06_01_onwards.csv,solicitationNumber-numeroSollicitation,text,35.6,Unclassified Commercial Asset,Needs manual review. May contain hidden product potential.,Manual Review Required; Possible Hidden Revenue Asset,5,3,low,WS5109889810 | WS5469973179 | WS3867014979 | WS4496115695 | WS4989830839 | WS4989830839 | WS4263653525 | WS4263653525 | WS4263653525 | WS5113914578
all_canadabuys_award_notices_2022_08_08_onwards.csv,endUserEntitiesName-nomEntitesUtilisateurFinal-eng,empty_or_unknown,0.0,Unclassified Commercial Asset,Needs manual review. May contain hidden product potential.,Manual Review Required; Possible Hidden Revenue Asset,5,2,low,
all_canadabuys_award_notices_2022_08_08_onwards.csv,endUserEntitiesName-nomEntitesUtilisateurFinal-fra,empty_or_unknown,0.0,Unclassified Commercial Asset,Needs manual review. May contain hidden product potential.,Manual Review Required; Possible Hidden Revenue Asset,5,2,low,
all_canadabuys_award_notices_2022_08_08_onwards.csv,instrumentType-typeInstrument-eng,empty_or_unknown,0.0,Unclassified Commercial Asset,Needs manual review. May contain hidden product potential.,Manual Review Required; Possible Hidden Revenue Asset,5,2,low,
legacy_award_notices_2012_to_2022_08_prior_to_canadabuys.csv,instrumentType-typeInstrument-eng,empty_or_unknown,0.0,Unclassified Commercial Asset,Needs manual review. May contain hidden product potential.,Manual Review Required; Possible Hidden Revenue Asset,5,2,low,
legacy_contract_history_2009_01_to_2023_05_prior_to_canadabuys.csv,instrumentType-typeInstrument-eng,empty_or_unknown,0.0,Unclassified Commercial Asset,Needs manual review. May contain hidden product potential.,Manual Review Required; Possible Hidden Revenue Asset,5,2,low,
all_canadabuys_award_notices_2022_08_08_onwards.csv,instrumentType-typeInstrument-fra,empty_or_unknown,0.0,Unclassified Commercial Asset,Needs manual review. May contain hidden product potential.,Manual Review Required; Possible Hidden Revenue Asset,5,2,low,
legacy_award_notices_2012_to_2022_08_prior_to_canadabuys.csv,instrumentType-typeInstrument-fra,empty_or_unknown,0.0,Unclassified Commercial Asset,Needs manual review. May contain hidden product potential.,Manual Review Required; Possible Hidden Revenue Asset,5,2,low,
legacy_contract_history_2009_01_to_2023_05_prior_to_canadabuys.csv,instrumentType-typeInstrument-fra,empty_or_unknown,0.0,Unclassified Commercial Asset,Needs manual review. May contain hidden product potential.,Manual Review Required; Possible Hidden Revenue Asset,5,2,low,
legacy_award_notices_2012_to_2022_08_prior_to_canadabuys.csv,noticeType-avisType-eng,empty_or_unknown,0.0,Unclassified Commercial Asset,Needs manual review. May contain hidden product potential.,Manual Review Required; Possible Hidden Revenue Asset,5,2,low,
legacy_contract_history_2009_01_to_2023_05_prior_to_canadabuys.csv,noticeType-avisType-eng,empty_or_unknown,0.0,Unclassified Commercial Asset,Needs manual review. May contain hidden product potential.,Manual Review Required; Possible Hidden Revenue Asset,5,2,low,
legacy_award_notices_2012_to_2022_08_prior_to_canadabuys.csv,noticeType-avisType-fra,empty_or_unknown,0.0,Unclassified Commercial Asset,Needs manual review. May contain hidden product potential.,Manual Review Required; Possible Hidden Revenue Asset,5,2,low,
legacy_contract_history_2009_01_to_2023_05_prior_to_canadabuys.csv,noticeType-avisType-fra,empty_or_unknown,0.0,Unclassified Commercial Asset,Needs manual review. May contain hidden product potential.,Manual Review Required; Possible Hidden Revenue Asset,5,2,low,
legacy_award_notices_2012_to_2022_08_prior_to_canadabuys.csv,selectionCriteria-criteresSelection-eng,text,0.1,Unclassified Commercial Asset,Needs manual review. May contain hidden product potential.,Manual Review Required; Possible Hidden Revenue Asset,5,2,low,Lowest Price
legacy_award_notices_2012_to_2022_08_prior_to_canadabuys.csv,selectionCriteria-criteresSelection-fra,text,0.1,Unclassified Commercial Asset,Needs manual review. May contain hidden product potential.,Manual Review Required; Possible Hidden Revenue Asset,5,2,low,Prix le plus bas
legacy_contract_history_2009_01_to_2023_05_prior_to_canadabuys.csv,solicitationNumber-numeroSollicitation,empty_or_unknown,0.0,Unclassified Commercial Asset,Needs manual review. May contain hidden product potential.,Manual Review Required; Possible Hidden Revenue Asset,5,2,low,
